{
    "ETH3D": {
        "A.Rel_ssi": 3.579406308559988,
        "d1_ssi": 98.6504517068947
    },
    "mean": {
        "A.Rel_ssi": 3.579406308559988,
        "d1_ssi": 98.6504517068947
    }
}