{
    "ETH3D": {
        "A.Rel": 10.364632916099305,
        "d1": 90.92755640563576
    },
    "mean": {
        "A.Rel": 10.364632916099305,
        "d1": 90.92755640563576
    }
}