dataset,mde,iters,solver,pose_mAA_10,mean_mde_runtime,mean_inliers
statues,3DGS,10,calib,81.99,0.0,67.77
statues,3DGS,10,calib_ro,87.86,0.0,68.68
statues,3DGS,10,calib_shift,75.93,0.0,64.97
statues,3DGS,10,calib_shift_ro,83.11,0.0,68.25
statues,3DGS,10,mdecalib,0.0,0.0,
statues,3DGS,10,mdecalib_ro,0.0,0.0,
statues,3DGS,10,mdecalib_shift,0.0,0.0,
statues,3DGS,10,mdecalib_shift_ro,0.0,0.0,
statues,3DGS,10,sf,76.83,0.0,66.12
statues,3DGS,10,sf_ro,85.72,0.0,77.49
statues,3DGS,10,sf_shift,64.07,0.0,57.91
statues,3DGS,10,sf_shift_ro,76.05,0.0,73.49
statues,3DGS,100,calib,90.18,0.0,71.78
statues,3DGS,100,calib_ro,90.28,0.0,69.48
statues,3DGS,100,calib_shift,87.72,0.0,71.46
statues,3DGS,100,calib_shift_ro,87.35,0.0,70.08
statues,3DGS,100,mdecalib,0.0,0.0,
statues,3DGS,100,mdecalib_ro,0.0,0.0,
statues,3DGS,100,mdecalib_shift,0.0,0.0,
statues,3DGS,100,mdecalib_shift_ro,0.0,0.0,
statues,3DGS,100,sf,87.49,0.0,71.77
statues,3DGS,100,sf_ro,87.85,0.0,78.61
statues,3DGS,100,sf_shift,80.4,0.0,69.79
statues,3DGS,100,sf_shift_ro,83.07,0.0,78.64
statues,3DGS,500,calib,91.58,0.0,72.3
statues,3DGS,500,calib_ro,90.35,0.0,69.49
statues,3DGS,500,calib_shift,90.08,0.0,72.25
statues,3DGS,500,calib_shift_ro,88.03,0.0,70.22
statues,3DGS,500,mdecalib,0.0,0.0,
statues,3DGS,500,mdecalib_ro,0.0,0.0,
statues,3DGS,500,mdecalib_shift,0.0,0.0,
statues,3DGS,500,mdecalib_shift_ro,0.0,0.0,
statues,3DGS,500,sf,88.94,0.0,72.48
statues,3DGS,500,sf_ro,87.98,0.0,78.65
statues,3DGS,500,sf_shift,83.84,0.0,71.75
statues,3DGS,500,sf_shift_ro,84.34,0.0,79.03
statues,3DGS,1000,calib,91.94,0.0,72.4
statues,3DGS,1000,calib_ro,90.39,0.0,69.49
statues,3DGS,1000,calib_shift,90.52,0.0,72.39
statues,3DGS,1000,calib_shift_ro,88.05,0.0,70.24
statues,3DGS,1000,mdecalib,0.0,0.0,
statues,3DGS,1000,mdecalib_ro,0.0,0.0,
statues,3DGS,1000,mdecalib_shift,0.0,0.0,
statues,3DGS,1000,mdecalib_shift_ro,0.0,0.0,
statues,3DGS,1000,sf,89.21,0.0,72.61
statues,3DGS,1000,sf_ro,87.97,0.0,78.67
statues,3DGS,1000,sf_shift,85.23,0.0,72.19
statues,3DGS,1000,sf_shift_ro,84.58,0.0,79.14
statues,DepthAnythingV2-vitb,10,calib,34.6,99.84,49.68
statues,DepthAnythingV2-vitb,10,calib_ro,23.3,99.84,45.16
statues,DepthAnythingV2-vitb,10,calib_shift,63.19,99.84,60.3
statues,DepthAnythingV2-vitb,10,calib_shift_ro,48.98,99.84,58.42
statues,DepthAnythingV2-vitb,10,mdecalib,0.0,99.84,
statues,DepthAnythingV2-vitb,10,mdecalib_ro,0.0,99.84,
statues,DepthAnythingV2-vitb,10,mdecalib_shift,0.0,99.84,
statues,DepthAnythingV2-vitb,10,mdecalib_shift_ro,0.0,99.84,
statues,DepthAnythingV2-vitb,10,sf,35.3,99.84,50.26
statues,DepthAnythingV2-vitb,10,sf_ro,30.03,99.84,59.96
statues,DepthAnythingV2-vitb,10,sf_shift,46.5,99.84,51.8
statues,DepthAnythingV2-vitb,10,sf_shift_ro,40.69,99.84,65.34
statues,DepthAnythingV2-vitb,100,calib,42.72,99.84,59.03
statues,DepthAnythingV2-vitb,100,calib_ro,23.63,99.84,46.87
statues,DepthAnythingV2-vitb,100,calib_shift,76.15,99.84,68.83
statues,DepthAnythingV2-vitb,100,calib_shift_ro,51.52,99.84,61.01
statues,DepthAnythingV2-vitb,100,mdecalib,0.0,99.84,
statues,DepthAnythingV2-vitb,100,mdecalib_ro,0.0,99.84,
statues,DepthAnythingV2-vitb,100,mdecalib_shift,0.0,99.84,
statues,DepthAnythingV2-vitb,100,mdecalib_shift_ro,0.0,99.84,
statues,DepthAnythingV2-vitb,100,sf,41.11,99.84,59.92
statues,DepthAnythingV2-vitb,100,sf_ro,30.94,99.84,63.0
statues,DepthAnythingV2-vitb,100,sf_shift,61.84,99.84,65.99
statues,DepthAnythingV2-vitb,100,sf_shift_ro,45.93,99.84,70.92
statues,DepthAnythingV2-vitb,500,calib,49.35,99.84,64.42
statues,DepthAnythingV2-vitb,500,calib_ro,23.93,99.84,47.09
statues,DepthAnythingV2-vitb,500,calib_shift,80.05,99.84,70.83
statues,DepthAnythingV2-vitb,500,calib_shift_ro,52.55,99.84,61.25
statues,DepthAnythingV2-vitb,500,mdecalib,0.0,99.84,
statues,DepthAnythingV2-vitb,500,mdecalib_ro,0.0,99.84,
statues,DepthAnythingV2-vitb,500,mdecalib_shift,0.0,99.84,
statues,DepthAnythingV2-vitb,500,mdecalib_shift_ro,0.0,99.84,
statues,DepthAnythingV2-vitb,500,sf,43.36,99.84,63.87
statues,DepthAnythingV2-vitb,500,sf_ro,30.87,99.84,63.64
statues,DepthAnythingV2-vitb,500,sf_shift,66.66,99.84,69.32
statues,DepthAnythingV2-vitb,500,sf_shift_ro,47.34,99.84,71.77
statues,DepthAnythingV2-vitb,1000,calib,51.53,99.84,66.29
statues,DepthAnythingV2-vitb,1000,calib_ro,23.98,99.84,47.07
statues,DepthAnythingV2-vitb,1000,calib_shift,81.05,99.84,71.27
statues,DepthAnythingV2-vitb,1000,calib_shift_ro,52.71,99.84,61.25
statues,DepthAnythingV2-vitb,1000,mdecalib,0.0,99.84,
statues,DepthAnythingV2-vitb,1000,mdecalib_ro,0.0,99.84,
statues,DepthAnythingV2-vitb,1000,mdecalib_shift,0.0,99.84,
statues,DepthAnythingV2-vitb,1000,mdecalib_shift_ro,0.0,99.84,
statues,DepthAnythingV2-vitb,1000,sf,44.11,99.84,65.21
statues,DepthAnythingV2-vitb,1000,sf_ro,30.8,99.84,63.86
statues,DepthAnythingV2-vitb,1000,sf_shift,67.77,99.84,70.09
statues,DepthAnythingV2-vitb,1000,sf_shift_ro,47.51,99.84,72.05
statues,DepthAnythingV2-vitl,10,calib,10.61,179.96,14.51
statues,DepthAnythingV2-vitl,10,calib_ro,25.32,179.96,46.0
statues,DepthAnythingV2-vitl,10,calib_shift,39.41,179.96,31.91
statues,DepthAnythingV2-vitl,10,calib_shift_ro,50.55,179.96,59.31
statues,DepthAnythingV2-vitl,10,mdecalib,0.0,179.96,
statues,DepthAnythingV2-vitl,10,mdecalib_ro,0.0,179.96,
statues,DepthAnythingV2-vitl,10,mdecalib_shift,0.0,179.96,
statues,DepthAnythingV2-vitl,10,mdecalib_shift_ro,0.0,179.96,
statues,DepthAnythingV2-vitl,10,sf,35.41,179.96,49.84
statues,DepthAnythingV2-vitl,10,sf_ro,31.92,179.96,60.53
statues,DepthAnythingV2-vitl,10,sf_shift,46.79,179.96,51.57
statues,DepthAnythingV2-vitl,10,sf_shift_ro,42.49,179.96,65.6
statues,DepthAnythingV2-vitl,100,calib,12.36,179.96,17.23
statues,DepthAnythingV2-vitl,100,calib_ro,26.19,179.96,47.84
statues,DepthAnythingV2-vitl,100,calib_shift,55.02,179.96,47.85
statues,DepthAnythingV2-vitl,100,calib_shift_ro,54.03,179.96,62.02
statues,DepthAnythingV2-vitl,100,mdecalib,0.0,179.96,
statues,DepthAnythingV2-vitl,100,mdecalib_ro,0.0,179.96,
statues,DepthAnythingV2-vitl,100,mdecalib_shift,0.0,179.96,
statues,DepthAnythingV2-vitl,100,mdecalib_shift_ro,0.0,179.96,
statues,DepthAnythingV2-vitl,100,sf,42.53,179.96,59.97
statues,DepthAnythingV2-vitl,100,sf_ro,32.68,179.96,63.67
statues,DepthAnythingV2-vitl,100,sf_shift,62.29,179.96,66.03
statues,DepthAnythingV2-vitl,100,sf_shift_ro,48.53,179.96,71.68
statues,DepthAnythingV2-vitl,500,calib,14.24,179.96,19.4
statues,DepthAnythingV2-vitl,500,calib_ro,26.33,179.96,48.0
statues,DepthAnythingV2-vitl,500,calib_shift,63.55,179.96,56.03
statues,DepthAnythingV2-vitl,500,calib_shift_ro,54.61,179.96,62.25
statues,DepthAnythingV2-vitl,500,mdecalib,0.0,179.96,
statues,DepthAnythingV2-vitl,500,mdecalib_ro,0.0,179.96,
statues,DepthAnythingV2-vitl,500,mdecalib_shift,0.0,179.96,
statues,DepthAnythingV2-vitl,500,mdecalib_shift_ro,0.0,179.96,
statues,DepthAnythingV2-vitl,500,sf,45.04,179.96,64.0
statues,DepthAnythingV2-vitl,500,sf_ro,32.84,179.96,64.32
statues,DepthAnythingV2-vitl,500,sf_shift,67.02,179.96,69.55
statues,DepthAnythingV2-vitl,500,sf_shift_ro,49.43,179.96,72.42
statues,DepthAnythingV2-vitl,1000,calib,15.34,179.96,20.38
statues,DepthAnythingV2-vitl,1000,calib_ro,26.33,179.96,48.06
statues,DepthAnythingV2-vitl,1000,calib_shift,66.49,179.96,58.86
statues,DepthAnythingV2-vitl,1000,calib_shift_ro,54.56,179.96,62.28
statues,DepthAnythingV2-vitl,1000,mdecalib,0.0,179.96,
statues,DepthAnythingV2-vitl,1000,mdecalib_ro,0.0,179.96,
statues,DepthAnythingV2-vitl,1000,mdecalib_shift,0.0,179.96,
statues,DepthAnythingV2-vitl,1000,mdecalib_shift_ro,0.0,179.96,
statues,DepthAnythingV2-vitl,1000,sf,46.22,179.96,65.29
statues,DepthAnythingV2-vitl,1000,sf_ro,32.8,179.96,64.43
statues,DepthAnythingV2-vitl,1000,sf_shift,68.23,179.96,70.28
statues,DepthAnythingV2-vitl,1000,sf_shift_ro,49.77,179.96,72.62
statues,DepthAnythingV2-vits,10,calib,36.79,63.04,50.15
statues,DepthAnythingV2-vits,10,calib_ro,25.36,63.04,44.2
statues,DepthAnythingV2-vits,10,calib_shift,61.03,63.04,59.41
statues,DepthAnythingV2-vits,10,calib_shift_ro,47.38,63.04,55.31
statues,DepthAnythingV2-vits,10,mdecalib,0.0,63.04,
statues,DepthAnythingV2-vits,10,mdecalib_ro,0.0,63.04,
statues,DepthAnythingV2-vits,10,mdecalib_shift,0.0,63.04,
statues,DepthAnythingV2-vits,10,mdecalib_shift_ro,0.0,63.04,
statues,DepthAnythingV2-vits,10,sf,35.53,63.04,49.1
statues,DepthAnythingV2-vits,10,sf_ro,30.79,63.04,58.22
statues,DepthAnythingV2-vits,10,sf_shift,44.11,63.04,49.86
statues,DepthAnythingV2-vits,10,sf_shift_ro,38.32,63.04,62.23
statues,DepthAnythingV2-vits,100,calib,46.68,63.04,59.97
statues,DepthAnythingV2-vits,100,calib_ro,25.54,63.04,46.0
statues,DepthAnythingV2-vits,100,calib_shift,75.43,63.04,68.67
statues,DepthAnythingV2-vits,100,calib_shift_ro,50.09,63.04,57.94
statues,DepthAnythingV2-vits,100,mdecalib,0.0,63.04,
statues,DepthAnythingV2-vits,100,mdecalib_ro,0.0,63.04,
statues,DepthAnythingV2-vits,100,mdecalib_shift,0.0,63.04,
statues,DepthAnythingV2-vits,100,mdecalib_shift_ro,0.0,63.04,
statues,DepthAnythingV2-vits,100,sf,43.18,63.04,60.33
statues,DepthAnythingV2-vits,100,sf_ro,31.65,63.04,61.54
statues,DepthAnythingV2-vits,100,sf_shift,60.4,63.04,65.27
statues,DepthAnythingV2-vits,100,sf_shift_ro,43.85,63.04,68.47
statues,DepthAnythingV2-vits,500,calib,53.35,63.04,64.88
statues,DepthAnythingV2-vits,500,calib_ro,25.94,63.04,46.29
statues,DepthAnythingV2-vits,500,calib_shift,80.07,63.04,70.76
statues,DepthAnythingV2-vits,500,calib_shift_ro,51.24,63.04,58.25
statues,DepthAnythingV2-vits,500,mdecalib,0.0,63.04,
statues,DepthAnythingV2-vits,500,mdecalib_ro,0.0,63.04,
statues,DepthAnythingV2-vits,500,mdecalib_shift,0.0,63.04,
statues,DepthAnythingV2-vits,500,mdecalib_shift_ro,0.0,63.04,
statues,DepthAnythingV2-vits,500,sf,45.13,63.04,64.43
statues,DepthAnythingV2-vits,500,sf_ro,31.46,63.04,62.2
statues,DepthAnythingV2-vits,500,sf_shift,66.09,63.04,69.03
statues,DepthAnythingV2-vits,500,sf_shift_ro,44.99,63.04,69.42
statues,DepthAnythingV2-vits,1000,calib,55.93,63.04,66.62
statues,DepthAnythingV2-vits,1000,calib_ro,26.06,63.04,46.28
statues,DepthAnythingV2-vits,1000,calib_shift,81.35,63.04,71.18
statues,DepthAnythingV2-vits,1000,calib_shift_ro,51.49,63.04,58.31
statues,DepthAnythingV2-vits,1000,mdecalib,0.0,63.04,
statues,DepthAnythingV2-vits,1000,mdecalib_ro,0.0,63.04,
statues,DepthAnythingV2-vits,1000,mdecalib_shift,0.0,63.04,
statues,DepthAnythingV2-vits,1000,mdecalib_shift_ro,0.0,63.04,
statues,DepthAnythingV2-vits,1000,sf,45.99,63.04,65.74
statues,DepthAnythingV2-vits,1000,sf_ro,31.49,63.04,62.35
statues,DepthAnythingV2-vits,1000,sf_shift,67.24,63.04,69.97
statues,DepthAnythingV2-vits,1000,sf_shift_ro,45.11,63.04,69.71
statues,DepthAnythingV3-DA3METRIC-LARGE,10,calib,65.24,62.5,61.7
statues,DepthAnythingV3-DA3METRIC-LARGE,10,calib_ro,56.64,62.5,58.0
statues,DepthAnythingV3-DA3METRIC-LARGE,10,calib_shift,68.15,62.5,61.79
statues,DepthAnythingV3-DA3METRIC-LARGE,10,calib_shift_ro,60.3,62.5,65.22
statues,DepthAnythingV3-DA3METRIC-LARGE,10,mdecalib,0.0,62.5,
statues,DepthAnythingV3-DA3METRIC-LARGE,10,mdecalib_ro,0.0,62.5,
statues,DepthAnythingV3-DA3METRIC-LARGE,10,mdecalib_shift,0.0,62.5,
statues,DepthAnythingV3-DA3METRIC-LARGE,10,mdecalib_shift_ro,0.0,62.5,
statues,DepthAnythingV3-DA3METRIC-LARGE,10,sf,60.03,62.5,60.6
statues,DepthAnythingV3-DA3METRIC-LARGE,10,sf_ro,54.94,62.5,69.46
statues,DepthAnythingV3-DA3METRIC-LARGE,10,sf_shift,53.97,62.5,55.11
statues,DepthAnythingV3-DA3METRIC-LARGE,10,sf_shift_ro,53.39,62.5,71.48
statues,DepthAnythingV3-DA3METRIC-LARGE,100,calib,74.66,62.5,67.93
statues,DepthAnythingV3-DA3METRIC-LARGE,100,calib_ro,58.2,62.5,59.34
statues,DepthAnythingV3-DA3METRIC-LARGE,100,calib_shift,79.86,62.5,69.24
statues,DepthAnythingV3-DA3METRIC-LARGE,100,calib_shift_ro,63.89,62.5,67.32
statues,DepthAnythingV3-DA3METRIC-LARGE,100,mdecalib,0.0,62.5,
statues,DepthAnythingV3-DA3METRIC-LARGE,100,mdecalib_ro,0.0,62.5,
statues,DepthAnythingV3-DA3METRIC-LARGE,100,mdecalib_shift,0.0,62.5,
statues,DepthAnythingV3-DA3METRIC-LARGE,100,mdecalib_shift_ro,0.0,62.5,
statues,DepthAnythingV3-DA3METRIC-LARGE,100,sf,69.39,62.5,67.89
statues,DepthAnythingV3-DA3METRIC-LARGE,100,sf_ro,56.83,62.5,71.42
statues,DepthAnythingV3-DA3METRIC-LARGE,100,sf_shift,67.85,62.5,67.2
statues,DepthAnythingV3-DA3METRIC-LARGE,100,sf_shift_ro,57.87,62.5,75.89
statues,DepthAnythingV3-DA3METRIC-LARGE,500,calib,78.36,62.5,69.87
statues,DepthAnythingV3-DA3METRIC-LARGE,500,calib_ro,58.59,62.5,59.42
statues,DepthAnythingV3-DA3METRIC-LARGE,500,calib_shift,84.14,62.5,70.9
statues,DepthAnythingV3-DA3METRIC-LARGE,500,calib_shift_ro,65.01,62.5,67.52
statues,DepthAnythingV3-DA3METRIC-LARGE,500,mdecalib,0.0,62.5,
statues,DepthAnythingV3-DA3METRIC-LARGE,500,mdecalib_ro,0.0,62.5,
statues,DepthAnythingV3-DA3METRIC-LARGE,500,mdecalib_shift,0.0,62.5,
statues,DepthAnythingV3-DA3METRIC-LARGE,500,mdecalib_shift_ro,0.0,62.5,
statues,DepthAnythingV3-DA3METRIC-LARGE,500,sf,72.15,62.5,69.83
statues,DepthAnythingV3-DA3METRIC-LARGE,500,sf_ro,57.12,62.5,71.87
statues,DepthAnythingV3-DA3METRIC-LARGE,500,sf_shift,72.29,62.5,69.85
statues,DepthAnythingV3-DA3METRIC-LARGE,500,sf_shift_ro,58.66,62.5,76.36
statues,DepthAnythingV3-DA3METRIC-LARGE,1000,calib,79.22,62.5,70.38
statues,DepthAnythingV3-DA3METRIC-LARGE,1000,calib_ro,58.54,62.5,59.4
statues,DepthAnythingV3-DA3METRIC-LARGE,1000,calib_shift,84.85,62.5,71.23
statues,DepthAnythingV3-DA3METRIC-LARGE,1000,calib_shift_ro,65.09,62.5,67.54
statues,DepthAnythingV3-DA3METRIC-LARGE,1000,mdecalib,0.0,62.5,
statues,DepthAnythingV3-DA3METRIC-LARGE,1000,mdecalib_ro,0.0,62.5,
statues,DepthAnythingV3-DA3METRIC-LARGE,1000,mdecalib_shift,0.0,62.5,
statues,DepthAnythingV3-DA3METRIC-LARGE,1000,mdecalib_shift_ro,0.0,62.5,
statues,DepthAnythingV3-DA3METRIC-LARGE,1000,sf,72.85,62.5,70.35
statues,DepthAnythingV3-DA3METRIC-LARGE,1000,sf_ro,57.36,62.5,72.02
statues,DepthAnythingV3-DA3METRIC-LARGE,1000,sf_shift,73.29,62.5,70.47
statues,DepthAnythingV3-DA3METRIC-LARGE,1000,sf_shift_ro,58.92,62.5,76.48
statues,DepthAnythingV3-DA3MONO-LARGE,10,calib,36.06,66.75,50.44
statues,DepthAnythingV3-DA3MONO-LARGE,10,calib_ro,24.6,66.75,43.25
statues,DepthAnythingV3-DA3MONO-LARGE,10,calib_shift,69.71,66.75,63.08
statues,DepthAnythingV3-DA3MONO-LARGE,10,calib_shift_ro,65.74,66.75,68.04
statues,DepthAnythingV3-DA3MONO-LARGE,10,mdecalib,0.0,66.75,
statues,DepthAnythingV3-DA3MONO-LARGE,10,mdecalib_ro,0.0,66.75,
statues,DepthAnythingV3-DA3MONO-LARGE,10,mdecalib_shift,0.0,66.75,
statues,DepthAnythingV3-DA3MONO-LARGE,10,mdecalib_shift_ro,0.0,66.75,
statues,DepthAnythingV3-DA3MONO-LARGE,10,sf,34.85,66.75,50.54
statues,DepthAnythingV3-DA3MONO-LARGE,10,sf_ro,28.73,66.75,58.16
statues,DepthAnythingV3-DA3MONO-LARGE,10,sf_shift,58.05,66.75,57.1
statues,DepthAnythingV3-DA3MONO-LARGE,10,sf_shift_ro,59.38,66.75,74.13
statues,DepthAnythingV3-DA3MONO-LARGE,100,calib,46.03,66.75,60.08
statues,DepthAnythingV3-DA3MONO-LARGE,100,calib_ro,25.69,66.75,44.99
statues,DepthAnythingV3-DA3MONO-LARGE,100,calib_shift,80.14,66.75,69.68
statues,DepthAnythingV3-DA3MONO-LARGE,100,calib_shift_ro,67.75,66.75,69.63
statues,DepthAnythingV3-DA3MONO-LARGE,100,mdecalib,0.0,66.75,
statues,DepthAnythingV3-DA3MONO-LARGE,100,mdecalib_ro,0.0,66.75,
statues,DepthAnythingV3-DA3MONO-LARGE,100,mdecalib_shift,0.0,66.75,
statues,DepthAnythingV3-DA3MONO-LARGE,100,mdecalib_shift_ro,0.0,66.75,
statues,DepthAnythingV3-DA3MONO-LARGE,100,sf,42.04,66.75,60.72
statues,DepthAnythingV3-DA3MONO-LARGE,100,sf_ro,30.31,66.75,60.74
statues,DepthAnythingV3-DA3MONO-LARGE,100,sf_shift,71.41,66.75,68.13
statues,DepthAnythingV3-DA3MONO-LARGE,100,sf_shift_ro,63.89,66.75,78.21
statues,DepthAnythingV3-DA3MONO-LARGE,500,calib,52.26,66.75,64.6
statues,DepthAnythingV3-DA3MONO-LARGE,500,calib_ro,25.88,66.75,45.23
statues,DepthAnythingV3-DA3MONO-LARGE,500,calib_shift,83.45,66.75,71.24
statues,DepthAnythingV3-DA3MONO-LARGE,500,calib_shift_ro,68.76,66.75,69.76
statues,DepthAnythingV3-DA3MONO-LARGE,500,mdecalib,0.0,66.75,
statues,DepthAnythingV3-DA3MONO-LARGE,500,mdecalib_ro,0.0,66.75,
statues,DepthAnythingV3-DA3MONO-LARGE,500,mdecalib_shift,0.0,66.75,
statues,DepthAnythingV3-DA3MONO-LARGE,500,mdecalib_shift_ro,0.0,66.75,
statues,DepthAnythingV3-DA3MONO-LARGE,500,sf,44.79,66.75,64.41
statues,DepthAnythingV3-DA3MONO-LARGE,500,sf_ro,30.26,66.75,61.27
statues,DepthAnythingV3-DA3MONO-LARGE,500,sf_shift,74.87,66.75,70.4
statues,DepthAnythingV3-DA3MONO-LARGE,500,sf_shift_ro,64.64,66.75,78.75
statues,DepthAnythingV3-DA3MONO-LARGE,1000,calib,54.35,66.75,66.15
statues,DepthAnythingV3-DA3MONO-LARGE,1000,calib_ro,25.82,66.75,45.26
statues,DepthAnythingV3-DA3MONO-LARGE,1000,calib_shift,84.57,66.75,71.58
statues,DepthAnythingV3-DA3MONO-LARGE,1000,calib_shift_ro,69.0,66.75,69.79
statues,DepthAnythingV3-DA3MONO-LARGE,1000,mdecalib,0.0,66.75,
statues,DepthAnythingV3-DA3MONO-LARGE,1000,mdecalib_ro,0.0,66.75,
statues,DepthAnythingV3-DA3MONO-LARGE,1000,mdecalib_shift,0.0,66.75,
statues,DepthAnythingV3-DA3MONO-LARGE,1000,mdecalib_shift_ro,0.0,66.75,
statues,DepthAnythingV3-DA3MONO-LARGE,1000,sf,45.74,66.75,65.63
statues,DepthAnythingV3-DA3MONO-LARGE,1000,sf_ro,30.4,66.75,61.36
statues,DepthAnythingV3-DA3MONO-LARGE,1000,sf_shift,76.02,66.75,70.93
statues,DepthAnythingV3-DA3MONO-LARGE,1000,sf_shift_ro,64.81,66.75,78.89
statues,DepthAnythingV3Calib-DA3METRIC-LARGE,10,calib,65.24,65.55,61.69
statues,DepthAnythingV3Calib-DA3METRIC-LARGE,10,calib_ro,56.64,65.55,58.0
statues,DepthAnythingV3Calib-DA3METRIC-LARGE,10,calib_shift,68.16,65.55,61.8
statues,DepthAnythingV3Calib-DA3METRIC-LARGE,10,calib_shift_ro,60.27,65.55,65.22
statues,DepthAnythingV3Calib-DA3METRIC-LARGE,100,calib,74.66,65.55,67.93
statues,DepthAnythingV3Calib-DA3METRIC-LARGE,100,calib_ro,58.2,65.55,59.34
statues,DepthAnythingV3Calib-DA3METRIC-LARGE,100,calib_shift,79.86,65.55,69.24
statues,DepthAnythingV3Calib-DA3METRIC-LARGE,100,calib_shift_ro,63.89,65.55,67.32
statues,DepthAnythingV3Calib-DA3METRIC-LARGE,500,calib,78.33,65.55,69.87
statues,DepthAnythingV3Calib-DA3METRIC-LARGE,500,calib_ro,58.59,65.55,59.42
statues,DepthAnythingV3Calib-DA3METRIC-LARGE,500,calib_shift,84.14,65.55,70.9
statues,DepthAnythingV3Calib-DA3METRIC-LARGE,500,calib_shift_ro,65.01,65.55,67.52
statues,DepthAnythingV3Calib-DA3METRIC-LARGE,1000,calib,79.22,65.55,70.38
statues,DepthAnythingV3Calib-DA3METRIC-LARGE,1000,calib_ro,58.54,65.55,59.4
statues,DepthAnythingV3Calib-DA3METRIC-LARGE,1000,calib_shift,84.85,65.55,71.23
statues,DepthAnythingV3Calib-DA3METRIC-LARGE,1000,calib_shift_ro,65.09,65.55,67.54
statues,DepthAnythingV3Calib-DA3MONO-LARGE,10,calib,36.12,67.11,50.45
statues,DepthAnythingV3Calib-DA3MONO-LARGE,10,calib_ro,24.61,67.11,43.25
statues,DepthAnythingV3Calib-DA3MONO-LARGE,10,calib_shift,69.74,67.11,63.08
statues,DepthAnythingV3Calib-DA3MONO-LARGE,10,calib_shift_ro,65.74,67.11,68.04
statues,DepthAnythingV3Calib-DA3MONO-LARGE,100,calib,46.04,67.11,60.07
statues,DepthAnythingV3Calib-DA3MONO-LARGE,100,calib_ro,25.69,67.11,44.99
statues,DepthAnythingV3Calib-DA3MONO-LARGE,100,calib_shift,80.12,67.11,69.68
statues,DepthAnythingV3Calib-DA3MONO-LARGE,100,calib_shift_ro,67.76,67.11,69.63
statues,DepthAnythingV3Calib-DA3MONO-LARGE,500,calib,52.28,67.11,64.6
statues,DepthAnythingV3Calib-DA3MONO-LARGE,500,calib_ro,25.88,67.11,45.23
statues,DepthAnythingV3Calib-DA3MONO-LARGE,500,calib_shift,83.45,67.11,71.24
statues,DepthAnythingV3Calib-DA3MONO-LARGE,500,calib_shift_ro,68.77,67.11,69.76
statues,DepthAnythingV3Calib-DA3MONO-LARGE,1000,calib,54.34,67.11,66.15
statues,DepthAnythingV3Calib-DA3MONO-LARGE,1000,calib_ro,25.82,67.11,45.27
statues,DepthAnythingV3Calib-DA3MONO-LARGE,1000,calib_shift,84.58,67.11,71.58
statues,DepthAnythingV3Calib-DA3MONO-LARGE,1000,calib_shift_ro,69.01,67.11,69.79
statues,DepthPro-vitl,10,calib,64.41,222.64,61.97
statues,DepthPro-vitl,10,calib_ro,58.07,222.64,60.25
statues,DepthPro-vitl,10,calib_shift,68.13,222.64,62.16
statues,DepthPro-vitl,10,calib_shift_ro,61.85,222.64,66.55
statues,DepthPro-vitl,10,mdecalib,24.39,222.64,47.4
statues,DepthPro-vitl,10,mdecalib_ro,25.02,222.64,54.73
statues,DepthPro-vitl,10,mdecalib_shift,25.37,222.64,47.9
statues,DepthPro-vitl,10,mdecalib_shift_ro,26.67,222.64,61.26
statues,DepthPro-vitl,10,sf,59.5,222.64,60.83
statues,DepthPro-vitl,10,sf_ro,56.96,222.64,71.7
statues,DepthPro-vitl,10,sf_shift,55.58,222.64,55.38
statues,DepthPro-vitl,10,sf_shift_ro,54.16,222.64,73.05
statues,DepthPro-vitl,100,calib,73.01,222.64,67.81
statues,DepthPro-vitl,100,calib_ro,60.07,222.64,61.47
statues,DepthPro-vitl,100,calib_shift,79.99,222.64,69.56
statues,DepthPro-vitl,100,calib_shift_ro,65.16,222.64,68.6
statues,DepthPro-vitl,100,mdecalib,28.43,222.64,53.37
statues,DepthPro-vitl,100,mdecalib_ro,25.81,222.64,56.06
statues,DepthPro-vitl,100,mdecalib_shift,30.51,222.64,54.93
statues,DepthPro-vitl,100,mdecalib_shift_ro,28.04,222.64,63.55
statues,DepthPro-vitl,100,sf,69.68,222.64,68.29
statues,DepthPro-vitl,100,sf_ro,59.26,222.64,73.81
statues,DepthPro-vitl,100,sf_shift,70.17,222.64,67.93
statues,DepthPro-vitl,100,sf_shift_ro,59.4,222.64,77.93
statues,DepthPro-vitl,500,calib,76.0,222.64,69.61
statues,DepthPro-vitl,500,calib_ro,60.48,222.64,61.53
statues,DepthPro-vitl,500,calib_shift,83.39,222.64,71.12
statues,DepthPro-vitl,500,calib_shift_ro,65.89,222.64,68.84
statues,DepthPro-vitl,500,mdecalib,29.72,222.64,55.47
statues,DepthPro-vitl,500,mdecalib_ro,26.08,222.64,56.27
statues,DepthPro-vitl,500,mdecalib_shift,31.45,222.64,56.8
statues,DepthPro-vitl,500,mdecalib_shift_ro,28.2,222.64,63.81
statues,DepthPro-vitl,500,sf,71.93,222.64,70.12
statues,DepthPro-vitl,500,sf_ro,59.55,222.64,74.08
statues,DepthPro-vitl,500,sf_shift,73.73,222.64,70.29
statues,DepthPro-vitl,500,sf_shift_ro,60.33,222.64,78.56
statues,DepthPro-vitl,1000,calib,76.91,222.64,70.19
statues,DepthPro-vitl,1000,calib_ro,60.57,222.64,61.55
statues,DepthPro-vitl,1000,calib_shift,84.12,222.64,71.44
statues,DepthPro-vitl,1000,calib_shift_ro,65.94,222.64,68.87
statues,DepthPro-vitl,1000,mdecalib,30.02,222.64,56.11
statues,DepthPro-vitl,1000,mdecalib_ro,26.18,222.64,56.26
statues,DepthPro-vitl,1000,mdecalib_shift,31.49,222.64,57.37
statues,DepthPro-vitl,1000,mdecalib_shift_ro,28.2,222.64,63.84
statues,DepthPro-vitl,1000,sf,72.55,222.64,70.6
statues,DepthPro-vitl,1000,sf_ro,59.53,222.64,74.17
statues,DepthPro-vitl,1000,sf_shift,74.49,222.64,70.87
statues,DepthPro-vitl,1000,sf_shift_ro,60.49,222.64,78.76
statues,DepthProCalib-vitl,10,calib,64.46,215.36,61.99
statues,DepthProCalib-vitl,10,calib_ro,58.12,215.36,60.25
statues,DepthProCalib-vitl,10,calib_shift,68.59,215.36,62.43
statues,DepthProCalib-vitl,10,calib_shift_ro,61.71,215.36,66.55
statues,DepthProCalib-vitl,100,calib,72.89,215.36,67.81
statues,DepthProCalib-vitl,100,calib_ro,59.95,215.36,61.5
statues,DepthProCalib-vitl,100,calib_shift,79.9,215.36,69.53
statues,DepthProCalib-vitl,100,calib_shift_ro,65.09,215.36,68.6
statues,DepthProCalib-vitl,500,calib,75.96,215.36,69.62
statues,DepthProCalib-vitl,500,calib_ro,60.41,215.36,61.58
statues,DepthProCalib-vitl,500,calib_shift,83.49,215.36,71.11
statues,DepthProCalib-vitl,500,calib_shift_ro,65.94,215.36,68.82
statues,DepthProCalib-vitl,1000,calib,76.94,215.36,70.21
statues,DepthProCalib-vitl,1000,calib_ro,60.59,215.36,61.58
statues,DepthProCalib-vitl,1000,calib_shift,84.16,215.36,71.44
statues,DepthProCalib-vitl,1000,calib_shift_ro,66.08,215.36,68.88
statues,MapAnything-map-anything,10,calib,68.95,367.55,64.92
statues,MapAnything-map-anything,10,calib_ro,63.93,367.55,61.4
statues,MapAnything-map-anything,10,calib_shift,69.88,367.55,64.45
statues,MapAnything-map-anything,10,calib_shift_ro,65.57,367.55,65.54
statues,MapAnything-map-anything,10,mdecalib,28.84,367.55,51.91
statues,MapAnything-map-anything,10,mdecalib_ro,30.14,367.55,57.13
statues,MapAnything-map-anything,10,mdecalib_shift,30.03,367.55,52.17
statues,MapAnything-map-anything,10,mdecalib_shift_ro,31.38,367.55,62.21
statues,MapAnything-map-anything,10,sf,62.28,367.55,63.13
statues,MapAnything-map-anything,10,sf_ro,60.83,367.55,71.86
statues,MapAnything-map-anything,10,sf_shift,54.6,367.55,56.3
statues,MapAnything-map-anything,10,sf_shift_ro,57.4,367.55,72.34
statues,MapAnything-map-anything,100,calib,77.28,367.55,70.16
statues,MapAnything-map-anything,100,calib_ro,65.93,367.55,62.63
statues,MapAnything-map-anything,100,calib_shift,80.38,367.55,70.87
statues,MapAnything-map-anything,100,calib_shift_ro,69.61,367.55,67.77
statues,MapAnything-map-anything,100,mdecalib,33.34,367.55,57.49
statues,MapAnything-map-anything,100,mdecalib_ro,31.57,367.55,58.76
statues,MapAnything-map-anything,100,mdecalib_shift,35.45,367.55,59.05
statues,MapAnything-map-anything,100,mdecalib_shift_ro,33.46,367.55,64.58
statues,MapAnything-map-anything,100,sf,71.34,367.55,70.0
statues,MapAnything-map-anything,100,sf_ro,63.36,367.55,73.83
statues,MapAnything-map-anything,100,sf_shift,70.15,367.55,68.75
statues,MapAnything-map-anything,100,sf_shift_ro,63.31,367.55,77.2
statues,MapAnything-map-anything,500,calib,80.05,367.55,71.55
statues,MapAnything-map-anything,500,calib_ro,66.23,367.55,62.69
statues,MapAnything-map-anything,500,calib_shift,83.35,367.55,72.22
statues,MapAnything-map-anything,500,calib_shift_ro,70.39,367.55,67.93
statues,MapAnything-map-anything,500,mdecalib,34.67,367.55,59.46
statues,MapAnything-map-anything,500,mdecalib_ro,31.7,367.55,58.87
statues,MapAnything-map-anything,500,mdecalib_shift,37.1,367.55,60.85
statues,MapAnything-map-anything,500,mdecalib_shift_ro,33.72,367.55,64.72
statues,MapAnything-map-anything,500,sf,74.17,367.55,71.73
statues,MapAnything-map-anything,500,sf_ro,63.68,367.55,74.08
statues,MapAnything-map-anything,500,sf_shift,74.1,367.55,71.31
statues,MapAnything-map-anything,500,sf_shift_ro,64.0,367.55,77.7
statues,MapAnything-map-anything,1000,calib,80.9,367.55,71.99
statues,MapAnything-map-anything,1000,calib_ro,66.42,367.55,62.69
statues,MapAnything-map-anything,1000,calib_shift,84.31,367.55,72.6
statues,MapAnything-map-anything,1000,calib_shift_ro,70.47,367.55,67.94
statues,MapAnything-map-anything,1000,mdecalib,34.94,367.55,60.13
statues,MapAnything-map-anything,1000,mdecalib_ro,31.71,367.55,58.89
statues,MapAnything-map-anything,1000,mdecalib_shift,37.41,367.55,61.33
statues,MapAnything-map-anything,1000,mdecalib_shift_ro,33.79,367.55,64.73
statues,MapAnything-map-anything,1000,sf,74.55,367.55,72.12
statues,MapAnything-map-anything,1000,sf_ro,63.68,367.55,74.15
statues,MapAnything-map-anything,1000,sf_shift,75.4,367.55,71.93
statues,MapAnything-map-anything,1000,sf_shift_ro,64.11,367.55,77.79
statues,MapAnythingCalib-map-anything,10,calib,69.46,352.96,64.83
statues,MapAnythingCalib-map-anything,10,calib_ro,65.46,352.96,61.94
statues,MapAnythingCalib-map-anything,10,calib_shift,69.09,352.96,63.73
statues,MapAnythingCalib-map-anything,10,calib_shift_ro,65.39,352.96,65.75
statues,MapAnythingCalib-map-anything,100,calib,77.92,352.96,70.12
statues,MapAnythingCalib-map-anything,100,calib_ro,67.46,352.96,63.16
statues,MapAnythingCalib-map-anything,100,calib_shift,80.33,352.96,70.8
statues,MapAnythingCalib-map-anything,100,calib_shift_ro,69.42,352.96,67.69
statues,MapAnythingCalib-map-anything,500,calib,80.56,352.96,71.6
statues,MapAnythingCalib-map-anything,500,calib_ro,67.9,352.96,63.24
statues,MapAnythingCalib-map-anything,500,calib_shift,83.36,352.96,72.19
statues,MapAnythingCalib-map-anything,500,calib_shift_ro,70.08,352.96,67.82
statues,MapAnythingCalib-map-anything,1000,calib,81.31,352.96,72.0
statues,MapAnythingCalib-map-anything,1000,calib_ro,67.89,352.96,63.19
statues,MapAnythingCalib-map-anything,1000,calib_shift,83.97,352.96,72.55
statues,MapAnythingCalib-map-anything,1000,calib_shift_ro,70.2,352.96,67.83
statues,Metric3DV2-vit_giant2,10,calib,67.2,682.91,61.76
statues,Metric3DV2-vit_giant2,10,calib_ro,54.84,682.91,52.68
statues,Metric3DV2-vit_giant2,10,calib_shift,64.9,682.91,58.6
statues,Metric3DV2-vit_giant2,10,calib_shift_ro,56.9,682.91,57.26
statues,Metric3DV2-vit_giant2,10,mdecalib,0.0,682.91,
statues,Metric3DV2-vit_giant2,10,mdecalib_ro,0.0,682.91,
statues,Metric3DV2-vit_giant2,10,mdecalib_shift,0.0,682.91,
statues,Metric3DV2-vit_giant2,10,mdecalib_shift_ro,0.0,682.91,
statues,Metric3DV2-vit_giant2,10,sf,58.87,682.91,59.31
statues,Metric3DV2-vit_giant2,10,sf_ro,51.71,682.91,64.28
statues,Metric3DV2-vit_giant2,10,sf_shift,48.9,682.91,50.7
statues,Metric3DV2-vit_giant2,10,sf_shift_ro,47.03,682.91,63.58
statues,Metric3DV2-vit_giant2,100,calib,77.25,682.91,68.28
statues,Metric3DV2-vit_giant2,100,calib_ro,57.02,682.91,54.19
statues,Metric3DV2-vit_giant2,100,calib_shift,79.05,682.91,68.51
statues,Metric3DV2-vit_giant2,100,calib_shift_ro,61.35,682.91,60.1
statues,Metric3DV2-vit_giant2,100,mdecalib,0.0,682.91,
statues,Metric3DV2-vit_giant2,100,mdecalib_ro,0.0,682.91,
statues,Metric3DV2-vit_giant2,100,mdecalib_shift,0.0,682.91,
statues,Metric3DV2-vit_giant2,100,mdecalib_shift_ro,0.0,682.91,
statues,Metric3DV2-vit_giant2,100,sf,70.13,682.91,68.06
statues,Metric3DV2-vit_giant2,100,sf_ro,55.15,682.91,67.22
statues,Metric3DV2-vit_giant2,100,sf_shift,64.41,682.91,65.62
statues,Metric3DV2-vit_giant2,100,sf_shift_ro,54.23,682.91,70.17
statues,Metric3DV2-vit_giant2,500,calib,81.02,682.91,70.09
statues,Metric3DV2-vit_giant2,500,calib_ro,57.9,682.91,54.23
statues,Metric3DV2-vit_giant2,500,calib_shift,83.74,682.91,70.71
statues,Metric3DV2-vit_giant2,500,calib_shift_ro,61.96,682.91,60.41
statues,Metric3DV2-vit_giant2,500,mdecalib,0.0,682.91,
statues,Metric3DV2-vit_giant2,500,mdecalib_ro,0.0,682.91,
statues,Metric3DV2-vit_giant2,500,mdecalib_shift,0.0,682.91,
statues,Metric3DV2-vit_giant2,500,mdecalib_shift_ro,0.0,682.91,
statues,Metric3DV2-vit_giant2,500,sf,72.67,682.91,69.88
statues,Metric3DV2-vit_giant2,500,sf_ro,55.2,682.91,67.44
statues,Metric3DV2-vit_giant2,500,sf_shift,69.89,682.91,69.23
statues,Metric3DV2-vit_giant2,500,sf_shift_ro,55.47,682.91,70.88
statues,Metric3DV2-vit_giant2,1000,calib,81.88,682.91,70.54
statues,Metric3DV2-vit_giant2,1000,calib_ro,57.87,682.91,54.21
statues,Metric3DV2-vit_giant2,1000,calib_shift,84.93,682.91,71.2
statues,Metric3DV2-vit_giant2,1000,calib_shift_ro,62.15,682.91,60.42
statues,Metric3DV2-vit_giant2,1000,mdecalib,0.0,682.91,
statues,Metric3DV2-vit_giant2,1000,mdecalib_ro,0.0,682.91,
statues,Metric3DV2-vit_giant2,1000,mdecalib_shift,0.0,682.91,
statues,Metric3DV2-vit_giant2,1000,mdecalib_shift_ro,0.0,682.91,
statues,Metric3DV2-vit_giant2,1000,sf,73.75,682.91,70.4
statues,Metric3DV2-vit_giant2,1000,sf_ro,55.23,682.91,67.54
statues,Metric3DV2-vit_giant2,1000,sf_shift,71.48,682.91,70.16
statues,Metric3DV2-vit_giant2,1000,sf_shift_ro,55.67,682.91,71.0
statues,Metric3DV2-vit_large,10,calib,62.06,310.51,58.67
statues,Metric3DV2-vit_large,10,calib_ro,51.21,310.51,53.16
statues,Metric3DV2-vit_large,10,calib_shift,60.41,310.51,55.46
statues,Metric3DV2-vit_large,10,calib_shift_ro,52.19,310.51,56.53
statues,Metric3DV2-vit_large,10,mdecalib,0.0,310.51,
statues,Metric3DV2-vit_large,10,mdecalib_ro,0.0,310.51,
statues,Metric3DV2-vit_large,10,mdecalib_shift,0.0,310.51,
statues,Metric3DV2-vit_large,10,mdecalib_shift_ro,0.0,310.51,
statues,Metric3DV2-vit_large,10,sf,55.36,310.51,56.52
statues,Metric3DV2-vit_large,10,sf_ro,49.18,310.51,64.27
statues,Metric3DV2-vit_large,10,sf_shift,44.94,310.51,46.58
statues,Metric3DV2-vit_large,10,sf_shift_ro,44.39,310.51,62.69
statues,Metric3DV2-vit_large,100,calib,73.46,310.51,67.21
statues,Metric3DV2-vit_large,100,calib_ro,52.98,310.51,54.96
statues,Metric3DV2-vit_large,100,calib_shift,76.43,310.51,67.57
statues,Metric3DV2-vit_large,100,calib_shift_ro,55.44,310.51,60.28
statues,Metric3DV2-vit_large,100,mdecalib,0.0,310.51,
statues,Metric3DV2-vit_large,100,mdecalib_ro,0.0,310.51,
statues,Metric3DV2-vit_large,100,mdecalib_shift,0.0,310.51,
statues,Metric3DV2-vit_large,100,mdecalib_shift_ro,0.0,310.51,
statues,Metric3DV2-vit_large,100,sf,66.38,310.51,66.45
statues,Metric3DV2-vit_large,100,sf_ro,51.61,310.51,67.07
statues,Metric3DV2-vit_large,100,sf_shift,61.56,310.51,64.23
statues,Metric3DV2-vit_large,100,sf_shift_ro,49.21,310.51,70.39
statues,Metric3DV2-vit_large,500,calib,77.43,310.51,69.71
statues,Metric3DV2-vit_large,500,calib_ro,53.29,310.51,55.08
statues,Metric3DV2-vit_large,500,calib_shift,80.76,310.51,70.18
statues,Metric3DV2-vit_large,500,calib_shift_ro,56.15,310.51,60.47
statues,Metric3DV2-vit_large,500,mdecalib,0.0,310.51,
statues,Metric3DV2-vit_large,500,mdecalib_ro,0.0,310.51,
statues,Metric3DV2-vit_large,500,mdecalib_shift,0.0,310.51,
statues,Metric3DV2-vit_large,500,mdecalib_shift_ro,0.0,310.51,
statues,Metric3DV2-vit_large,500,sf,69.8,310.51,69.06
statues,Metric3DV2-vit_large,500,sf_ro,51.72,310.51,67.6
statues,Metric3DV2-vit_large,500,sf_shift,67.17,310.51,68.41
statues,Metric3DV2-vit_large,500,sf_shift_ro,49.56,310.51,71.01
statues,Metric3DV2-vit_large,1000,calib,78.9,310.51,70.46
statues,Metric3DV2-vit_large,1000,calib_ro,53.24,310.51,55.09
statues,Metric3DV2-vit_large,1000,calib_shift,82.22,310.51,70.86
statues,Metric3DV2-vit_large,1000,calib_shift_ro,56.28,310.51,60.5
statues,Metric3DV2-vit_large,1000,mdecalib,0.0,310.51,
statues,Metric3DV2-vit_large,1000,mdecalib_ro,0.0,310.51,
statues,Metric3DV2-vit_large,1000,mdecalib_shift,0.0,310.51,
statues,Metric3DV2-vit_large,1000,mdecalib_shift_ro,0.0,310.51,
statues,Metric3DV2-vit_large,1000,sf,70.74,310.51,69.66
statues,Metric3DV2-vit_large,1000,sf_ro,51.81,310.51,67.76
statues,Metric3DV2-vit_large,1000,sf_shift,68.37,310.51,69.38
statues,Metric3DV2-vit_large,1000,sf_shift_ro,49.83,310.51,71.18
statues,Metric3DV2-vit_small,10,calib,62.26,106.61,59.44
statues,Metric3DV2-vit_small,10,calib_ro,47.55,106.61,50.42
statues,Metric3DV2-vit_small,10,calib_shift,60.07,106.61,56.52
statues,Metric3DV2-vit_small,10,calib_shift_ro,49.99,106.61,54.12
statues,Metric3DV2-vit_small,10,mdecalib,0.0,106.61,
statues,Metric3DV2-vit_small,10,mdecalib_ro,0.0,106.61,
statues,Metric3DV2-vit_small,10,mdecalib_shift,0.0,106.61,
statues,Metric3DV2-vit_small,10,mdecalib_shift_ro,0.0,106.61,
statues,Metric3DV2-vit_small,10,sf,52.17,106.61,57.08
statues,Metric3DV2-vit_small,10,sf_ro,44.59,106.61,62.25
statues,Metric3DV2-vit_small,10,sf_shift,42.53,106.61,47.1
statues,Metric3DV2-vit_small,10,sf_shift_ro,40.62,106.61,61.66
statues,Metric3DV2-vit_small,100,calib,74.64,106.61,67.39
statues,Metric3DV2-vit_small,100,calib_ro,50.06,106.61,52.37
statues,Metric3DV2-vit_small,100,calib_shift,76.34,106.61,67.69
statues,Metric3DV2-vit_small,100,calib_shift_ro,54.54,106.61,57.86
statues,Metric3DV2-vit_small,100,mdecalib,0.0,106.61,
statues,Metric3DV2-vit_small,100,mdecalib_ro,0.0,106.61,
statues,Metric3DV2-vit_small,100,mdecalib_shift,0.0,106.61,
statues,Metric3DV2-vit_small,100,mdecalib_shift_ro,0.0,106.61,
statues,Metric3DV2-vit_small,100,sf,63.99,106.61,66.72
statues,Metric3DV2-vit_small,100,sf_ro,47.42,106.61,65.14
statues,Metric3DV2-vit_small,100,sf_shift,59.85,106.61,64.45
statues,Metric3DV2-vit_small,100,sf_shift_ro,46.88,106.61,68.24
statues,Metric3DV2-vit_small,500,calib,78.72,106.61,69.73
statues,Metric3DV2-vit_small,500,calib_ro,50.51,106.61,52.48
statues,Metric3DV2-vit_small,500,calib_shift,81.64,106.61,70.23
statues,Metric3DV2-vit_small,500,calib_shift_ro,55.44,106.61,58.09
statues,Metric3DV2-vit_small,500,mdecalib,0.0,106.61,
statues,Metric3DV2-vit_small,500,mdecalib_ro,0.0,106.61,
statues,Metric3DV2-vit_small,500,mdecalib_shift,0.0,106.61,
statues,Metric3DV2-vit_small,500,mdecalib_shift_ro,0.0,106.61,
statues,Metric3DV2-vit_small,500,sf,68.05,106.61,69.32
statues,Metric3DV2-vit_small,500,sf_ro,47.94,106.61,65.53
statues,Metric3DV2-vit_small,500,sf_shift,65.81,106.61,68.4
statues,Metric3DV2-vit_small,500,sf_shift_ro,49.0,106.61,69.12
statues,Metric3DV2-vit_small,1000,calib,80.28,106.61,70.38
statues,Metric3DV2-vit_small,1000,calib_ro,50.66,106.61,52.46
statues,Metric3DV2-vit_small,1000,calib_shift,83.13,106.61,70.85
statues,Metric3DV2-vit_small,1000,calib_shift_ro,55.75,106.61,58.09
statues,Metric3DV2-vit_small,1000,mdecalib,0.0,106.61,
statues,Metric3DV2-vit_small,1000,mdecalib_ro,0.0,106.61,
statues,Metric3DV2-vit_small,1000,mdecalib_shift,0.0,106.61,
statues,Metric3DV2-vit_small,1000,mdecalib_shift_ro,0.0,106.61,
statues,Metric3DV2-vit_small,1000,sf,69.12,106.61,70.01
statues,Metric3DV2-vit_small,1000,sf_ro,48.09,106.61,65.62
statues,Metric3DV2-vit_small,1000,sf_shift,67.07,106.61,69.38
statues,Metric3DV2-vit_small,1000,sf_shift_ro,49.29,106.61,69.28
statues,Metric3DV2Calib-vit_giant2,10,calib,67.17,682.78,61.78
statues,Metric3DV2Calib-vit_giant2,10,calib_ro,54.91,682.78,52.68
statues,Metric3DV2Calib-vit_giant2,10,calib_shift,64.67,682.78,58.32
statues,Metric3DV2Calib-vit_giant2,10,calib_shift_ro,56.76,682.78,57.16
statues,Metric3DV2Calib-vit_giant2,100,calib,77.06,682.78,68.25
statues,Metric3DV2Calib-vit_giant2,100,calib_ro,57.09,682.78,54.22
statues,Metric3DV2Calib-vit_giant2,100,calib_shift,78.9,682.78,68.36
statues,Metric3DV2Calib-vit_giant2,100,calib_shift_ro,61.06,682.78,60.08
statues,Metric3DV2Calib-vit_giant2,500,calib,81.02,682.78,70.13
statues,Metric3DV2Calib-vit_giant2,500,calib_ro,57.89,682.78,54.27
statues,Metric3DV2Calib-vit_giant2,500,calib_shift,83.62,682.78,70.67
statues,Metric3DV2Calib-vit_giant2,500,calib_shift_ro,61.88,682.78,60.36
statues,Metric3DV2Calib-vit_giant2,1000,calib,82.15,682.78,70.62
statues,Metric3DV2Calib-vit_giant2,1000,calib_ro,57.96,682.78,54.24
statues,Metric3DV2Calib-vit_giant2,1000,calib_shift,84.88,682.78,71.2
statues,Metric3DV2Calib-vit_giant2,1000,calib_shift_ro,62.07,682.78,60.38
statues,Metric3DV2Calib-vit_large,10,calib,62.21,313.6,58.73
statues,Metric3DV2Calib-vit_large,10,calib_ro,51.33,313.6,53.2
statues,Metric3DV2Calib-vit_large,10,calib_shift,60.09,313.6,55.25
statues,Metric3DV2Calib-vit_large,10,calib_shift_ro,51.92,313.6,56.45
statues,Metric3DV2Calib-vit_large,100,calib,73.4,313.6,67.19
statues,Metric3DV2Calib-vit_large,100,calib_ro,53.09,313.6,54.92
statues,Metric3DV2Calib-vit_large,100,calib_shift,76.13,313.6,67.48
statues,Metric3DV2Calib-vit_large,100,calib_shift_ro,55.54,313.6,60.22
statues,Metric3DV2Calib-vit_large,500,calib,77.52,313.6,69.72
statues,Metric3DV2Calib-vit_large,500,calib_ro,53.26,313.6,55.07
statues,Metric3DV2Calib-vit_large,500,calib_shift,80.6,313.6,70.14
statues,Metric3DV2Calib-vit_large,500,calib_shift_ro,56.32,313.6,60.47
statues,Metric3DV2Calib-vit_large,1000,calib,78.97,313.6,70.43
statues,Metric3DV2Calib-vit_large,1000,calib_ro,53.27,313.6,55.07
statues,Metric3DV2Calib-vit_large,1000,calib_shift,82.03,313.6,70.89
statues,Metric3DV2Calib-vit_large,1000,calib_shift_ro,56.41,313.6,60.52
statues,Metric3DV2Calib-vit_small,10,calib,62.26,102.02,59.32
statues,Metric3DV2Calib-vit_small,10,calib_ro,47.63,102.02,50.41
statues,Metric3DV2Calib-vit_small,10,calib_shift,59.96,102.02,56.18
statues,Metric3DV2Calib-vit_small,10,calib_shift_ro,50.3,102.02,53.99
statues,Metric3DV2Calib-vit_small,100,calib,74.63,102.02,67.38
statues,Metric3DV2Calib-vit_small,100,calib_ro,50.01,102.02,52.34
statues,Metric3DV2Calib-vit_small,100,calib_shift,76.59,102.02,67.71
statues,Metric3DV2Calib-vit_small,100,calib_shift_ro,54.36,102.02,57.9
statues,Metric3DV2Calib-vit_small,500,calib,78.61,102.02,69.61
statues,Metric3DV2Calib-vit_small,500,calib_ro,50.5,102.02,52.44
statues,Metric3DV2Calib-vit_small,500,calib_shift,81.36,102.02,70.16
statues,Metric3DV2Calib-vit_small,500,calib_shift_ro,55.62,102.02,58.09
statues,Metric3DV2Calib-vit_small,1000,calib,80.36,102.02,70.35
statues,Metric3DV2Calib-vit_small,1000,calib_ro,50.72,102.02,52.41
statues,Metric3DV2Calib-vit_small,1000,calib_shift,82.86,102.02,70.74
statues,Metric3DV2Calib-vit_small,1000,calib_shift_ro,55.74,102.02,58.1
statues,MoGeV1-moge-vitl,10,calib,75.37,116.04,65.9
statues,MoGeV1-moge-vitl,10,calib_ro,73.37,116.04,69.2
statues,MoGeV1-moge-vitl,10,calib_shift,74.82,116.04,65.39
statues,MoGeV1-moge-vitl,10,calib_shift_ro,73.82,116.04,73.4
statues,MoGeV1-moge-vitl,10,mdecalib,41.23,116.04,56.64
statues,MoGeV1-moge-vitl,10,mdecalib_ro,44.92,116.04,68.13
statues,MoGeV1-moge-vitl,10,mdecalib_shift,41.35,116.04,57.12
statues,MoGeV1-moge-vitl,10,mdecalib_shift_ro,45.68,116.04,71.76
statues,MoGeV1-moge-vitl,10,sf,70.71,116.04,65.16
statues,MoGeV1-moge-vitl,10,sf_ro,71.24,116.04,78.67
statues,MoGeV1-moge-vitl,10,sf_shift,63.76,116.04,60.73
statues,MoGeV1-moge-vitl,10,sf_shift_ro,67.49,116.04,79.92
statues,MoGeV1-moge-vitl,100,calib,82.34,116.04,70.14
statues,MoGeV1-moge-vitl,100,calib_ro,74.87,116.04,70.21
statues,MoGeV1-moge-vitl,100,calib_shift,84.2,116.04,70.73
statues,MoGeV1-moge-vitl,100,calib_shift_ro,76.17,116.04,74.84
statues,MoGeV1-moge-vitl,100,mdecalib,46.72,116.04,61.11
statues,MoGeV1-moge-vitl,100,mdecalib_ro,46.42,116.04,69.36
statues,MoGeV1-moge-vitl,100,mdecalib_shift,48.32,116.04,62.38
statues,MoGeV1-moge-vitl,100,mdecalib_shift_ro,47.65,116.04,73.31
statues,MoGeV1-moge-vitl,100,sf,78.46,116.04,70.46
statues,MoGeV1-moge-vitl,100,sf_ro,72.61,116.04,80.05
statues,MoGeV1-moge-vitl,100,sf_shift,75.54,116.04,69.61
statues,MoGeV1-moge-vitl,100,sf_shift_ro,71.08,116.04,82.79
statues,MoGeV1-moge-vitl,500,calib,84.34,116.04,71.33
statues,MoGeV1-moge-vitl,500,calib_ro,74.97,116.04,70.27
statues,MoGeV1-moge-vitl,500,calib_shift,86.51,116.04,71.8
statues,MoGeV1-moge-vitl,500,calib_shift_ro,76.66,116.04,74.88
statues,MoGeV1-moge-vitl,500,mdecalib,48.72,116.04,62.59
statues,MoGeV1-moge-vitl,500,mdecalib_ro,46.56,116.04,69.44
statues,MoGeV1-moge-vitl,500,mdecalib_shift,50.37,116.04,63.84
statues,MoGeV1-moge-vitl,500,mdecalib_shift_ro,47.84,116.04,73.39
statues,MoGeV1-moge-vitl,500,sf,79.7,116.04,71.47
statues,MoGeV1-moge-vitl,500,sf_ro,72.61,116.04,80.27
statues,MoGeV1-moge-vitl,500,sf_shift,78.24,116.04,71.3
statues,MoGeV1-moge-vitl,500,sf_shift_ro,71.61,116.04,83.13
statues,MoGeV1-moge-vitl,1000,calib,84.97,116.04,71.68
statues,MoGeV1-moge-vitl,1000,calib_ro,75.04,116.04,70.28
statues,MoGeV1-moge-vitl,1000,calib_shift,87.15,116.04,72.09
statues,MoGeV1-moge-vitl,1000,calib_shift_ro,76.83,116.04,74.86
statues,MoGeV1-moge-vitl,1000,mdecalib,49.5,116.04,63.12
statues,MoGeV1-moge-vitl,1000,mdecalib_ro,46.55,116.04,69.43
statues,MoGeV1-moge-vitl,1000,mdecalib_shift,51.02,116.04,64.23
statues,MoGeV1-moge-vitl,1000,mdecalib_shift_ro,47.95,116.04,73.39
statues,MoGeV1-moge-vitl,1000,sf,80.37,116.04,71.79
statues,MoGeV1-moge-vitl,1000,sf_ro,72.68,116.04,80.34
statues,MoGeV1-moge-vitl,1000,sf_shift,79.2,116.04,71.77
statues,MoGeV1-moge-vitl,1000,sf_shift_ro,71.84,116.04,83.2
statues,MoGeV1Calib-moge-vitl,10,calib,76.19,117.5,66.11
statues,MoGeV1Calib-moge-vitl,10,calib_ro,74.59,117.5,69.56
statues,MoGeV1Calib-moge-vitl,10,calib_shift,74.86,117.5,65.44
statues,MoGeV1Calib-moge-vitl,10,calib_shift_ro,73.79,117.5,73.36
statues,MoGeV1Calib-moge-vitl,100,calib,84.01,117.5,70.38
statues,MoGeV1Calib-moge-vitl,100,calib_ro,76.04,117.5,70.47
statues,MoGeV1Calib-moge-vitl,100,calib_shift,84.17,117.5,70.74
statues,MoGeV1Calib-moge-vitl,100,calib_shift_ro,76.13,117.5,74.86
statues,MoGeV1Calib-moge-vitl,500,calib,85.79,117.5,71.5
statues,MoGeV1Calib-moge-vitl,500,calib_ro,76.16,117.5,70.53
statues,MoGeV1Calib-moge-vitl,500,calib_shift,86.55,117.5,71.82
statues,MoGeV1Calib-moge-vitl,500,calib_shift_ro,76.59,117.5,74.89
statues,MoGeV1Calib-moge-vitl,1000,calib,86.39,117.5,71.78
statues,MoGeV1Calib-moge-vitl,1000,calib_ro,76.18,117.5,70.53
statues,MoGeV1Calib-moge-vitl,1000,calib_shift,87.01,117.5,72.08
statues,MoGeV1Calib-moge-vitl,1000,calib_shift_ro,76.79,117.5,74.88
statues,MoGeV2-moge-2-vitl,10,calib,70.25,109.18,63.64
statues,MoGeV2-moge-2-vitl,10,calib_ro,66.92,109.18,66.06
statues,MoGeV2-moge-2-vitl,10,calib_shift,72.78,109.18,64.29
statues,MoGeV2-moge-2-vitl,10,calib_shift_ro,70.8,109.18,71.48
statues,MoGeV2-moge-2-vitl,10,mdecalib,37.91,109.18,53.09
statues,MoGeV2-moge-2-vitl,10,mdecalib_ro,40.81,109.18,64.36
statues,MoGeV2-moge-2-vitl,10,mdecalib_shift,37.16,109.18,53.75
statues,MoGeV2-moge-2-vitl,10,mdecalib_shift_ro,41.36,109.18,68.72
statues,MoGeV2-moge-2-vitl,10,sf,65.93,109.18,63.38
statues,MoGeV2-moge-2-vitl,10,sf_ro,67.33,109.18,76.92
statues,MoGeV2-moge-2-vitl,10,sf_shift,61.61,109.18,59.59
statues,MoGeV2-moge-2-vitl,10,sf_shift_ro,64.36,109.18,77.65
statues,MoGeV2-moge-2-vitl,100,calib,78.34,109.18,69.26
statues,MoGeV2-moge-2-vitl,100,calib_ro,68.57,109.18,67.04
statues,MoGeV2-moge-2-vitl,100,calib_shift,82.67,109.18,70.34
statues,MoGeV2-moge-2-vitl,100,calib_shift_ro,73.66,109.18,72.99
statues,MoGeV2-moge-2-vitl,100,mdecalib,42.48,109.18,58.34
statues,MoGeV2-moge-2-vitl,100,mdecalib_ro,41.8,109.18,65.6
statues,MoGeV2-moge-2-vitl,100,mdecalib_shift,42.73,109.18,59.79
statues,MoGeV2-moge-2-vitl,100,mdecalib_shift_ro,43.24,109.18,70.46
statues,MoGeV2-moge-2-vitl,100,sf,73.76,109.18,69.46
statues,MoGeV2-moge-2-vitl,100,sf_ro,68.51,109.18,78.17
statues,MoGeV2-moge-2-vitl,100,sf_shift,73.45,109.18,69.08
statues,MoGeV2-moge-2-vitl,100,sf_shift_ro,67.8,109.18,80.82
statues,MoGeV2-moge-2-vitl,500,calib,81.25,109.18,70.79
statues,MoGeV2-moge-2-vitl,500,calib_ro,68.87,109.18,67.04
statues,MoGeV2-moge-2-vitl,500,calib_shift,85.7,109.18,71.67
statues,MoGeV2-moge-2-vitl,500,calib_shift_ro,73.95,109.18,73.17
statues,MoGeV2-moge-2-vitl,500,mdecalib,43.86,109.18,60.07
statues,MoGeV2-moge-2-vitl,500,mdecalib_ro,41.99,109.18,65.64
statues,MoGeV2-moge-2-vitl,500,mdecalib_shift,44.19,109.18,61.35
statues,MoGeV2-moge-2-vitl,500,mdecalib_shift_ro,43.26,109.18,70.57
statues,MoGeV2-moge-2-vitl,500,sf,76.0,109.18,70.92
statues,MoGeV2-moge-2-vitl,500,sf_ro,68.81,109.18,78.31
statues,MoGeV2-moge-2-vitl,500,sf_shift,76.7,109.18,71.02
statues,MoGeV2-moge-2-vitl,500,sf_shift_ro,68.38,109.18,81.24
statues,MoGeV2-moge-2-vitl,1000,calib,82.01,109.18,71.24
statues,MoGeV2-moge-2-vitl,1000,calib_ro,68.82,109.18,67.07
statues,MoGeV2-moge-2-vitl,1000,calib_shift,86.46,109.18,71.98
statues,MoGeV2-moge-2-vitl,1000,calib_shift_ro,73.98,109.18,73.19
statues,MoGeV2-moge-2-vitl,1000,mdecalib,44.05,109.18,60.61
statues,MoGeV2-moge-2-vitl,1000,mdecalib_ro,42.02,109.18,65.65
statues,MoGeV2-moge-2-vitl,1000,mdecalib_shift,44.44,109.18,61.81
statues,MoGeV2-moge-2-vitl,1000,mdecalib_shift_ro,43.16,109.18,70.58
statues,MoGeV2-moge-2-vitl,1000,sf,76.61,109.18,71.28
statues,MoGeV2-moge-2-vitl,1000,sf_ro,68.95,109.18,78.34
statues,MoGeV2-moge-2-vitl,1000,sf_shift,77.29,109.18,71.54
statues,MoGeV2-moge-2-vitl,1000,sf_shift_ro,68.51,109.18,81.3
statues,MoGeV2Calib-moge-2-vitl,10,calib,72.88,111.28,64.49
statues,MoGeV2Calib-moge-2-vitl,10,calib_ro,70.22,111.28,66.04
statues,MoGeV2Calib-moge-2-vitl,10,calib_shift,72.88,111.28,64.34
statues,MoGeV2Calib-moge-2-vitl,10,calib_shift_ro,70.89,111.28,71.5
statues,MoGeV2Calib-moge-2-vitl,100,calib,80.93,111.28,69.72
statues,MoGeV2Calib-moge-2-vitl,100,calib_ro,71.44,111.28,67.03
statues,MoGeV2Calib-moge-2-vitl,100,calib_shift,82.63,111.28,70.36
statues,MoGeV2Calib-moge-2-vitl,100,calib_shift_ro,73.7,111.28,72.98
statues,MoGeV2Calib-moge-2-vitl,500,calib,82.99,111.28,71.09
statues,MoGeV2Calib-moge-2-vitl,500,calib_ro,71.81,111.28,67.02
statues,MoGeV2Calib-moge-2-vitl,500,calib_shift,85.72,111.28,71.7
statues,MoGeV2Calib-moge-2-vitl,500,calib_shift_ro,74.09,111.28,73.16
statues,MoGeV2Calib-moge-2-vitl,1000,calib,83.66,111.28,71.46
statues,MoGeV2Calib-moge-2-vitl,1000,calib_ro,71.82,111.28,67.04
statues,MoGeV2Calib-moge-2-vitl,1000,calib_shift,86.44,111.28,71.95
statues,MoGeV2Calib-moge-2-vitl,1000,calib_shift_ro,74.21,111.28,73.2
statues,Pi3-Pi3X,10,calib,75.14,170.37,65.15
statues,Pi3-Pi3X,10,calib_ro,72.02,170.37,66.1
statues,Pi3-Pi3X,10,calib_shift,73.37,170.37,63.75
statues,Pi3-Pi3X,10,calib_shift_ro,71.04,170.37,70.4
statues,Pi3-Pi3X,10,mdecalib,34.51,170.37,53.6
statues,Pi3-Pi3X,10,mdecalib_ro,37.23,170.37,62.38
statues,Pi3-Pi3X,10,mdecalib_shift,34.63,170.37,53.24
statues,Pi3-Pi3X,10,mdecalib_shift_ro,37.88,170.37,67.26
statues,Pi3-Pi3X,10,sf,68.25,170.37,63.29
statues,Pi3-Pi3X,10,sf_ro,68.6,170.37,74.72
statues,Pi3-Pi3X,10,sf_shift,58.79,170.37,56.48
statues,Pi3-Pi3X,10,sf_shift_ro,63.09,170.37,75.58
statues,Pi3-Pi3X,100,calib,82.81,170.37,69.84
statues,Pi3-Pi3X,100,calib_ro,73.56,170.37,67.13
statues,Pi3-Pi3X,100,calib_shift,83.69,170.37,70.12
statues,Pi3-Pi3X,100,calib_shift_ro,73.1,170.37,72.11
statues,Pi3-Pi3X,100,mdecalib,39.65,170.37,58.41
statues,Pi3-Pi3X,100,mdecalib_ro,38.18,170.37,63.38
statues,Pi3-Pi3X,100,mdecalib_shift,41.19,170.37,59.67
statues,Pi3-Pi3X,100,mdecalib_shift_ro,39.0,170.37,69.24
statues,Pi3-Pi3X,100,sf,77.54,170.37,69.62
statues,Pi3-Pi3X,100,sf_ro,70.9,170.37,76.36
statues,Pi3-Pi3X,100,sf_shift,74.23,170.37,68.54
statues,Pi3-Pi3X,100,sf_shift_ro,67.61,170.37,79.54
statues,Pi3-Pi3X,500,calib,84.97,170.37,70.98
statues,Pi3-Pi3X,500,calib_ro,73.84,170.37,67.17
statues,Pi3-Pi3X,500,calib_shift,86.58,170.37,71.35
statues,Pi3-Pi3X,500,calib_shift_ro,73.68,170.37,72.17
statues,Pi3-Pi3X,500,mdecalib,41.52,170.37,59.91
statues,Pi3-Pi3X,500,mdecalib_ro,38.29,170.37,63.53
statues,Pi3-Pi3X,500,mdecalib_shift,43.26,170.37,61.12
statues,Pi3-Pi3X,500,mdecalib_shift_ro,39.24,170.37,69.34
statues,Pi3-Pi3X,500,sf,79.22,170.37,70.97
statues,Pi3-Pi3X,500,sf_ro,70.89,170.37,76.64
statues,Pi3-Pi3X,500,sf_shift,77.1,170.37,70.68
statues,Pi3-Pi3X,500,sf_shift_ro,68.31,170.37,79.9
statues,Pi3-Pi3X,1000,calib,85.65,170.37,71.28
statues,Pi3-Pi3X,1000,calib_ro,73.85,170.37,67.16
statues,Pi3-Pi3X,1000,calib_shift,87.28,170.37,71.63
statues,Pi3-Pi3X,1000,calib_shift_ro,73.73,170.37,72.18
statues,Pi3-Pi3X,1000,mdecalib,41.9,170.37,60.43
statues,Pi3-Pi3X,1000,mdecalib_ro,38.31,170.37,63.56
statues,Pi3-Pi3X,1000,mdecalib_shift,43.91,170.37,61.56
statues,Pi3-Pi3X,1000,mdecalib_shift_ro,39.38,170.37,69.35
statues,Pi3-Pi3X,1000,sf,79.88,170.37,71.29
statues,Pi3-Pi3X,1000,sf_ro,70.96,170.37,76.74
statues,Pi3-Pi3X,1000,sf_shift,78.2,170.37,71.15
statues,Pi3-Pi3X,1000,sf_shift_ro,68.53,170.37,79.95
statues,Pi3Calib-Pi3X,10,calib,75.57,172.8,65.33
statues,Pi3Calib-Pi3X,10,calib_ro,73.86,172.8,66.66
statues,Pi3Calib-Pi3X,10,calib_shift,72.79,172.8,63.59
statues,Pi3Calib-Pi3X,10,calib_shift_ro,71.53,172.8,70.19
statues,Pi3Calib-Pi3X,100,calib,83.29,172.8,69.89
statues,Pi3Calib-Pi3X,100,calib_ro,75.04,172.8,67.7
statues,Pi3Calib-Pi3X,100,calib_shift,84.06,172.8,70.17
statues,Pi3Calib-Pi3X,100,calib_shift_ro,74.04,172.8,71.95
statues,Pi3Calib-Pi3X,500,calib,85.55,172.8,70.97
statues,Pi3Calib-Pi3X,500,calib_ro,75.26,172.8,67.7
statues,Pi3Calib-Pi3X,500,calib_shift,86.84,172.8,71.33
statues,Pi3Calib-Pi3X,500,calib_shift_ro,74.49,172.8,72.05
statues,Pi3Calib-Pi3X,1000,calib,86.27,172.8,71.26
statues,Pi3Calib-Pi3X,1000,calib_ro,75.28,172.8,67.71
statues,Pi3Calib-Pi3X,1000,calib_shift,87.49,172.8,71.62
statues,Pi3Calib-Pi3X,1000,calib_shift_ro,74.56,172.8,72.05
statues,UniDepth1-cnvnxtl,10,calib,56.39,96.14,56.24
statues,UniDepth1-cnvnxtl,10,calib_ro,39.56,96.14,42.01
statues,UniDepth1-cnvnxtl,10,calib_shift,55.74,96.14,53.62
statues,UniDepth1-cnvnxtl,10,calib_shift_ro,40.94,96.14,46.6
statues,UniDepth1-cnvnxtl,10,mdecalib,23.32,96.14,43.08
statues,UniDepth1-cnvnxtl,10,mdecalib_ro,17.27,96.14,38.85
statues,UniDepth1-cnvnxtl,10,mdecalib_shift,24.8,96.14,42.33
statues,UniDepth1-cnvnxtl,10,mdecalib_shift_ro,21.49,96.14,44.65
statues,UniDepth1-cnvnxtl,10,sf,47.19,96.14,51.21
statues,UniDepth1-cnvnxtl,10,sf_ro,36.13,96.14,53.0
statues,UniDepth1-cnvnxtl,10,sf_shift,37.52,96.14,42.22
statues,UniDepth1-cnvnxtl,10,sf_shift_ro,31.9,96.14,52.56
statues,UniDepth1-cnvnxtl,100,calib,69.03,96.14,65.39
statues,UniDepth1-cnvnxtl,100,calib_ro,42.5,96.14,44.01
statues,UniDepth1-cnvnxtl,100,calib_shift,72.07,96.14,65.95
statues,UniDepth1-cnvnxtl,100,calib_shift_ro,45.75,96.14,50.27
statues,UniDepth1-cnvnxtl,100,mdecalib,30.1,96.14,51.47
statues,UniDepth1-cnvnxtl,100,mdecalib_ro,19.12,96.14,41.04
statues,UniDepth1-cnvnxtl,100,mdecalib_shift,32.28,96.14,52.98
statues,UniDepth1-cnvnxtl,100,mdecalib_shift_ro,23.73,96.14,48.44
statues,UniDepth1-cnvnxtl,100,sf,59.56,96.14,63.62
statues,UniDepth1-cnvnxtl,100,sf_ro,39.45,96.14,57.06
statues,UniDepth1-cnvnxtl,100,sf_shift,55.18,96.14,61.03
statues,UniDepth1-cnvnxtl,100,sf_shift_ro,38.13,96.14,61.03
statues,UniDepth1-cnvnxtl,500,calib,74.87,96.14,68.38
statues,UniDepth1-cnvnxtl,500,calib_ro,43.84,96.14,44.17
statues,UniDepth1-cnvnxtl,500,calib_shift,78.23,96.14,69.1
statues,UniDepth1-cnvnxtl,500,calib_shift_ro,46.87,96.14,50.73
statues,UniDepth1-cnvnxtl,500,mdecalib,32.18,96.14,54.66
statues,UniDepth1-cnvnxtl,500,mdecalib_ro,19.65,96.14,41.31
statues,UniDepth1-cnvnxtl,500,mdecalib_shift,34.4,96.14,55.98
statues,UniDepth1-cnvnxtl,500,mdecalib_shift_ro,24.07,96.14,48.97
statues,UniDepth1-cnvnxtl,500,sf,63.61,96.14,67.28
statues,UniDepth1-cnvnxtl,500,sf_ro,39.83,96.14,57.87
statues,UniDepth1-cnvnxtl,500,sf_shift,61.2,96.14,66.26
statues,UniDepth1-cnvnxtl,500,sf_shift_ro,39.26,96.14,62.45
statues,UniDepth1-cnvnxtl,1000,calib,76.9,96.14,69.3
statues,UniDepth1-cnvnxtl,1000,calib_ro,44.09,96.14,44.16
statues,UniDepth1-cnvnxtl,1000,calib_shift,80.33,96.14,69.97
statues,UniDepth1-cnvnxtl,1000,calib_shift_ro,47.3,96.14,50.76
statues,UniDepth1-cnvnxtl,1000,mdecalib,32.78,96.14,55.77
statues,UniDepth1-cnvnxtl,1000,mdecalib_ro,19.86,96.14,41.35
statues,UniDepth1-cnvnxtl,1000,mdecalib_shift,35.12,96.14,56.79
statues,UniDepth1-cnvnxtl,1000,mdecalib_shift_ro,24.25,96.14,49.04
statues,UniDepth1-cnvnxtl,1000,sf,65.12,96.14,68.34
statues,UniDepth1-cnvnxtl,1000,sf_ro,40.01,96.14,58.08
statues,UniDepth1-cnvnxtl,1000,sf_shift,63.39,96.14,67.65
statues,UniDepth1-cnvnxtl,1000,sf_shift_ro,39.57,96.14,62.73
statues,UniDepth1-vitl14,10,calib,63.9,135.76,60.31
statues,UniDepth1-vitl14,10,calib_ro,50.74,135.76,48.08
statues,UniDepth1-vitl14,10,calib_shift,62.24,135.76,57.86
statues,UniDepth1-vitl14,10,calib_shift_ro,49.83,135.76,53.39
statues,UniDepth1-vitl14,10,mdecalib,28.51,135.76,42.75
statues,UniDepth1-vitl14,10,mdecalib_ro,24.59,135.76,41.46
statues,UniDepth1-vitl14,10,mdecalib_shift,29.83,135.76,42.76
statues,UniDepth1-vitl14,10,mdecalib_shift_ro,27.05,135.76,46.96
statues,UniDepth1-vitl14,10,sf,54.66,135.76,56.88
statues,UniDepth1-vitl14,10,sf_ro,48.37,135.76,60.14
statues,UniDepth1-vitl14,10,sf_shift,45.58,135.76,48.86
statues,UniDepth1-vitl14,10,sf_shift_ro,40.24,135.76,60.46
statues,UniDepth1-vitl14,100,calib,75.19,135.76,67.68
statues,UniDepth1-vitl14,100,calib_ro,53.35,135.76,49.88
statues,UniDepth1-vitl14,100,calib_shift,76.47,135.76,67.71
statues,UniDepth1-vitl14,100,calib_shift_ro,55.0,135.76,56.61
statues,UniDepth1-vitl14,100,mdecalib,34.06,135.76,49.87
statues,UniDepth1-vitl14,100,mdecalib_ro,26.18,135.76,44.11
statues,UniDepth1-vitl14,100,mdecalib_shift,36.35,135.76,51.28
statues,UniDepth1-vitl14,100,mdecalib_shift_ro,29.41,135.76,50.65
statues,UniDepth1-vitl14,100,sf,65.77,135.76,66.31
statues,UniDepth1-vitl14,100,sf_ro,50.47,135.76,63.31
statues,UniDepth1-vitl14,100,sf_shift,61.5,135.76,64.53
statues,UniDepth1-vitl14,100,sf_shift_ro,47.1,135.76,67.01
statues,UniDepth1-vitl14,500,calib,79.8,135.76,69.88
statues,UniDepth1-vitl14,500,calib_ro,54.24,135.76,50.04
statues,UniDepth1-vitl14,500,calib_shift,81.87,135.76,70.12
statues,UniDepth1-vitl14,500,calib_shift_ro,56.02,135.76,56.94
statues,UniDepth1-vitl14,500,mdecalib,35.89,135.76,52.72
statues,UniDepth1-vitl14,500,mdecalib_ro,26.63,135.76,44.54
statues,UniDepth1-vitl14,500,mdecalib_shift,39.01,135.76,53.79
statues,UniDepth1-vitl14,500,mdecalib_shift_ro,30.1,135.76,51.19
statues,UniDepth1-vitl14,500,sf,69.75,135.76,69.14
statues,UniDepth1-vitl14,500,sf_ro,50.71,135.76,63.77
statues,UniDepth1-vitl14,500,sf_shift,66.79,135.76,68.4
statues,UniDepth1-vitl14,500,sf_shift_ro,48.53,135.76,68.03
statues,UniDepth1-vitl14,1000,calib,81.31,135.76,70.53
statues,UniDepth1-vitl14,1000,calib_ro,54.29,135.76,50.02
statues,UniDepth1-vitl14,1000,calib_shift,83.25,135.76,70.71
statues,UniDepth1-vitl14,1000,calib_shift_ro,56.34,135.76,56.96
statues,UniDepth1-vitl14,1000,mdecalib,36.69,135.76,53.71
statues,UniDepth1-vitl14,1000,mdecalib_ro,26.64,135.76,44.61
statues,UniDepth1-vitl14,1000,mdecalib_shift,39.69,135.76,54.63
statues,UniDepth1-vitl14,1000,mdecalib_shift_ro,30.26,135.76,51.25
statues,UniDepth1-vitl14,1000,sf,70.86,135.76,69.89
statues,UniDepth1-vitl14,1000,sf_ro,50.74,135.76,63.89
statues,UniDepth1-vitl14,1000,sf_shift,68.49,135.76,69.38
statues,UniDepth1-vitl14,1000,sf_shift_ro,48.96,135.76,68.21
statues,UniDepth1Calib-cnvnxtl,10,calib,56.73,91.07,56.28
statues,UniDepth1Calib-cnvnxtl,10,calib_ro,40.11,91.07,42.32
statues,UniDepth1Calib-cnvnxtl,10,calib_shift,56.85,91.07,54.34
statues,UniDepth1Calib-cnvnxtl,10,calib_shift_ro,41.78,91.07,47.12
statues,UniDepth1Calib-cnvnxtl,100,calib,69.75,91.07,65.49
statues,UniDepth1Calib-cnvnxtl,100,calib_ro,43.09,91.07,44.31
statues,UniDepth1Calib-cnvnxtl,100,calib_shift,72.54,91.07,66.24
statues,UniDepth1Calib-cnvnxtl,100,calib_shift_ro,46.19,91.07,50.72
statues,UniDepth1Calib-cnvnxtl,500,calib,75.45,91.07,68.64
statues,UniDepth1Calib-cnvnxtl,500,calib_ro,43.85,91.07,44.57
statues,UniDepth1Calib-cnvnxtl,500,calib_shift,78.8,91.07,69.39
statues,UniDepth1Calib-cnvnxtl,500,calib_shift_ro,47.57,91.07,51.15
statues,UniDepth1Calib-cnvnxtl,1000,calib,77.47,91.07,69.53
statues,UniDepth1Calib-cnvnxtl,1000,calib_ro,43.89,91.07,44.58
statues,UniDepth1Calib-cnvnxtl,1000,calib_shift,80.61,91.07,70.14
statues,UniDepth1Calib-cnvnxtl,1000,calib_shift_ro,47.92,91.07,51.24
statues,UniDepth1Calib-vitl14,10,calib,63.63,133.81,59.96
statues,UniDepth1Calib-vitl14,10,calib_ro,50.64,133.81,49.11
statues,UniDepth1Calib-vitl14,10,calib_shift,62.89,133.81,58.26
statues,UniDepth1Calib-vitl14,10,calib_shift_ro,50.72,133.81,54.07
statues,UniDepth1Calib-vitl14,100,calib,74.81,133.81,67.52
statues,UniDepth1Calib-vitl14,100,calib_ro,53.5,133.81,50.84
statues,UniDepth1Calib-vitl14,100,calib_shift,76.74,133.81,67.66
statues,UniDepth1Calib-vitl14,100,calib_shift_ro,55.09,133.81,57.37
statues,UniDepth1Calib-vitl14,500,calib,79.35,133.81,69.76
statues,UniDepth1Calib-vitl14,500,calib_ro,54.06,133.81,50.96
statues,UniDepth1Calib-vitl14,500,calib_shift,82.2,133.81,70.08
statues,UniDepth1Calib-vitl14,500,calib_shift_ro,56.2,133.81,57.62
statues,UniDepth1Calib-vitl14,1000,calib,80.93,133.81,70.46
statues,UniDepth1Calib-vitl14,1000,calib_ro,54.22,133.81,50.96
statues,UniDepth1Calib-vitl14,1000,calib_shift,83.53,133.81,70.67
statues,UniDepth1Calib-vitl14,1000,calib_shift_ro,56.73,133.81,57.65
statues,UniDepth2-vitb14,10,calib,66.02,68.77,61.88
statues,UniDepth2-vitb14,10,calib_ro,56.62,68.77,58.08
statues,UniDepth2-vitb14,10,calib_shift,68.73,68.77,62.4
statues,UniDepth2-vitb14,10,calib_shift_ro,61.31,68.77,64.92
statues,UniDepth2-vitb14,10,mdecalib,28.0,68.77,49.54
statues,UniDepth2-vitb14,10,mdecalib_ro,27.72,68.77,54.39
statues,UniDepth2-vitb14,10,mdecalib_shift,28.69,68.77,50.12
statues,UniDepth2-vitb14,10,mdecalib_shift_ro,29.57,68.77,60.94
statues,UniDepth2-vitb14,10,sf,60.21,68.77,60.37
statues,UniDepth2-vitb14,10,sf_ro,55.68,68.77,69.97
statues,UniDepth2-vitb14,10,sf_shift,54.87,68.77,55.73
statues,UniDepth2-vitb14,10,sf_shift_ro,54.15,68.77,72.31
statues,UniDepth2-vitb14,100,calib,75.67,68.77,67.93
statues,UniDepth2-vitb14,100,calib_ro,58.55,68.77,59.3
statues,UniDepth2-vitb14,100,calib_shift,79.83,68.77,69.4
statues,UniDepth2-vitb14,100,calib_shift_ro,64.34,68.77,66.89
statues,UniDepth2-vitb14,100,mdecalib,32.53,68.77,55.58
statues,UniDepth2-vitb14,100,mdecalib_ro,28.97,68.77,55.87
statues,UniDepth2-vitb14,100,mdecalib_shift,33.94,68.77,57.22
statues,UniDepth2-vitb14,100,mdecalib_shift_ro,31.16,68.77,63.02
statues,UniDepth2-vitb14,100,sf,69.31,68.77,67.79
statues,UniDepth2-vitb14,100,sf_ro,57.86,68.77,72.05
statues,UniDepth2-vitb14,100,sf_shift,68.9,68.77,67.45
statues,UniDepth2-vitb14,100,sf_shift_ro,58.67,68.77,76.61
statues,UniDepth2-vitb14,500,calib,79.11,68.77,70.0
statues,UniDepth2-vitb14,500,calib_ro,58.99,68.77,59.35
statues,UniDepth2-vitb14,500,calib_shift,83.25,68.77,70.98
statues,UniDepth2-vitb14,500,calib_shift_ro,65.12,68.77,67.07
statues,UniDepth2-vitb14,500,mdecalib,34.19,68.77,57.79
statues,UniDepth2-vitb14,500,mdecalib_ro,29.07,68.77,55.97
statues,UniDepth2-vitb14,500,mdecalib_shift,35.6,68.77,59.2
statues,UniDepth2-vitb14,500,mdecalib_shift_ro,31.56,68.77,63.25
statues,UniDepth2-vitb14,500,sf,72.11,68.77,69.8
statues,UniDepth2-vitb14,500,sf_ro,58.45,68.77,72.54
statues,UniDepth2-vitb14,500,sf_shift,72.47,68.77,69.92
statues,UniDepth2-vitb14,500,sf_shift_ro,59.77,68.77,77.23
statues,UniDepth2-vitb14,1000,calib,80.02,68.77,70.55
statues,UniDepth2-vitb14,1000,calib_ro,59.1,68.77,59.36
statues,UniDepth2-vitb14,1000,calib_shift,84.22,68.77,71.38
statues,UniDepth2-vitb14,1000,calib_shift_ro,65.25,68.77,67.11
statues,UniDepth2-vitb14,1000,mdecalib,34.46,68.77,58.39
statues,UniDepth2-vitb14,1000,mdecalib_ro,28.94,68.77,55.99
statues,UniDepth2-vitb14,1000,mdecalib_shift,36.24,68.77,59.66
statues,UniDepth2-vitb14,1000,mdecalib_shift_ro,31.79,68.77,63.29
statues,UniDepth2-vitb14,1000,sf,73.24,68.77,70.42
statues,UniDepth2-vitb14,1000,sf_ro,58.54,68.77,72.63
statues,UniDepth2-vitb14,1000,sf_shift,73.66,68.77,70.63
statues,UniDepth2-vitb14,1000,sf_shift_ro,59.98,68.77,77.36
statues,UniDepth2-vitl14,10,calib,68.78,92.72,63.26
statues,UniDepth2-vitl14,10,calib_ro,60.89,92.72,61.97
statues,UniDepth2-vitl14,10,calib_shift,71.54,92.72,64.07
statues,UniDepth2-vitl14,10,calib_shift_ro,67.94,92.72,70.41
statues,UniDepth2-vitl14,10,mdecalib,27.31,92.72,47.91
statues,UniDepth2-vitl14,10,mdecalib_ro,29.27,92.72,57.47
statues,UniDepth2-vitl14,10,mdecalib_shift,29.09,92.72,50.07
statues,UniDepth2-vitl14,10,mdecalib_shift_ro,32.06,92.72,65.12
statues,UniDepth2-vitl14,10,sf,63.81,92.72,62.35
statues,UniDepth2-vitl14,10,sf_ro,60.66,92.72,74.22
statues,UniDepth2-vitl14,10,sf_shift,59.46,92.72,58.32
statues,UniDepth2-vitl14,10,sf_shift_ro,62.24,92.72,77.42
statues,UniDepth2-vitl14,100,calib,77.1,92.72,68.94
statues,UniDepth2-vitl14,100,calib_ro,61.77,92.72,63.13
statues,UniDepth2-vitl14,100,calib_shift,81.61,92.72,70.1
statues,UniDepth2-vitl14,100,calib_shift_ro,69.82,92.72,72.01
statues,UniDepth2-vitl14,100,mdecalib,30.81,92.72,53.53
statues,UniDepth2-vitl14,100,mdecalib_ro,29.92,92.72,59.0
statues,UniDepth2-vitl14,100,mdecalib_shift,32.89,92.72,56.28
statues,UniDepth2-vitl14,100,mdecalib_shift_ro,33.29,92.72,66.96
statues,UniDepth2-vitl14,100,sf,72.26,92.72,68.82
statues,UniDepth2-vitl14,100,sf_ro,62.01,92.72,75.94
statues,UniDepth2-vitl14,100,sf_shift,72.62,92.72,68.8
statues,UniDepth2-vitl14,100,sf_shift_ro,65.2,92.72,81.0
statues,UniDepth2-vitl14,500,calib,80.02,92.72,70.51
statues,UniDepth2-vitl14,500,calib_ro,61.91,92.72,63.18
statues,UniDepth2-vitl14,500,calib_shift,84.62,92.72,71.37
statues,UniDepth2-vitl14,500,calib_shift_ro,70.13,92.72,72.13
statues,UniDepth2-vitl14,500,mdecalib,32.08,92.72,55.9
statues,UniDepth2-vitl14,500,mdecalib_ro,30.06,92.72,59.15
statues,UniDepth2-vitl14,500,mdecalib_shift,33.67,92.72,57.93
statues,UniDepth2-vitl14,500,mdecalib_shift_ro,33.63,92.72,67.13
statues,UniDepth2-vitl14,500,sf,74.67,92.72,70.42
statues,UniDepth2-vitl14,500,sf_ro,62.4,92.72,76.35
statues,UniDepth2-vitl14,500,sf_shift,75.8,92.72,70.72
statues,UniDepth2-vitl14,500,sf_shift_ro,65.51,92.72,81.38
statues,UniDepth2-vitl14,1000,calib,80.86,92.72,70.98
statues,UniDepth2-vitl14,1000,calib_ro,62.06,92.72,63.15
statues,UniDepth2-vitl14,1000,calib_shift,85.25,92.72,71.67
statues,UniDepth2-vitl14,1000,calib_shift_ro,70.15,92.72,72.12
statues,UniDepth2-vitl14,1000,mdecalib,32.39,92.72,56.74
statues,UniDepth2-vitl14,1000,mdecalib_ro,30.09,92.72,59.16
statues,UniDepth2-vitl14,1000,mdecalib_shift,33.79,92.72,58.49
statues,UniDepth2-vitl14,1000,mdecalib_shift_ro,33.6,92.72,67.13
statues,UniDepth2-vitl14,1000,sf,75.18,92.72,70.89
statues,UniDepth2-vitl14,1000,sf_ro,62.37,92.72,76.45
statues,UniDepth2-vitl14,1000,sf_shift,76.52,92.72,71.21
statues,UniDepth2-vitl14,1000,sf_shift_ro,65.65,92.72,81.52
statues,UniDepth2-vits14,10,calib,64.36,55.17,60.53
statues,UniDepth2-vits14,10,calib_ro,50.01,55.17,52.64
statues,UniDepth2-vits14,10,calib_shift,64.98,55.17,60.15
statues,UniDepth2-vits14,10,calib_shift_ro,56.62,55.17,60.23
statues,UniDepth2-vits14,10,mdecalib,18.41,55.17,44.15
statues,UniDepth2-vits14,10,mdecalib_ro,17.57,55.17,48.97
statues,UniDepth2-vits14,10,mdecalib_shift,17.18,55.17,43.83
statues,UniDepth2-vits14,10,mdecalib_shift_ro,18.61,55.17,55.24
statues,UniDepth2-vits14,10,sf,56.61,55.17,58.03
statues,UniDepth2-vits14,10,sf_ro,49.08,55.17,64.68
statues,UniDepth2-vits14,10,sf_shift,50.21,55.17,52.91
statues,UniDepth2-vits14,10,sf_shift_ro,49.75,55.17,67.12
statues,UniDepth2-vits14,100,calib,75.08,55.17,67.5
statues,UniDepth2-vits14,100,calib_ro,52.4,55.17,54.19
statues,UniDepth2-vits14,100,calib_shift,78.28,55.17,68.81
statues,UniDepth2-vits14,100,calib_shift_ro,60.78,55.17,62.85
statues,UniDepth2-vits14,100,mdecalib,22.01,55.17,50.43
statues,UniDepth2-vits14,100,mdecalib_ro,19.04,55.17,50.73
statues,UniDepth2-vits14,100,mdecalib_shift,22.05,55.17,52.37
statues,UniDepth2-vits14,100,mdecalib_shift_ro,20.23,55.17,58.17
statues,UniDepth2-vits14,100,sf,67.26,55.17,66.85
statues,UniDepth2-vits14,100,sf_ro,51.72,55.17,67.62
statues,UniDepth2-vits14,100,sf_shift,65.55,55.17,66.28
statues,UniDepth2-vits14,100,sf_shift_ro,55.6,55.17,72.65
statues,UniDepth2-vits14,500,calib,79.26,55.17,69.84
statues,UniDepth2-vits14,500,calib_ro,52.99,55.17,54.3
statues,UniDepth2-vits14,500,calib_shift,82.5,55.17,70.78
statues,UniDepth2-vits14,500,calib_shift_ro,61.68,55.17,63.0
statues,UniDepth2-vits14,500,mdecalib,23.42,55.17,52.87
statues,UniDepth2-vits14,500,mdecalib_ro,19.14,55.17,50.85
statues,UniDepth2-vits14,500,mdecalib_shift,23.46,55.17,54.46
statues,UniDepth2-vits14,500,mdecalib_shift_ro,20.66,55.17,58.38
statues,UniDepth2-vits14,500,sf,70.94,55.17,69.27
statues,UniDepth2-vits14,500,sf_ro,52.54,55.17,68.27
statues,UniDepth2-vits14,500,sf_shift,69.81,55.17,69.3
statues,UniDepth2-vits14,500,sf_shift_ro,56.92,55.17,73.48
statues,UniDepth2-vits14,1000,calib,80.42,55.17,70.44
statues,UniDepth2-vits14,1000,calib_ro,53.12,55.17,54.28
statues,UniDepth2-vits14,1000,calib_shift,83.67,55.17,71.16
statues,UniDepth2-vits14,1000,calib_shift_ro,61.84,55.17,62.96
statues,UniDepth2-vits14,1000,mdecalib,24.02,55.17,53.79
statues,UniDepth2-vits14,1000,mdecalib_ro,19.24,55.17,50.81
statues,UniDepth2-vits14,1000,mdecalib_shift,23.98,55.17,55.1
statues,UniDepth2-vits14,1000,mdecalib_shift_ro,20.91,55.17,58.34
statues,UniDepth2-vits14,1000,sf,71.89,55.17,69.99
statues,UniDepth2-vits14,1000,sf_ro,52.8,55.17,68.46
statues,UniDepth2-vits14,1000,sf_shift,71.29,55.17,70.08
statues,UniDepth2-vits14,1000,sf_shift_ro,57.02,55.17,73.64
statues,UniDepth2Calib-vitb14,10,calib,67.02,68.92,62.36
statues,UniDepth2Calib-vitb14,10,calib_ro,57.4,68.92,58.57
statues,UniDepth2Calib-vitb14,10,calib_shift,68.19,68.92,62.24
statues,UniDepth2Calib-vitb14,10,calib_shift_ro,60.63,68.92,64.79
statues,UniDepth2Calib-vitb14,100,calib,76.18,68.92,68.16
statues,UniDepth2Calib-vitb14,100,calib_ro,59.53,68.92,59.91
statues,UniDepth2Calib-vitb14,100,calib_shift,79.49,68.92,69.29
statues,UniDepth2Calib-vitb14,100,calib_shift_ro,63.99,68.92,66.72
statues,UniDepth2Calib-vitb14,500,calib,79.45,68.92,70.09
statues,UniDepth2Calib-vitb14,500,calib_ro,59.78,68.92,60.02
statues,UniDepth2Calib-vitb14,500,calib_shift,83.28,68.92,70.94
statues,UniDepth2Calib-vitb14,500,calib_shift_ro,64.88,68.92,66.93
statues,UniDepth2Calib-vitb14,1000,calib,80.31,68.92,70.62
statues,UniDepth2Calib-vitb14,1000,calib_ro,59.78,68.92,60.03
statues,UniDepth2Calib-vitb14,1000,calib_shift,84.17,68.92,71.31
statues,UniDepth2Calib-vitb14,1000,calib_shift_ro,65.0,68.92,66.97
statues,UniDepth2Calib-vitl14,10,calib,70.65,94.46,64.0
statues,UniDepth2Calib-vitl14,10,calib_ro,63.47,94.46,63.65
statues,UniDepth2Calib-vitl14,10,calib_shift,71.49,94.46,63.96
statues,UniDepth2Calib-vitl14,10,calib_shift_ro,68.12,94.46,70.73
statues,UniDepth2Calib-vitl14,100,calib,78.31,94.46,69.2
statues,UniDepth2Calib-vitl14,100,calib_ro,64.44,94.46,64.66
statues,UniDepth2Calib-vitl14,100,calib_shift,81.58,94.46,70.1
statues,UniDepth2Calib-vitl14,100,calib_shift_ro,69.62,94.46,72.23
statues,UniDepth2Calib-vitl14,500,calib,80.93,94.46,70.55
statues,UniDepth2Calib-vitl14,500,calib_ro,64.68,94.46,64.71
statues,UniDepth2Calib-vitl14,500,calib_shift,84.34,94.46,71.33
statues,UniDepth2Calib-vitl14,500,calib_shift_ro,69.89,94.46,72.32
statues,UniDepth2Calib-vitl14,1000,calib,81.8,94.46,70.94
statues,UniDepth2Calib-vitl14,1000,calib_ro,64.83,94.46,64.72
statues,UniDepth2Calib-vitl14,1000,calib_shift,85.01,94.46,71.62
statues,UniDepth2Calib-vitl14,1000,calib_shift_ro,69.96,94.46,72.32
statues,UniDepth2Calib-vits14,10,calib,65.44,56.49,61.23
statues,UniDepth2Calib-vits14,10,calib_ro,52.29,56.49,53.91
statues,UniDepth2Calib-vits14,10,calib_shift,64.49,56.49,60.25
statues,UniDepth2Calib-vits14,10,calib_shift_ro,57.0,56.49,60.54
statues,UniDepth2Calib-vits14,100,calib,76.2,56.49,67.87
statues,UniDepth2Calib-vits14,100,calib_ro,55.31,56.49,55.37
statues,UniDepth2Calib-vits14,100,calib_shift,77.96,56.49,68.83
statues,UniDepth2Calib-vits14,100,calib_shift_ro,60.35,56.49,63.02
statues,UniDepth2Calib-vits14,500,calib,80.16,56.49,70.03
statues,UniDepth2Calib-vits14,500,calib_ro,55.51,56.49,55.47
statues,UniDepth2Calib-vits14,500,calib_shift,82.51,56.49,70.73
statues,UniDepth2Calib-vits14,500,calib_shift_ro,61.11,56.49,63.21
statues,UniDepth2Calib-vits14,1000,calib,81.37,56.49,70.67
statues,UniDepth2Calib-vits14,1000,calib_ro,55.62,56.49,55.43
statues,UniDepth2Calib-vits14,1000,calib_shift,83.65,56.49,71.18
statues,UniDepth2Calib-vits14,1000,calib_shift_ro,61.33,56.49,63.21
statues,UniK3D-vitl,10,calib,69.85,104.98,63.86
statues,UniK3D-vitl,10,calib_ro,63.89,104.98,64.15
statues,UniK3D-vitl,10,calib_shift,72.9,104.98,64.83
statues,UniK3D-vitl,10,calib_shift_ro,71.18,104.98,72.1
statues,UniK3D-vitl,10,mdecalib,0.0,104.98,
statues,UniK3D-vitl,10,mdecalib_ro,0.0,104.98,
statues,UniK3D-vitl,10,mdecalib_shift,0.0,104.98,
statues,UniK3D-vitl,10,mdecalib_shift_ro,0.0,104.98,
statues,UniK3D-vitl,10,sf,64.55,104.98,62.64
statues,UniK3D-vitl,10,sf_ro,64.14,104.98,75.78
statues,UniK3D-vitl,10,sf_shift,61.68,104.98,59.19
statues,UniK3D-vitl,10,sf_shift_ro,65.55,104.98,78.52
statues,UniK3D-vitl,100,calib,77.8,104.98,69.2
statues,UniK3D-vitl,100,calib_ro,64.86,104.98,65.23
statues,UniK3D-vitl,100,calib_shift,81.97,104.98,70.22
statues,UniK3D-vitl,100,calib_shift_ro,72.97,104.98,73.58
statues,UniK3D-vitl,100,mdecalib,0.0,104.98,
statues,UniK3D-vitl,100,mdecalib_ro,0.0,104.98,
statues,UniK3D-vitl,100,mdecalib_shift,0.0,104.98,
statues,UniK3D-vitl,100,mdecalib_shift_ro,0.0,104.98,
statues,UniK3D-vitl,100,sf,72.56,104.98,68.99
statues,UniK3D-vitl,100,sf_ro,65.42,104.98,77.43
statues,UniK3D-vitl,100,sf_shift,74.52,104.98,68.77
statues,UniK3D-vitl,100,sf_shift_ro,68.55,104.98,82.05
statues,UniK3D-vitl,500,calib,80.19,104.98,70.59
statues,UniK3D-vitl,500,calib_ro,64.92,104.98,65.33
statues,UniK3D-vitl,500,calib_shift,84.87,104.98,71.37
statues,UniK3D-vitl,500,calib_shift_ro,73.52,104.98,73.7
statues,UniK3D-vitl,500,mdecalib,0.0,104.98,
statues,UniK3D-vitl,500,mdecalib_ro,0.0,104.98,
statues,UniK3D-vitl,500,mdecalib_shift,0.0,104.98,
statues,UniK3D-vitl,500,mdecalib_shift_ro,0.0,104.98,
statues,UniK3D-vitl,500,sf,74.7,104.98,70.56
statues,UniK3D-vitl,500,sf_ro,65.42,104.98,77.78
statues,UniK3D-vitl,500,sf_shift,77.43,104.98,70.75
statues,UniK3D-vitl,500,sf_shift_ro,69.11,104.98,82.48
statues,UniK3D-vitl,1000,calib,80.76,104.98,71.0
statues,UniK3D-vitl,1000,calib_ro,64.87,104.98,65.36
statues,UniK3D-vitl,1000,calib_shift,85.69,104.98,71.64
statues,UniK3D-vitl,1000,calib_shift_ro,73.55,104.98,73.72
statues,UniK3D-vitl,1000,mdecalib,0.0,104.98,
statues,UniK3D-vitl,1000,mdecalib_ro,0.0,104.98,
statues,UniK3D-vitl,1000,mdecalib_shift,0.0,104.98,
statues,UniK3D-vitl,1000,mdecalib_shift_ro,0.0,104.98,
statues,UniK3D-vitl,1000,sf,75.24,104.98,70.95
statues,UniK3D-vitl,1000,sf_ro,65.52,104.98,77.92
statues,UniK3D-vitl,1000,sf_shift,78.01,104.98,71.22
statues,UniK3D-vitl,1000,sf_shift_ro,69.24,104.98,82.55
statues,UniK3DCalib-vitl,10,calib,72.59,97.4,64.69
statues,UniK3DCalib-vitl,10,calib_ro,67.12,97.4,66.13
statues,UniK3DCalib-vitl,10,calib_shift,72.32,97.4,64.51
statues,UniK3DCalib-vitl,10,calib_shift_ro,69.92,97.4,71.88
statues,UniK3DCalib-vitl,100,calib,80.18,97.4,69.39
statues,UniK3DCalib-vitl,100,calib_ro,67.68,97.4,67.13
statues,UniK3DCalib-vitl,100,calib_shift,81.95,97.4,70.16
statues,UniK3DCalib-vitl,100,calib_shift_ro,71.86,97.4,73.42
statues,UniK3DCalib-vitl,500,calib,82.32,97.4,70.74
statues,UniK3DCalib-vitl,500,calib_ro,67.86,97.4,67.17
statues,UniK3DCalib-vitl,500,calib_shift,84.64,97.4,71.35
statues,UniK3DCalib-vitl,500,calib_shift_ro,72.34,97.4,73.54
statues,UniK3DCalib-vitl,1000,calib,82.72,97.4,71.1
statues,UniK3DCalib-vitl,1000,calib_ro,67.94,97.4,67.18
statues,UniK3DCalib-vitl,1000,calib_shift,85.19,97.4,71.6
statues,UniK3DCalib-vitl,1000,calib_shift_ro,72.41,97.4,73.56
statues,VGGT-VGGT-1B,10,calib,64.41,262.19,61.19
statues,VGGT-VGGT-1B,10,calib_ro,55.32,262.19,58.75
statues,VGGT-VGGT-1B,10,calib_shift,66.57,262.19,60.53
statues,VGGT-VGGT-1B,10,calib_shift_ro,58.39,262.19,62.81
statues,VGGT-VGGT-1B,10,mdecalib,29.52,262.19,51.2
statues,VGGT-VGGT-1B,10,mdecalib_ro,30.09,262.19,57.86
statues,VGGT-VGGT-1B,10,mdecalib_shift,29.62,262.19,50.46
statues,VGGT-VGGT-1B,10,mdecalib_shift_ro,29.85,262.19,61.29
statues,VGGT-VGGT-1B,10,sf,57.65,262.19,59.81
statues,VGGT-VGGT-1B,10,sf_ro,54.07,262.19,68.11
statues,VGGT-VGGT-1B,10,sf_shift,51.1,262.19,52.59
statues,VGGT-VGGT-1B,10,sf_shift_ro,49.84,262.19,68.43
statues,VGGT-VGGT-1B,100,calib,74.07,262.19,67.42
statues,VGGT-VGGT-1B,100,calib_ro,57.19,262.19,60.18
statues,VGGT-VGGT-1B,100,calib_shift,78.52,262.19,68.7
statues,VGGT-VGGT-1B,100,calib_shift_ro,61.11,262.19,65.55
statues,VGGT-VGGT-1B,100,mdecalib,35.29,262.19,56.92
statues,VGGT-VGGT-1B,100,mdecalib_ro,31.42,262.19,59.38
statues,VGGT-VGGT-1B,100,mdecalib_shift,36.07,262.19,58.05
statues,VGGT-VGGT-1B,100,mdecalib_shift_ro,31.63,262.19,64.1
statues,VGGT-VGGT-1B,100,sf,68.52,262.19,67.69
statues,VGGT-VGGT-1B,100,sf_ro,55.83,262.19,70.91
statues,VGGT-VGGT-1B,100,sf_shift,65.76,262.19,66.51
statues,VGGT-VGGT-1B,100,sf_shift_ro,54.68,262.19,74.58
statues,VGGT-VGGT-1B,500,calib,77.45,262.19,69.4
statues,VGGT-VGGT-1B,500,calib_ro,57.58,262.19,60.25
statues,VGGT-VGGT-1B,500,calib_shift,81.75,262.19,70.51
statues,VGGT-VGGT-1B,500,calib_shift_ro,61.56,262.19,65.68
statues,VGGT-VGGT-1B,500,mdecalib,37.26,262.19,58.87
statues,VGGT-VGGT-1B,500,mdecalib_ro,31.72,262.19,59.4
statues,VGGT-VGGT-1B,500,mdecalib_shift,38.62,262.19,59.92
statues,VGGT-VGGT-1B,500,mdecalib_shift_ro,31.7,262.19,64.24
statues,VGGT-VGGT-1B,500,sf,70.82,262.19,69.49
statues,VGGT-VGGT-1B,500,sf_ro,56.09,262.19,71.46
statues,VGGT-VGGT-1B,500,sf_shift,69.88,262.19,69.32
statues,VGGT-VGGT-1B,500,sf_shift_ro,55.66,262.19,75.31
statues,VGGT-VGGT-1B,1000,calib,78.67,262.19,70.04
statues,VGGT-VGGT-1B,1000,calib_ro,57.75,262.19,60.24
statues,VGGT-VGGT-1B,1000,calib_shift,83.08,262.19,71.01
statues,VGGT-VGGT-1B,1000,calib_shift_ro,61.59,262.19,65.7
statues,VGGT-VGGT-1B,1000,mdecalib,37.7,262.19,59.44
statues,VGGT-VGGT-1B,1000,mdecalib_ro,31.78,262.19,59.43
statues,VGGT-VGGT-1B,1000,mdecalib_shift,39.44,262.19,60.49
statues,VGGT-VGGT-1B,1000,mdecalib_shift_ro,31.72,262.19,64.29
statues,VGGT-VGGT-1B,1000,sf,71.74,262.19,70.02
statues,VGGT-VGGT-1B,1000,sf_ro,56.14,262.19,71.52
statues,VGGT-VGGT-1B,1000,sf_shift,71.02,262.19,70.11
statues,VGGT-VGGT-1B,1000,sf_shift_ro,55.83,262.19,75.46
statues,gt,10,calib,93.94,0.0,72.7
statues,gt,10,calib_ro,98.87,0.0,100.0
statues,gt,10,calib_shift,93.06,0.0,72.62
statues,gt,10,calib_shift_ro,98.66,0.0,100.0
statues,gt,10,mdecalib,0.0,0.0,
statues,gt,10,mdecalib_ro,0.0,0.0,
statues,gt,10,mdecalib_shift,0.0,0.0,
statues,gt,10,mdecalib_shift_ro,0.0,0.0,
statues,gt,10,sf,92.71,0.0,72.75
statues,gt,10,sf_ro,98.42,0.0,100.0
statues,gt,10,sf_shift,90.97,0.0,72.39
statues,gt,10,sf_shift_ro,98.08,0.0,99.9
statues,gt,100,calib,95.79,0.0,73.24
statues,gt,100,calib_ro,98.87,0.0,100.0
statues,gt,100,calib_shift,95.22,0.0,73.33
statues,gt,100,calib_shift_ro,98.67,0.0,100.0
statues,gt,100,mdecalib,0.0,0.0,
statues,gt,100,mdecalib_ro,0.0,0.0,
statues,gt,100,mdecalib_shift,0.0,0.0,
statues,gt,100,mdecalib_shift_ro,0.0,0.0,
statues,gt,100,sf,94.96,0.0,73.4
statues,gt,100,sf_ro,98.42,0.0,100.0
statues,gt,100,sf_shift,93.89,0.0,73.42
statues,gt,100,sf_shift_ro,98.1,0.0,99.9
statues,gt,500,calib,95.88,0.0,73.29
statues,gt,500,calib_ro,98.87,0.0,100.0
statues,gt,500,calib_shift,95.3,0.0,73.36
statues,gt,500,calib_shift_ro,98.67,0.0,100.0
statues,gt,500,mdecalib,0.0,0.0,
statues,gt,500,mdecalib_ro,0.0,0.0,
statues,gt,500,mdecalib_shift,0.0,0.0,
statues,gt,500,mdecalib_shift_ro,0.0,0.0,
statues,gt,500,sf,95.13,0.0,73.45
statues,gt,500,sf_ro,98.42,0.0,100.0
statues,gt,500,sf_shift,94.06,0.0,73.5
statues,gt,500,sf_shift_ro,98.1,0.0,99.9
statues,gt,1000,calib,95.8,0.0,73.29
statues,gt,1000,calib_ro,98.87,0.0,100.0
statues,gt,1000,calib_shift,95.19,0.0,73.36
statues,gt,1000,calib_shift_ro,98.67,0.0,100.0
statues,gt,1000,mdecalib,0.0,0.0,
statues,gt,1000,mdecalib_ro,0.0,0.0,
statues,gt,1000,mdecalib_shift,0.0,0.0,
statues,gt,1000,mdecalib_shift_ro,0.0,0.0,
statues,gt,1000,sf,95.03,0.0,73.46
statues,gt,1000,sf_ro,98.42,0.0,100.0
statues,gt,1000,sf_shift,94.14,0.0,73.52
statues,gt,1000,sf_shift_ro,98.1,0.0,99.9
statues,none,10,baseline_calib,75.7,0.0,66.64
statues,none,10,baseline_sf,59.57,0.0,62.42
statues,none,100,baseline_calib,86.11,0.0,71.55
statues,none,100,baseline_sf,72.86,0.0,71.06
statues,none,500,baseline_calib,88.31,0.0,72.18
statues,none,500,baseline_sf,75.63,0.0,72.29
statues,none,1000,baseline_calib,88.78,0.0,72.26
statues,none,1000,baseline_sf,76.22,0.0,72.51
vegetation,3DGS,10,calib,76.82,0.0,70.82
vegetation,3DGS,10,calib_ro,73.03,0.0,67.4
vegetation,3DGS,10,calib_shift,64.67,0.0,63.2
vegetation,3DGS,10,calib_shift_ro,64.47,0.0,66.72
vegetation,3DGS,10,mdecalib,0.0,0.0,
vegetation,3DGS,10,mdecalib_ro,0.0,0.0,
vegetation,3DGS,10,mdecalib_shift,0.0,0.0,
vegetation,3DGS,10,mdecalib_shift_ro,0.0,0.0,
vegetation,3DGS,10,sf,63.72,0.0,65.6
vegetation,3DGS,10,sf_ro,63.12,0.0,74.04
vegetation,3DGS,10,sf_shift,48.65,0.0,53.82
vegetation,3DGS,10,sf_shift_ro,52.5,0.0,69.12
vegetation,3DGS,100,calib,84.31,0.0,75.23
vegetation,3DGS,100,calib_ro,75.74,0.0,68.2
vegetation,3DGS,100,calib_shift,80.37,0.0,73.82
vegetation,3DGS,100,calib_shift_ro,70.16,0.0,70.59
vegetation,3DGS,100,mdecalib,0.0,0.0,
vegetation,3DGS,100,mdecalib_ro,0.0,0.0,
vegetation,3DGS,100,mdecalib_shift,0.0,0.0,
vegetation,3DGS,100,mdecalib_shift_ro,0.0,0.0,
vegetation,3DGS,100,sf,75.59,0.0,74.39
vegetation,3DGS,100,sf_ro,66.9,0.0,76.85
vegetation,3DGS,100,sf_shift,65.97,0.0,70.87
vegetation,3DGS,100,sf_shift_ro,60.6,0.0,77.37
vegetation,3DGS,500,calib,85.98,0.0,75.95
vegetation,3DGS,500,calib_ro,76.23,0.0,68.23
vegetation,3DGS,500,calib_shift,83.71,0.0,75.49
vegetation,3DGS,500,calib_shift_ro,71.47,0.0,70.85
vegetation,3DGS,500,mdecalib,0.0,0.0,
vegetation,3DGS,500,mdecalib_ro,0.0,0.0,
vegetation,3DGS,500,mdecalib_shift,0.0,0.0,
vegetation,3DGS,500,mdecalib_shift_ro,0.0,0.0,
vegetation,3DGS,500,sf,78.5,0.0,75.98
vegetation,3DGS,500,sf_ro,67.25,0.0,77.1
vegetation,3DGS,500,sf_shift,71.03,0.0,74.22
vegetation,3DGS,500,sf_shift_ro,62.48,0.0,78.28
vegetation,3DGS,1000,calib,86.33,0.0,76.13
vegetation,3DGS,1000,calib_ro,76.4,0.0,68.26
vegetation,3DGS,1000,calib_shift,84.17,0.0,75.76
vegetation,3DGS,1000,calib_shift_ro,71.92,0.0,70.87
vegetation,3DGS,1000,mdecalib,0.0,0.0,
vegetation,3DGS,1000,mdecalib_ro,0.0,0.0,
vegetation,3DGS,1000,mdecalib_shift,0.0,0.0,
vegetation,3DGS,1000,mdecalib_shift_ro,0.0,0.0,
vegetation,3DGS,1000,sf,78.82,0.0,76.37
vegetation,3DGS,1000,sf_ro,67.28,0.0,77.14
vegetation,3DGS,1000,sf_shift,72.69,0.0,75.09
vegetation,3DGS,1000,sf_shift_ro,62.81,0.0,78.51
vegetation,DepthAnythingV2-vitb,10,calib,55.4,98.23,62.04
vegetation,DepthAnythingV2-vitb,10,calib_ro,39.54,98.23,55.09
vegetation,DepthAnythingV2-vitb,10,calib_shift,58.8,98.23,59.03
vegetation,DepthAnythingV2-vitb,10,calib_shift_ro,48.56,98.23,60.2
vegetation,DepthAnythingV2-vitb,10,mdecalib,0.0,98.23,
vegetation,DepthAnythingV2-vitb,10,mdecalib_ro,0.0,98.23,
vegetation,DepthAnythingV2-vitb,10,mdecalib_shift,0.0,98.23,
vegetation,DepthAnythingV2-vitb,10,mdecalib_shift_ro,0.0,98.23,
vegetation,DepthAnythingV2-vitb,10,sf,42.4,98.23,54.18
vegetation,DepthAnythingV2-vitb,10,sf_ro,33.99,98.23,62.66
vegetation,DepthAnythingV2-vitb,10,sf_shift,40.06,98.23,48.43
vegetation,DepthAnythingV2-vitb,10,sf_shift_ro,36.29,98.23,62.59
vegetation,DepthAnythingV2-vitb,100,calib,64.96,98.23,69.33
vegetation,DepthAnythingV2-vitb,100,calib_ro,40.76,98.23,56.85
vegetation,DepthAnythingV2-vitb,100,calib_shift,73.69,98.23,70.59
vegetation,DepthAnythingV2-vitb,100,calib_shift_ro,52.92,98.23,64.55
vegetation,DepthAnythingV2-vitb,100,mdecalib,0.0,98.23,
vegetation,DepthAnythingV2-vitb,100,mdecalib_ro,0.0,98.23,
vegetation,DepthAnythingV2-vitb,100,mdecalib_shift,0.0,98.23,
vegetation,DepthAnythingV2-vitb,100,mdecalib_shift_ro,0.0,98.23,
vegetation,DepthAnythingV2-vitb,100,sf,52.93,98.23,66.44
vegetation,DepthAnythingV2-vitb,100,sf_ro,35.89,98.23,67.42
vegetation,DepthAnythingV2-vitb,100,sf_shift,57.79,98.23,66.32
vegetation,DepthAnythingV2-vitb,100,sf_shift_ro,42.63,98.23,71.54
vegetation,DepthAnythingV2-vitb,500,calib,68.24,98.23,71.72
vegetation,DepthAnythingV2-vitb,500,calib_ro,41.04,98.23,56.98
vegetation,DepthAnythingV2-vitb,500,calib_shift,78.03,98.23,72.9
vegetation,DepthAnythingV2-vitb,500,calib_shift_ro,53.97,98.23,65.16
vegetation,DepthAnythingV2-vitb,500,mdecalib,0.0,98.23,
vegetation,DepthAnythingV2-vitb,500,mdecalib_ro,0.0,98.23,
vegetation,DepthAnythingV2-vitb,500,mdecalib_shift,0.0,98.23,
vegetation,DepthAnythingV2-vitb,500,mdecalib_shift_ro,0.0,98.23,
vegetation,DepthAnythingV2-vitb,500,sf,56.75,98.23,69.88
vegetation,DepthAnythingV2-vitb,500,sf_ro,36.21,98.23,68.1
vegetation,DepthAnythingV2-vitb,500,sf_shift,64.07,98.23,70.81
vegetation,DepthAnythingV2-vitb,500,sf_shift_ro,44.1,98.23,73.12
vegetation,DepthAnythingV2-vitb,1000,calib,69.28,98.23,72.45
vegetation,DepthAnythingV2-vitb,1000,calib_ro,41.1,98.23,57.0
vegetation,DepthAnythingV2-vitb,1000,calib_shift,79.48,98.23,73.61
vegetation,DepthAnythingV2-vitb,1000,calib_shift_ro,54.41,98.23,65.24
vegetation,DepthAnythingV2-vitb,1000,mdecalib,0.0,98.23,
vegetation,DepthAnythingV2-vitb,1000,mdecalib_ro,0.0,98.23,
vegetation,DepthAnythingV2-vitb,1000,mdecalib_shift,0.0,98.23,
vegetation,DepthAnythingV2-vitb,1000,mdecalib_shift_ro,0.0,98.23,
vegetation,DepthAnythingV2-vitb,1000,sf,57.76,98.23,70.84
vegetation,DepthAnythingV2-vitb,1000,sf_ro,36.28,98.23,68.23
vegetation,DepthAnythingV2-vitb,1000,sf_shift,66.06,98.23,72.05
vegetation,DepthAnythingV2-vitb,1000,sf_shift_ro,44.58,98.23,73.43
vegetation,DepthAnythingV2-vitl,10,calib,37.48,174.38,25.45
vegetation,DepthAnythingV2-vitl,10,calib_ro,42.15,174.38,55.88
vegetation,DepthAnythingV2-vitl,10,calib_shift,46.48,174.38,37.9
vegetation,DepthAnythingV2-vitl,10,calib_shift_ro,49.29,174.38,60.36
vegetation,DepthAnythingV2-vitl,10,mdecalib,0.0,174.38,
vegetation,DepthAnythingV2-vitl,10,mdecalib_ro,0.0,174.38,
vegetation,DepthAnythingV2-vitl,10,mdecalib_shift,0.0,174.38,
vegetation,DepthAnythingV2-vitl,10,mdecalib_shift_ro,0.0,174.38,
vegetation,DepthAnythingV2-vitl,10,sf,44.18,174.38,54.91
vegetation,DepthAnythingV2-vitl,10,sf_ro,35.18,174.38,63.3
vegetation,DepthAnythingV2-vitl,10,sf_shift,40.78,174.38,48.64
vegetation,DepthAnythingV2-vitl,10,sf_shift_ro,36.47,174.38,63.05
vegetation,DepthAnythingV2-vitl,100,calib,42.16,174.38,29.87
vegetation,DepthAnythingV2-vitl,100,calib_ro,43.06,174.38,57.65
vegetation,DepthAnythingV2-vitl,100,calib_shift,63.55,174.38,54.6
vegetation,DepthAnythingV2-vitl,100,calib_shift_ro,53.45,174.38,64.79
vegetation,DepthAnythingV2-vitl,100,mdecalib,0.0,174.38,
vegetation,DepthAnythingV2-vitl,100,mdecalib_ro,0.0,174.38,
vegetation,DepthAnythingV2-vitl,100,mdecalib_shift,0.0,174.38,
vegetation,DepthAnythingV2-vitl,100,mdecalib_shift_ro,0.0,174.38,
vegetation,DepthAnythingV2-vitl,100,sf,54.61,174.38,66.78
vegetation,DepthAnythingV2-vitl,100,sf_ro,37.35,174.38,67.92
vegetation,DepthAnythingV2-vitl,100,sf_shift,57.96,174.38,66.72
vegetation,DepthAnythingV2-vitl,100,sf_shift_ro,43.17,174.38,72.24
vegetation,DepthAnythingV2-vitl,500,calib,43.4,174.38,32.61
vegetation,DepthAnythingV2-vitl,500,calib_ro,43.31,174.38,57.8
vegetation,DepthAnythingV2-vitl,500,calib_shift,70.45,174.38,62.5
vegetation,DepthAnythingV2-vitl,500,calib_shift_ro,54.57,174.38,65.22
vegetation,DepthAnythingV2-vitl,500,mdecalib,0.0,174.38,
vegetation,DepthAnythingV2-vitl,500,mdecalib_ro,0.0,174.38,
vegetation,DepthAnythingV2-vitl,500,mdecalib_shift,0.0,174.38,
vegetation,DepthAnythingV2-vitl,500,mdecalib_shift_ro,0.0,174.38,
vegetation,DepthAnythingV2-vitl,500,sf,58.92,174.38,70.22
vegetation,DepthAnythingV2-vitl,500,sf_ro,37.73,174.38,68.37
vegetation,DepthAnythingV2-vitl,500,sf_shift,64.33,174.38,71.18
vegetation,DepthAnythingV2-vitl,500,sf_shift_ro,44.62,174.38,73.54
vegetation,DepthAnythingV2-vitl,1000,calib,44.29,174.38,33.95
vegetation,DepthAnythingV2-vitl,1000,calib_ro,43.48,174.38,57.83
vegetation,DepthAnythingV2-vitl,1000,calib_shift,72.92,174.38,64.94
vegetation,DepthAnythingV2-vitl,1000,calib_shift_ro,54.72,174.38,65.33
vegetation,DepthAnythingV2-vitl,1000,mdecalib,0.0,174.38,
vegetation,DepthAnythingV2-vitl,1000,mdecalib_ro,0.0,174.38,
vegetation,DepthAnythingV2-vitl,1000,mdecalib_shift,0.0,174.38,
vegetation,DepthAnythingV2-vitl,1000,mdecalib_shift_ro,0.0,174.38,
vegetation,DepthAnythingV2-vitl,1000,sf,60.0,174.38,71.28
vegetation,DepthAnythingV2-vitl,1000,sf_ro,37.88,174.38,68.53
vegetation,DepthAnythingV2-vitl,1000,sf_shift,66.25,174.38,72.28
vegetation,DepthAnythingV2-vitl,1000,sf_shift_ro,44.93,174.38,73.88
vegetation,DepthAnythingV2-vits,10,calib,54.92,63.05,61.51
vegetation,DepthAnythingV2-vits,10,calib_ro,38.95,63.05,54.21
vegetation,DepthAnythingV2-vits,10,calib_shift,55.78,63.05,57.99
vegetation,DepthAnythingV2-vits,10,calib_shift_ro,45.2,63.05,58.47
vegetation,DepthAnythingV2-vits,10,mdecalib,0.0,63.05,
vegetation,DepthAnythingV2-vits,10,mdecalib_ro,0.0,63.05,
vegetation,DepthAnythingV2-vits,10,mdecalib_shift,0.0,63.05,
vegetation,DepthAnythingV2-vits,10,mdecalib_shift_ro,0.0,63.05,
vegetation,DepthAnythingV2-vits,10,sf,41.49,63.05,53.54
vegetation,DepthAnythingV2-vits,10,sf_ro,33.11,63.05,61.03
vegetation,DepthAnythingV2-vits,10,sf_shift,36.84,63.05,46.2
vegetation,DepthAnythingV2-vits,10,sf_shift_ro,33.24,63.05,59.96
vegetation,DepthAnythingV2-vits,100,calib,64.27,63.05,69.11
vegetation,DepthAnythingV2-vits,100,calib_ro,40.44,63.05,56.11
vegetation,DepthAnythingV2-vits,100,calib_shift,71.35,63.05,69.82
vegetation,DepthAnythingV2-vits,100,calib_shift_ro,50.46,63.05,63.13
vegetation,DepthAnythingV2-vits,100,mdecalib,0.0,63.05,
vegetation,DepthAnythingV2-vits,100,mdecalib_ro,0.0,63.05,
vegetation,DepthAnythingV2-vits,100,mdecalib_shift,0.0,63.05,
vegetation,DepthAnythingV2-vits,100,mdecalib_shift_ro,0.0,63.05,
vegetation,DepthAnythingV2-vits,100,sf,51.65,63.05,65.7
vegetation,DepthAnythingV2-vits,100,sf_ro,35.25,63.05,66.19
vegetation,DepthAnythingV2-vits,100,sf_shift,54.61,63.05,65.33
vegetation,DepthAnythingV2-vits,100,sf_shift_ro,40.34,63.05,70.24
vegetation,DepthAnythingV2-vits,500,calib,68.43,63.05,71.63
vegetation,DepthAnythingV2-vits,500,calib_ro,41.02,63.05,56.27
vegetation,DepthAnythingV2-vits,500,calib_shift,76.44,63.05,72.55
vegetation,DepthAnythingV2-vits,500,calib_shift_ro,51.75,63.05,63.62
vegetation,DepthAnythingV2-vits,500,mdecalib,0.0,63.05,
vegetation,DepthAnythingV2-vits,500,mdecalib_ro,0.0,63.05,
vegetation,DepthAnythingV2-vits,500,mdecalib_shift,0.0,63.05,
vegetation,DepthAnythingV2-vits,500,mdecalib_shift_ro,0.0,63.05,
vegetation,DepthAnythingV2-vits,500,sf,55.91,63.05,69.68
vegetation,DepthAnythingV2-vits,500,sf_ro,35.66,63.05,66.99
vegetation,DepthAnythingV2-vits,500,sf_shift,60.84,63.05,70.2
vegetation,DepthAnythingV2-vits,500,sf_shift_ro,42.15,63.05,71.8
vegetation,DepthAnythingV2-vits,1000,calib,69.44,63.05,72.34
vegetation,DepthAnythingV2-vits,1000,calib_ro,41.18,63.05,56.28
vegetation,DepthAnythingV2-vits,1000,calib_shift,78.0,63.05,73.2
vegetation,DepthAnythingV2-vits,1000,calib_shift_ro,52.05,63.05,63.67
vegetation,DepthAnythingV2-vits,1000,mdecalib,0.0,63.05,
vegetation,DepthAnythingV2-vits,1000,mdecalib_ro,0.0,63.05,
vegetation,DepthAnythingV2-vits,1000,mdecalib_shift,0.0,63.05,
vegetation,DepthAnythingV2-vits,1000,mdecalib_shift_ro,0.0,63.05,
vegetation,DepthAnythingV2-vits,1000,sf,57.22,63.05,70.76
vegetation,DepthAnythingV2-vits,1000,sf_ro,35.72,63.05,67.19
vegetation,DepthAnythingV2-vits,1000,sf_shift,62.84,63.05,71.49
vegetation,DepthAnythingV2-vits,1000,sf_shift_ro,42.37,63.05,72.13
vegetation,DepthAnythingV3-DA3METRIC-LARGE,10,calib,61.83,69.91,63.79
vegetation,DepthAnythingV3-DA3METRIC-LARGE,10,calib_ro,46.02,69.91,58.56
vegetation,DepthAnythingV3-DA3METRIC-LARGE,10,calib_shift,54.9,69.91,57.06
vegetation,DepthAnythingV3-DA3METRIC-LARGE,10,calib_shift_ro,46.5,69.91,60.8
vegetation,DepthAnythingV3-DA3METRIC-LARGE,10,mdecalib,0.0,69.91,
vegetation,DepthAnythingV3-DA3METRIC-LARGE,10,mdecalib_ro,0.0,69.91,
vegetation,DepthAnythingV3-DA3METRIC-LARGE,10,mdecalib_shift,0.0,69.91,
vegetation,DepthAnythingV3-DA3METRIC-LARGE,10,mdecalib_shift_ro,0.0,69.91,
vegetation,DepthAnythingV3-DA3METRIC-LARGE,10,sf,48.41,69.91,57.6
vegetation,DepthAnythingV3-DA3METRIC-LARGE,10,sf_ro,38.85,69.91,65.71
vegetation,DepthAnythingV3-DA3METRIC-LARGE,10,sf_shift,37.97,69.91,47.99
vegetation,DepthAnythingV3-DA3METRIC-LARGE,10,sf_shift_ro,35.13,69.91,63.36
vegetation,DepthAnythingV3-DA3METRIC-LARGE,100,calib,70.4,69.91,70.22
vegetation,DepthAnythingV3-DA3METRIC-LARGE,100,calib_ro,47.27,69.91,60.04
vegetation,DepthAnythingV3-DA3METRIC-LARGE,100,calib_shift,69.78,69.91,69.01
vegetation,DepthAnythingV3-DA3METRIC-LARGE,100,calib_shift_ro,51.26,69.91,65.03
vegetation,DepthAnythingV3-DA3METRIC-LARGE,100,mdecalib,0.0,69.91,
vegetation,DepthAnythingV3-DA3METRIC-LARGE,100,mdecalib_ro,0.0,69.91,
vegetation,DepthAnythingV3-DA3METRIC-LARGE,100,mdecalib_shift,0.0,69.91,
vegetation,DepthAnythingV3-DA3METRIC-LARGE,100,mdecalib_shift_ro,0.0,69.91,
vegetation,DepthAnythingV3-DA3METRIC-LARGE,100,sf,60.15,69.91,69.03
vegetation,DepthAnythingV3-DA3METRIC-LARGE,100,sf_ro,41.69,69.91,69.05
vegetation,DepthAnythingV3-DA3METRIC-LARGE,100,sf_shift,55.13,69.91,66.0
vegetation,DepthAnythingV3-DA3METRIC-LARGE,100,sf_shift_ro,42.48,69.91,72.21
vegetation,DepthAnythingV3-DA3METRIC-LARGE,500,calib,74.46,69.91,72.45
vegetation,DepthAnythingV3-DA3METRIC-LARGE,500,calib_ro,47.69,69.91,60.16
vegetation,DepthAnythingV3-DA3METRIC-LARGE,500,calib_shift,75.17,69.91,72.26
vegetation,DepthAnythingV3-DA3METRIC-LARGE,500,calib_shift_ro,52.96,69.91,65.66
vegetation,DepthAnythingV3-DA3METRIC-LARGE,500,mdecalib,0.0,69.91,
vegetation,DepthAnythingV3-DA3METRIC-LARGE,500,mdecalib_ro,0.0,69.91,
vegetation,DepthAnythingV3-DA3METRIC-LARGE,500,mdecalib_shift,0.0,69.91,
vegetation,DepthAnythingV3-DA3METRIC-LARGE,500,mdecalib_shift_ro,0.0,69.91,
vegetation,DepthAnythingV3-DA3METRIC-LARGE,500,sf,63.87,69.91,71.72
vegetation,DepthAnythingV3-DA3METRIC-LARGE,500,sf_ro,41.91,69.91,69.55
vegetation,DepthAnythingV3-DA3METRIC-LARGE,500,sf_shift,61.1,69.91,70.56
vegetation,DepthAnythingV3-DA3METRIC-LARGE,500,sf_shift_ro,44.32,69.91,73.45
vegetation,DepthAnythingV3-DA3METRIC-LARGE,1000,calib,75.66,69.91,73.03
vegetation,DepthAnythingV3-DA3METRIC-LARGE,1000,calib_ro,47.82,69.91,60.14
vegetation,DepthAnythingV3-DA3METRIC-LARGE,1000,calib_shift,76.77,69.91,72.98
vegetation,DepthAnythingV3-DA3METRIC-LARGE,1000,calib_shift_ro,53.11,69.91,65.79
vegetation,DepthAnythingV3-DA3METRIC-LARGE,1000,mdecalib,0.0,69.91,
vegetation,DepthAnythingV3-DA3METRIC-LARGE,1000,mdecalib_ro,0.0,69.91,
vegetation,DepthAnythingV3-DA3METRIC-LARGE,1000,mdecalib_shift,0.0,69.91,
vegetation,DepthAnythingV3-DA3METRIC-LARGE,1000,mdecalib_shift_ro,0.0,69.91,
vegetation,DepthAnythingV3-DA3METRIC-LARGE,1000,sf,64.81,69.91,72.45
vegetation,DepthAnythingV3-DA3METRIC-LARGE,1000,sf_ro,41.83,69.91,69.66
vegetation,DepthAnythingV3-DA3METRIC-LARGE,1000,sf_shift,62.91,69.91,71.8
vegetation,DepthAnythingV3-DA3METRIC-LARGE,1000,sf_shift_ro,44.68,69.91,73.78
vegetation,DepthAnythingV3-DA3MONO-LARGE,10,calib,59.26,66.53,63.43
vegetation,DepthAnythingV3-DA3MONO-LARGE,10,calib_ro,39.75,66.53,53.75
vegetation,DepthAnythingV3-DA3MONO-LARGE,10,calib_shift,57.62,66.53,58.87
vegetation,DepthAnythingV3-DA3MONO-LARGE,10,calib_shift_ro,48.46,66.53,61.73
vegetation,DepthAnythingV3-DA3MONO-LARGE,10,mdecalib,0.0,66.53,
vegetation,DepthAnythingV3-DA3MONO-LARGE,10,mdecalib_ro,0.0,66.53,
vegetation,DepthAnythingV3-DA3MONO-LARGE,10,mdecalib_shift,0.0,66.53,
vegetation,DepthAnythingV3-DA3MONO-LARGE,10,mdecalib_shift_ro,0.0,66.53,
vegetation,DepthAnythingV3-DA3MONO-LARGE,10,sf,45.33,66.53,56.73
vegetation,DepthAnythingV3-DA3MONO-LARGE,10,sf_ro,33.66,66.53,62.28
vegetation,DepthAnythingV3-DA3MONO-LARGE,10,sf_shift,40.56,66.53,49.7
vegetation,DepthAnythingV3-DA3MONO-LARGE,10,sf_shift_ro,37.15,66.53,64.69
vegetation,DepthAnythingV3-DA3MONO-LARGE,100,calib,69.8,66.53,70.61
vegetation,DepthAnythingV3-DA3MONO-LARGE,100,calib_ro,40.84,66.53,55.46
vegetation,DepthAnythingV3-DA3MONO-LARGE,100,calib_shift,72.35,66.53,70.05
vegetation,DepthAnythingV3-DA3MONO-LARGE,100,calib_shift_ro,52.81,66.53,65.68
vegetation,DepthAnythingV3-DA3MONO-LARGE,100,mdecalib,0.0,66.53,
vegetation,DepthAnythingV3-DA3MONO-LARGE,100,mdecalib_ro,0.0,66.53,
vegetation,DepthAnythingV3-DA3MONO-LARGE,100,mdecalib_shift,0.0,66.53,
vegetation,DepthAnythingV3-DA3MONO-LARGE,100,mdecalib_shift_ro,0.0,66.53,
vegetation,DepthAnythingV3-DA3MONO-LARGE,100,sf,57.81,66.53,68.65
vegetation,DepthAnythingV3-DA3MONO-LARGE,100,sf_ro,35.57,66.53,65.97
vegetation,DepthAnythingV3-DA3MONO-LARGE,100,sf_shift,57.74,66.53,67.12
vegetation,DepthAnythingV3-DA3MONO-LARGE,100,sf_shift_ro,43.65,66.53,72.64
vegetation,DepthAnythingV3-DA3MONO-LARGE,500,calib,73.66,66.53,72.79
vegetation,DepthAnythingV3-DA3MONO-LARGE,500,calib_ro,41.2,66.53,55.6
vegetation,DepthAnythingV3-DA3MONO-LARGE,500,calib_shift,77.04,66.53,72.73
vegetation,DepthAnythingV3-DA3MONO-LARGE,500,calib_shift_ro,53.88,66.53,66.16
vegetation,DepthAnythingV3-DA3MONO-LARGE,500,mdecalib,0.0,66.53,
vegetation,DepthAnythingV3-DA3MONO-LARGE,500,mdecalib_ro,0.0,66.53,
vegetation,DepthAnythingV3-DA3MONO-LARGE,500,mdecalib_shift,0.0,66.53,
vegetation,DepthAnythingV3-DA3MONO-LARGE,500,mdecalib_shift_ro,0.0,66.53,
vegetation,DepthAnythingV3-DA3MONO-LARGE,500,sf,61.78,66.53,71.65
vegetation,DepthAnythingV3-DA3MONO-LARGE,500,sf_ro,35.72,66.53,66.47
vegetation,DepthAnythingV3-DA3MONO-LARGE,500,sf_shift,63.16,66.53,71.06
vegetation,DepthAnythingV3-DA3MONO-LARGE,500,sf_shift_ro,45.52,66.53,74.06
vegetation,DepthAnythingV3-DA3MONO-LARGE,1000,calib,74.98,66.53,73.34
vegetation,DepthAnythingV3-DA3MONO-LARGE,1000,calib_ro,41.24,66.53,55.59
vegetation,DepthAnythingV3-DA3MONO-LARGE,1000,calib_shift,78.05,66.53,73.27
vegetation,DepthAnythingV3-DA3MONO-LARGE,1000,calib_shift_ro,54.08,66.53,66.27
vegetation,DepthAnythingV3-DA3MONO-LARGE,1000,mdecalib,0.0,66.53,
vegetation,DepthAnythingV3-DA3MONO-LARGE,1000,mdecalib_ro,0.0,66.53,
vegetation,DepthAnythingV3-DA3MONO-LARGE,1000,mdecalib_shift,0.0,66.53,
vegetation,DepthAnythingV3-DA3MONO-LARGE,1000,mdecalib_shift_ro,0.0,66.53,
vegetation,DepthAnythingV3-DA3MONO-LARGE,1000,sf,63.24,66.53,72.49
vegetation,DepthAnythingV3-DA3MONO-LARGE,1000,sf_ro,35.72,66.53,66.59
vegetation,DepthAnythingV3-DA3MONO-LARGE,1000,sf_shift,65.12,66.53,72.18
vegetation,DepthAnythingV3-DA3MONO-LARGE,1000,sf_shift_ro,46.1,66.53,74.37
vegetation,DepthAnythingV3Calib-DA3METRIC-LARGE,10,calib,61.8,59.13,63.76
vegetation,DepthAnythingV3Calib-DA3METRIC-LARGE,10,calib_ro,46.05,59.13,58.57
vegetation,DepthAnythingV3Calib-DA3METRIC-LARGE,10,calib_shift,55.06,59.13,57.08
vegetation,DepthAnythingV3Calib-DA3METRIC-LARGE,10,calib_shift_ro,46.43,59.13,60.74
vegetation,DepthAnythingV3Calib-DA3METRIC-LARGE,100,calib,70.38,59.13,70.21
vegetation,DepthAnythingV3Calib-DA3METRIC-LARGE,100,calib_ro,47.28,59.13,60.05
vegetation,DepthAnythingV3Calib-DA3METRIC-LARGE,100,calib_shift,69.75,59.13,69.0
vegetation,DepthAnythingV3Calib-DA3METRIC-LARGE,100,calib_shift_ro,51.22,59.13,65.02
vegetation,DepthAnythingV3Calib-DA3METRIC-LARGE,500,calib,74.41,59.13,72.44
vegetation,DepthAnythingV3Calib-DA3METRIC-LARGE,500,calib_ro,47.67,59.13,60.17
vegetation,DepthAnythingV3Calib-DA3METRIC-LARGE,500,calib_shift,75.23,59.13,72.25
vegetation,DepthAnythingV3Calib-DA3METRIC-LARGE,500,calib_shift_ro,52.95,59.13,65.65
vegetation,DepthAnythingV3Calib-DA3METRIC-LARGE,1000,calib,75.64,59.13,73.02
vegetation,DepthAnythingV3Calib-DA3METRIC-LARGE,1000,calib_ro,47.8,59.13,60.16
vegetation,DepthAnythingV3Calib-DA3METRIC-LARGE,1000,calib_shift,76.82,59.13,72.96
vegetation,DepthAnythingV3Calib-DA3METRIC-LARGE,1000,calib_shift_ro,53.04,59.13,65.78
vegetation,DepthAnythingV3Calib-DA3MONO-LARGE,10,calib,59.13,80.24,63.37
vegetation,DepthAnythingV3Calib-DA3MONO-LARGE,10,calib_ro,39.71,80.24,53.75
vegetation,DepthAnythingV3Calib-DA3MONO-LARGE,10,calib_shift,57.71,80.24,58.86
vegetation,DepthAnythingV3Calib-DA3MONO-LARGE,10,calib_shift_ro,48.4,80.24,61.7
vegetation,DepthAnythingV3Calib-DA3MONO-LARGE,100,calib,69.83,80.24,70.61
vegetation,DepthAnythingV3Calib-DA3MONO-LARGE,100,calib_ro,40.83,80.24,55.46
vegetation,DepthAnythingV3Calib-DA3MONO-LARGE,100,calib_shift,72.44,80.24,70.09
vegetation,DepthAnythingV3Calib-DA3MONO-LARGE,100,calib_shift_ro,52.83,80.24,65.68
vegetation,DepthAnythingV3Calib-DA3MONO-LARGE,500,calib,73.7,80.24,72.79
vegetation,DepthAnythingV3Calib-DA3MONO-LARGE,500,calib_ro,41.17,80.24,55.6
vegetation,DepthAnythingV3Calib-DA3MONO-LARGE,500,calib_shift,77.17,80.24,72.75
vegetation,DepthAnythingV3Calib-DA3MONO-LARGE,500,calib_shift_ro,53.86,80.24,66.17
vegetation,DepthAnythingV3Calib-DA3MONO-LARGE,1000,calib,75.02,80.24,73.36
vegetation,DepthAnythingV3Calib-DA3MONO-LARGE,1000,calib_ro,41.22,80.24,55.59
vegetation,DepthAnythingV3Calib-DA3MONO-LARGE,1000,calib_shift,78.19,80.24,73.29
vegetation,DepthAnythingV3Calib-DA3MONO-LARGE,1000,calib_shift_ro,54.12,80.24,66.27
vegetation,DepthPro-vitl,10,calib,64.69,192.06,64.61
vegetation,DepthPro-vitl,10,calib_ro,49.71,192.06,58.94
vegetation,DepthPro-vitl,10,calib_shift,55.15,192.06,56.42
vegetation,DepthPro-vitl,10,calib_shift_ro,46.62,192.06,59.51
vegetation,DepthPro-vitl,10,mdecalib,29.6,192.06,50.02
vegetation,DepthPro-vitl,10,mdecalib_ro,24.44,192.06,52.5
vegetation,DepthPro-vitl,10,mdecalib_shift,26.44,192.06,45.65
vegetation,DepthPro-vitl,10,mdecalib_shift_ro,24.89,192.06,55.51
vegetation,DepthPro-vitl,10,sf,48.83,192.06,57.45
vegetation,DepthPro-vitl,10,sf_ro,39.37,192.06,65.66
vegetation,DepthPro-vitl,10,sf_shift,36.35,192.06,45.56
vegetation,DepthPro-vitl,10,sf_shift_ro,34.04,192.06,61.95
vegetation,DepthPro-vitl,100,calib,74.58,192.06,71.08
vegetation,DepthPro-vitl,100,calib_ro,51.4,192.06,60.32
vegetation,DepthPro-vitl,100,calib_shift,71.9,192.06,69.24
vegetation,DepthPro-vitl,100,calib_shift_ro,51.9,192.06,64.48
vegetation,DepthPro-vitl,100,mdecalib,34.29,192.06,56.65
vegetation,DepthPro-vitl,100,mdecalib_ro,25.58,192.06,54.06
vegetation,DepthPro-vitl,100,mdecalib_shift,34.43,192.06,56.44
vegetation,DepthPro-vitl,100,mdecalib_shift_ro,28.03,192.06,60.5
vegetation,DepthPro-vitl,100,sf,61.48,192.06,69.25
vegetation,DepthPro-vitl,100,sf_ro,42.28,192.06,69.72
vegetation,DepthPro-vitl,100,sf_shift,54.26,192.06,64.82
vegetation,DepthPro-vitl,100,sf_shift_ro,41.51,192.06,72.23
vegetation,DepthPro-vitl,500,calib,78.19,192.06,73.02
vegetation,DepthPro-vitl,500,calib_ro,52.19,192.06,60.42
vegetation,DepthPro-vitl,500,calib_shift,77.05,192.06,72.26
vegetation,DepthPro-vitl,500,calib_shift_ro,53.63,192.06,65.07
vegetation,DepthPro-vitl,500,mdecalib,36.36,192.06,59.24
vegetation,DepthPro-vitl,500,mdecalib_ro,25.86,192.06,54.2
vegetation,DepthPro-vitl,500,mdecalib_shift,36.99,192.06,59.57
vegetation,DepthPro-vitl,500,mdecalib_shift_ro,28.79,192.06,61.15
vegetation,DepthPro-vitl,500,sf,65.22,192.06,71.89
vegetation,DepthPro-vitl,500,sf_ro,42.68,192.06,70.27
vegetation,DepthPro-vitl,500,sf_shift,61.0,192.06,69.9
vegetation,DepthPro-vitl,500,sf_shift_ro,43.19,192.06,73.68
vegetation,DepthPro-vitl,1000,calib,79.09,192.06,73.54
vegetation,DepthPro-vitl,1000,calib_ro,52.33,192.06,60.45
vegetation,DepthPro-vitl,1000,calib_shift,78.1,192.06,72.98
vegetation,DepthPro-vitl,1000,calib_shift_ro,53.92,192.06,65.17
vegetation,DepthPro-vitl,1000,mdecalib,37.01,192.06,60.08
vegetation,DepthPro-vitl,1000,mdecalib_ro,25.97,192.06,54.19
vegetation,DepthPro-vitl,1000,mdecalib_shift,37.54,192.06,60.41
vegetation,DepthPro-vitl,1000,mdecalib_shift_ro,29.05,192.06,61.18
vegetation,DepthPro-vitl,1000,sf,66.82,192.06,72.74
vegetation,DepthPro-vitl,1000,sf_ro,42.7,192.06,70.37
vegetation,DepthPro-vitl,1000,sf_shift,63.41,192.06,71.25
vegetation,DepthPro-vitl,1000,sf_shift_ro,43.38,192.06,73.98
vegetation,DepthProCalib-vitl,10,calib,64.46,191.76,64.53
vegetation,DepthProCalib-vitl,10,calib_ro,49.7,191.76,58.97
vegetation,DepthProCalib-vitl,10,calib_shift,55.09,191.76,56.43
vegetation,DepthProCalib-vitl,10,calib_shift_ro,46.56,191.76,59.45
vegetation,DepthProCalib-vitl,100,calib,74.54,191.76,71.05
vegetation,DepthProCalib-vitl,100,calib_ro,51.56,191.76,60.33
vegetation,DepthProCalib-vitl,100,calib_shift,71.59,191.76,69.25
vegetation,DepthProCalib-vitl,100,calib_shift_ro,51.73,191.76,64.53
vegetation,DepthProCalib-vitl,500,calib,78.13,191.76,73.03
vegetation,DepthProCalib-vitl,500,calib_ro,52.19,191.76,60.47
vegetation,DepthProCalib-vitl,500,calib_shift,76.9,191.76,72.21
vegetation,DepthProCalib-vitl,500,calib_shift_ro,53.48,191.76,65.13
vegetation,DepthProCalib-vitl,1000,calib,79.01,191.76,73.53
vegetation,DepthProCalib-vitl,1000,calib_ro,52.36,191.76,60.46
vegetation,DepthProCalib-vitl,1000,calib_shift,78.49,191.76,73.01
vegetation,DepthProCalib-vitl,1000,calib_shift_ro,53.8,191.76,65.21
vegetation,MapAnything-map-anything,10,calib,64.64,331.74,68.23
vegetation,MapAnything-map-anything,10,calib_ro,52.62,331.74,62.22
vegetation,MapAnything-map-anything,10,calib_shift,57.51,331.74,61.83
vegetation,MapAnything-map-anything,10,calib_shift_ro,49.49,331.74,63.72
vegetation,MapAnything-map-anything,10,mdecalib,34.57,331.74,56.74
vegetation,MapAnything-map-anything,10,mdecalib_ro,29.48,331.74,57.47
vegetation,MapAnything-map-anything,10,mdecalib_shift,31.33,331.74,52.58
vegetation,MapAnything-map-anything,10,mdecalib_shift_ro,30.22,331.74,60.75
vegetation,MapAnything-map-anything,10,sf,51.83,331.74,63.14
vegetation,MapAnything-map-anything,10,sf_ro,44.07,331.74,69.71
vegetation,MapAnything-map-anything,10,sf_shift,41.09,331.74,52.94
vegetation,MapAnything-map-anything,10,sf_shift_ro,37.73,331.74,66.44
vegetation,MapAnything-map-anything,100,calib,73.58,331.74,73.87
vegetation,MapAnything-map-anything,100,calib_ro,53.78,331.74,63.5
vegetation,MapAnything-map-anything,100,calib_shift,71.55,331.74,72.52
vegetation,MapAnything-map-anything,100,calib_shift_ro,54.18,331.74,67.76
vegetation,MapAnything-map-anything,100,mdecalib,39.11,331.74,62.62
vegetation,MapAnything-map-anything,100,mdecalib_ro,30.32,331.74,58.85
vegetation,MapAnything-map-anything,100,mdecalib_shift,39.29,331.74,62.52
vegetation,MapAnything-map-anything,100,mdecalib_shift_ro,32.82,331.74,64.61
vegetation,MapAnything-map-anything,100,sf,62.55,331.74,72.76
vegetation,MapAnything-map-anything,100,sf_ro,46.41,331.74,72.95
vegetation,MapAnything-map-anything,100,sf_shift,56.51,331.74,69.4
vegetation,MapAnything-map-anything,100,sf_shift_ro,45.38,331.74,75.24
vegetation,MapAnything-map-anything,500,calib,76.2,331.74,75.44
vegetation,MapAnything-map-anything,500,calib_ro,54.04,331.74,63.5
vegetation,MapAnything-map-anything,500,calib_shift,75.64,331.74,74.95
vegetation,MapAnything-map-anything,500,calib_shift_ro,55.24,331.74,68.05
vegetation,MapAnything-map-anything,500,mdecalib,40.98,331.74,64.84
vegetation,MapAnything-map-anything,500,mdecalib_ro,30.6,331.74,58.95
vegetation,MapAnything-map-anything,500,mdecalib_shift,41.23,331.74,65.16
vegetation,MapAnything-map-anything,500,mdecalib_shift_ro,33.46,331.74,65.04
vegetation,MapAnything-map-anything,500,sf,65.91,331.74,74.95
vegetation,MapAnything-map-anything,500,sf_ro,46.59,331.74,73.39
vegetation,MapAnything-map-anything,500,sf_shift,61.81,331.74,73.42
vegetation,MapAnything-map-anything,500,sf_shift_ro,47.16,331.74,76.44
vegetation,MapAnything-map-anything,1000,calib,76.77,331.74,75.84
vegetation,MapAnything-map-anything,1000,calib_ro,54.13,331.74,63.53
vegetation,MapAnything-map-anything,1000,calib_shift,76.89,331.74,75.49
vegetation,MapAnything-map-anything,1000,calib_shift_ro,55.62,331.74,68.14
vegetation,MapAnything-map-anything,1000,mdecalib,41.26,331.74,65.49
vegetation,MapAnything-map-anything,1000,mdecalib_ro,30.63,331.74,58.98
vegetation,MapAnything-map-anything,1000,mdecalib_shift,42.07,331.74,65.79
vegetation,MapAnything-map-anything,1000,mdecalib_shift_ro,33.59,331.74,65.06
vegetation,MapAnything-map-anything,1000,sf,66.94,331.74,75.67
vegetation,MapAnything-map-anything,1000,sf_ro,46.6,331.74,73.5
vegetation,MapAnything-map-anything,1000,sf_shift,63.42,331.74,74.46
vegetation,MapAnything-map-anything,1000,sf_shift_ro,47.72,331.74,76.66
vegetation,MapAnythingCalib-map-anything,10,calib,65.42,322.1,68.24
vegetation,MapAnythingCalib-map-anything,10,calib_ro,52.39,322.1,62.33
vegetation,MapAnythingCalib-map-anything,10,calib_shift,56.77,322.1,61.58
vegetation,MapAnythingCalib-map-anything,10,calib_shift_ro,49.49,322.1,63.78
vegetation,MapAnythingCalib-map-anything,100,calib,73.65,322.1,73.83
vegetation,MapAnythingCalib-map-anything,100,calib_ro,54.09,322.1,63.48
vegetation,MapAnythingCalib-map-anything,100,calib_shift,70.96,322.1,72.5
vegetation,MapAnythingCalib-map-anything,100,calib_shift_ro,54.34,322.1,67.67
vegetation,MapAnythingCalib-map-anything,500,calib,76.3,322.1,75.35
vegetation,MapAnythingCalib-map-anything,500,calib_ro,54.39,322.1,63.48
vegetation,MapAnythingCalib-map-anything,500,calib_shift,75.18,322.1,74.89
vegetation,MapAnythingCalib-map-anything,500,calib_shift_ro,55.38,322.1,68.15
vegetation,MapAnythingCalib-map-anything,1000,calib,77.16,322.1,75.78
vegetation,MapAnythingCalib-map-anything,1000,calib_ro,54.53,322.1,63.47
vegetation,MapAnythingCalib-map-anything,1000,calib_shift,76.3,322.1,75.41
vegetation,MapAnythingCalib-map-anything,1000,calib_shift_ro,55.62,322.1,68.22
vegetation,Metric3DV2-vit_giant2,10,calib,53.64,676.41,59.08
vegetation,Metric3DV2-vit_giant2,10,calib_ro,39.09,676.41,51.62
vegetation,Metric3DV2-vit_giant2,10,calib_shift,47.94,676.41,51.07
vegetation,Metric3DV2-vit_giant2,10,calib_shift_ro,37.92,676.41,51.74
vegetation,Metric3DV2-vit_giant2,10,mdecalib,0.0,676.41,
vegetation,Metric3DV2-vit_giant2,10,mdecalib_ro,0.0,676.41,
vegetation,Metric3DV2-vit_giant2,10,mdecalib_shift,0.0,676.41,
vegetation,Metric3DV2-vit_giant2,10,mdecalib_shift_ro,0.0,676.41,
vegetation,Metric3DV2-vit_giant2,10,sf,40.14,676.41,52.27
vegetation,Metric3DV2-vit_giant2,10,sf_ro,32.86,676.41,58.18
vegetation,Metric3DV2-vit_giant2,10,sf_shift,32.24,676.41,41.82
vegetation,Metric3DV2-vit_giant2,10,sf_shift_ro,28.46,676.41,53.9
vegetation,Metric3DV2-vit_giant2,100,calib,64.7,676.41,67.44
vegetation,Metric3DV2-vit_giant2,100,calib_ro,40.23,676.41,53.51
vegetation,Metric3DV2-vit_giant2,100,calib_shift,65.49,676.41,66.22
vegetation,Metric3DV2-vit_giant2,100,calib_shift_ro,42.88,676.41,57.99
vegetation,Metric3DV2-vit_giant2,100,mdecalib,0.0,676.41,
vegetation,Metric3DV2-vit_giant2,100,mdecalib_ro,0.0,676.41,
vegetation,Metric3DV2-vit_giant2,100,mdecalib_shift,0.0,676.41,
vegetation,Metric3DV2-vit_giant2,100,mdecalib_shift_ro,0.0,676.41,
vegetation,Metric3DV2-vit_giant2,100,sf,52.18,676.41,64.98
vegetation,Metric3DV2-vit_giant2,100,sf_ro,34.52,676.41,63.41
vegetation,Metric3DV2-vit_giant2,100,sf_shift,48.44,676.41,61.49
vegetation,Metric3DV2-vit_giant2,100,sf_shift_ro,33.82,676.41,65.57
vegetation,Metric3DV2-vit_giant2,500,calib,69.99,676.41,70.67
vegetation,Metric3DV2-vit_giant2,500,calib_ro,40.91,676.41,53.6
vegetation,Metric3DV2-vit_giant2,500,calib_shift,72.41,676.41,70.45
vegetation,Metric3DV2-vit_giant2,500,calib_shift_ro,44.2,676.41,58.79
vegetation,Metric3DV2-vit_giant2,500,mdecalib,0.0,676.41,
vegetation,Metric3DV2-vit_giant2,500,mdecalib_ro,0.0,676.41,
vegetation,Metric3DV2-vit_giant2,500,mdecalib_shift,0.0,676.41,
vegetation,Metric3DV2-vit_giant2,500,mdecalib_shift_ro,0.0,676.41,
vegetation,Metric3DV2-vit_giant2,500,sf,57.47,676.41,69.03
vegetation,Metric3DV2-vit_giant2,500,sf_ro,34.51,676.41,64.16
vegetation,Metric3DV2-vit_giant2,500,sf_shift,55.07,676.41,67.34
vegetation,Metric3DV2-vit_giant2,500,sf_shift_ro,36.18,676.41,67.22
vegetation,Metric3DV2-vit_giant2,1000,calib,71.65,676.41,71.65
vegetation,Metric3DV2-vit_giant2,1000,calib_ro,40.92,676.41,53.58
vegetation,Metric3DV2-vit_giant2,1000,calib_shift,74.68,676.41,71.69
vegetation,Metric3DV2-vit_giant2,1000,calib_shift_ro,44.59,676.41,58.88
vegetation,Metric3DV2-vit_giant2,1000,mdecalib,0.0,676.41,
vegetation,Metric3DV2-vit_giant2,1000,mdecalib_ro,0.0,676.41,
vegetation,Metric3DV2-vit_giant2,1000,mdecalib_shift,0.0,676.41,
vegetation,Metric3DV2-vit_giant2,1000,mdecalib_shift_ro,0.0,676.41,
vegetation,Metric3DV2-vit_giant2,1000,sf,58.96,676.41,70.2
vegetation,Metric3DV2-vit_giant2,1000,sf_ro,34.62,676.41,64.31
vegetation,Metric3DV2-vit_giant2,1000,sf_shift,57.4,676.41,68.98
vegetation,Metric3DV2-vit_giant2,1000,sf_shift_ro,36.2,676.41,67.56
vegetation,Metric3DV2-vit_large,10,calib,48.73,284.65,55.82
vegetation,Metric3DV2-vit_large,10,calib_ro,34.14,284.65,49.95
vegetation,Metric3DV2-vit_large,10,calib_shift,44.73,284.65,49.31
vegetation,Metric3DV2-vit_large,10,calib_shift_ro,36.54,284.65,50.39
vegetation,Metric3DV2-vit_large,10,mdecalib,0.0,284.65,
vegetation,Metric3DV2-vit_large,10,mdecalib_ro,0.0,284.65,
vegetation,Metric3DV2-vit_large,10,mdecalib_shift,0.0,284.65,
vegetation,Metric3DV2-vit_large,10,mdecalib_shift_ro,0.0,284.65,
vegetation,Metric3DV2-vit_large,10,sf,36.21,284.65,50.63
vegetation,Metric3DV2-vit_large,10,sf_ro,28.71,284.65,58.06
vegetation,Metric3DV2-vit_large,10,sf_shift,30.71,284.65,40.37
vegetation,Metric3DV2-vit_large,10,sf_shift_ro,26.2,284.65,53.1
vegetation,Metric3DV2-vit_large,100,calib,62.02,284.65,65.8
vegetation,Metric3DV2-vit_large,100,calib_ro,35.39,284.65,52.14
vegetation,Metric3DV2-vit_large,100,calib_shift,61.75,284.65,64.01
vegetation,Metric3DV2-vit_large,100,calib_shift_ro,41.39,284.65,57.03
vegetation,Metric3DV2-vit_large,100,mdecalib,0.0,284.65,
vegetation,Metric3DV2-vit_large,100,mdecalib_ro,0.0,284.65,
vegetation,Metric3DV2-vit_large,100,mdecalib_shift,0.0,284.65,
vegetation,Metric3DV2-vit_large,100,mdecalib_shift_ro,0.0,284.65,
vegetation,Metric3DV2-vit_large,100,sf,47.68,284.65,63.03
vegetation,Metric3DV2-vit_large,100,sf_ro,31.03,284.65,63.03
vegetation,Metric3DV2-vit_large,100,sf_shift,45.53,284.65,59.53
vegetation,Metric3DV2-vit_large,100,sf_shift_ro,31.87,284.65,64.93
vegetation,Metric3DV2-vit_large,500,calib,68.18,284.65,69.46
vegetation,Metric3DV2-vit_large,500,calib_ro,35.93,284.65,52.32
vegetation,Metric3DV2-vit_large,500,calib_shift,69.93,284.65,69.07
vegetation,Metric3DV2-vit_large,500,calib_shift_ro,42.44,284.65,57.89
vegetation,Metric3DV2-vit_large,500,mdecalib,0.0,284.65,
vegetation,Metric3DV2-vit_large,500,mdecalib_ro,0.0,284.65,
vegetation,Metric3DV2-vit_large,500,mdecalib_shift,0.0,284.65,
vegetation,Metric3DV2-vit_large,500,mdecalib_shift_ro,0.0,284.65,
vegetation,Metric3DV2-vit_large,500,sf,52.66,284.65,67.29
vegetation,Metric3DV2-vit_large,500,sf_ro,31.35,284.65,63.7
vegetation,Metric3DV2-vit_large,500,sf_shift,52.77,284.65,65.83
vegetation,Metric3DV2-vit_large,500,sf_shift_ro,33.63,284.65,66.6
vegetation,Metric3DV2-vit_large,1000,calib,70.55,284.65,70.77
vegetation,Metric3DV2-vit_large,1000,calib_ro,36.12,284.65,52.34
vegetation,Metric3DV2-vit_large,1000,calib_shift,72.44,284.65,70.49
vegetation,Metric3DV2-vit_large,1000,calib_shift_ro,42.59,284.65,58.05
vegetation,Metric3DV2-vit_large,1000,mdecalib,0.0,284.65,
vegetation,Metric3DV2-vit_large,1000,mdecalib_ro,0.0,284.65,
vegetation,Metric3DV2-vit_large,1000,mdecalib_shift,0.0,284.65,
vegetation,Metric3DV2-vit_large,1000,mdecalib_shift_ro,0.0,284.65,
vegetation,Metric3DV2-vit_large,1000,sf,54.73,284.65,68.62
vegetation,Metric3DV2-vit_large,1000,sf_ro,31.56,284.65,63.87
vegetation,Metric3DV2-vit_large,1000,sf_shift,55.41,284.65,67.68
vegetation,Metric3DV2-vit_large,1000,sf_shift_ro,34.17,284.65,66.91
vegetation,Metric3DV2-vit_small,10,calib,55.23,94.8,59.69
vegetation,Metric3DV2-vit_small,10,calib_ro,38.51,94.8,52.18
vegetation,Metric3DV2-vit_small,10,calib_shift,45.32,94.8,49.99
vegetation,Metric3DV2-vit_small,10,calib_shift_ro,34.91,94.8,51.9
vegetation,Metric3DV2-vit_small,10,mdecalib,0.0,94.8,
vegetation,Metric3DV2-vit_small,10,mdecalib_ro,0.0,94.8,
vegetation,Metric3DV2-vit_small,10,mdecalib_shift,0.0,94.8,
vegetation,Metric3DV2-vit_small,10,mdecalib_shift_ro,0.0,94.8,
vegetation,Metric3DV2-vit_small,10,sf,39.37,94.8,52.08
vegetation,Metric3DV2-vit_small,10,sf_ro,29.55,94.8,58.16
vegetation,Metric3DV2-vit_small,10,sf_shift,29.5,94.8,39.9
vegetation,Metric3DV2-vit_small,10,sf_shift_ro,23.85,94.8,53.62
vegetation,Metric3DV2-vit_small,100,calib,66.98,94.8,68.4
vegetation,Metric3DV2-vit_small,100,calib_ro,40.21,94.8,53.99
vegetation,Metric3DV2-vit_small,100,calib_shift,64.64,94.8,66.21
vegetation,Metric3DV2-vit_small,100,calib_shift_ro,41.52,94.8,57.9
vegetation,Metric3DV2-vit_small,100,mdecalib,0.0,94.8,
vegetation,Metric3DV2-vit_small,100,mdecalib_ro,0.0,94.8,
vegetation,Metric3DV2-vit_small,100,mdecalib_shift,0.0,94.8,
vegetation,Metric3DV2-vit_small,100,mdecalib_shift_ro,0.0,94.8,
vegetation,Metric3DV2-vit_small,100,sf,52.33,94.8,65.7
vegetation,Metric3DV2-vit_small,100,sf_ro,32.46,94.8,63.1
vegetation,Metric3DV2-vit_small,100,sf_shift,46.48,94.8,60.98
vegetation,Metric3DV2-vit_small,100,sf_shift_ro,30.61,94.8,65.11
vegetation,Metric3DV2-vit_small,500,calib,71.51,94.8,71.27
vegetation,Metric3DV2-vit_small,500,calib_ro,40.69,94.8,54.12
vegetation,Metric3DV2-vit_small,500,calib_shift,72.58,94.8,70.96
vegetation,Metric3DV2-vit_small,500,calib_shift_ro,43.35,94.8,58.73
vegetation,Metric3DV2-vit_small,500,mdecalib,0.0,94.8,
vegetation,Metric3DV2-vit_small,500,mdecalib_ro,0.0,94.8,
vegetation,Metric3DV2-vit_small,500,mdecalib_shift,0.0,94.8,
vegetation,Metric3DV2-vit_small,500,mdecalib_shift_ro,0.0,94.8,
vegetation,Metric3DV2-vit_small,500,sf,58.05,94.8,69.8
vegetation,Metric3DV2-vit_small,500,sf_ro,32.73,94.8,63.87
vegetation,Metric3DV2-vit_small,500,sf_shift,54.03,94.8,67.29
vegetation,Metric3DV2-vit_small,500,sf_shift_ro,33.04,94.8,66.86
vegetation,Metric3DV2-vit_small,1000,calib,73.06,94.8,72.19
vegetation,Metric3DV2-vit_small,1000,calib_ro,40.73,94.8,54.13
vegetation,Metric3DV2-vit_small,1000,calib_shift,74.83,94.8,72.06
vegetation,Metric3DV2-vit_small,1000,calib_shift_ro,43.54,94.8,58.88
vegetation,Metric3DV2-vit_small,1000,mdecalib,0.0,94.8,
vegetation,Metric3DV2-vit_small,1000,mdecalib_ro,0.0,94.8,
vegetation,Metric3DV2-vit_small,1000,mdecalib_shift,0.0,94.8,
vegetation,Metric3DV2-vit_small,1000,mdecalib_shift_ro,0.0,94.8,
vegetation,Metric3DV2-vit_small,1000,sf,59.69,94.8,70.84
vegetation,Metric3DV2-vit_small,1000,sf_ro,32.8,94.8,63.99
vegetation,Metric3DV2-vit_small,1000,sf_shift,57.12,94.8,69.09
vegetation,Metric3DV2-vit_small,1000,sf_shift_ro,33.42,94.8,67.25
vegetation,Metric3DV2Calib-vit_giant2,10,calib,53.6,671.33,59.08
vegetation,Metric3DV2Calib-vit_giant2,10,calib_ro,39.03,671.33,51.61
vegetation,Metric3DV2Calib-vit_giant2,10,calib_shift,47.68,671.33,50.77
vegetation,Metric3DV2Calib-vit_giant2,10,calib_shift_ro,37.78,671.33,51.69
vegetation,Metric3DV2Calib-vit_giant2,100,calib,64.83,671.33,67.48
vegetation,Metric3DV2Calib-vit_giant2,100,calib_ro,40.16,671.33,53.54
vegetation,Metric3DV2Calib-vit_giant2,100,calib_shift,65.16,671.33,66.16
vegetation,Metric3DV2Calib-vit_giant2,100,calib_shift_ro,42.79,671.33,57.95
vegetation,Metric3DV2Calib-vit_giant2,500,calib,70.38,671.33,70.71
vegetation,Metric3DV2Calib-vit_giant2,500,calib_ro,40.73,671.33,53.64
vegetation,Metric3DV2Calib-vit_giant2,500,calib_shift,72.16,671.33,70.44
vegetation,Metric3DV2Calib-vit_giant2,500,calib_shift_ro,44.21,671.33,58.68
vegetation,Metric3DV2Calib-vit_giant2,1000,calib,71.84,671.33,71.65
vegetation,Metric3DV2Calib-vit_giant2,1000,calib_ro,40.8,671.33,53.64
vegetation,Metric3DV2Calib-vit_giant2,1000,calib_shift,74.62,671.33,71.62
vegetation,Metric3DV2Calib-vit_giant2,1000,calib_shift_ro,44.41,671.33,58.78
vegetation,Metric3DV2Calib-vit_large,10,calib,48.47,285.71,55.67
vegetation,Metric3DV2Calib-vit_large,10,calib_ro,33.97,285.71,49.92
vegetation,Metric3DV2Calib-vit_large,10,calib_shift,44.64,285.71,48.99
vegetation,Metric3DV2Calib-vit_large,10,calib_shift_ro,36.13,285.71,50.17
vegetation,Metric3DV2Calib-vit_large,100,calib,62.19,285.71,65.76
vegetation,Metric3DV2Calib-vit_large,100,calib_ro,35.32,285.71,52.13
vegetation,Metric3DV2Calib-vit_large,100,calib_shift,62.06,285.71,63.97
vegetation,Metric3DV2Calib-vit_large,100,calib_shift_ro,41.24,285.71,56.96
vegetation,Metric3DV2Calib-vit_large,500,calib,68.22,285.71,69.44
vegetation,Metric3DV2Calib-vit_large,500,calib_ro,35.85,285.71,52.35
vegetation,Metric3DV2Calib-vit_large,500,calib_shift,69.69,285.71,68.87
vegetation,Metric3DV2Calib-vit_large,500,calib_shift_ro,42.13,285.71,57.83
vegetation,Metric3DV2Calib-vit_large,1000,calib,70.6,285.71,70.79
vegetation,Metric3DV2Calib-vit_large,1000,calib_ro,36.01,285.71,52.36
vegetation,Metric3DV2Calib-vit_large,1000,calib_shift,71.71,285.71,70.2
vegetation,Metric3DV2Calib-vit_large,1000,calib_shift_ro,42.59,285.71,58.0
vegetation,Metric3DV2Calib-vit_small,10,calib,55.04,96.79,59.66
vegetation,Metric3DV2Calib-vit_small,10,calib_ro,38.56,96.79,52.17
vegetation,Metric3DV2Calib-vit_small,10,calib_shift,44.44,96.79,49.54
vegetation,Metric3DV2Calib-vit_small,10,calib_shift_ro,34.64,96.79,51.76
vegetation,Metric3DV2Calib-vit_small,100,calib,66.94,96.79,68.36
vegetation,Metric3DV2Calib-vit_small,100,calib_ro,40.28,96.79,53.99
vegetation,Metric3DV2Calib-vit_small,100,calib_shift,64.01,96.79,65.87
vegetation,Metric3DV2Calib-vit_small,100,calib_shift_ro,41.4,96.79,57.85
vegetation,Metric3DV2Calib-vit_small,500,calib,71.36,96.79,71.17
vegetation,Metric3DV2Calib-vit_small,500,calib_ro,40.74,96.79,54.14
vegetation,Metric3DV2Calib-vit_small,500,calib_shift,72.33,96.79,70.89
vegetation,Metric3DV2Calib-vit_small,500,calib_shift_ro,43.23,96.79,58.68
vegetation,Metric3DV2Calib-vit_small,1000,calib,72.83,96.79,72.08
vegetation,Metric3DV2Calib-vit_small,1000,calib_ro,40.77,96.79,54.17
vegetation,Metric3DV2Calib-vit_small,1000,calib_shift,74.13,96.79,71.9
vegetation,Metric3DV2Calib-vit_small,1000,calib_shift_ro,43.5,96.79,58.82
vegetation,MoGeV1-moge-vitl,10,calib,68.87,110.55,67.19
vegetation,MoGeV1-moge-vitl,10,calib_ro,57.85,110.55,63.21
vegetation,MoGeV1-moge-vitl,10,calib_shift,61.39,110.55,61.3
vegetation,MoGeV1-moge-vitl,10,calib_shift_ro,56.03,110.55,65.33
vegetation,MoGeV1-moge-vitl,10,mdecalib,27.27,110.55,50.71
vegetation,MoGeV1-moge-vitl,10,mdecalib_ro,25.15,110.55,55.52
vegetation,MoGeV1-moge-vitl,10,mdecalib_shift,25.2,110.55,48.34
vegetation,MoGeV1-moge-vitl,10,mdecalib_shift_ro,25.98,110.55,60.42
vegetation,MoGeV1-moge-vitl,10,sf,56.39,110.55,62.28
vegetation,MoGeV1-moge-vitl,10,sf_ro,49.12,110.55,71.5
vegetation,MoGeV1-moge-vitl,10,sf_shift,46.24,110.55,53.31
vegetation,MoGeV1-moge-vitl,10,sf_shift_ro,43.19,110.55,68.35
vegetation,MoGeV1-moge-vitl,100,calib,76.79,110.55,72.37
vegetation,MoGeV1-moge-vitl,100,calib_ro,59.77,110.55,64.5
vegetation,MoGeV1-moge-vitl,100,calib_shift,74.71,110.55,71.25
vegetation,MoGeV1-moge-vitl,100,calib_shift_ro,60.35,110.55,69.18
vegetation,MoGeV1-moge-vitl,100,mdecalib,31.0,110.55,56.64
vegetation,MoGeV1-moge-vitl,100,mdecalib_ro,26.13,110.55,57.27
vegetation,MoGeV1-moge-vitl,100,mdecalib_shift,31.41,110.55,57.61
vegetation,MoGeV1-moge-vitl,100,mdecalib_shift_ro,27.98,110.55,63.83
vegetation,MoGeV1-moge-vitl,100,sf,66.52,110.55,71.23
vegetation,MoGeV1-moge-vitl,100,sf_ro,50.92,110.55,74.26
vegetation,MoGeV1-moge-vitl,100,sf_shift,61.98,110.55,68.81
vegetation,MoGeV1-moge-vitl,100,sf_shift_ro,50.5,110.55,76.38
vegetation,MoGeV1-moge-vitl,500,calib,79.32,110.55,73.79
vegetation,MoGeV1-moge-vitl,500,calib_ro,60.16,110.55,64.67
vegetation,MoGeV1-moge-vitl,500,calib_shift,79.34,110.55,73.59
vegetation,MoGeV1-moge-vitl,500,calib_shift_ro,62.04,110.55,69.53
vegetation,MoGeV1-moge-vitl,500,mdecalib,31.93,110.55,58.76
vegetation,MoGeV1-moge-vitl,500,mdecalib_ro,26.31,110.55,57.47
vegetation,MoGeV1-moge-vitl,500,mdecalib_shift,32.63,110.55,59.87
vegetation,MoGeV1-moge-vitl,500,mdecalib_shift_ro,28.38,110.55,64.31
vegetation,MoGeV1-moge-vitl,500,sf,69.68,110.55,73.37
vegetation,MoGeV1-moge-vitl,500,sf_ro,51.31,110.55,74.58
vegetation,MoGeV1-moge-vitl,500,sf_shift,66.73,110.55,72.35
vegetation,MoGeV1-moge-vitl,500,sf_shift_ro,51.84,110.55,77.43
vegetation,MoGeV1-moge-vitl,1000,calib,80.14,110.55,74.17
vegetation,MoGeV1-moge-vitl,1000,calib_ro,60.21,110.55,64.62
vegetation,MoGeV1-moge-vitl,1000,calib_shift,80.78,110.55,74.1
vegetation,MoGeV1-moge-vitl,1000,calib_shift_ro,62.35,110.55,69.58
vegetation,MoGeV1-moge-vitl,1000,mdecalib,32.39,110.55,59.58
vegetation,MoGeV1-moge-vitl,1000,mdecalib_ro,26.28,110.55,57.48
vegetation,MoGeV1-moge-vitl,1000,mdecalib_shift,33.02,110.55,60.65
vegetation,MoGeV1-moge-vitl,1000,mdecalib_shift_ro,28.4,110.55,64.37
vegetation,MoGeV1-moge-vitl,1000,sf,70.8,110.55,73.91
vegetation,MoGeV1-moge-vitl,1000,sf_ro,51.4,110.55,74.64
vegetation,MoGeV1-moge-vitl,1000,sf_shift,68.6,110.55,73.23
vegetation,MoGeV1-moge-vitl,1000,sf_shift_ro,52.22,110.55,77.6
vegetation,MoGeV1Calib-moge-vitl,10,calib,63.93,111.38,64.89
vegetation,MoGeV1Calib-moge-vitl,10,calib_ro,50.97,111.38,59.48
vegetation,MoGeV1Calib-moge-vitl,10,calib_shift,61.12,111.38,61.18
vegetation,MoGeV1Calib-moge-vitl,10,calib_shift_ro,56.18,111.38,65.36
vegetation,MoGeV1Calib-moge-vitl,100,calib,72.12,111.38,70.75
vegetation,MoGeV1Calib-moge-vitl,100,calib_ro,52.98,111.38,60.78
vegetation,MoGeV1Calib-moge-vitl,100,calib_shift,75.14,111.38,71.45
vegetation,MoGeV1Calib-moge-vitl,100,calib_shift_ro,60.48,111.38,69.24
vegetation,MoGeV1Calib-moge-vitl,500,calib,75.72,111.38,72.78
vegetation,MoGeV1Calib-moge-vitl,500,calib_ro,53.16,111.38,60.89
vegetation,MoGeV1Calib-moge-vitl,500,calib_shift,79.41,111.38,73.55
vegetation,MoGeV1Calib-moge-vitl,500,calib_shift_ro,61.8,111.38,69.52
vegetation,MoGeV1Calib-moge-vitl,1000,calib,76.63,111.38,73.36
vegetation,MoGeV1Calib-moge-vitl,1000,calib_ro,53.38,111.38,60.88
vegetation,MoGeV1Calib-moge-vitl,1000,calib_shift,80.79,111.38,74.07
vegetation,MoGeV1Calib-moge-vitl,1000,calib_shift_ro,62.2,111.38,69.57
vegetation,MoGeV2-moge-2-vitl,10,calib,66.52,104.73,66.4
vegetation,MoGeV2-moge-2-vitl,10,calib_ro,55.76,104.73,61.96
vegetation,MoGeV2-moge-2-vitl,10,calib_shift,60.18,104.73,60.61
vegetation,MoGeV2-moge-2-vitl,10,calib_shift_ro,53.77,104.73,63.48
vegetation,MoGeV2-moge-2-vitl,10,mdecalib,29.92,104.73,51.2
vegetation,MoGeV2-moge-2-vitl,10,mdecalib_ro,26.96,104.73,55.59
vegetation,MoGeV2-moge-2-vitl,10,mdecalib_shift,28.1,104.73,49.23
vegetation,MoGeV2-moge-2-vitl,10,mdecalib_shift_ro,27.9,104.73,59.9
vegetation,MoGeV2-moge-2-vitl,10,sf,54.29,104.73,61.64
vegetation,MoGeV2-moge-2-vitl,10,sf_ro,46.18,104.73,70.09
vegetation,MoGeV2-moge-2-vitl,10,sf_shift,44.0,104.73,52.05
vegetation,MoGeV2-moge-2-vitl,10,sf_shift_ro,41.24,104.73,67.23
vegetation,MoGeV2-moge-2-vitl,100,calib,74.56,104.73,71.7
vegetation,MoGeV2-moge-2-vitl,100,calib_ro,57.38,104.73,63.24
vegetation,MoGeV2-moge-2-vitl,100,calib_shift,73.85,104.73,71.02
vegetation,MoGeV2-moge-2-vitl,100,calib_shift_ro,58.53,104.73,67.26
vegetation,MoGeV2-moge-2-vitl,100,mdecalib,33.9,104.73,57.18
vegetation,MoGeV2-moge-2-vitl,100,mdecalib_ro,27.64,104.73,57.34
vegetation,MoGeV2-moge-2-vitl,100,mdecalib_shift,34.26,104.73,58.25
vegetation,MoGeV2-moge-2-vitl,100,mdecalib_shift_ro,29.84,104.73,63.23
vegetation,MoGeV2-moge-2-vitl,100,sf,63.93,104.73,70.6
vegetation,MoGeV2-moge-2-vitl,100,sf_ro,49.03,104.73,73.07
vegetation,MoGeV2-moge-2-vitl,100,sf_shift,58.79,104.73,68.02
vegetation,MoGeV2-moge-2-vitl,100,sf_shift_ro,47.57,104.73,74.75
vegetation,MoGeV2-moge-2-vitl,500,calib,77.83,104.73,73.36
vegetation,MoGeV2-moge-2-vitl,500,calib_ro,57.82,104.73,63.29
vegetation,MoGeV2-moge-2-vitl,500,calib_shift,78.4,104.73,73.35
vegetation,MoGeV2-moge-2-vitl,500,calib_shift_ro,59.48,104.73,67.76
vegetation,MoGeV2-moge-2-vitl,500,mdecalib,35.24,104.73,59.42
vegetation,MoGeV2-moge-2-vitl,500,mdecalib_ro,27.77,104.73,57.53
vegetation,MoGeV2-moge-2-vitl,500,mdecalib_shift,36.46,104.73,60.67
vegetation,MoGeV2-moge-2-vitl,500,mdecalib_shift_ro,30.35,104.73,63.81
vegetation,MoGeV2-moge-2-vitl,500,sf,67.32,104.73,72.87
vegetation,MoGeV2-moge-2-vitl,500,sf_ro,49.49,104.73,73.47
vegetation,MoGeV2-moge-2-vitl,500,sf_shift,64.64,104.73,71.92
vegetation,MoGeV2-moge-2-vitl,500,sf_shift_ro,49.0,104.73,75.91
vegetation,MoGeV2-moge-2-vitl,1000,calib,78.83,104.73,73.86
vegetation,MoGeV2-moge-2-vitl,1000,calib_ro,57.86,104.73,63.28
vegetation,MoGeV2-moge-2-vitl,1000,calib_shift,79.38,104.73,73.86
vegetation,MoGeV2-moge-2-vitl,1000,calib_shift_ro,59.89,104.73,67.84
vegetation,MoGeV2-moge-2-vitl,1000,mdecalib,35.65,104.73,60.25
vegetation,MoGeV2-moge-2-vitl,1000,mdecalib_ro,27.77,104.73,57.52
vegetation,MoGeV2-moge-2-vitl,1000,mdecalib_shift,37.03,104.73,61.28
vegetation,MoGeV2-moge-2-vitl,1000,mdecalib_shift_ro,30.41,104.73,63.89
vegetation,MoGeV2-moge-2-vitl,1000,sf,68.41,104.73,73.51
vegetation,MoGeV2-moge-2-vitl,1000,sf_ro,49.6,104.73,73.56
vegetation,MoGeV2-moge-2-vitl,1000,sf_shift,66.34,104.73,72.93
vegetation,MoGeV2-moge-2-vitl,1000,sf_shift_ro,49.54,104.73,76.19
vegetation,MoGeV2Calib-moge-2-vitl,10,calib,59.13,102.67,63.41
vegetation,MoGeV2Calib-moge-2-vitl,10,calib_ro,46.93,102.67,57.29
vegetation,MoGeV2Calib-moge-2-vitl,10,calib_shift,60.26,102.67,60.56
vegetation,MoGeV2Calib-moge-2-vitl,10,calib_shift_ro,53.77,102.67,63.47
vegetation,MoGeV2Calib-moge-2-vitl,100,calib,67.58,102.67,69.56
vegetation,MoGeV2Calib-moge-2-vitl,100,calib_ro,48.33,102.67,58.56
vegetation,MoGeV2Calib-moge-2-vitl,100,calib_shift,73.66,102.67,71.03
vegetation,MoGeV2Calib-moge-2-vitl,100,calib_shift_ro,58.52,102.67,67.29
vegetation,MoGeV2Calib-moge-2-vitl,500,calib,71.81,102.67,71.84
vegetation,MoGeV2Calib-moge-2-vitl,500,calib_ro,48.57,102.67,58.72
vegetation,MoGeV2Calib-moge-2-vitl,500,calib_shift,78.37,102.67,73.32
vegetation,MoGeV2Calib-moge-2-vitl,500,calib_shift_ro,59.63,102.67,67.79
vegetation,MoGeV2Calib-moge-2-vitl,1000,calib,72.93,102.67,72.58
vegetation,MoGeV2Calib-moge-2-vitl,1000,calib_ro,48.66,102.67,58.71
vegetation,MoGeV2Calib-moge-2-vitl,1000,calib_shift,79.44,102.67,73.83
vegetation,MoGeV2Calib-moge-2-vitl,1000,calib_shift_ro,59.92,102.67,67.82
vegetation,Pi3-Pi3X,10,calib,61.9,157.0,63.28
vegetation,Pi3-Pi3X,10,calib_ro,49.24,157.0,58.65
vegetation,Pi3-Pi3X,10,calib_shift,55.56,157.0,56.95
vegetation,Pi3-Pi3X,10,calib_shift_ro,47.87,157.0,60.04
vegetation,Pi3-Pi3X,10,mdecalib,32.91,157.0,51.58
vegetation,Pi3-Pi3X,10,mdecalib_ro,28.64,157.0,54.79
vegetation,Pi3-Pi3X,10,mdecalib_shift,31.29,157.0,48.18
vegetation,Pi3-Pi3X,10,mdecalib_shift_ro,31.23,157.0,58.3
vegetation,Pi3-Pi3X,10,sf,48.37,157.0,57.01
vegetation,Pi3-Pi3X,10,sf_ro,41.39,157.0,65.13
vegetation,Pi3-Pi3X,10,sf_shift,41.09,157.0,48.3
vegetation,Pi3-Pi3X,10,sf_shift_ro,37.55,157.0,63.22
vegetation,Pi3-Pi3X,100,calib,71.51,157.0,70.18
vegetation,Pi3-Pi3X,100,calib_ro,51.59,157.0,60.3
vegetation,Pi3-Pi3X,100,calib_shift,71.28,157.0,68.9
vegetation,Pi3-Pi3X,100,calib_shift_ro,53.51,157.0,64.64
vegetation,Pi3-Pi3X,100,mdecalib,39.34,157.0,58.24
vegetation,Pi3-Pi3X,100,mdecalib_ro,30.63,157.0,56.5
vegetation,Pi3-Pi3X,100,mdecalib_shift,40.86,157.0,58.47
vegetation,Pi3-Pi3X,100,mdecalib_shift_ro,34.44,157.0,62.59
vegetation,Pi3-Pi3X,100,sf,60.82,157.0,68.47
vegetation,Pi3-Pi3X,100,sf_ro,45.19,157.0,69.14
vegetation,Pi3-Pi3X,100,sf_shift,57.22,157.0,65.76
vegetation,Pi3-Pi3X,100,sf_shift_ro,44.2,157.0,71.43
vegetation,Pi3-Pi3X,500,calib,75.55,157.0,72.31
vegetation,Pi3-Pi3X,500,calib_ro,52.18,157.0,60.38
vegetation,Pi3-Pi3X,500,calib_shift,76.6,157.0,72.06
vegetation,Pi3-Pi3X,500,calib_shift_ro,54.5,157.0,65.16
vegetation,Pi3-Pi3X,500,mdecalib,41.56,157.0,60.6
vegetation,Pi3-Pi3X,500,mdecalib_ro,30.86,157.0,56.58
vegetation,Pi3-Pi3X,500,mdecalib_shift,43.83,157.0,61.35
vegetation,Pi3-Pi3X,500,mdecalib_shift_ro,35.03,157.0,62.9
vegetation,Pi3-Pi3X,500,sf,65.0,157.0,71.53
vegetation,Pi3-Pi3X,500,sf_ro,45.65,157.0,69.74
vegetation,Pi3-Pi3X,500,sf_shift,63.17,157.0,70.42
vegetation,Pi3-Pi3X,500,sf_shift_ro,45.38,157.0,72.63
vegetation,Pi3-Pi3X,1000,calib,76.78,157.0,72.95
vegetation,Pi3-Pi3X,1000,calib_ro,52.31,157.0,60.39
vegetation,Pi3-Pi3X,1000,calib_shift,78.33,157.0,72.91
vegetation,Pi3-Pi3X,1000,calib_shift_ro,54.87,157.0,65.25
vegetation,Pi3-Pi3X,1000,mdecalib,42.03,157.0,61.42
vegetation,Pi3-Pi3X,1000,mdecalib_ro,30.83,157.0,56.59
vegetation,Pi3-Pi3X,1000,mdecalib_shift,44.56,157.0,62.19
vegetation,Pi3-Pi3X,1000,mdecalib_shift_ro,35.14,157.0,63.0
vegetation,Pi3-Pi3X,1000,sf,66.39,157.0,72.42
vegetation,Pi3-Pi3X,1000,sf_ro,45.71,157.0,69.87
vegetation,Pi3-Pi3X,1000,sf_shift,64.85,157.0,71.68
vegetation,Pi3-Pi3X,1000,sf_shift_ro,45.62,157.0,72.92
vegetation,Pi3Calib-Pi3X,10,calib,61.27,169.41,62.82
vegetation,Pi3Calib-Pi3X,10,calib_ro,48.81,169.41,58.67
vegetation,Pi3Calib-Pi3X,10,calib_shift,55.69,169.41,57.07
vegetation,Pi3Calib-Pi3X,10,calib_shift_ro,48.21,169.41,59.98
vegetation,Pi3Calib-Pi3X,100,calib,71.26,169.41,70.0
vegetation,Pi3Calib-Pi3X,100,calib_ro,51.35,169.41,60.23
vegetation,Pi3Calib-Pi3X,100,calib_shift,71.29,169.41,69.1
vegetation,Pi3Calib-Pi3X,100,calib_shift_ro,53.87,169.41,64.67
vegetation,Pi3Calib-Pi3X,500,calib,75.33,169.41,72.1
vegetation,Pi3Calib-Pi3X,500,calib_ro,51.78,169.41,60.3
vegetation,Pi3Calib-Pi3X,500,calib_shift,77.1,169.41,72.35
vegetation,Pi3Calib-Pi3X,500,calib_shift_ro,54.99,169.41,65.14
vegetation,Pi3Calib-Pi3X,1000,calib,76.5,169.41,72.78
vegetation,Pi3Calib-Pi3X,1000,calib_ro,51.85,169.41,60.32
vegetation,Pi3Calib-Pi3X,1000,calib_shift,78.54,169.41,73.15
vegetation,Pi3Calib-Pi3X,1000,calib_shift_ro,55.33,169.41,65.25
vegetation,UniDepth1-cnvnxtl,10,calib,58.26,89.22,61.41
vegetation,UniDepth1-cnvnxtl,10,calib_ro,39.42,89.22,49.73
vegetation,UniDepth1-cnvnxtl,10,calib_shift,47.77,89.22,51.31
vegetation,UniDepth1-cnvnxtl,10,calib_shift_ro,36.08,89.22,51.04
vegetation,UniDepth1-cnvnxtl,10,mdecalib,33.43,89.22,50.57
vegetation,UniDepth1-cnvnxtl,10,mdecalib_ro,23.84,89.22,46.25
vegetation,UniDepth1-cnvnxtl,10,mdecalib_shift,27.47,89.22,43.4
vegetation,UniDepth1-cnvnxtl,10,mdecalib_shift_ro,23.28,89.22,48.82
vegetation,UniDepth1-cnvnxtl,10,sf,41.67,89.22,51.85
vegetation,UniDepth1-cnvnxtl,10,sf_ro,30.46,89.22,55.74
vegetation,UniDepth1-cnvnxtl,10,sf_shift,31.61,89.22,40.93
vegetation,UniDepth1-cnvnxtl,10,sf_shift_ro,25.81,89.22,52.14
vegetation,UniDepth1-cnvnxtl,100,calib,70.06,89.22,69.65
vegetation,UniDepth1-cnvnxtl,100,calib_ro,40.9,89.22,51.97
vegetation,UniDepth1-cnvnxtl,100,calib_shift,66.67,89.22,66.76
vegetation,UniDepth1-cnvnxtl,100,calib_shift_ro,42.12,89.22,56.68
vegetation,UniDepth1-cnvnxtl,100,mdecalib,39.11,89.22,58.38
vegetation,UniDepth1-cnvnxtl,100,mdecalib_ro,24.97,89.22,48.73
vegetation,UniDepth1-cnvnxtl,100,mdecalib_shift,37.8,89.22,56.64
vegetation,UniDepth1-cnvnxtl,100,mdecalib_shift_ro,27.23,89.22,54.3
vegetation,UniDepth1-cnvnxtl,100,sf,54.97,89.22,65.98
vegetation,UniDepth1-cnvnxtl,100,sf_ro,32.77,89.22,61.22
vegetation,UniDepth1-cnvnxtl,100,sf_shift,49.28,89.22,61.67
vegetation,UniDepth1-cnvnxtl,100,sf_shift_ro,32.64,89.22,63.85
vegetation,UniDepth1-cnvnxtl,500,calib,74.61,89.22,72.21
vegetation,UniDepth1-cnvnxtl,500,calib_ro,41.25,89.22,52.16
vegetation,UniDepth1-cnvnxtl,500,calib_shift,73.86,89.22,71.14
vegetation,UniDepth1-cnvnxtl,500,calib_shift_ro,44.04,89.22,57.55
vegetation,UniDepth1-cnvnxtl,500,mdecalib,41.71,89.22,61.37
vegetation,UniDepth1-cnvnxtl,500,mdecalib_ro,25.08,89.22,49.0
vegetation,UniDepth1-cnvnxtl,500,mdecalib_shift,41.56,89.22,60.66
vegetation,UniDepth1-cnvnxtl,500,mdecalib_shift_ro,28.49,89.22,55.33
vegetation,UniDepth1-cnvnxtl,500,sf,60.33,89.22,70.14
vegetation,UniDepth1-cnvnxtl,500,sf_ro,33.08,89.22,62.09
vegetation,UniDepth1-cnvnxtl,500,sf_shift,56.19,89.22,67.98
vegetation,UniDepth1-cnvnxtl,500,sf_shift_ro,34.75,89.22,65.85
vegetation,UniDepth1-cnvnxtl,1000,calib,76.23,89.22,72.91
vegetation,UniDepth1-cnvnxtl,1000,calib_ro,41.28,89.22,52.16
vegetation,UniDepth1-cnvnxtl,1000,calib_shift,75.86,89.22,72.11
vegetation,UniDepth1-cnvnxtl,1000,calib_shift_ro,44.48,89.22,57.74
vegetation,UniDepth1-cnvnxtl,1000,mdecalib,42.35,89.22,62.25
vegetation,UniDepth1-cnvnxtl,1000,mdecalib_ro,25.08,89.22,49.01
vegetation,UniDepth1-cnvnxtl,1000,mdecalib_shift,42.62,89.22,61.76
vegetation,UniDepth1-cnvnxtl,1000,mdecalib_shift_ro,28.77,89.22,55.53
vegetation,UniDepth1-cnvnxtl,1000,sf,62.0,89.22,71.45
vegetation,UniDepth1-cnvnxtl,1000,sf_ro,33.25,89.22,62.16
vegetation,UniDepth1-cnvnxtl,1000,sf_shift,58.94,89.22,69.75
vegetation,UniDepth1-cnvnxtl,1000,sf_shift_ro,35.32,89.22,66.24
vegetation,UniDepth1-vitl14,10,calib,61.38,137.0,62.92
vegetation,UniDepth1-vitl14,10,calib_ro,45.56,137.0,54.31
vegetation,UniDepth1-vitl14,10,calib_shift,50.7,137.0,54.21
vegetation,UniDepth1-vitl14,10,calib_shift_ro,40.77,137.0,55.67
vegetation,UniDepth1-vitl14,10,mdecalib,28.2,137.0,44.88
vegetation,UniDepth1-vitl14,10,mdecalib_ro,23.88,137.0,43.43
vegetation,UniDepth1-vitl14,10,mdecalib_shift,23.7,137.0,40.97
vegetation,UniDepth1-vitl14,10,mdecalib_shift_ro,22.03,137.0,47.43
vegetation,UniDepth1-vitl14,10,sf,45.97,137.0,55.69
vegetation,UniDepth1-vitl14,10,sf_ro,34.77,137.0,61.67
vegetation,UniDepth1-vitl14,10,sf_shift,34.41,137.0,44.54
vegetation,UniDepth1-vitl14,10,sf_shift_ro,29.5,137.0,58.91
vegetation,UniDepth1-vitl14,100,calib,71.9,137.0,69.99
vegetation,UniDepth1-vitl14,100,calib_ro,46.84,137.0,56.26
vegetation,UniDepth1-vitl14,100,calib_shift,68.14,137.0,67.96
vegetation,UniDepth1-vitl14,100,calib_shift_ro,46.77,137.0,61.0
vegetation,UniDepth1-vitl14,100,mdecalib,32.03,137.0,52.78
vegetation,UniDepth1-vitl14,100,mdecalib_ro,24.77,137.0,45.97
vegetation,UniDepth1-vitl14,100,mdecalib_shift,30.57,137.0,52.03
vegetation,UniDepth1-vitl14,100,mdecalib_shift_ro,24.53,137.0,53.47
vegetation,UniDepth1-vitl14,100,sf,58.37,137.0,67.85
vegetation,UniDepth1-vitl14,100,sf_ro,37.39,137.0,65.71
vegetation,UniDepth1-vitl14,100,sf_shift,51.97,137.0,63.88
vegetation,UniDepth1-vitl14,100,sf_shift_ro,36.0,137.0,68.3
vegetation,UniDepth1-vitl14,500,calib,75.86,137.0,72.21
vegetation,UniDepth1-vitl14,500,calib_ro,47.21,137.0,56.39
vegetation,UniDepth1-vitl14,500,calib_shift,74.34,137.0,71.52
vegetation,UniDepth1-vitl14,500,calib_shift_ro,48.54,137.0,61.74
vegetation,UniDepth1-vitl14,500,mdecalib,33.22,137.0,55.78
vegetation,UniDepth1-vitl14,500,mdecalib_ro,24.83,137.0,46.33
vegetation,UniDepth1-vitl14,500,mdecalib_shift,33.46,137.0,55.79
vegetation,UniDepth1-vitl14,500,mdecalib_shift_ro,25.63,137.0,54.5
vegetation,UniDepth1-vitl14,500,sf,63.18,137.0,71.12
vegetation,UniDepth1-vitl14,500,sf_ro,38.02,137.0,66.28
vegetation,UniDepth1-vitl14,500,sf_shift,58.69,137.0,69.1
vegetation,UniDepth1-vitl14,500,sf_shift_ro,38.21,137.0,69.76
vegetation,UniDepth1-vitl14,1000,calib,77.23,137.0,72.89
vegetation,UniDepth1-vitl14,1000,calib_ro,47.28,137.0,56.42
vegetation,UniDepth1-vitl14,1000,calib_shift,76.03,137.0,72.37
vegetation,UniDepth1-vitl14,1000,calib_shift_ro,49.04,137.0,61.9
vegetation,UniDepth1-vitl14,1000,mdecalib,33.53,137.0,56.73
vegetation,UniDepth1-vitl14,1000,mdecalib_ro,24.79,137.0,46.35
vegetation,UniDepth1-vitl14,1000,mdecalib_shift,34.1,137.0,56.98
vegetation,UniDepth1-vitl14,1000,mdecalib_shift_ro,25.72,137.0,54.64
vegetation,UniDepth1-vitl14,1000,sf,64.66,137.0,72.04
vegetation,UniDepth1-vitl14,1000,sf_ro,38.07,137.0,66.47
vegetation,UniDepth1-vitl14,1000,sf_shift,60.95,137.0,70.62
vegetation,UniDepth1-vitl14,1000,sf_shift_ro,38.51,137.0,70.08
vegetation,UniDepth1Calib-cnvnxtl,10,calib,58.0,88.52,61.32
vegetation,UniDepth1Calib-cnvnxtl,10,calib_ro,39.46,88.52,49.96
vegetation,UniDepth1Calib-cnvnxtl,10,calib_shift,48.37,88.52,51.33
vegetation,UniDepth1Calib-cnvnxtl,10,calib_shift_ro,36.02,88.52,51.18
vegetation,UniDepth1Calib-cnvnxtl,100,calib,70.1,88.52,69.68
vegetation,UniDepth1Calib-cnvnxtl,100,calib_ro,41.28,88.52,52.17
vegetation,UniDepth1Calib-cnvnxtl,100,calib_shift,66.62,88.52,66.73
vegetation,UniDepth1Calib-cnvnxtl,100,calib_shift_ro,42.27,88.52,56.83
vegetation,UniDepth1Calib-cnvnxtl,500,calib,74.57,88.52,72.26
vegetation,UniDepth1Calib-cnvnxtl,500,calib_ro,41.95,88.52,52.37
vegetation,UniDepth1Calib-cnvnxtl,500,calib_shift,73.82,88.52,71.09
vegetation,UniDepth1Calib-cnvnxtl,500,calib_shift_ro,44.51,88.52,57.76
vegetation,UniDepth1Calib-cnvnxtl,1000,calib,76.02,88.52,72.91
vegetation,UniDepth1Calib-cnvnxtl,1000,calib_ro,41.97,88.52,52.36
vegetation,UniDepth1Calib-cnvnxtl,1000,calib_shift,76.03,88.52,72.16
vegetation,UniDepth1Calib-cnvnxtl,1000,calib_shift_ro,45.05,88.52,57.95
vegetation,UniDepth1Calib-vitl14,10,calib,61.67,130.57,63.07
vegetation,UniDepth1Calib-vitl14,10,calib_ro,46.11,130.57,55.19
vegetation,UniDepth1Calib-vitl14,10,calib_shift,51.46,130.57,54.41
vegetation,UniDepth1Calib-vitl14,10,calib_shift_ro,41.61,130.57,56.19
vegetation,UniDepth1Calib-vitl14,100,calib,71.78,130.57,70.04
vegetation,UniDepth1Calib-vitl14,100,calib_ro,47.54,130.57,57.11
vegetation,UniDepth1Calib-vitl14,100,calib_shift,68.41,130.57,67.93
vegetation,UniDepth1Calib-vitl14,100,calib_shift_ro,47.51,130.57,61.6
vegetation,UniDepth1Calib-vitl14,500,calib,76.03,130.57,72.27
vegetation,UniDepth1Calib-vitl14,500,calib_ro,47.86,130.57,57.27
vegetation,UniDepth1Calib-vitl14,500,calib_shift,74.81,130.57,71.62
vegetation,UniDepth1Calib-vitl14,500,calib_shift_ro,49.26,130.57,62.3
vegetation,UniDepth1Calib-vitl14,1000,calib,77.35,130.57,72.9
vegetation,UniDepth1Calib-vitl14,1000,calib_ro,47.84,130.57,57.31
vegetation,UniDepth1Calib-vitl14,1000,calib_shift,76.47,130.57,72.41
vegetation,UniDepth1Calib-vitl14,1000,calib_shift_ro,49.71,130.57,62.42
vegetation,UniDepth2-vitb14,10,calib,67.03,58.24,65.86
vegetation,UniDepth2-vitb14,10,calib_ro,52.75,58.24,61.92
vegetation,UniDepth2-vitb14,10,calib_shift,59.52,58.24,59.8
vegetation,UniDepth2-vitb14,10,calib_shift_ro,51.79,58.24,64.1
vegetation,UniDepth2-vitb14,10,mdecalib,26.23,58.24,46.9
vegetation,UniDepth2-vitb14,10,mdecalib_ro,22.53,58.24,52.51
vegetation,UniDepth2-vitb14,10,mdecalib_shift,23.98,58.24,44.55
vegetation,UniDepth2-vitb14,10,mdecalib_shift_ro,24.02,58.24,56.91
vegetation,UniDepth2-vitb14,10,sf,53.94,58.24,61.24
vegetation,UniDepth2-vitb14,10,sf_ro,44.75,58.24,69.76
vegetation,UniDepth2-vitb14,10,sf_shift,43.13,58.24,50.72
vegetation,UniDepth2-vitb14,10,sf_shift_ro,40.65,58.24,67.35
vegetation,UniDepth2-vitb14,100,calib,74.9,58.24,71.42
vegetation,UniDepth2-vitb14,100,calib_ro,54.7,58.24,63.11
vegetation,UniDepth2-vitb14,100,calib_shift,73.88,58.24,70.7
vegetation,UniDepth2-vitb14,100,calib_shift_ro,57.15,58.24,68.02
vegetation,UniDepth2-vitb14,100,mdecalib,29.74,58.24,53.21
vegetation,UniDepth2-vitb14,100,mdecalib_ro,23.31,58.24,54.23
vegetation,UniDepth2-vitb14,100,mdecalib_shift,30.26,58.24,53.79
vegetation,UniDepth2-vitb14,100,mdecalib_shift_ro,25.85,58.24,60.88
vegetation,UniDepth2-vitb14,100,sf,64.29,58.24,70.17
vegetation,UniDepth2-vitb14,100,sf_ro,46.82,58.24,72.7
vegetation,UniDepth2-vitb14,100,sf_shift,59.25,58.24,67.44
vegetation,UniDepth2-vitb14,100,sf_shift_ro,47.82,58.24,75.19
vegetation,UniDepth2-vitb14,500,calib,77.98,58.24,73.08
vegetation,UniDepth2-vitb14,500,calib_ro,54.88,58.24,63.25
vegetation,UniDepth2-vitb14,500,calib_shift,78.17,58.24,72.96
vegetation,UniDepth2-vitb14,500,calib_shift_ro,58.04,58.24,68.48
vegetation,UniDepth2-vitb14,500,mdecalib,31.46,58.24,55.57
vegetation,UniDepth2-vitb14,500,mdecalib_ro,23.6,58.24,54.46
vegetation,UniDepth2-vitb14,500,mdecalib_shift,32.32,58.24,56.42
vegetation,UniDepth2-vitb14,500,mdecalib_shift_ro,25.83,58.24,61.38
vegetation,UniDepth2-vitb14,500,sf,68.12,58.24,72.55
vegetation,UniDepth2-vitb14,500,sf_ro,47.18,58.24,73.15
vegetation,UniDepth2-vitb14,500,sf_shift,65.12,58.24,71.47
vegetation,UniDepth2-vitb14,500,sf_shift_ro,49.36,58.24,76.29
vegetation,UniDepth2-vitb14,1000,calib,78.94,58.24,73.49
vegetation,UniDepth2-vitb14,1000,calib_ro,54.98,58.24,63.27
vegetation,UniDepth2-vitb14,1000,calib_shift,79.25,58.24,73.47
vegetation,UniDepth2-vitb14,1000,calib_shift_ro,58.54,58.24,68.5
vegetation,UniDepth2-vitb14,1000,mdecalib,31.9,58.24,56.36
vegetation,UniDepth2-vitb14,1000,mdecalib_ro,23.54,58.24,54.45
vegetation,UniDepth2-vitb14,1000,mdecalib_shift,32.58,58.24,57.21
vegetation,UniDepth2-vitb14,1000,mdecalib_shift_ro,25.88,58.24,61.44
vegetation,UniDepth2-vitb14,1000,sf,69.13,58.24,73.22
vegetation,UniDepth2-vitb14,1000,sf_ro,47.08,58.24,73.23
vegetation,UniDepth2-vitb14,1000,sf_shift,66.69,58.24,72.41
vegetation,UniDepth2-vitb14,1000,sf_shift_ro,49.67,58.24,76.53
vegetation,UniDepth2-vitl14,10,calib,69.32,81.8,67.17
vegetation,UniDepth2-vitl14,10,calib_ro,57.32,81.8,64.66
vegetation,UniDepth2-vitl14,10,calib_shift,61.72,81.8,60.8
vegetation,UniDepth2-vitl14,10,calib_shift_ro,56.34,81.8,66.82
vegetation,UniDepth2-vitl14,10,mdecalib,23.58,81.8,47.92
vegetation,UniDepth2-vitl14,10,mdecalib_ro,21.99,81.8,55.87
vegetation,UniDepth2-vitl14,10,mdecalib_shift,22.51,81.8,46.09
vegetation,UniDepth2-vitl14,10,mdecalib_shift_ro,22.7,81.8,60.28
vegetation,UniDepth2-vitl14,10,sf,56.61,81.8,62.37
vegetation,UniDepth2-vitl14,10,sf_ro,48.73,81.8,72.68
vegetation,UniDepth2-vitl14,10,sf_shift,46.22,81.8,53.17
vegetation,UniDepth2-vitl14,10,sf_shift_ro,44.26,81.8,70.44
vegetation,UniDepth2-vitl14,100,calib,76.34,81.8,71.82
vegetation,UniDepth2-vitl14,100,calib_ro,58.87,81.8,65.78
vegetation,UniDepth2-vitl14,100,calib_shift,75.01,81.8,71.06
vegetation,UniDepth2-vitl14,100,calib_shift_ro,60.4,81.8,70.54
vegetation,UniDepth2-vitl14,100,mdecalib,26.65,81.8,54.03
vegetation,UniDepth2-vitl14,100,mdecalib_ro,22.52,81.8,57.53
vegetation,UniDepth2-vitl14,100,mdecalib_shift,27.23,81.8,54.98
vegetation,UniDepth2-vitl14,100,mdecalib_shift_ro,24.04,81.8,63.59
vegetation,UniDepth2-vitl14,100,sf,66.91,81.8,70.78
vegetation,UniDepth2-vitl14,100,sf_ro,51.09,81.8,75.22
vegetation,UniDepth2-vitl14,100,sf_shift,62.02,81.8,68.59
vegetation,UniDepth2-vitl14,100,sf_shift_ro,50.41,81.8,77.47
vegetation,UniDepth2-vitl14,500,calib,79.36,81.8,73.37
vegetation,UniDepth2-vitl14,500,calib_ro,58.95,81.8,65.9
vegetation,UniDepth2-vitl14,500,calib_shift,79.23,81.8,73.18
vegetation,UniDepth2-vitl14,500,calib_shift_ro,61.28,81.8,70.88
vegetation,UniDepth2-vitl14,500,mdecalib,27.69,81.8,56.38
vegetation,UniDepth2-vitl14,500,mdecalib_ro,22.58,81.8,57.68
vegetation,UniDepth2-vitl14,500,mdecalib_shift,29.09,81.8,57.57
vegetation,UniDepth2-vitl14,500,mdecalib_shift_ro,24.39,81.8,63.98
vegetation,UniDepth2-vitl14,500,sf,70.27,81.8,72.99
vegetation,UniDepth2-vitl14,500,sf_ro,51.45,81.8,75.56
vegetation,UniDepth2-vitl14,500,sf_shift,66.92,81.8,72.03
vegetation,UniDepth2-vitl14,500,sf_shift_ro,51.77,81.8,78.4
vegetation,UniDepth2-vitl14,1000,calib,80.19,81.8,73.76
vegetation,UniDepth2-vitl14,1000,calib_ro,59.11,81.8,65.88
vegetation,UniDepth2-vitl14,1000,calib_shift,80.46,81.8,73.66
vegetation,UniDepth2-vitl14,1000,calib_shift_ro,61.38,81.8,70.97
vegetation,UniDepth2-vitl14,1000,mdecalib,28.13,81.8,57.17
vegetation,UniDepth2-vitl14,1000,mdecalib_ro,22.61,81.8,57.68
vegetation,UniDepth2-vitl14,1000,mdecalib_shift,29.17,81.8,58.19
vegetation,UniDepth2-vitl14,1000,mdecalib_shift_ro,24.5,81.8,64.06
vegetation,UniDepth2-vitl14,1000,sf,71.21,81.8,73.52
vegetation,UniDepth2-vitl14,1000,sf_ro,51.67,81.8,75.65
vegetation,UniDepth2-vitl14,1000,sf_shift,68.81,81.8,72.99
vegetation,UniDepth2-vitl14,1000,sf_shift_ro,52.12,81.8,78.66
vegetation,UniDepth2-vits14,10,calib,63.39,47.51,64.46
vegetation,UniDepth2-vits14,10,calib_ro,48.28,47.51,59.73
vegetation,UniDepth2-vits14,10,calib_shift,56.78,47.51,58.22
vegetation,UniDepth2-vits14,10,calib_shift_ro,46.67,47.51,61.34
vegetation,UniDepth2-vits14,10,mdecalib,12.92,47.51,40.0
vegetation,UniDepth2-vits14,10,mdecalib_ro,11.08,47.51,47.32
vegetation,UniDepth2-vits14,10,mdecalib_shift,11.95,47.51,38.63
vegetation,UniDepth2-vits14,10,mdecalib_shift_ro,11.72,47.51,52.1
vegetation,UniDepth2-vits14,10,sf,49.52,47.51,58.41
vegetation,UniDepth2-vits14,10,sf_ro,40.66,47.51,67.58
vegetation,UniDepth2-vits14,10,sf_shift,40.0,47.51,48.75
vegetation,UniDepth2-vits14,10,sf_shift_ro,35.54,47.51,63.95
vegetation,UniDepth2-vits14,100,calib,72.37,47.51,70.82
vegetation,UniDepth2-vits14,100,calib_ro,49.89,47.51,61.09
vegetation,UniDepth2-vits14,100,calib_shift,71.69,47.51,69.58
vegetation,UniDepth2-vits14,100,calib_shift_ro,51.19,47.51,65.73
vegetation,UniDepth2-vits14,100,mdecalib,14.6,47.51,47.14
vegetation,UniDepth2-vits14,100,mdecalib_ro,11.93,47.51,49.5
vegetation,UniDepth2-vits14,100,mdecalib_shift,15.8,47.51,48.46
vegetation,UniDepth2-vits14,100,mdecalib_shift_ro,12.56,47.51,56.23
vegetation,UniDepth2-vits14,100,sf,61.16,47.51,69.27
vegetation,UniDepth2-vits14,100,sf_ro,42.41,47.51,70.54
vegetation,UniDepth2-vits14,100,sf_shift,56.06,47.51,66.25
vegetation,UniDepth2-vits14,100,sf_shift_ro,41.07,47.51,72.88
vegetation,UniDepth2-vits14,500,calib,76.21,47.51,72.72
vegetation,UniDepth2-vits14,500,calib_ro,50.5,47.51,61.26
vegetation,UniDepth2-vits14,500,calib_shift,76.76,47.51,72.42
vegetation,UniDepth2-vits14,500,calib_shift_ro,52.66,47.51,66.3
vegetation,UniDepth2-vits14,500,mdecalib,15.57,47.51,50.12
vegetation,UniDepth2-vits14,500,mdecalib_ro,11.94,47.51,49.77
vegetation,UniDepth2-vits14,500,mdecalib_shift,16.82,47.51,51.55
vegetation,UniDepth2-vits14,500,mdecalib_shift_ro,12.86,47.51,56.88
vegetation,UniDepth2-vits14,500,sf,65.02,47.51,71.9
vegetation,UniDepth2-vits14,500,sf_ro,42.93,47.51,71.02
vegetation,UniDepth2-vits14,500,sf_shift,62.09,47.51,70.52
vegetation,UniDepth2-vits14,500,sf_shift_ro,42.67,47.51,74.11
vegetation,UniDepth2-vits14,1000,calib,77.24,47.51,73.21
vegetation,UniDepth2-vits14,1000,calib_ro,50.49,47.51,61.3
vegetation,UniDepth2-vits14,1000,calib_shift,78.1,47.51,73.11
vegetation,UniDepth2-vits14,1000,calib_shift_ro,53.31,47.51,66.35
vegetation,UniDepth2-vits14,1000,mdecalib,15.88,47.51,51.22
vegetation,UniDepth2-vits14,1000,mdecalib_ro,12.01,47.51,49.82
vegetation,UniDepth2-vits14,1000,mdecalib_shift,17.02,47.51,52.38
vegetation,UniDepth2-vits14,1000,mdecalib_shift_ro,13.02,47.51,56.97
vegetation,UniDepth2-vits14,1000,sf,66.1,47.51,72.67
vegetation,UniDepth2-vits14,1000,sf_ro,42.92,47.51,71.15
vegetation,UniDepth2-vits14,1000,sf_shift,64.16,47.51,71.76
vegetation,UniDepth2-vits14,1000,sf_shift_ro,43.04,47.51,74.33
vegetation,UniDepth2Calib-vitb14,10,calib,65.6,61.27,65.61
vegetation,UniDepth2Calib-vitb14,10,calib_ro,51.59,61.27,61.87
vegetation,UniDepth2Calib-vitb14,10,calib_shift,58.54,61.27,59.6
vegetation,UniDepth2Calib-vitb14,10,calib_shift_ro,51.56,61.27,64.25
vegetation,UniDepth2Calib-vitb14,100,calib,73.54,61.27,71.0
vegetation,UniDepth2Calib-vitb14,100,calib_ro,53.26,61.27,63.05
vegetation,UniDepth2Calib-vitb14,100,calib_shift,72.94,61.27,70.36
vegetation,UniDepth2Calib-vitb14,100,calib_shift_ro,56.38,61.27,67.96
vegetation,UniDepth2Calib-vitb14,500,calib,76.57,61.27,72.73
vegetation,UniDepth2Calib-vitb14,500,calib_ro,53.73,61.27,63.13
vegetation,UniDepth2Calib-vitb14,500,calib_shift,77.65,61.27,72.87
vegetation,UniDepth2Calib-vitb14,500,calib_shift_ro,57.55,61.27,68.4
vegetation,UniDepth2Calib-vitb14,1000,calib,77.38,61.27,73.21
vegetation,UniDepth2Calib-vitb14,1000,calib_ro,53.85,61.27,63.15
vegetation,UniDepth2Calib-vitb14,1000,calib_shift,79.09,61.27,73.44
vegetation,UniDepth2Calib-vitb14,1000,calib_shift_ro,57.81,61.27,68.46
vegetation,UniDepth2Calib-vitl14,10,calib,68.49,83.18,66.78
vegetation,UniDepth2Calib-vitl14,10,calib_ro,56.92,83.18,64.93
vegetation,UniDepth2Calib-vitl14,10,calib_shift,61.76,83.18,61.0
vegetation,UniDepth2Calib-vitl14,10,calib_shift_ro,56.04,83.18,66.78
vegetation,UniDepth2Calib-vitl14,100,calib,75.93,83.18,71.71
vegetation,UniDepth2Calib-vitl14,100,calib_ro,58.44,83.18,66.09
vegetation,UniDepth2Calib-vitl14,100,calib_shift,75.16,83.18,71.06
vegetation,UniDepth2Calib-vitl14,100,calib_shift_ro,60.78,83.18,70.47
vegetation,UniDepth2Calib-vitl14,500,calib,78.7,83.18,73.18
vegetation,UniDepth2Calib-vitl14,500,calib_ro,58.86,83.18,66.17
vegetation,UniDepth2Calib-vitl14,500,calib_shift,79.23,83.18,73.16
vegetation,UniDepth2Calib-vitl14,500,calib_shift_ro,61.44,83.18,70.82
vegetation,UniDepth2Calib-vitl14,1000,calib,79.57,83.18,73.61
vegetation,UniDepth2Calib-vitl14,1000,calib_ro,58.91,83.18,66.18
vegetation,UniDepth2Calib-vitl14,1000,calib_shift,80.32,83.18,73.65
vegetation,UniDepth2Calib-vitl14,1000,calib_shift_ro,61.66,83.18,70.9
vegetation,UniDepth2Calib-vits14,10,calib,60.87,50.32,63.56
vegetation,UniDepth2Calib-vits14,10,calib_ro,46.87,50.32,59.28
vegetation,UniDepth2Calib-vits14,10,calib_shift,56.25,50.32,57.5
vegetation,UniDepth2Calib-vits14,10,calib_shift_ro,46.41,50.32,61.5
vegetation,UniDepth2Calib-vits14,100,calib,70.14,50.32,70.06
vegetation,UniDepth2Calib-vits14,100,calib_ro,48.97,50.32,60.73
vegetation,UniDepth2Calib-vits14,100,calib_shift,70.97,50.32,69.32
vegetation,UniDepth2Calib-vits14,100,calib_shift_ro,51.86,50.32,65.71
vegetation,UniDepth2Calib-vits14,500,calib,73.96,50.32,72.18
vegetation,UniDepth2Calib-vits14,500,calib_ro,49.3,50.32,60.85
vegetation,UniDepth2Calib-vits14,500,calib_shift,76.33,50.32,72.31
vegetation,UniDepth2Calib-vits14,500,calib_shift_ro,52.88,50.32,66.3
vegetation,UniDepth2Calib-vits14,1000,calib,75.28,50.32,72.86
vegetation,UniDepth2Calib-vits14,1000,calib_ro,49.29,50.32,60.83
vegetation,UniDepth2Calib-vits14,1000,calib_shift,77.69,50.32,73.03
vegetation,UniDepth2Calib-vits14,1000,calib_shift_ro,53.11,50.32,66.39
vegetation,UniK3D-vitl,10,calib,70.68,86.59,67.59
vegetation,UniK3D-vitl,10,calib_ro,59.17,86.59,66.17
vegetation,UniK3D-vitl,10,calib_shift,62.97,86.59,61.82
vegetation,UniK3D-vitl,10,calib_shift_ro,58.4,86.59,68.83
vegetation,UniK3D-vitl,10,mdecalib,0.0,86.59,
vegetation,UniK3D-vitl,10,mdecalib_ro,0.0,86.59,
vegetation,UniK3D-vitl,10,mdecalib_shift,0.0,86.59,
vegetation,UniK3D-vitl,10,mdecalib_shift_ro,0.0,86.59,
vegetation,UniK3D-vitl,10,sf,58.23,86.59,62.82
vegetation,UniK3D-vitl,10,sf_ro,51.26,86.59,74.42
vegetation,UniK3D-vitl,10,sf_shift,48.25,86.59,54.05
vegetation,UniK3D-vitl,10,sf_shift_ro,46.85,86.59,71.53
vegetation,UniK3D-vitl,100,calib,77.73,86.59,72.11
vegetation,UniK3D-vitl,100,calib_ro,60.74,86.59,67.22
vegetation,UniK3D-vitl,100,calib_shift,76.24,86.59,71.38
vegetation,UniK3D-vitl,100,calib_shift_ro,62.85,86.59,72.18
vegetation,UniK3D-vitl,100,mdecalib,0.0,86.59,
vegetation,UniK3D-vitl,100,mdecalib_ro,0.0,86.59,
vegetation,UniK3D-vitl,100,mdecalib_shift,0.0,86.59,
vegetation,UniK3D-vitl,100,mdecalib_shift_ro,0.0,86.59,
vegetation,UniK3D-vitl,100,sf,67.79,86.59,71.07
vegetation,UniK3D-vitl,100,sf_ro,53.58,86.59,76.6
vegetation,UniK3D-vitl,100,sf_shift,63.68,86.59,69.11
vegetation,UniK3D-vitl,100,sf_shift_ro,53.47,86.59,78.86
vegetation,UniK3D-vitl,500,calib,79.99,86.59,73.35
vegetation,UniK3D-vitl,500,calib_ro,60.98,86.59,67.3
vegetation,UniK3D-vitl,500,calib_shift,80.22,86.59,73.46
vegetation,UniK3D-vitl,500,calib_shift_ro,63.76,86.59,72.54
vegetation,UniK3D-vitl,500,mdecalib,0.0,86.59,
vegetation,UniK3D-vitl,500,mdecalib_ro,0.0,86.59,
vegetation,UniK3D-vitl,500,mdecalib_shift,0.0,86.59,
vegetation,UniK3D-vitl,500,mdecalib_shift_ro,0.0,86.59,
vegetation,UniK3D-vitl,500,sf,71.49,86.59,73.17
vegetation,UniK3D-vitl,500,sf_ro,53.79,86.59,77.02
vegetation,UniK3D-vitl,500,sf_shift,68.7,86.59,72.42
vegetation,UniK3D-vitl,500,sf_shift_ro,54.71,86.59,79.76
vegetation,UniK3D-vitl,1000,calib,80.72,86.59,73.73
vegetation,UniK3D-vitl,1000,calib_ro,61.05,86.59,67.29
vegetation,UniK3D-vitl,1000,calib_shift,81.12,86.59,73.9
vegetation,UniK3D-vitl,1000,calib_shift_ro,64.14,86.59,72.59
vegetation,UniK3D-vitl,1000,mdecalib,0.0,86.59,
vegetation,UniK3D-vitl,1000,mdecalib_ro,0.0,86.59,
vegetation,UniK3D-vitl,1000,mdecalib_shift,0.0,86.59,
vegetation,UniK3D-vitl,1000,mdecalib_shift_ro,0.0,86.59,
vegetation,UniK3D-vitl,1000,sf,72.25,86.59,73.71
vegetation,UniK3D-vitl,1000,sf_ro,53.99,86.59,77.07
vegetation,UniK3D-vitl,1000,sf_shift,69.98,86.59,73.26
vegetation,UniK3D-vitl,1000,sf_shift_ro,54.98,86.59,80.0
vegetation,UniK3DCalib-vitl,10,calib,68.91,92.77,67.25
vegetation,UniK3DCalib-vitl,10,calib_ro,58.36,92.77,66.63
vegetation,UniK3DCalib-vitl,10,calib_shift,63.72,92.77,62.19
vegetation,UniK3DCalib-vitl,10,calib_shift_ro,58.08,92.77,68.63
vegetation,UniK3DCalib-vitl,100,calib,76.61,92.77,71.92
vegetation,UniK3DCalib-vitl,100,calib_ro,60.1,92.77,67.51
vegetation,UniK3DCalib-vitl,100,calib_shift,76.34,92.77,71.48
vegetation,UniK3DCalib-vitl,100,calib_shift_ro,62.67,92.77,72.07
vegetation,UniK3DCalib-vitl,500,calib,79.2,92.77,73.38
vegetation,UniK3DCalib-vitl,500,calib_ro,60.3,92.77,67.66
vegetation,UniK3DCalib-vitl,500,calib_shift,79.51,92.77,73.36
vegetation,UniK3DCalib-vitl,500,calib_shift_ro,63.44,92.77,72.42
vegetation,UniK3DCalib-vitl,1000,calib,79.95,92.77,73.73
vegetation,UniK3DCalib-vitl,1000,calib_ro,60.3,92.77,67.64
vegetation,UniK3DCalib-vitl,1000,calib_shift,80.61,92.77,73.82
vegetation,UniK3DCalib-vitl,1000,calib_shift_ro,63.75,92.77,72.46
vegetation,VGGT-VGGT-1B,10,calib,52.44,265.7,58.98
vegetation,VGGT-VGGT-1B,10,calib_ro,39.46,265.7,53.91
vegetation,VGGT-VGGT-1B,10,calib_shift,49.2,265.7,52.92
vegetation,VGGT-VGGT-1B,10,calib_shift_ro,37.61,265.7,54.59
vegetation,VGGT-VGGT-1B,10,mdecalib,29.6,265.7,50.51
vegetation,VGGT-VGGT-1B,10,mdecalib_ro,23.35,265.7,50.68
vegetation,VGGT-VGGT-1B,10,mdecalib_shift,25.85,265.7,45.0
vegetation,VGGT-VGGT-1B,10,mdecalib_shift_ro,22.18,265.7,52.73
vegetation,VGGT-VGGT-1B,10,sf,40.74,265.7,52.76
vegetation,VGGT-VGGT-1B,10,sf_ro,32.83,265.7,59.64
vegetation,VGGT-VGGT-1B,10,sf_shift,32.78,265.7,42.84
vegetation,VGGT-VGGT-1B,10,sf_shift_ro,28.51,265.7,56.45
vegetation,VGGT-VGGT-1B,100,calib,64.71,265.7,67.44
vegetation,VGGT-VGGT-1B,100,calib_ro,41.04,265.7,55.56
vegetation,VGGT-VGGT-1B,100,calib_shift,65.96,265.7,66.89
vegetation,VGGT-VGGT-1B,100,calib_shift_ro,42.97,265.7,59.77
vegetation,VGGT-VGGT-1B,100,mdecalib,35.93,265.7,58.21
vegetation,VGGT-VGGT-1B,100,mdecalib_ro,24.36,265.7,52.52
vegetation,VGGT-VGGT-1B,100,mdecalib_shift,35.18,265.7,57.37
vegetation,VGGT-VGGT-1B,100,mdecalib_shift_ro,25.42,265.7,58.05
vegetation,VGGT-VGGT-1B,100,sf,53.41,265.7,65.6
vegetation,VGGT-VGGT-1B,100,sf_ro,36.13,265.7,64.37
vegetation,VGGT-VGGT-1B,100,sf_shift,50.27,265.7,62.8
vegetation,VGGT-VGGT-1B,100,sf_shift_ro,35.35,265.7,66.33
vegetation,VGGT-VGGT-1B,500,calib,69.72,265.7,70.59
vegetation,VGGT-VGGT-1B,500,calib_ro,41.48,265.7,55.72
vegetation,VGGT-VGGT-1B,500,calib_shift,72.52,265.7,70.66
vegetation,VGGT-VGGT-1B,500,calib_shift_ro,43.59,265.7,60.24
vegetation,VGGT-VGGT-1B,500,mdecalib,38.15,265.7,60.84
vegetation,VGGT-VGGT-1B,500,mdecalib_ro,24.46,265.7,52.61
vegetation,VGGT-VGGT-1B,500,mdecalib_shift,38.41,265.7,60.73
vegetation,VGGT-VGGT-1B,500,mdecalib_shift_ro,25.85,265.7,58.45
vegetation,VGGT-VGGT-1B,500,sf,58.62,265.7,69.58
vegetation,VGGT-VGGT-1B,500,sf_ro,36.37,265.7,64.99
vegetation,VGGT-VGGT-1B,500,sf_shift,56.53,265.7,68.23
vegetation,VGGT-VGGT-1B,500,sf_shift_ro,36.18,265.7,67.49
vegetation,VGGT-VGGT-1B,1000,calib,71.34,265.7,71.52
vegetation,VGGT-VGGT-1B,1000,calib_ro,41.55,265.7,55.71
vegetation,VGGT-VGGT-1B,1000,calib_shift,74.92,265.7,71.78
vegetation,VGGT-VGGT-1B,1000,calib_shift_ro,43.99,265.7,60.3
vegetation,VGGT-VGGT-1B,1000,mdecalib,38.99,265.7,61.68
vegetation,VGGT-VGGT-1B,1000,mdecalib_ro,24.53,265.7,52.59
vegetation,VGGT-VGGT-1B,1000,mdecalib_shift,39.39,265.7,61.81
vegetation,VGGT-VGGT-1B,1000,mdecalib_shift_ro,25.92,265.7,58.48
vegetation,VGGT-VGGT-1B,1000,sf,60.21,265.7,70.7
vegetation,VGGT-VGGT-1B,1000,sf_ro,36.35,265.7,65.14
vegetation,VGGT-VGGT-1B,1000,sf_shift,58.64,265.7,69.81
vegetation,VGGT-VGGT-1B,1000,sf_shift_ro,36.22,265.7,67.76
vegetation,gt,10,calib,94.11,0.0,76.69
vegetation,gt,10,calib_ro,97.69,0.0,99.08
vegetation,gt,10,calib_shift,93.0,0.0,76.72
vegetation,gt,10,calib_shift_ro,97.29,0.0,99.09
vegetation,gt,10,mdecalib,0.0,0.0,
vegetation,gt,10,mdecalib_ro,0.0,0.0,
vegetation,gt,10,mdecalib_shift,0.0,0.0,
vegetation,gt,10,mdecalib_shift_ro,0.0,0.0,
vegetation,gt,10,sf,91.93,0.0,77.04
vegetation,gt,10,sf_ro,96.7,0.0,99.11
vegetation,gt,10,sf_shift,90.36,0.0,76.74
vegetation,gt,10,sf_shift_ro,95.91,0.0,98.75
vegetation,gt,100,calib,94.85,0.0,77.07
vegetation,gt,100,calib_ro,97.69,0.0,99.08
vegetation,gt,100,calib_shift,94.15,0.0,77.18
vegetation,gt,100,calib_shift_ro,97.29,0.0,99.09
vegetation,gt,100,mdecalib,0.0,0.0,
vegetation,gt,100,mdecalib_ro,0.0,0.0,
vegetation,gt,100,mdecalib_shift,0.0,0.0,
vegetation,gt,100,mdecalib_shift_ro,0.0,0.0,
vegetation,gt,100,sf,92.4,0.0,77.45
vegetation,gt,100,sf_ro,96.69,0.0,99.11
vegetation,gt,100,sf_shift,91.9,0.0,77.47
vegetation,gt,100,sf_shift_ro,95.92,0.0,98.76
vegetation,gt,500,calib,94.55,0.0,77.15
vegetation,gt,500,calib_ro,97.69,0.0,99.08
vegetation,gt,500,calib_shift,93.95,0.0,77.26
vegetation,gt,500,calib_shift_ro,97.29,0.0,99.09
vegetation,gt,500,mdecalib,0.0,0.0,
vegetation,gt,500,mdecalib_ro,0.0,0.0,
vegetation,gt,500,mdecalib_shift,0.0,0.0,
vegetation,gt,500,mdecalib_shift_ro,0.0,0.0,
vegetation,gt,500,sf,92.09,0.0,77.55
vegetation,gt,500,sf_ro,96.69,0.0,99.11
vegetation,gt,500,sf_shift,91.55,0.0,77.63
vegetation,gt,500,sf_shift_ro,95.92,0.0,98.76
vegetation,gt,1000,calib,94.53,0.0,77.18
vegetation,gt,1000,calib_ro,97.69,0.0,99.08
vegetation,gt,1000,calib_shift,93.87,0.0,77.27
vegetation,gt,1000,calib_shift_ro,97.29,0.0,99.09
vegetation,gt,1000,mdecalib,0.0,0.0,
vegetation,gt,1000,mdecalib_ro,0.0,0.0,
vegetation,gt,1000,mdecalib_shift,0.0,0.0,
vegetation,gt,1000,mdecalib_shift_ro,0.0,0.0,
vegetation,gt,1000,sf,92.05,0.0,77.58
vegetation,gt,1000,sf_ro,96.69,0.0,99.11
vegetation,gt,1000,sf_shift,91.47,0.0,77.66
vegetation,gt,1000,sf_shift_ro,95.92,0.0,98.76
vegetation,none,10,baseline_calib,76.43,0.0,71.05
vegetation,none,10,baseline_sf,60.77,0.0,67.32
vegetation,none,100,baseline_calib,84.57,0.0,74.97
vegetation,none,100,baseline_sf,73.1,0.0,74.98
vegetation,none,500,baseline_calib,85.96,0.0,75.43
vegetation,none,500,baseline_sf,75.78,0.0,75.92
vegetation,none,1000,baseline_calib,86.31,0.0,75.5
vegetation,none,1000,baseline_sf,76.09,0.0,76.05
