dataset,mde,iters,solver,pose_mAA_10,mean_mde_runtime,mean_inliers
statues,3DGS,10,calib,73.69,0.0,68.49
statues,3DGS,10,calib_ro,76.58,0.0,61.0
statues,3DGS,10,calib_shift,69.18,0.0,65.18
statues,3DGS,10,calib_shift_ro,70.55,0.0,60.47
statues,3DGS,10,mdecalib,0.0,0.0,
statues,3DGS,10,mdecalib_ro,0.0,0.0,
statues,3DGS,10,mdecalib_shift,0.0,0.0,
statues,3DGS,10,mdecalib_shift_ro,0.0,0.0,
statues,3DGS,10,sf,69.09,0.0,66.32
statues,3DGS,10,sf_ro,73.42,0.0,69.47
statues,3DGS,10,sf_shift,57.67,0.0,57.54
statues,3DGS,10,sf_shift_ro,61.75,0.0,64.37
statues,3DGS,100,calib,79.0,0.0,71.45
statues,3DGS,100,calib_ro,78.68,0.0,61.87
statues,3DGS,100,calib_shift,76.33,0.0,70.53
statues,3DGS,100,calib_shift_ro,74.6,0.0,62.77
statues,3DGS,100,mdecalib,0.0,0.0,
statues,3DGS,100,mdecalib_ro,0.0,0.0,
statues,3DGS,100,mdecalib_shift,0.0,0.0,
statues,3DGS,100,mdecalib_shift_ro,0.0,0.0,
statues,3DGS,100,sf,75.84,0.0,71.24
statues,3DGS,100,sf_ro,75.96,0.0,71.13
statues,3DGS,100,sf_shift,69.65,0.0,68.83
statues,3DGS,100,sf_shift_ro,70.03,0.0,70.83
statues,3DGS,500,calib,80.16,0.0,72.06
statues,3DGS,500,calib_ro,79.28,0.0,61.88
statues,3DGS,500,calib_shift,78.54,0.0,71.6
statues,3DGS,500,calib_shift_ro,75.52,0.0,62.92
statues,3DGS,500,mdecalib,0.0,0.0,
statues,3DGS,500,mdecalib_ro,0.0,0.0,
statues,3DGS,500,mdecalib_shift,0.0,0.0,
statues,3DGS,500,mdecalib_shift_ro,0.0,0.0,
statues,3DGS,500,sf,77.2,0.0,72.16
statues,3DGS,500,sf_ro,76.12,0.0,71.23
statues,3DGS,500,sf_shift,72.8,0.0,70.93
statues,3DGS,500,sf_shift_ro,71.65,0.0,71.59
statues,3DGS,1000,calib,80.48,0.0,72.2
statues,3DGS,1000,calib_ro,79.38,0.0,61.9
statues,3DGS,1000,calib_shift,78.97,0.0,71.81
statues,3DGS,1000,calib_shift_ro,75.71,0.0,62.93
statues,3DGS,1000,mdecalib,0.0,0.0,
statues,3DGS,1000,mdecalib_ro,0.0,0.0,
statues,3DGS,1000,mdecalib_shift,0.0,0.0,
statues,3DGS,1000,mdecalib_shift_ro,0.0,0.0,
statues,3DGS,1000,sf,77.65,0.0,72.39
statues,3DGS,1000,sf_ro,75.93,0.0,71.24
statues,3DGS,1000,sf_shift,73.19,0.0,71.42
statues,3DGS,1000,sf_shift_ro,72.07,0.0,71.75
statues,DepthAnythingV2-vitb,10,calib,36.59,99.84,53.98
statues,DepthAnythingV2-vitb,10,calib_ro,23.3,99.84,43.87
statues,DepthAnythingV2-vitb,10,calib_shift,59.98,99.84,62.65
statues,DepthAnythingV2-vitb,10,calib_shift_ro,44.64,99.84,52.73
statues,DepthAnythingV2-vitb,10,mdecalib,0.0,99.84,
statues,DepthAnythingV2-vitb,10,mdecalib_ro,0.0,99.84,
statues,DepthAnythingV2-vitb,10,mdecalib_shift,0.0,99.84,
statues,DepthAnythingV2-vitb,10,mdecalib_shift_ro,0.0,99.84,
statues,DepthAnythingV2-vitb,10,sf,36.12,99.84,53.95
statues,DepthAnythingV2-vitb,10,sf_ro,28.09,99.84,55.93
statues,DepthAnythingV2-vitb,10,sf_shift,43.8,99.84,54.17
statues,DepthAnythingV2-vitb,10,sf_shift_ro,35.85,99.84,58.9
statues,DepthAnythingV2-vitb,100,calib,43.39,99.84,61.89
statues,DepthAnythingV2-vitb,100,calib_ro,24.43,99.84,45.39
statues,DepthAnythingV2-vitb,100,calib_shift,67.84,99.84,69.17
statues,DepthAnythingV2-vitb,100,calib_shift_ro,47.48,99.84,55.72
statues,DepthAnythingV2-vitb,100,mdecalib,0.0,99.84,
statues,DepthAnythingV2-vitb,100,mdecalib_ro,0.0,99.84,
statues,DepthAnythingV2-vitb,100,mdecalib_shift,0.0,99.84,
statues,DepthAnythingV2-vitb,100,mdecalib_shift_ro,0.0,99.84,
statues,DepthAnythingV2-vitb,100,sf,40.84,99.84,62.58
statues,DepthAnythingV2-vitb,100,sf_ro,30.0,99.84,59.21
statues,DepthAnythingV2-vitb,100,sf_shift,54.91,99.84,66.88
statues,DepthAnythingV2-vitb,100,sf_shift_ro,42.68,99.84,65.26
statues,DepthAnythingV2-vitb,500,calib,47.05,99.84,65.95
statues,DepthAnythingV2-vitb,500,calib_ro,24.6,99.84,45.6
statues,DepthAnythingV2-vitb,500,calib_shift,70.58,99.84,70.75
statues,DepthAnythingV2-vitb,500,calib_shift_ro,48.52,99.84,56.03
statues,DepthAnythingV2-vitb,500,mdecalib,0.0,99.84,
statues,DepthAnythingV2-vitb,500,mdecalib_ro,0.0,99.84,
statues,DepthAnythingV2-vitb,500,mdecalib_shift,0.0,99.84,
statues,DepthAnythingV2-vitb,500,mdecalib_shift_ro,0.0,99.84,
statues,DepthAnythingV2-vitb,500,sf,42.21,99.84,65.92
statues,DepthAnythingV2-vitb,500,sf_ro,30.13,99.84,59.77
statues,DepthAnythingV2-vitb,500,sf_shift,57.67,99.84,69.54
statues,DepthAnythingV2-vitb,500,sf_shift_ro,43.77,99.84,66.16
statues,DepthAnythingV2-vitb,1000,calib,48.36,99.84,67.33
statues,DepthAnythingV2-vitb,1000,calib_ro,24.63,99.84,45.66
statues,DepthAnythingV2-vitb,1000,calib_shift,71.54,99.84,71.18
statues,DepthAnythingV2-vitb,1000,calib_shift_ro,48.76,99.84,56.02
statues,DepthAnythingV2-vitb,1000,mdecalib,0.0,99.84,
statues,DepthAnythingV2-vitb,1000,mdecalib_ro,0.0,99.84,
statues,DepthAnythingV2-vitb,1000,mdecalib_shift,0.0,99.84,
statues,DepthAnythingV2-vitb,1000,mdecalib_shift_ro,0.0,99.84,
statues,DepthAnythingV2-vitb,1000,sf,42.58,99.84,66.79
statues,DepthAnythingV2-vitb,1000,sf_ro,30.33,99.84,60.02
statues,DepthAnythingV2-vitb,1000,sf_shift,58.68,99.84,70.29
statues,DepthAnythingV2-vitb,1000,sf_shift_ro,44.09,99.84,66.42
statues,DepthAnythingV2-vitl,10,calib,9.87,179.96,17.06
statues,DepthAnythingV2-vitl,10,calib_ro,24.22,179.96,44.16
statues,DepthAnythingV2-vitl,10,calib_shift,40.51,179.96,37.24
statues,DepthAnythingV2-vitl,10,calib_shift_ro,45.75,179.96,53.25
statues,DepthAnythingV2-vitl,10,mdecalib,0.0,179.96,
statues,DepthAnythingV2-vitl,10,mdecalib_ro,0.0,179.96,
statues,DepthAnythingV2-vitl,10,mdecalib_shift,0.0,179.96,
statues,DepthAnythingV2-vitl,10,mdecalib_shift_ro,0.0,179.96,
statues,DepthAnythingV2-vitl,10,sf,36.7,179.96,53.93
statues,DepthAnythingV2-vitl,10,sf_ro,29.51,179.96,56.17
statues,DepthAnythingV2-vitl,10,sf_shift,44.94,179.96,54.01
statues,DepthAnythingV2-vitl,10,sf_shift_ro,36.84,179.96,58.7
statues,DepthAnythingV2-vitl,100,calib,11.51,179.96,20.35
statues,DepthAnythingV2-vitl,100,calib_ro,25.54,179.96,45.81
statues,DepthAnythingV2-vitl,100,calib_shift,56.56,179.96,53.68
statues,DepthAnythingV2-vitl,100,calib_shift_ro,49.08,179.96,56.0
statues,DepthAnythingV2-vitl,100,mdecalib,0.0,179.96,
statues,DepthAnythingV2-vitl,100,mdecalib_ro,0.0,179.96,
statues,DepthAnythingV2-vitl,100,mdecalib_shift,0.0,179.96,
statues,DepthAnythingV2-vitl,100,mdecalib_shift_ro,0.0,179.96,
statues,DepthAnythingV2-vitl,100,sf,41.43,179.96,62.65
statues,DepthAnythingV2-vitl,100,sf_ro,31.27,179.96,59.62
statues,DepthAnythingV2-vitl,100,sf_shift,55.29,179.96,66.45
statues,DepthAnythingV2-vitl,100,sf_shift_ro,43.75,179.96,65.46
statues,DepthAnythingV2-vitl,500,calib,12.91,179.96,23.09
statues,DepthAnythingV2-vitl,500,calib_ro,25.74,179.96,46.01
statues,DepthAnythingV2-vitl,500,calib_shift,63.18,179.96,60.91
statues,DepthAnythingV2-vitl,500,calib_shift_ro,49.69,179.96,56.3
statues,DepthAnythingV2-vitl,500,mdecalib,0.0,179.96,
statues,DepthAnythingV2-vitl,500,mdecalib_ro,0.0,179.96,
statues,DepthAnythingV2-vitl,500,mdecalib_shift,0.0,179.96,
statues,DepthAnythingV2-vitl,500,mdecalib_shift_ro,0.0,179.96,
statues,DepthAnythingV2-vitl,500,sf,43.26,179.96,65.83
statues,DepthAnythingV2-vitl,500,sf_ro,31.42,179.96,60.25
statues,DepthAnythingV2-vitl,500,sf_shift,58.27,179.96,69.6
statues,DepthAnythingV2-vitl,500,sf_shift_ro,45.19,179.96,66.45
statues,DepthAnythingV2-vitl,1000,calib,14.18,179.96,24.53
statues,DepthAnythingV2-vitl,1000,calib_ro,25.78,179.96,46.0
statues,DepthAnythingV2-vitl,1000,calib_shift,65.0,179.96,63.07
statues,DepthAnythingV2-vitl,1000,calib_shift_ro,50.04,179.96,56.29
statues,DepthAnythingV2-vitl,1000,mdecalib,0.0,179.96,
statues,DepthAnythingV2-vitl,1000,mdecalib_ro,0.0,179.96,
statues,DepthAnythingV2-vitl,1000,mdecalib_shift,0.0,179.96,
statues,DepthAnythingV2-vitl,1000,mdecalib_shift_ro,0.0,179.96,
statues,DepthAnythingV2-vitl,1000,sf,43.72,179.96,66.81
statues,DepthAnythingV2-vitl,1000,sf_ro,31.37,179.96,60.47
statues,DepthAnythingV2-vitl,1000,sf_shift,58.95,179.96,70.26
statues,DepthAnythingV2-vitl,1000,sf_shift_ro,45.52,179.96,66.64
statues,DepthAnythingV2-vits,10,calib,37.13,63.04,54.14
statues,DepthAnythingV2-vits,10,calib_ro,23.31,63.04,42.82
statues,DepthAnythingV2-vits,10,calib_shift,57.82,63.04,61.48
statues,DepthAnythingV2-vits,10,calib_shift_ro,41.92,63.04,50.06
statues,DepthAnythingV2-vits,10,mdecalib,0.0,63.04,
statues,DepthAnythingV2-vits,10,mdecalib_ro,0.0,63.04,
statues,DepthAnythingV2-vits,10,mdecalib_shift,0.0,63.04,
statues,DepthAnythingV2-vits,10,mdecalib_shift_ro,0.0,63.04,
statues,DepthAnythingV2-vits,10,sf,35.55,63.04,53.16
statues,DepthAnythingV2-vits,10,sf_ro,27.27,63.04,54.15
statues,DepthAnythingV2-vits,10,sf_shift,41.51,63.04,52.14
statues,DepthAnythingV2-vits,10,sf_shift_ro,32.68,63.04,55.68
statues,DepthAnythingV2-vits,100,calib,44.4,63.04,62.41
statues,DepthAnythingV2-vits,100,calib_ro,24.36,63.04,44.4
statues,DepthAnythingV2-vits,100,calib_shift,66.86,63.04,69.0
statues,DepthAnythingV2-vits,100,calib_shift_ro,45.43,63.04,53.12
statues,DepthAnythingV2-vits,100,mdecalib,0.0,63.04,
statues,DepthAnythingV2-vits,100,mdecalib_ro,0.0,63.04,
statues,DepthAnythingV2-vits,100,mdecalib_shift,0.0,63.04,
statues,DepthAnythingV2-vits,100,mdecalib_shift_ro,0.0,63.04,
statues,DepthAnythingV2-vits,100,sf,40.69,63.04,62.89
statues,DepthAnythingV2-vits,100,sf_ro,29.06,63.04,57.66
statues,DepthAnythingV2-vits,100,sf_shift,52.67,63.04,66.08
statues,DepthAnythingV2-vits,100,sf_shift_ro,38.7,63.04,63.02
statues,DepthAnythingV2-vits,500,calib,48.31,63.04,66.46
statues,DepthAnythingV2-vits,500,calib_ro,24.72,63.04,44.57
statues,DepthAnythingV2-vits,500,calib_shift,70.34,63.04,70.59
statues,DepthAnythingV2-vits,500,calib_shift_ro,46.1,63.04,53.5
statues,DepthAnythingV2-vits,500,mdecalib,0.0,63.04,
statues,DepthAnythingV2-vits,500,mdecalib_ro,0.0,63.04,
statues,DepthAnythingV2-vits,500,mdecalib_shift,0.0,63.04,
statues,DepthAnythingV2-vits,500,mdecalib_shift_ro,0.0,63.04,
statues,DepthAnythingV2-vits,500,sf,42.45,63.04,66.06
statues,DepthAnythingV2-vits,500,sf_ro,29.16,63.04,58.47
statues,DepthAnythingV2-vits,500,sf_shift,56.17,63.04,69.24
statues,DepthAnythingV2-vits,500,sf_shift_ro,40.36,63.04,64.04
statues,DepthAnythingV2-vits,1000,calib,49.99,63.04,68.0
statues,DepthAnythingV2-vits,1000,calib_ro,24.78,63.04,44.57
statues,DepthAnythingV2-vits,1000,calib_shift,71.49,63.04,71.05
statues,DepthAnythingV2-vits,1000,calib_shift_ro,46.55,63.04,53.54
statues,DepthAnythingV2-vits,1000,mdecalib,0.0,63.04,
statues,DepthAnythingV2-vits,1000,mdecalib_ro,0.0,63.04,
statues,DepthAnythingV2-vits,1000,mdecalib_shift,0.0,63.04,
statues,DepthAnythingV2-vits,1000,mdecalib_shift_ro,0.0,63.04,
statues,DepthAnythingV2-vits,1000,sf,43.1,63.04,66.96
statues,DepthAnythingV2-vits,1000,sf_ro,29.3,63.04,58.66
statues,DepthAnythingV2-vits,1000,sf_shift,57.13,63.04,70.04
statues,DepthAnythingV2-vits,1000,sf_shift_ro,40.66,63.04,64.36
statues,DepthAnythingV3-DA3METRIC-LARGE,10,calib,59.63,62.5,63.42
statues,DepthAnythingV3-DA3METRIC-LARGE,10,calib_ro,48.64,62.5,51.51
statues,DepthAnythingV3-DA3METRIC-LARGE,10,calib_shift,63.3,62.5,63.02
statues,DepthAnythingV3-DA3METRIC-LARGE,10,calib_shift_ro,53.1,62.5,56.19
statues,DepthAnythingV3-DA3METRIC-LARGE,10,mdecalib,0.0,62.5,
statues,DepthAnythingV3-DA3METRIC-LARGE,10,mdecalib_ro,0.0,62.5,
statues,DepthAnythingV3-DA3METRIC-LARGE,10,mdecalib_shift,0.0,62.5,
statues,DepthAnythingV3-DA3METRIC-LARGE,10,mdecalib_shift_ro,0.0,62.5,
statues,DepthAnythingV3-DA3METRIC-LARGE,10,sf,54.73,62.5,62.02
statues,DepthAnythingV3-DA3METRIC-LARGE,10,sf_ro,45.91,62.5,61.24
statues,DepthAnythingV3-DA3METRIC-LARGE,10,sf_shift,49.3,62.5,55.98
statues,DepthAnythingV3-DA3METRIC-LARGE,10,sf_shift_ro,45.48,62.5,61.43
statues,DepthAnythingV3-DA3METRIC-LARGE,100,calib,66.31,62.5,68.5
statues,DepthAnythingV3-DA3METRIC-LARGE,100,calib_ro,50.6,62.5,53.04
statues,DepthAnythingV3-DA3METRIC-LARGE,100,calib_shift,70.73,62.5,69.12
statues,DepthAnythingV3-DA3METRIC-LARGE,100,calib_shift_ro,56.55,62.5,58.77
statues,DepthAnythingV3-DA3METRIC-LARGE,100,mdecalib,0.0,62.5,
statues,DepthAnythingV3-DA3METRIC-LARGE,100,mdecalib_ro,0.0,62.5,
statues,DepthAnythingV3-DA3METRIC-LARGE,100,mdecalib_shift,0.0,62.5,
statues,DepthAnythingV3-DA3METRIC-LARGE,100,mdecalib_shift_ro,0.0,62.5,
statues,DepthAnythingV3-DA3METRIC-LARGE,100,sf,60.43,62.5,68.44
statues,DepthAnythingV3-DA3METRIC-LARGE,100,sf_ro,48.4,62.5,63.79
statues,DepthAnythingV3-DA3METRIC-LARGE,100,sf_shift,59.56,62.5,67.23
statues,DepthAnythingV3-DA3METRIC-LARGE,100,sf_shift_ro,51.51,62.5,66.96
statues,DepthAnythingV3-DA3METRIC-LARGE,500,calib,68.72,62.5,70.21
statues,DepthAnythingV3-DA3METRIC-LARGE,500,calib_ro,50.7,62.5,53.29
statues,DepthAnythingV3-DA3METRIC-LARGE,500,calib_shift,73.09,62.5,70.62
statues,DepthAnythingV3-DA3METRIC-LARGE,500,calib_shift_ro,57.58,62.5,58.93
statues,DepthAnythingV3-DA3METRIC-LARGE,500,mdecalib,0.0,62.5,
statues,DepthAnythingV3-DA3METRIC-LARGE,500,mdecalib_ro,0.0,62.5,
statues,DepthAnythingV3-DA3METRIC-LARGE,500,mdecalib_shift,0.0,62.5,
statues,DepthAnythingV3-DA3METRIC-LARGE,500,mdecalib_shift_ro,0.0,62.5,
statues,DepthAnythingV3-DA3METRIC-LARGE,500,sf,62.08,62.5,70.07
statues,DepthAnythingV3-DA3METRIC-LARGE,500,sf_ro,48.59,62.5,64.18
statues,DepthAnythingV3-DA3METRIC-LARGE,500,sf_shift,62.28,62.5,69.69
statues,DepthAnythingV3-DA3METRIC-LARGE,500,sf_shift_ro,52.06,62.5,67.51
statues,DepthAnythingV3-DA3METRIC-LARGE,1000,calib,69.24,62.5,70.63
statues,DepthAnythingV3-DA3METRIC-LARGE,1000,calib_ro,50.75,62.5,53.32
statues,DepthAnythingV3-DA3METRIC-LARGE,1000,calib_shift,73.96,62.5,70.98
statues,DepthAnythingV3-DA3METRIC-LARGE,1000,calib_shift_ro,57.83,62.5,58.99
statues,DepthAnythingV3-DA3METRIC-LARGE,1000,mdecalib,0.0,62.5,
statues,DepthAnythingV3-DA3METRIC-LARGE,1000,mdecalib_ro,0.0,62.5,
statues,DepthAnythingV3-DA3METRIC-LARGE,1000,mdecalib_shift,0.0,62.5,
statues,DepthAnythingV3-DA3METRIC-LARGE,1000,mdecalib_shift_ro,0.0,62.5,
statues,DepthAnythingV3-DA3METRIC-LARGE,1000,sf,62.71,62.5,70.56
statues,DepthAnythingV3-DA3METRIC-LARGE,1000,sf_ro,48.79,62.5,64.29
statues,DepthAnythingV3-DA3METRIC-LARGE,1000,sf_shift,63.25,62.5,70.34
statues,DepthAnythingV3-DA3METRIC-LARGE,1000,sf_shift_ro,52.46,62.5,67.66
statues,DepthAnythingV3-DA3MONO-LARGE,10,calib,39.9,66.75,55.9
statues,DepthAnythingV3-DA3MONO-LARGE,10,calib_ro,25.9,66.75,43.18
statues,DepthAnythingV3-DA3MONO-LARGE,10,calib_shift,65.11,66.75,64.38
statues,DepthAnythingV3-DA3MONO-LARGE,10,calib_shift_ro,59.82,66.75,60.17
statues,DepthAnythingV3-DA3MONO-LARGE,10,mdecalib,0.0,66.75,
statues,DepthAnythingV3-DA3MONO-LARGE,10,mdecalib_ro,0.0,66.75,
statues,DepthAnythingV3-DA3MONO-LARGE,10,mdecalib_shift,0.0,66.75,
statues,DepthAnythingV3-DA3MONO-LARGE,10,mdecalib_shift_ro,0.0,66.75,
statues,DepthAnythingV3-DA3MONO-LARGE,10,sf,38.71,66.75,56.07
statues,DepthAnythingV3-DA3MONO-LARGE,10,sf_ro,30.8,66.75,55.38
statues,DepthAnythingV3-DA3MONO-LARGE,10,sf_shift,53.76,66.75,57.16
statues,DepthAnythingV3-DA3MONO-LARGE,10,sf_shift_ro,52.95,66.75,65.17
statues,DepthAnythingV3-DA3MONO-LARGE,100,calib,47.25,66.75,63.48
statues,DepthAnythingV3-DA3MONO-LARGE,100,calib_ro,27.74,66.75,44.98
statues,DepthAnythingV3-DA3MONO-LARGE,100,calib_shift,72.35,66.75,69.57
statues,DepthAnythingV3-DA3MONO-LARGE,100,calib_shift_ro,62.69,66.75,62.27
statues,DepthAnythingV3-DA3MONO-LARGE,100,mdecalib,0.0,66.75,
statues,DepthAnythingV3-DA3MONO-LARGE,100,mdecalib_ro,0.0,66.75,
statues,DepthAnythingV3-DA3MONO-LARGE,100,mdecalib_shift,0.0,66.75,
statues,DepthAnythingV3-DA3MONO-LARGE,100,mdecalib_shift_ro,0.0,66.75,
statues,DepthAnythingV3-DA3MONO-LARGE,100,sf,44.02,66.75,63.97
statues,DepthAnythingV3-DA3MONO-LARGE,100,sf_ro,32.95,66.75,57.9
statues,DepthAnythingV3-DA3MONO-LARGE,100,sf_shift,63.07,66.75,67.94
statues,DepthAnythingV3-DA3MONO-LARGE,100,sf_shift_ro,58.76,66.75,70.01
statues,DepthAnythingV3-DA3MONO-LARGE,500,calib,50.88,66.75,67.06
statues,DepthAnythingV3-DA3MONO-LARGE,500,calib_ro,27.86,66.75,45.14
statues,DepthAnythingV3-DA3MONO-LARGE,500,calib_shift,74.51,66.75,70.8
statues,DepthAnythingV3-DA3MONO-LARGE,500,calib_shift_ro,63.34,66.75,62.4
statues,DepthAnythingV3-DA3MONO-LARGE,500,mdecalib,0.0,66.75,
statues,DepthAnythingV3-DA3MONO-LARGE,500,mdecalib_ro,0.0,66.75,
statues,DepthAnythingV3-DA3MONO-LARGE,500,mdecalib_shift,0.0,66.75,
statues,DepthAnythingV3-DA3MONO-LARGE,500,mdecalib_shift_ro,0.0,66.75,
statues,DepthAnythingV3-DA3MONO-LARGE,500,sf,45.84,66.75,66.92
statues,DepthAnythingV3-DA3MONO-LARGE,500,sf_ro,32.94,66.75,58.3
statues,DepthAnythingV3-DA3MONO-LARGE,500,sf_shift,65.47,66.75,70.19
statues,DepthAnythingV3-DA3MONO-LARGE,500,sf_shift_ro,59.61,66.75,70.52
statues,DepthAnythingV3-DA3MONO-LARGE,1000,calib,52.14,66.75,68.18
statues,DepthAnythingV3-DA3MONO-LARGE,1000,calib_ro,27.94,66.75,45.14
statues,DepthAnythingV3-DA3MONO-LARGE,1000,calib_shift,75.1,66.75,71.15
statues,DepthAnythingV3-DA3MONO-LARGE,1000,calib_shift_ro,63.39,66.75,62.4
statues,DepthAnythingV3-DA3MONO-LARGE,1000,mdecalib,0.0,66.75,
statues,DepthAnythingV3-DA3MONO-LARGE,1000,mdecalib_ro,0.0,66.75,
statues,DepthAnythingV3-DA3MONO-LARGE,1000,mdecalib_shift,0.0,66.75,
statues,DepthAnythingV3-DA3MONO-LARGE,1000,mdecalib_shift_ro,0.0,66.75,
statues,DepthAnythingV3-DA3MONO-LARGE,1000,sf,46.57,66.75,67.88
statues,DepthAnythingV3-DA3MONO-LARGE,1000,sf_ro,32.94,66.75,58.41
statues,DepthAnythingV3-DA3MONO-LARGE,1000,sf_shift,66.14,66.75,70.72
statues,DepthAnythingV3-DA3MONO-LARGE,1000,sf_shift_ro,59.84,66.75,70.68
statues,DepthAnythingV3Calib-DA3METRIC-LARGE,10,calib,59.63,65.55,63.43
statues,DepthAnythingV3Calib-DA3METRIC-LARGE,10,calib_ro,48.65,65.55,51.52
statues,DepthAnythingV3Calib-DA3METRIC-LARGE,10,calib_shift,63.32,65.55,63.03
statues,DepthAnythingV3Calib-DA3METRIC-LARGE,10,calib_shift_ro,53.12,65.55,56.19
statues,DepthAnythingV3Calib-DA3METRIC-LARGE,100,calib,66.31,65.55,68.5
statues,DepthAnythingV3Calib-DA3METRIC-LARGE,100,calib_ro,50.59,65.55,53.04
statues,DepthAnythingV3Calib-DA3METRIC-LARGE,100,calib_shift,70.72,65.55,69.12
statues,DepthAnythingV3Calib-DA3METRIC-LARGE,100,calib_shift_ro,56.57,65.55,58.76
statues,DepthAnythingV3Calib-DA3METRIC-LARGE,500,calib,68.73,65.55,70.22
statues,DepthAnythingV3Calib-DA3METRIC-LARGE,500,calib_ro,50.69,65.55,53.29
statues,DepthAnythingV3Calib-DA3METRIC-LARGE,500,calib_shift,73.1,65.55,70.62
statues,DepthAnythingV3Calib-DA3METRIC-LARGE,500,calib_shift_ro,57.57,65.55,58.93
statues,DepthAnythingV3Calib-DA3METRIC-LARGE,1000,calib,69.24,65.55,70.63
statues,DepthAnythingV3Calib-DA3METRIC-LARGE,1000,calib_ro,50.74,65.55,53.32
statues,DepthAnythingV3Calib-DA3METRIC-LARGE,1000,calib_shift,73.96,65.55,70.99
statues,DepthAnythingV3Calib-DA3METRIC-LARGE,1000,calib_shift_ro,57.83,65.55,58.99
statues,DepthAnythingV3Calib-DA3MONO-LARGE,10,calib,39.9,67.11,55.9
statues,DepthAnythingV3Calib-DA3MONO-LARGE,10,calib_ro,25.89,67.11,43.18
statues,DepthAnythingV3Calib-DA3MONO-LARGE,10,calib_shift,65.16,67.11,64.38
statues,DepthAnythingV3Calib-DA3MONO-LARGE,10,calib_shift_ro,59.83,67.11,60.17
statues,DepthAnythingV3Calib-DA3MONO-LARGE,100,calib,47.25,67.11,63.48
statues,DepthAnythingV3Calib-DA3MONO-LARGE,100,calib_ro,27.72,67.11,44.98
statues,DepthAnythingV3Calib-DA3MONO-LARGE,100,calib_shift,72.35,67.11,69.57
statues,DepthAnythingV3Calib-DA3MONO-LARGE,100,calib_shift_ro,62.66,67.11,62.27
statues,DepthAnythingV3Calib-DA3MONO-LARGE,500,calib,50.88,67.11,67.07
statues,DepthAnythingV3Calib-DA3MONO-LARGE,500,calib_ro,27.86,67.11,45.14
statues,DepthAnythingV3Calib-DA3MONO-LARGE,500,calib_shift,74.5,67.11,70.8
statues,DepthAnythingV3Calib-DA3MONO-LARGE,500,calib_shift_ro,63.34,67.11,62.4
statues,DepthAnythingV3Calib-DA3MONO-LARGE,1000,calib,52.14,67.11,68.18
statues,DepthAnythingV3Calib-DA3MONO-LARGE,1000,calib_ro,27.94,67.11,45.14
statues,DepthAnythingV3Calib-DA3MONO-LARGE,1000,calib_shift,75.09,67.11,71.15
statues,DepthAnythingV3Calib-DA3MONO-LARGE,1000,calib_shift_ro,63.39,67.11,62.4
statues,DepthPro-vitl,10,calib,61.0,222.64,64.27
statues,DepthPro-vitl,10,calib_ro,51.58,222.64,53.94
statues,DepthPro-vitl,10,calib_shift,65.25,222.64,64.08
statues,DepthPro-vitl,10,calib_shift_ro,57.94,222.64,58.48
statues,DepthPro-vitl,10,mdecalib,21.45,222.64,48.47
statues,DepthPro-vitl,10,mdecalib_ro,21.03,222.64,49.5
statues,DepthPro-vitl,10,mdecalib_shift,22.11,222.64,49.29
statues,DepthPro-vitl,10,mdecalib_shift_ro,22.64,222.64,54.03
statues,DepthPro-vitl,10,sf,55.72,222.64,62.67
statues,DepthPro-vitl,10,sf_ro,49.51,222.64,63.82
statues,DepthPro-vitl,10,sf_shift,51.55,222.64,56.24
statues,DepthPro-vitl,10,sf_shift_ro,48.08,222.64,63.17
statues,DepthPro-vitl,100,calib,66.18,222.64,68.66
statues,DepthPro-vitl,100,calib_ro,53.86,222.64,55.27
statues,DepthPro-vitl,100,calib_shift,72.12,222.64,69.62
statues,DepthPro-vitl,100,calib_shift_ro,60.7,222.64,60.82
statues,DepthPro-vitl,100,mdecalib,24.25,222.64,53.88
statues,DepthPro-vitl,100,mdecalib_ro,22.18,222.64,51.0
statues,DepthPro-vitl,100,mdecalib_shift,25.34,222.64,55.18
statues,DepthPro-vitl,100,mdecalib_shift_ro,23.96,222.64,56.75
statues,DepthPro-vitl,100,sf,62.37,222.64,69.12
statues,DepthPro-vitl,100,sf_ro,52.0,222.64,66.08
statues,DepthPro-vitl,100,sf_shift,61.76,222.64,67.73
statues,DepthPro-vitl,100,sf_shift_ro,54.55,222.64,69.63
statues,DepthPro-vitl,500,calib,68.14,222.64,70.11
statues,DepthPro-vitl,500,calib_ro,54.15,222.64,55.33
statues,DepthPro-vitl,500,calib_shift,74.18,222.64,70.92
statues,DepthPro-vitl,500,calib_shift_ro,61.52,222.64,61.01
statues,DepthPro-vitl,500,mdecalib,24.4,222.64,55.83
statues,DepthPro-vitl,500,mdecalib_ro,22.43,222.64,51.15
statues,DepthPro-vitl,500,mdecalib_shift,26.44,222.64,56.95
statues,DepthPro-vitl,500,mdecalib_shift_ro,24.02,222.64,57.0
statues,DepthPro-vitl,500,sf,63.69,222.64,70.54
statues,DepthPro-vitl,500,sf_ro,52.09,222.64,66.47
statues,DepthPro-vitl,500,sf_shift,64.54,222.64,70.13
statues,DepthPro-vitl,500,sf_shift_ro,55.52,222.64,70.32
statues,DepthPro-vitl,1000,calib,68.39,222.64,70.58
statues,DepthPro-vitl,1000,calib_ro,54.19,222.64,55.29
statues,DepthPro-vitl,1000,calib_shift,74.88,222.64,71.2
statues,DepthPro-vitl,1000,calib_shift_ro,61.82,222.64,61.06
statues,DepthPro-vitl,1000,mdecalib,25.01,222.64,56.52
statues,DepthPro-vitl,1000,mdecalib_ro,22.5,222.64,51.14
statues,DepthPro-vitl,1000,mdecalib_shift,26.75,222.64,57.45
statues,DepthPro-vitl,1000,mdecalib_shift_ro,24.29,222.64,57.04
statues,DepthPro-vitl,1000,sf,64.39,222.64,70.94
statues,DepthPro-vitl,1000,sf_ro,52.11,222.64,66.5
statues,DepthPro-vitl,1000,sf_shift,65.58,222.64,70.72
statues,DepthPro-vitl,1000,sf_shift_ro,55.88,222.64,70.49
statues,DepthProCalib-vitl,10,calib,60.99,215.36,64.24
statues,DepthProCalib-vitl,10,calib_ro,51.49,215.36,53.97
statues,DepthProCalib-vitl,10,calib_shift,65.3,215.36,63.99
statues,DepthProCalib-vitl,10,calib_shift_ro,57.78,215.36,58.42
statues,DepthProCalib-vitl,100,calib,66.2,215.36,68.71
statues,DepthProCalib-vitl,100,calib_ro,53.95,215.36,55.25
statues,DepthProCalib-vitl,100,calib_shift,72.12,215.36,69.59
statues,DepthProCalib-vitl,100,calib_shift_ro,60.68,215.36,60.81
statues,DepthProCalib-vitl,500,calib,68.15,215.36,70.14
statues,DepthProCalib-vitl,500,calib_ro,54.29,215.36,55.34
statues,DepthProCalib-vitl,500,calib_shift,74.39,215.36,70.86
statues,DepthProCalib-vitl,500,calib_shift_ro,61.38,215.36,61.01
statues,DepthProCalib-vitl,1000,calib,68.46,215.36,70.59
statues,DepthProCalib-vitl,1000,calib_ro,54.34,215.36,55.32
statues,DepthProCalib-vitl,1000,calib_shift,74.99,215.36,71.14
statues,DepthProCalib-vitl,1000,calib_shift_ro,61.79,215.36,61.06
statues,MapAnything-map-anything,10,calib,63.78,367.55,67.32
statues,MapAnything-map-anything,10,calib_ro,56.78,367.55,56.5
statues,MapAnything-map-anything,10,calib_shift,64.65,367.55,66.04
statues,MapAnything-map-anything,10,calib_shift_ro,58.74,367.55,59.79
statues,MapAnything-map-anything,10,mdecalib,26.46,367.55,54.59
statues,MapAnything-map-anything,10,mdecalib_ro,24.98,367.55,53.13
statues,MapAnything-map-anything,10,mdecalib_shift,27.56,367.55,54.5
statues,MapAnything-map-anything,10,mdecalib_shift_ro,26.85,367.55,56.53
statues,MapAnything-map-anything,10,sf,57.69,367.55,65.89
statues,MapAnything-map-anything,10,sf_ro,52.86,367.55,65.81
statues,MapAnything-map-anything,10,sf_shift,51.65,367.55,58.71
statues,MapAnything-map-anything,10,sf_shift_ro,49.12,367.55,64.71
statues,MapAnything-map-anything,100,calib,69.39,367.55,71.7
statues,MapAnything-map-anything,100,calib_ro,58.5,367.55,57.69
statues,MapAnything-map-anything,100,calib_shift,71.42,367.55,71.74
statues,MapAnything-map-anything,100,calib_shift_ro,62.32,367.55,62.29
statues,MapAnything-map-anything,100,mdecalib,29.73,367.55,59.56
statues,MapAnything-map-anything,100,mdecalib_ro,25.85,367.55,54.49
statues,MapAnything-map-anything,100,mdecalib_shift,31.26,367.55,60.66
statues,MapAnything-map-anything,100,mdecalib_shift_ro,28.57,367.55,59.2
statues,MapAnything-map-anything,100,sf,63.97,367.55,71.71
statues,MapAnything-map-anything,100,sf_ro,55.66,367.55,68.0
statues,MapAnything-map-anything,100,sf_shift,61.95,367.55,70.08
statues,MapAnything-map-anything,100,sf_shift_ro,55.74,367.55,70.95
statues,MapAnything-map-anything,500,calib,71.18,367.55,72.96
statues,MapAnything-map-anything,500,calib_ro,59.03,367.55,57.78
statues,MapAnything-map-anything,500,calib_shift,74.2,367.55,73.19
statues,MapAnything-map-anything,500,calib_shift_ro,63.25,367.55,62.48
statues,MapAnything-map-anything,500,mdecalib,30.96,367.55,61.47
statues,MapAnything-map-anything,500,mdecalib_ro,26.14,367.55,54.51
statues,MapAnything-map-anything,500,mdecalib_shift,32.94,367.55,62.39
statues,MapAnything-map-anything,500,mdecalib_shift_ro,28.72,367.55,59.39
statues,MapAnything-map-anything,500,sf,65.59,367.55,73.13
statues,MapAnything-map-anything,500,sf_ro,55.99,367.55,68.28
statues,MapAnything-map-anything,500,sf_shift,64.44,367.55,72.46
statues,MapAnything-map-anything,500,sf_shift_ro,56.88,367.55,71.62
statues,MapAnything-map-anything,1000,calib,71.65,367.55,73.34
statues,MapAnything-map-anything,1000,calib_ro,59.12,367.55,57.76
statues,MapAnything-map-anything,1000,calib_shift,74.96,367.55,73.49
statues,MapAnything-map-anything,1000,calib_shift_ro,63.46,367.55,62.49
statues,MapAnything-map-anything,1000,mdecalib,31.32,367.55,62.02
statues,MapAnything-map-anything,1000,mdecalib_ro,26.19,367.55,54.52
statues,MapAnything-map-anything,1000,mdecalib_shift,33.39,367.55,62.86
statues,MapAnything-map-anything,1000,mdecalib_shift_ro,28.78,367.55,59.4
statues,MapAnything-map-anything,1000,sf,66.03,367.55,73.52
statues,MapAnything-map-anything,1000,sf_ro,56.07,367.55,68.39
statues,MapAnything-map-anything,1000,sf_shift,65.55,367.55,73.03
statues,MapAnything-map-anything,1000,sf_shift_ro,57.07,367.55,71.73
statues,MapAnythingCalib-map-anything,10,calib,64.43,352.96,67.77
statues,MapAnythingCalib-map-anything,10,calib_ro,57.38,352.96,56.82
statues,MapAnythingCalib-map-anything,10,calib_shift,64.78,352.96,66.28
statues,MapAnythingCalib-map-anything,10,calib_shift_ro,58.56,352.96,59.84
statues,MapAnythingCalib-map-anything,100,calib,69.68,352.96,71.85
statues,MapAnythingCalib-map-anything,100,calib_ro,59.75,352.96,57.88
statues,MapAnythingCalib-map-anything,100,calib_shift,71.76,352.96,71.81
statues,MapAnythingCalib-map-anything,100,calib_shift_ro,62.38,352.96,62.24
statues,MapAnythingCalib-map-anything,500,calib,71.59,352.96,73.07
statues,MapAnythingCalib-map-anything,500,calib_ro,59.85,352.96,57.99
statues,MapAnythingCalib-map-anything,500,calib_shift,74.21,352.96,73.16
statues,MapAnythingCalib-map-anything,500,calib_shift_ro,63.06,352.96,62.42
statues,MapAnythingCalib-map-anything,1000,calib,72.26,352.96,73.39
statues,MapAnythingCalib-map-anything,1000,calib_ro,59.88,352.96,57.96
statues,MapAnythingCalib-map-anything,1000,calib_shift,74.95,352.96,73.48
statues,MapAnythingCalib-map-anything,1000,calib_shift_ro,63.05,352.96,62.45
statues,Metric3DV2-vit_giant2,10,calib,62.18,682.91,63.82
statues,Metric3DV2-vit_giant2,10,calib_ro,48.76,682.91,49.56
statues,Metric3DV2-vit_giant2,10,calib_shift,61.21,682.91,61.44
statues,Metric3DV2-vit_giant2,10,calib_shift_ro,49.58,682.91,51.5
statues,Metric3DV2-vit_giant2,10,mdecalib,0.0,682.91,
statues,Metric3DV2-vit_giant2,10,mdecalib_ro,0.0,682.91,
statues,Metric3DV2-vit_giant2,10,mdecalib_shift,0.0,682.91,
statues,Metric3DV2-vit_giant2,10,mdecalib_shift_ro,0.0,682.91,
statues,Metric3DV2-vit_giant2,10,sf,54.93,682.91,61.6
statues,Metric3DV2-vit_giant2,10,sf_ro,44.31,682.91,59.19
statues,Metric3DV2-vit_giant2,10,sf_shift,46.22,682.91,52.27
statues,Metric3DV2-vit_giant2,10,sf_shift_ro,40.46,682.91,57.34
statues,Metric3DV2-vit_giant2,100,calib,68.98,682.91,68.85
statues,Metric3DV2-vit_giant2,100,calib_ro,50.9,682.91,50.64
statues,Metric3DV2-vit_giant2,100,calib_shift,69.55,682.91,68.7
statues,Metric3DV2-vit_giant2,100,calib_shift_ro,53.67,682.91,54.72
statues,Metric3DV2-vit_giant2,100,mdecalib,0.0,682.91,
statues,Metric3DV2-vit_giant2,100,mdecalib_ro,0.0,682.91,
statues,Metric3DV2-vit_giant2,100,mdecalib_shift,0.0,682.91,
statues,Metric3DV2-vit_giant2,100,mdecalib_shift_ro,0.0,682.91,
statues,Metric3DV2-vit_giant2,100,sf,61.61,682.91,68.45
statues,Metric3DV2-vit_giant2,100,sf_ro,47.12,682.91,61.92
statues,Metric3DV2-vit_giant2,100,sf_shift,57.45,682.91,66.05
statues,Metric3DV2-vit_giant2,100,sf_shift_ro,47.05,682.91,64.32
statues,Metric3DV2-vit_giant2,500,calib,71.28,682.91,70.36
statues,Metric3DV2-vit_giant2,500,calib_ro,51.31,682.91,50.77
statues,Metric3DV2-vit_giant2,500,calib_shift,72.59,682.91,70.41
statues,Metric3DV2-vit_giant2,500,calib_shift_ro,54.61,682.91,54.99
statues,Metric3DV2-vit_giant2,500,mdecalib,0.0,682.91,
statues,Metric3DV2-vit_giant2,500,mdecalib_ro,0.0,682.91,
statues,Metric3DV2-vit_giant2,500,mdecalib_shift,0.0,682.91,
statues,Metric3DV2-vit_giant2,500,mdecalib_shift_ro,0.0,682.91,
statues,Metric3DV2-vit_giant2,500,sf,63.95,682.91,70.21
statues,Metric3DV2-vit_giant2,500,sf_ro,47.51,682.91,62.31
statues,Metric3DV2-vit_giant2,500,sf_shift,60.73,682.91,69.12
statues,Metric3DV2-vit_giant2,500,sf_shift_ro,48.39,682.91,65.25
statues,Metric3DV2-vit_giant2,1000,calib,72.02,682.91,70.79
statues,Metric3DV2-vit_giant2,1000,calib_ro,51.45,682.91,50.8
statues,Metric3DV2-vit_giant2,1000,calib_shift,73.58,682.91,70.81
statues,Metric3DV2-vit_giant2,1000,calib_shift_ro,54.76,682.91,55.02
statues,Metric3DV2-vit_giant2,1000,mdecalib,0.0,682.91,
statues,Metric3DV2-vit_giant2,1000,mdecalib_ro,0.0,682.91,
statues,Metric3DV2-vit_giant2,1000,mdecalib_shift,0.0,682.91,
statues,Metric3DV2-vit_giant2,1000,mdecalib_shift_ro,0.0,682.91,
statues,Metric3DV2-vit_giant2,1000,sf,64.68,682.91,70.71
statues,Metric3DV2-vit_giant2,1000,sf_ro,47.58,682.91,62.38
statues,Metric3DV2-vit_giant2,1000,sf_shift,61.81,682.91,69.93
statues,Metric3DV2-vit_giant2,1000,sf_shift_ro,48.84,682.91,65.48
statues,Metric3DV2-vit_large,10,calib,56.27,310.51,60.19
statues,Metric3DV2-vit_large,10,calib_ro,43.08,310.51,48.07
statues,Metric3DV2-vit_large,10,calib_shift,56.71,310.51,57.19
statues,Metric3DV2-vit_large,10,calib_shift_ro,44.81,310.51,49.64
statues,Metric3DV2-vit_large,10,mdecalib,0.0,310.51,
statues,Metric3DV2-vit_large,10,mdecalib_ro,0.0,310.51,
statues,Metric3DV2-vit_large,10,mdecalib_shift,0.0,310.51,
statues,Metric3DV2-vit_large,10,mdecalib_shift_ro,0.0,310.51,
statues,Metric3DV2-vit_large,10,sf,49.51,310.51,58.18
statues,Metric3DV2-vit_large,10,sf_ro,39.83,310.51,57.41
statues,Metric3DV2-vit_large,10,sf_shift,42.24,310.51,48.04
statues,Metric3DV2-vit_large,10,sf_shift_ro,36.98,310.51,54.73
statues,Metric3DV2-vit_large,100,calib,64.29,310.51,66.98
statues,Metric3DV2-vit_large,100,calib_ro,45.46,310.51,49.68
statues,Metric3DV2-vit_large,100,calib_shift,67.69,310.51,67.45
statues,Metric3DV2-vit_large,100,calib_shift_ro,49.46,310.51,53.62
statues,Metric3DV2-vit_large,100,mdecalib,0.0,310.51,
statues,Metric3DV2-vit_large,100,mdecalib_ro,0.0,310.51,
statues,Metric3DV2-vit_large,100,mdecalib_shift,0.0,310.51,
statues,Metric3DV2-vit_large,100,mdecalib_shift_ro,0.0,310.51,
statues,Metric3DV2-vit_large,100,sf,57.24,310.51,66.7
statues,Metric3DV2-vit_large,100,sf_ro,42.44,310.51,60.6
statues,Metric3DV2-vit_large,100,sf_shift,54.89,310.51,64.54
statues,Metric3DV2-vit_large,100,sf_shift_ro,42.56,310.51,63.01
statues,Metric3DV2-vit_large,500,calib,68.11,310.51,69.3
statues,Metric3DV2-vit_large,500,calib_ro,45.74,310.51,49.77
statues,Metric3DV2-vit_large,500,calib_shift,71.43,310.51,69.8
statues,Metric3DV2-vit_large,500,calib_shift_ro,50.61,310.51,53.94
statues,Metric3DV2-vit_large,500,mdecalib,0.0,310.51,
statues,Metric3DV2-vit_large,500,mdecalib_ro,0.0,310.51,
statues,Metric3DV2-vit_large,500,mdecalib_shift,0.0,310.51,
statues,Metric3DV2-vit_large,500,mdecalib_shift_ro,0.0,310.51,
statues,Metric3DV2-vit_large,500,sf,59.88,310.51,68.9
statues,Metric3DV2-vit_large,500,sf_ro,42.62,310.51,61.21
statues,Metric3DV2-vit_large,500,sf_shift,59.08,310.51,68.17
statues,Metric3DV2-vit_large,500,sf_shift_ro,44.19,310.51,64.15
statues,Metric3DV2-vit_large,1000,calib,69.06,310.51,69.96
statues,Metric3DV2-vit_large,1000,calib_ro,45.78,310.51,49.8
statues,Metric3DV2-vit_large,1000,calib_shift,72.59,310.51,70.36
statues,Metric3DV2-vit_large,1000,calib_shift_ro,50.71,310.51,53.99
statues,Metric3DV2-vit_large,1000,mdecalib,0.0,310.51,
statues,Metric3DV2-vit_large,1000,mdecalib_ro,0.0,310.51,
statues,Metric3DV2-vit_large,1000,mdecalib_shift,0.0,310.51,
statues,Metric3DV2-vit_large,1000,mdecalib_shift_ro,0.0,310.51,
statues,Metric3DV2-vit_large,1000,sf,60.7,310.51,69.6
statues,Metric3DV2-vit_large,1000,sf_ro,42.63,310.51,61.3
statues,Metric3DV2-vit_large,1000,sf_shift,60.34,310.51,69.09
statues,Metric3DV2-vit_large,1000,sf_shift_ro,44.63,310.51,64.35
statues,Metric3DV2-vit_small,10,calib,56.97,106.61,60.92
statues,Metric3DV2-vit_small,10,calib_ro,39.67,106.61,44.91
statues,Metric3DV2-vit_small,10,calib_shift,58.69,106.61,59.06
statues,Metric3DV2-vit_small,10,calib_shift_ro,43.08,106.61,47.04
statues,Metric3DV2-vit_small,10,mdecalib,0.0,106.61,
statues,Metric3DV2-vit_small,10,mdecalib_ro,0.0,106.61,
statues,Metric3DV2-vit_small,10,mdecalib_shift,0.0,106.61,
statues,Metric3DV2-vit_small,10,mdecalib_shift_ro,0.0,106.61,
statues,Metric3DV2-vit_small,10,sf,48.0,106.61,58.74
statues,Metric3DV2-vit_small,10,sf_ro,36.96,106.61,55.19
statues,Metric3DV2-vit_small,10,sf_shift,40.86,106.61,49.21
statues,Metric3DV2-vit_small,10,sf_shift_ro,32.9,106.61,52.2
statues,Metric3DV2-vit_small,100,calib,65.72,106.61,67.7
statues,Metric3DV2-vit_small,100,calib_ro,42.37,106.61,46.59
statues,Metric3DV2-vit_small,100,calib_shift,69.04,106.61,68.16
statues,Metric3DV2-vit_small,100,calib_shift_ro,48.07,106.61,51.22
statues,Metric3DV2-vit_small,100,mdecalib,0.0,106.61,
statues,Metric3DV2-vit_small,100,mdecalib_ro,0.0,106.61,
statues,Metric3DV2-vit_small,100,mdecalib_shift,0.0,106.61,
statues,Metric3DV2-vit_small,100,mdecalib_shift_ro,0.0,106.61,
statues,Metric3DV2-vit_small,100,sf,55.73,106.61,67.1
statues,Metric3DV2-vit_small,100,sf_ro,39.55,106.61,58.2
statues,Metric3DV2-vit_small,100,sf_shift,53.94,106.61,64.77
statues,Metric3DV2-vit_small,100,sf_shift_ro,39.21,106.61,60.8
statues,Metric3DV2-vit_small,500,calib,69.2,106.61,69.85
statues,Metric3DV2-vit_small,500,calib_ro,43.01,106.61,46.74
statues,Metric3DV2-vit_small,500,calib_shift,72.48,106.61,70.28
statues,Metric3DV2-vit_small,500,calib_shift_ro,48.94,106.61,51.54
statues,Metric3DV2-vit_small,500,mdecalib,0.0,106.61,
statues,Metric3DV2-vit_small,500,mdecalib_ro,0.0,106.61,
statues,Metric3DV2-vit_small,500,mdecalib_shift,0.0,106.61,
statues,Metric3DV2-vit_small,500,mdecalib_shift_ro,0.0,106.61,
statues,Metric3DV2-vit_small,500,sf,58.12,106.61,69.46
statues,Metric3DV2-vit_small,500,sf_ro,39.69,106.61,58.57
statues,Metric3DV2-vit_small,500,sf_shift,57.88,106.61,68.4
statues,Metric3DV2-vit_small,500,sf_shift_ro,40.43,106.61,61.95
statues,Metric3DV2-vit_small,1000,calib,70.52,106.61,70.55
statues,Metric3DV2-vit_small,1000,calib_ro,43.22,106.61,46.71
statues,Metric3DV2-vit_small,1000,calib_shift,73.73,106.61,70.78
statues,Metric3DV2-vit_small,1000,calib_shift_ro,49.01,106.61,51.6
statues,Metric3DV2-vit_small,1000,mdecalib,0.0,106.61,
statues,Metric3DV2-vit_small,1000,mdecalib_ro,0.0,106.61,
statues,Metric3DV2-vit_small,1000,mdecalib_shift,0.0,106.61,
statues,Metric3DV2-vit_small,1000,mdecalib_shift_ro,0.0,106.61,
statues,Metric3DV2-vit_small,1000,sf,58.82,106.61,70.09
statues,Metric3DV2-vit_small,1000,sf_ro,39.68,106.61,58.71
statues,Metric3DV2-vit_small,1000,sf_shift,58.77,106.61,69.24
statues,Metric3DV2-vit_small,1000,sf_shift_ro,40.69,106.61,62.16
statues,Metric3DV2Calib-vit_giant2,10,calib,62.06,682.78,63.72
statues,Metric3DV2Calib-vit_giant2,10,calib_ro,48.64,682.78,49.59
statues,Metric3DV2Calib-vit_giant2,10,calib_shift,60.78,682.78,61.1
statues,Metric3DV2Calib-vit_giant2,10,calib_shift_ro,49.65,682.78,51.38
statues,Metric3DV2Calib-vit_giant2,100,calib,68.77,682.78,68.83
statues,Metric3DV2Calib-vit_giant2,100,calib_ro,50.83,682.78,50.68
statues,Metric3DV2Calib-vit_giant2,100,calib_shift,69.42,682.78,68.67
statues,Metric3DV2Calib-vit_giant2,100,calib_shift_ro,53.8,682.78,54.68
statues,Metric3DV2Calib-vit_giant2,500,calib,71.18,682.78,70.35
statues,Metric3DV2Calib-vit_giant2,500,calib_ro,51.38,682.78,50.81
statues,Metric3DV2Calib-vit_giant2,500,calib_shift,72.4,682.78,70.43
statues,Metric3DV2Calib-vit_giant2,500,calib_shift_ro,54.6,682.78,54.93
statues,Metric3DV2Calib-vit_giant2,1000,calib,72.04,682.78,70.78
statues,Metric3DV2Calib-vit_giant2,1000,calib_ro,51.54,682.78,50.82
statues,Metric3DV2Calib-vit_giant2,1000,calib_shift,73.28,682.78,70.83
statues,Metric3DV2Calib-vit_giant2,1000,calib_shift_ro,54.79,682.78,54.95
statues,Metric3DV2Calib-vit_large,10,calib,56.14,313.6,60.01
statues,Metric3DV2Calib-vit_large,10,calib_ro,42.91,313.6,48.05
statues,Metric3DV2Calib-vit_large,10,calib_shift,56.26,313.6,57.12
statues,Metric3DV2Calib-vit_large,10,calib_shift_ro,44.77,313.6,49.56
statues,Metric3DV2Calib-vit_large,100,calib,64.18,313.6,66.81
statues,Metric3DV2Calib-vit_large,100,calib_ro,45.46,313.6,49.65
statues,Metric3DV2Calib-vit_large,100,calib_shift,67.62,313.6,67.42
statues,Metric3DV2Calib-vit_large,100,calib_shift_ro,49.39,313.6,53.65
statues,Metric3DV2Calib-vit_large,500,calib,68.03,313.6,69.24
statues,Metric3DV2Calib-vit_large,500,calib_ro,45.77,313.6,49.78
statues,Metric3DV2Calib-vit_large,500,calib_shift,71.06,313.6,69.77
statues,Metric3DV2Calib-vit_large,500,calib_shift_ro,50.45,313.6,53.97
statues,Metric3DV2Calib-vit_large,1000,calib,69.03,313.6,69.91
statues,Metric3DV2Calib-vit_large,1000,calib_ro,45.83,313.6,49.8
statues,Metric3DV2Calib-vit_large,1000,calib_shift,72.52,313.6,70.4
statues,Metric3DV2Calib-vit_large,1000,calib_shift_ro,50.55,313.6,54.02
statues,Metric3DV2Calib-vit_small,10,calib,56.88,102.02,60.81
statues,Metric3DV2Calib-vit_small,10,calib_ro,39.74,102.02,44.87
statues,Metric3DV2Calib-vit_small,10,calib_shift,58.76,102.02,58.78
statues,Metric3DV2Calib-vit_small,10,calib_shift_ro,43.11,102.02,47.02
statues,Metric3DV2Calib-vit_small,100,calib,65.48,102.02,67.68
statues,Metric3DV2Calib-vit_small,100,calib_ro,42.46,102.02,46.56
statues,Metric3DV2Calib-vit_small,100,calib_shift,68.92,102.02,68.03
statues,Metric3DV2Calib-vit_small,100,calib_shift_ro,48.31,102.02,51.22
statues,Metric3DV2Calib-vit_small,500,calib,69.45,102.02,69.93
statues,Metric3DV2Calib-vit_small,500,calib_ro,43.09,102.02,46.75
statues,Metric3DV2Calib-vit_small,500,calib_shift,72.59,102.02,70.18
statues,Metric3DV2Calib-vit_small,500,calib_shift_ro,48.92,102.02,51.56
statues,Metric3DV2Calib-vit_small,1000,calib,70.55,102.02,70.55
statues,Metric3DV2Calib-vit_small,1000,calib_ro,43.33,102.02,46.73
statues,Metric3DV2Calib-vit_small,1000,calib_shift,73.66,102.02,70.66
statues,Metric3DV2Calib-vit_small,1000,calib_shift_ro,49.14,102.02,51.63
statues,MoGeV1-moge-vitl,10,calib,67.48,116.04,66.13
statues,MoGeV1-moge-vitl,10,calib_ro,63.86,116.04,61.62
statues,MoGeV1-moge-vitl,10,calib_shift,68.33,116.04,65.84
statues,MoGeV1-moge-vitl,10,calib_shift_ro,65.95,116.04,64.86
statues,MoGeV1-moge-vitl,10,mdecalib,35.77,116.04,57.47
statues,MoGeV1-moge-vitl,10,mdecalib_ro,36.53,116.04,60.62
statues,MoGeV1-moge-vitl,10,mdecalib_shift,36.69,116.04,57.78
statues,MoGeV1-moge-vitl,10,mdecalib_shift_ro,38.08,116.04,63.56
statues,MoGeV1-moge-vitl,10,sf,63.14,116.04,65.73
statues,MoGeV1-moge-vitl,10,sf_ro,61.15,116.04,70.02
statues,MoGeV1-moge-vitl,10,sf_shift,58.27,116.04,60.5
statues,MoGeV1-moge-vitl,10,sf_shift_ro,58.51,116.04,69.86
statues,MoGeV1-moge-vitl,100,calib,73.2,116.04,70.06
statues,MoGeV1-moge-vitl,100,calib_ro,65.74,116.04,62.55
statues,MoGeV1-moge-vitl,100,calib_shift,74.85,116.04,70.36
statues,MoGeV1-moge-vitl,100,calib_shift_ro,68.92,116.04,66.6
statues,MoGeV1-moge-vitl,100,mdecalib,40.63,116.04,61.51
statues,MoGeV1-moge-vitl,100,mdecalib_ro,38.07,116.04,61.84
statues,MoGeV1-moge-vitl,100,mdecalib_shift,41.73,116.04,62.68
statues,MoGeV1-moge-vitl,100,mdecalib_shift_ro,40.23,116.04,65.4
statues,MoGeV1-moge-vitl,100,sf,68.83,116.04,70.3
statues,MoGeV1-moge-vitl,100,sf_ro,63.06,116.04,71.75
statues,MoGeV1-moge-vitl,100,sf_shift,66.38,116.04,69.12
statues,MoGeV1-moge-vitl,100,sf_shift_ro,62.91,116.04,74.05
statues,MoGeV1-moge-vitl,500,calib,74.97,116.04,71.1
statues,MoGeV1-moge-vitl,500,calib_ro,66.16,116.04,62.62
statues,MoGeV1-moge-vitl,500,calib_shift,76.85,116.04,71.4
statues,MoGeV1-moge-vitl,500,calib_shift_ro,69.54,116.04,66.64
statues,MoGeV1-moge-vitl,500,mdecalib,41.9,116.04,62.89
statues,MoGeV1-moge-vitl,500,mdecalib_ro,38.47,116.04,61.93
statues,MoGeV1-moge-vitl,500,mdecalib_shift,43.29,116.04,63.86
statues,MoGeV1-moge-vitl,500,mdecalib_shift_ro,40.69,116.04,65.51
statues,MoGeV1-moge-vitl,500,sf,70.4,116.04,71.44
statues,MoGeV1-moge-vitl,500,sf_ro,63.53,116.04,71.98
statues,MoGeV1-moge-vitl,500,sf_shift,68.2,116.04,70.96
statues,MoGeV1-moge-vitl,500,sf_shift_ro,63.61,116.04,74.47
statues,MoGeV1-moge-vitl,1000,calib,75.24,116.04,71.42
statues,MoGeV1-moge-vitl,1000,calib_ro,66.13,116.04,62.64
statues,MoGeV1-moge-vitl,1000,calib_shift,77.37,116.04,71.61
statues,MoGeV1-moge-vitl,1000,calib_shift_ro,69.69,116.04,66.65
statues,MoGeV1-moge-vitl,1000,mdecalib,42.2,116.04,63.38
statues,MoGeV1-moge-vitl,1000,mdecalib_ro,38.41,116.04,61.98
statues,MoGeV1-moge-vitl,1000,mdecalib_shift,43.59,116.04,64.18
statues,MoGeV1-moge-vitl,1000,mdecalib_shift_ro,40.86,116.04,65.5
statues,MoGeV1-moge-vitl,1000,sf,70.82,116.04,71.74
statues,MoGeV1-moge-vitl,1000,sf_ro,63.57,116.04,72.01
statues,MoGeV1-moge-vitl,1000,sf_shift,68.91,116.04,71.42
statues,MoGeV1-moge-vitl,1000,sf_shift_ro,63.9,116.04,74.5
statues,MoGeV1Calib-moge-vitl,10,calib,68.98,117.5,66.62
statues,MoGeV1Calib-moge-vitl,10,calib_ro,65.86,117.5,62.06
statues,MoGeV1Calib-moge-vitl,10,calib_shift,68.16,117.5,65.82
statues,MoGeV1Calib-moge-vitl,10,calib_shift_ro,66.0,117.5,64.87
statues,MoGeV1Calib-moge-vitl,100,calib,74.81,117.5,70.38
statues,MoGeV1Calib-moge-vitl,100,calib_ro,67.71,117.5,63.09
statues,MoGeV1Calib-moge-vitl,100,calib_shift,74.67,117.5,70.41
statues,MoGeV1Calib-moge-vitl,100,calib_shift_ro,68.85,117.5,66.58
statues,MoGeV1Calib-moge-vitl,500,calib,76.21,117.5,71.3
statues,MoGeV1Calib-moge-vitl,500,calib_ro,67.86,117.5,63.14
statues,MoGeV1Calib-moge-vitl,500,calib_shift,76.79,117.5,71.42
statues,MoGeV1Calib-moge-vitl,500,calib_shift_ro,69.52,117.5,66.66
statues,MoGeV1Calib-moge-vitl,1000,calib,76.5,117.5,71.59
statues,MoGeV1Calib-moge-vitl,1000,calib_ro,67.87,117.5,63.14
statues,MoGeV1Calib-moge-vitl,1000,calib_shift,77.24,117.5,71.61
statues,MoGeV1Calib-moge-vitl,1000,calib_shift_ro,69.68,117.5,66.65
statues,MoGeV2-moge-2-vitl,10,calib,64.26,109.18,65.13
statues,MoGeV2-moge-2-vitl,10,calib_ro,58.69,109.18,58.6
statues,MoGeV2-moge-2-vitl,10,calib_shift,67.35,109.18,65.13
statues,MoGeV2-moge-2-vitl,10,calib_shift_ro,63.59,109.18,62.6
statues,MoGeV2-moge-2-vitl,10,mdecalib,34.2,109.18,54.61
statues,MoGeV2-moge-2-vitl,10,mdecalib_ro,34.79,109.18,57.86
statues,MoGeV2-moge-2-vitl,10,mdecalib_shift,33.77,109.18,54.75
statues,MoGeV2-moge-2-vitl,10,mdecalib_shift_ro,34.53,109.18,60.47
statues,MoGeV2-moge-2-vitl,10,sf,61.08,109.18,64.96
statues,MoGeV2-moge-2-vitl,10,sf_ro,58.73,109.18,68.79
statues,MoGeV2-moge-2-vitl,10,sf_shift,56.52,109.18,59.66
statues,MoGeV2-moge-2-vitl,10,sf_shift_ro,55.88,109.18,67.89
statues,MoGeV2-moge-2-vitl,100,calib,69.89,109.18,69.42
statues,MoGeV2-moge-2-vitl,100,calib_ro,60.36,109.18,59.7
statues,MoGeV2-moge-2-vitl,100,calib_shift,74.0,109.18,70.07
statues,MoGeV2-moge-2-vitl,100,calib_shift_ro,66.71,109.18,64.76
statues,MoGeV2-moge-2-vitl,100,mdecalib,38.03,109.18,58.9
statues,MoGeV2-moge-2-vitl,100,mdecalib_ro,36.12,109.18,58.99
statues,MoGeV2-moge-2-vitl,100,mdecalib_shift,37.65,109.18,60.03
statues,MoGeV2-moge-2-vitl,100,mdecalib_shift_ro,36.43,109.18,62.78
statues,MoGeV2-moge-2-vitl,100,sf,65.6,109.18,69.68
statues,MoGeV2-moge-2-vitl,100,sf_ro,60.69,109.18,70.42
statues,MoGeV2-moge-2-vitl,100,sf_shift,65.39,109.18,68.73
statues,MoGeV2-moge-2-vitl,100,sf_shift_ro,61.07,109.18,72.68
statues,MoGeV2-moge-2-vitl,500,calib,71.82,109.18,70.77
statues,MoGeV2-moge-2-vitl,500,calib_ro,60.51,109.18,59.78
statues,MoGeV2-moge-2-vitl,500,calib_shift,76.15,109.18,71.15
statues,MoGeV2-moge-2-vitl,500,calib_shift_ro,67.08,109.18,64.83
statues,MoGeV2-moge-2-vitl,500,mdecalib,39.11,109.18,60.54
statues,MoGeV2-moge-2-vitl,500,mdecalib_ro,36.33,109.18,59.16
statues,MoGeV2-moge-2-vitl,500,mdecalib_shift,38.97,109.18,61.46
statues,MoGeV2-moge-2-vitl,500,mdecalib_shift_ro,36.54,109.18,62.97
statues,MoGeV2-moge-2-vitl,500,sf,66.88,109.18,71.04
statues,MoGeV2-moge-2-vitl,500,sf_ro,60.84,109.18,70.66
statues,MoGeV2-moge-2-vitl,500,sf_shift,67.38,109.18,70.62
statues,MoGeV2-moge-2-vitl,500,sf_shift_ro,61.52,109.18,73.1
statues,MoGeV2-moge-2-vitl,1000,calib,72.21,109.18,71.14
statues,MoGeV2-moge-2-vitl,1000,calib_ro,60.49,109.18,59.78
statues,MoGeV2-moge-2-vitl,1000,calib_shift,76.77,109.18,71.42
statues,MoGeV2-moge-2-vitl,1000,calib_shift_ro,67.15,109.18,64.84
statues,MoGeV2-moge-2-vitl,1000,mdecalib,39.28,109.18,61.14
statues,MoGeV2-moge-2-vitl,1000,mdecalib_ro,36.35,109.18,59.17
statues,MoGeV2-moge-2-vitl,1000,mdecalib_shift,39.23,109.18,61.84
statues,MoGeV2-moge-2-vitl,1000,mdecalib_shift_ro,36.57,109.18,62.98
statues,MoGeV2-moge-2-vitl,1000,sf,67.53,109.18,71.4
statues,MoGeV2-moge-2-vitl,1000,sf_ro,60.82,109.18,70.73
statues,MoGeV2-moge-2-vitl,1000,sf_shift,68.03,109.18,71.12
statues,MoGeV2-moge-2-vitl,1000,sf_shift_ro,61.74,109.18,73.19
statues,MoGeV2Calib-moge-2-vitl,10,calib,66.66,111.28,65.46
statues,MoGeV2Calib-moge-2-vitl,10,calib_ro,62.67,111.28,59.22
statues,MoGeV2Calib-moge-2-vitl,10,calib_shift,67.3,111.28,65.15
statues,MoGeV2Calib-moge-2-vitl,10,calib_shift_ro,63.64,111.28,62.55
statues,MoGeV2Calib-moge-2-vitl,100,calib,72.42,111.28,69.67
statues,MoGeV2Calib-moge-2-vitl,100,calib_ro,64.24,111.28,60.36
statues,MoGeV2Calib-moge-2-vitl,100,calib_shift,74.15,111.28,70.09
statues,MoGeV2Calib-moge-2-vitl,100,calib_shift_ro,66.63,111.28,64.74
statues,MoGeV2Calib-moge-2-vitl,500,calib,74.21,111.28,70.87
statues,MoGeV2Calib-moge-2-vitl,500,calib_ro,64.48,111.28,60.41
statues,MoGeV2Calib-moge-2-vitl,500,calib_shift,76.43,111.28,71.19
statues,MoGeV2Calib-moge-2-vitl,500,calib_shift_ro,67.18,111.28,64.83
statues,MoGeV2Calib-moge-2-vitl,1000,calib,74.72,111.28,71.23
statues,MoGeV2Calib-moge-2-vitl,1000,calib_ro,64.49,111.28,60.41
statues,MoGeV2Calib-moge-2-vitl,1000,calib_shift,76.87,111.28,71.43
statues,MoGeV2Calib-moge-2-vitl,1000,calib_shift_ro,67.22,111.28,64.84
statues,Pi3-Pi3X,10,calib,66.75,170.37,65.1
statues,Pi3-Pi3X,10,calib_ro,62.61,170.37,58.12
statues,Pi3-Pi3X,10,calib_shift,66.71,170.37,64.34
statues,Pi3-Pi3X,10,calib_shift_ro,62.85,170.37,61.72
statues,Pi3-Pi3X,10,mdecalib,30.3,170.37,54.27
statues,Pi3-Pi3X,10,mdecalib_ro,29.88,170.37,55.84
statues,Pi3-Pi3X,10,mdecalib_shift,31.34,170.37,54.37
statues,Pi3-Pi3X,10,mdecalib_shift_ro,31.54,170.37,59.48
statues,Pi3-Pi3X,10,sf,60.6,170.37,64.3
statues,Pi3-Pi3X,10,sf_ro,58.39,170.37,66.83
statues,Pi3-Pi3X,10,sf_shift,54.31,170.37,57.82
statues,Pi3-Pi3X,10,sf_shift_ro,53.14,170.37,66.25
statues,Pi3-Pi3X,100,calib,73.03,170.37,69.55
statues,Pi3-Pi3X,100,calib_ro,64.5,170.37,59.31
statues,Pi3-Pi3X,100,calib_shift,74.17,170.37,69.88
statues,Pi3-Pi3X,100,calib_shift_ro,66.39,170.37,63.78
statues,Pi3-Pi3X,100,mdecalib,34.3,170.37,58.82
statues,Pi3-Pi3X,100,mdecalib_ro,31.15,170.37,57.16
statues,Pi3-Pi3X,100,mdecalib_shift,35.73,170.37,59.83
statues,Pi3-Pi3X,100,mdecalib_shift_ro,33.6,170.37,61.62
statues,Pi3-Pi3X,100,sf,67.23,170.37,69.59
statues,Pi3-Pi3X,100,sf_ro,61.06,170.37,69.05
statues,Pi3-Pi3X,100,sf_shift,64.71,170.37,68.25
statues,Pi3-Pi3X,100,sf_shift_ro,59.58,170.37,71.81
statues,Pi3-Pi3X,500,calib,74.86,170.37,70.68
statues,Pi3-Pi3X,500,calib_ro,64.85,170.37,59.37
statues,Pi3-Pi3X,500,calib_shift,76.31,170.37,71.01
statues,Pi3-Pi3X,500,calib_shift_ro,66.92,170.37,63.93
statues,Pi3-Pi3X,500,mdecalib,35.54,170.37,60.25
statues,Pi3-Pi3X,500,mdecalib_ro,31.32,170.37,57.23
statues,Pi3-Pi3X,500,mdecalib_shift,37.16,170.37,61.36
statues,Pi3-Pi3X,500,mdecalib_shift_ro,33.91,170.37,61.86
statues,Pi3-Pi3X,500,sf,68.99,170.37,70.84
statues,Pi3-Pi3X,500,sf_ro,61.29,170.37,69.45
statues,Pi3-Pi3X,500,sf_shift,67.13,170.37,70.29
statues,Pi3-Pi3X,500,sf_shift_ro,60.79,170.37,72.37
statues,Pi3-Pi3X,1000,calib,75.41,170.37,71.04
statues,Pi3-Pi3X,1000,calib_ro,64.84,170.37,59.38
statues,Pi3-Pi3X,1000,calib_shift,77.22,170.37,71.26
statues,Pi3-Pi3X,1000,calib_shift_ro,66.98,170.37,63.96
statues,Pi3-Pi3X,1000,mdecalib,35.81,170.37,60.76
statues,Pi3-Pi3X,1000,mdecalib_ro,31.42,170.37,57.24
statues,Pi3-Pi3X,1000,mdecalib_shift,37.47,170.37,61.72
statues,Pi3-Pi3X,1000,mdecalib_shift_ro,34.02,170.37,61.84
statues,Pi3-Pi3X,1000,sf,69.61,170.37,71.15
statues,Pi3-Pi3X,1000,sf_ro,61.34,170.37,69.56
statues,Pi3-Pi3X,1000,sf_shift,67.82,170.37,70.87
statues,Pi3-Pi3X,1000,sf_shift_ro,61.12,170.37,72.46
statues,Pi3Calib-Pi3X,10,calib,67.76,172.8,65.64
statues,Pi3Calib-Pi3X,10,calib_ro,64.28,172.8,58.54
statues,Pi3Calib-Pi3X,10,calib_shift,67.02,172.8,64.33
statues,Pi3Calib-Pi3X,10,calib_shift_ro,63.46,172.8,61.77
statues,Pi3Calib-Pi3X,100,calib,73.83,172.8,69.85
statues,Pi3Calib-Pi3X,100,calib_ro,66.38,172.8,59.93
statues,Pi3Calib-Pi3X,100,calib_shift,74.54,172.8,69.79
statues,Pi3Calib-Pi3X,100,calib_shift_ro,66.73,172.8,64.02
statues,Pi3Calib-Pi3X,500,calib,75.71,172.8,70.88
statues,Pi3Calib-Pi3X,500,calib_ro,66.47,172.8,60.01
statues,Pi3Calib-Pi3X,500,calib_shift,76.74,172.8,71.0
statues,Pi3Calib-Pi3X,500,calib_shift_ro,67.59,172.8,64.16
statues,Pi3Calib-Pi3X,1000,calib,76.16,172.8,71.17
statues,Pi3Calib-Pi3X,1000,calib_ro,66.47,172.8,60.02
statues,Pi3Calib-Pi3X,1000,calib_shift,77.36,172.8,71.27
statues,Pi3Calib-Pi3X,1000,calib_shift_ro,67.9,172.8,64.14
statues,UniDepth1-cnvnxtl,10,calib,53.92,96.14,59.38
statues,UniDepth1-cnvnxtl,10,calib_ro,33.91,96.14,40.21
statues,UniDepth1-cnvnxtl,10,calib_shift,56.32,96.14,57.58
statues,UniDepth1-cnvnxtl,10,calib_shift_ro,38.26,96.14,43.15
statues,UniDepth1-cnvnxtl,10,mdecalib,23.67,96.14,47.21
statues,UniDepth1-cnvnxtl,10,mdecalib_ro,14.76,96.14,37.8
statues,UniDepth1-cnvnxtl,10,mdecalib_shift,25.82,96.14,46.55
statues,UniDepth1-cnvnxtl,10,mdecalib_shift_ro,19.59,96.14,41.5
statues,UniDepth1-cnvnxtl,10,sf,44.82,96.14,54.35
statues,UniDepth1-cnvnxtl,10,sf_ro,31.42,96.14,49.37
statues,UniDepth1-cnvnxtl,10,sf_shift,39.34,96.14,46.7
statues,UniDepth1-cnvnxtl,10,sf_shift_ro,28.24,96.14,47.32
statues,UniDepth1-cnvnxtl,100,calib,62.42,96.14,66.62
statues,UniDepth1-cnvnxtl,100,calib_ro,37.16,96.14,42.17
statues,UniDepth1-cnvnxtl,100,calib_shift,66.59,96.14,67.14
statues,UniDepth1-cnvnxtl,100,calib_shift_ro,43.42,96.14,46.92
statues,UniDepth1-cnvnxtl,100,mdecalib,27.62,96.14,53.99
statues,UniDepth1-cnvnxtl,100,mdecalib_ro,16.51,96.14,40.01
statues,UniDepth1-cnvnxtl,100,mdecalib_shift,29.42,96.14,54.93
statues,UniDepth1-cnvnxtl,100,mdecalib_shift_ro,21.56,96.14,45.54
statues,UniDepth1-cnvnxtl,100,sf,53.87,96.14,65.47
statues,UniDepth1-cnvnxtl,100,sf_ro,34.61,96.14,53.5
statues,UniDepth1-cnvnxtl,100,sf_shift,52.67,96.14,63.46
statues,UniDepth1-cnvnxtl,100,sf_shift_ro,35.7,96.14,56.34
statues,UniDepth1-cnvnxtl,500,calib,67.06,96.14,69.28
statues,UniDepth1-cnvnxtl,500,calib_ro,37.94,96.14,42.41
statues,UniDepth1-cnvnxtl,500,calib_shift,70.26,96.14,69.57
statues,UniDepth1-cnvnxtl,500,calib_shift_ro,44.28,96.14,47.35
statues,UniDepth1-cnvnxtl,500,mdecalib,29.22,96.14,56.84
statues,UniDepth1-cnvnxtl,500,mdecalib_ro,16.84,96.14,40.33
statues,UniDepth1-cnvnxtl,500,mdecalib_shift,30.94,96.14,57.4
statues,UniDepth1-cnvnxtl,500,mdecalib_shift_ro,21.81,96.14,46.1
statues,UniDepth1-cnvnxtl,500,sf,56.73,96.14,68.33
statues,UniDepth1-cnvnxtl,500,sf_ro,35.53,96.14,54.38
statues,UniDepth1-cnvnxtl,500,sf_shift,56.77,96.14,67.51
statues,UniDepth1-cnvnxtl,500,sf_shift_ro,37.56,96.14,57.8
statues,UniDepth1-cnvnxtl,1000,calib,68.49,96.14,69.97
statues,UniDepth1-cnvnxtl,1000,calib_ro,38.19,96.14,42.37
statues,UniDepth1-cnvnxtl,1000,calib_shift,71.41,96.14,70.22
statues,UniDepth1-cnvnxtl,1000,calib_shift_ro,44.51,96.14,47.42
statues,UniDepth1-cnvnxtl,1000,mdecalib,29.58,96.14,57.56
statues,UniDepth1-cnvnxtl,1000,mdecalib_ro,16.96,96.14,40.32
statues,UniDepth1-cnvnxtl,1000,mdecalib_shift,31.24,96.14,58.06
statues,UniDepth1-cnvnxtl,1000,mdecalib_shift_ro,21.94,96.14,46.18
statues,UniDepth1-cnvnxtl,1000,sf,57.44,96.14,69.14
statues,UniDepth1-cnvnxtl,1000,sf_ro,35.83,96.14,54.61
statues,UniDepth1-cnvnxtl,1000,sf_shift,57.9,96.14,68.52
statues,UniDepth1-cnvnxtl,1000,sf_shift_ro,37.92,96.14,58.13
statues,UniDepth1-vitl14,10,calib,60.41,135.76,62.96
statues,UniDepth1-vitl14,10,calib_ro,44.84,135.76,45.14
statues,UniDepth1-vitl14,10,calib_shift,60.64,135.76,60.58
statues,UniDepth1-vitl14,10,calib_shift_ro,45.35,135.76,48.73
statues,UniDepth1-vitl14,10,mdecalib,28.74,135.76,47.14
statues,UniDepth1-vitl14,10,mdecalib_ro,22.23,135.76,40.55
statues,UniDepth1-vitl14,10,mdecalib_shift,29.93,135.76,46.34
statues,UniDepth1-vitl14,10,mdecalib_shift_ro,24.2,135.76,43.73
statues,UniDepth1-vitl14,10,sf,52.53,135.76,59.7
statues,UniDepth1-vitl14,10,sf_ro,41.73,135.76,55.4
statues,UniDepth1-vitl14,10,sf_shift,44.22,135.76,51.32
statues,UniDepth1-vitl14,10,sf_shift_ro,35.66,135.76,53.97
statues,UniDepth1-vitl14,100,calib,66.95,135.76,68.46
statues,UniDepth1-vitl14,100,calib_ro,46.86,135.76,46.65
statues,UniDepth1-vitl14,100,calib_shift,69.03,135.76,68.44
statues,UniDepth1-vitl14,100,calib_shift_ro,50.13,135.76,51.9
statues,UniDepth1-vitl14,100,mdecalib,32.04,135.76,53.01
statues,UniDepth1-vitl14,100,mdecalib_ro,23.24,135.76,42.79
statues,UniDepth1-vitl14,100,mdecalib_shift,34.09,135.76,53.77
statues,UniDepth1-vitl14,100,mdecalib_shift_ro,26.93,135.76,47.2
statues,UniDepth1-vitl14,100,sf,59.25,135.76,67.41
statues,UniDepth1-vitl14,100,sf_ro,44.82,135.76,58.81
statues,UniDepth1-vitl14,100,sf_shift,56.36,135.76,65.38
statues,UniDepth1-vitl14,100,sf_shift_ro,43.4,135.76,61.75
statues,UniDepth1-vitl14,500,calib,70.22,135.76,70.4
statues,UniDepth1-vitl14,500,calib_ro,47.32,135.76,46.78
statues,UniDepth1-vitl14,500,calib_shift,72.15,135.76,70.19
statues,UniDepth1-vitl14,500,calib_shift_ro,50.82,135.76,52.24
statues,UniDepth1-vitl14,500,mdecalib,33.23,135.76,55.5
statues,UniDepth1-vitl14,500,mdecalib_ro,23.61,135.76,43.05
statues,UniDepth1-vitl14,500,mdecalib_shift,34.95,135.76,55.87
statues,UniDepth1-vitl14,500,mdecalib_shift_ro,27.5,135.76,47.71
statues,UniDepth1-vitl14,500,sf,61.56,135.76,69.74
statues,UniDepth1-vitl14,500,sf_ro,44.74,135.76,59.4
statues,UniDepth1-vitl14,500,sf_shift,59.6,135.76,68.6
statues,UniDepth1-vitl14,500,sf_shift_ro,44.51,135.76,62.77
statues,UniDepth1-vitl14,1000,calib,71.49,135.76,70.91
statues,UniDepth1-vitl14,1000,calib_ro,47.54,135.76,46.8
statues,UniDepth1-vitl14,1000,calib_shift,73.09,135.76,70.71
statues,UniDepth1-vitl14,1000,calib_shift_ro,50.97,135.76,52.3
statues,UniDepth1-vitl14,1000,mdecalib,33.89,135.76,56.29
statues,UniDepth1-vitl14,1000,mdecalib_ro,23.69,135.76,43.08
statues,UniDepth1-vitl14,1000,mdecalib_shift,35.3,135.76,56.52
statues,UniDepth1-vitl14,1000,mdecalib_shift_ro,27.59,135.76,47.77
statues,UniDepth1-vitl14,1000,sf,62.37,135.76,70.43
statues,UniDepth1-vitl14,1000,sf_ro,44.87,135.76,59.54
statues,UniDepth1-vitl14,1000,sf_shift,60.5,135.76,69.52
statues,UniDepth1-vitl14,1000,sf_shift_ro,44.6,135.76,62.93
statues,UniDepth1Calib-cnvnxtl,10,calib,53.9,91.07,59.37
statues,UniDepth1Calib-cnvnxtl,10,calib_ro,34.7,91.07,40.52
statues,UniDepth1Calib-cnvnxtl,10,calib_shift,56.7,91.07,57.94
statues,UniDepth1Calib-cnvnxtl,10,calib_shift_ro,39.02,91.07,43.48
statues,UniDepth1Calib-cnvnxtl,100,calib,63.08,91.07,66.82
statues,UniDepth1Calib-cnvnxtl,100,calib_ro,37.34,91.07,42.37
statues,UniDepth1Calib-cnvnxtl,100,calib_shift,66.36,91.07,67.19
statues,UniDepth1Calib-cnvnxtl,100,calib_shift_ro,43.99,91.07,47.24
statues,UniDepth1Calib-cnvnxtl,500,calib,67.55,91.07,69.4
statues,UniDepth1Calib-cnvnxtl,500,calib_ro,38.31,91.07,42.64
statues,UniDepth1Calib-cnvnxtl,500,calib_shift,70.61,91.07,69.63
statues,UniDepth1Calib-cnvnxtl,500,calib_shift_ro,44.75,91.07,47.69
statues,UniDepth1Calib-cnvnxtl,1000,calib,68.73,91.07,70.12
statues,UniDepth1Calib-cnvnxtl,1000,calib_ro,38.47,91.07,42.61
statues,UniDepth1Calib-cnvnxtl,1000,calib_shift,71.65,91.07,70.24
statues,UniDepth1Calib-cnvnxtl,1000,calib_shift_ro,45.2,91.07,47.76
statues,UniDepth1Calib-vitl14,10,calib,59.83,133.81,62.71
statues,UniDepth1Calib-vitl14,10,calib_ro,44.85,133.81,45.78
statues,UniDepth1Calib-vitl14,10,calib_shift,61.23,133.81,61.04
statues,UniDepth1Calib-vitl14,10,calib_shift_ro,45.72,133.81,49.29
statues,UniDepth1Calib-vitl14,100,calib,66.7,133.81,68.32
statues,UniDepth1Calib-vitl14,100,calib_ro,46.8,133.81,47.44
statues,UniDepth1Calib-vitl14,100,calib_shift,69.13,133.81,68.36
statues,UniDepth1Calib-vitl14,100,calib_shift_ro,50.39,133.81,52.55
statues,UniDepth1Calib-vitl14,500,calib,69.71,133.81,70.18
statues,UniDepth1Calib-vitl14,500,calib_ro,47.27,133.81,47.59
statues,UniDepth1Calib-vitl14,500,calib_shift,71.97,133.81,70.17
statues,UniDepth1Calib-vitl14,500,calib_shift_ro,51.57,133.81,52.85
statues,UniDepth1Calib-vitl14,1000,calib,70.96,133.81,70.75
statues,UniDepth1Calib-vitl14,1000,calib_ro,47.34,133.81,47.61
statues,UniDepth1Calib-vitl14,1000,calib_shift,72.82,133.81,70.61
statues,UniDepth1Calib-vitl14,1000,calib_shift_ro,51.88,133.81,52.88
statues,UniDepth2-vitb14,10,calib,60.32,68.77,63.57
statues,UniDepth2-vitb14,10,calib_ro,49.56,68.77,52.59
statues,UniDepth2-vitb14,10,calib_shift,63.82,68.77,63.89
statues,UniDepth2-vitb14,10,calib_shift_ro,54.59,68.77,58.56
statues,UniDepth2-vitb14,10,mdecalib,25.03,68.77,51.43
statues,UniDepth2-vitb14,10,mdecalib_ro,22.4,68.77,49.99
statues,UniDepth2-vitb14,10,mdecalib_shift,26.32,68.77,51.92
statues,UniDepth2-vitb14,10,mdecalib_shift_ro,24.44,68.77,55.17
statues,UniDepth2-vitb14,10,sf,55.62,68.77,62.33
statues,UniDepth2-vitb14,10,sf_ro,48.52,68.77,63.16
statues,UniDepth2-vitb14,10,sf_shift,51.15,68.77,56.95
statues,UniDepth2-vitb14,10,sf_shift_ro,47.5,68.77,63.73
statues,UniDepth2-vitb14,100,calib,66.94,68.77,68.56
statues,UniDepth2-vitb14,100,calib_ro,51.43,68.77,53.71
statues,UniDepth2-vitb14,100,calib_shift,71.12,68.77,69.58
statues,UniDepth2-vitb14,100,calib_shift_ro,57.97,68.77,60.68
statues,UniDepth2-vitb14,100,mdecalib,28.82,68.77,56.58
statues,UniDepth2-vitb14,100,mdecalib_ro,23.56,68.77,51.48
statues,UniDepth2-vitb14,100,mdecalib_shift,29.34,68.77,57.89
statues,UniDepth2-vitb14,100,mdecalib_shift_ro,25.93,68.77,57.57
statues,UniDepth2-vitb14,100,sf,61.88,68.77,68.45
statues,UniDepth2-vitb14,100,sf_ro,50.76,68.77,65.62
statues,UniDepth2-vitb14,100,sf_shift,60.74,68.77,67.47
statues,UniDepth2-vitb14,100,sf_shift_ro,52.86,68.77,69.24
statues,UniDepth2-vitb14,500,calib,69.66,68.77,70.31
statues,UniDepth2-vitb14,500,calib_ro,51.83,68.77,53.77
statues,UniDepth2-vitb14,500,calib_shift,73.23,68.77,70.84
statues,UniDepth2-vitb14,500,calib_shift_ro,58.62,68.77,60.91
statues,UniDepth2-vitb14,500,mdecalib,29.78,68.77,58.66
statues,UniDepth2-vitb14,500,mdecalib_ro,23.81,68.77,51.59
statues,UniDepth2-vitb14,500,mdecalib_shift,30.88,68.77,59.62
statues,UniDepth2-vitb14,500,mdecalib_shift_ro,26.26,68.77,57.78
statues,UniDepth2-vitb14,500,sf,64.23,68.77,70.25
statues,UniDepth2-vitb14,500,sf_ro,50.98,68.77,66.03
statues,UniDepth2-vitb14,500,sf_shift,63.37,68.77,69.99
statues,UniDepth2-vitb14,500,sf_shift_ro,53.79,68.77,69.91
statues,UniDepth2-vitb14,1000,calib,70.54,68.77,70.77
statues,UniDepth2-vitb14,1000,calib_ro,51.93,68.77,53.76
statues,UniDepth2-vitb14,1000,calib_shift,74.15,68.77,71.16
statues,UniDepth2-vitb14,1000,calib_shift_ro,58.66,68.77,60.95
statues,UniDepth2-vitb14,1000,mdecalib,30.07,68.77,59.27
statues,UniDepth2-vitb14,1000,mdecalib_ro,23.93,68.77,51.6
statues,UniDepth2-vitb14,1000,mdecalib_shift,31.32,68.77,60.1
statues,UniDepth2-vitb14,1000,mdecalib_shift_ro,26.4,68.77,57.82
statues,UniDepth2-vitb14,1000,sf,64.99,68.77,70.71
statues,UniDepth2-vitb14,1000,sf_ro,50.97,68.77,66.14
statues,UniDepth2-vitb14,1000,sf_shift,63.95,68.77,70.52
statues,UniDepth2-vitb14,1000,sf_shift_ro,53.94,68.77,70.02
statues,UniDepth2-vitl14,10,calib,63.88,92.72,64.97
statues,UniDepth2-vitl14,10,calib_ro,55.26,92.72,55.75
statues,UniDepth2-vitl14,10,calib_shift,65.31,92.72,64.58
statues,UniDepth2-vitl14,10,calib_shift_ro,60.48,92.72,62.41
statues,UniDepth2-vitl14,10,mdecalib,26.64,92.72,49.69
statues,UniDepth2-vitl14,10,mdecalib_ro,25.94,92.72,53.55
statues,UniDepth2-vitl14,10,mdecalib_shift,26.36,92.72,51.14
statues,UniDepth2-vitl14,10,mdecalib_shift_ro,27.27,92.72,58.36
statues,UniDepth2-vitl14,10,sf,58.62,92.72,62.9
statues,UniDepth2-vitl14,10,sf_ro,53.45,92.72,66.22
statues,UniDepth2-vitl14,10,sf_shift,54.87,92.72,58.72
statues,UniDepth2-vitl14,10,sf_shift_ro,52.72,92.72,67.25
statues,UniDepth2-vitl14,100,calib,69.78,92.72,69.07
statues,UniDepth2-vitl14,100,calib_ro,56.93,92.72,57.04
statues,UniDepth2-vitl14,100,calib_shift,72.76,92.72,69.82
statues,UniDepth2-vitl14,100,calib_shift_ro,62.85,92.72,64.19
statues,UniDepth2-vitl14,100,mdecalib,29.42,92.72,54.71
statues,UniDepth2-vitl14,100,mdecalib_ro,26.96,92.72,55.0
statues,UniDepth2-vitl14,100,mdecalib_shift,29.64,92.72,56.85
statues,UniDepth2-vitl14,100,mdecalib_shift_ro,29.03,92.72,60.58
statues,UniDepth2-vitl14,100,sf,65.07,92.72,68.75
statues,UniDepth2-vitl14,100,sf_ro,55.47,92.72,68.32
statues,UniDepth2-vitl14,100,sf_shift,63.24,92.72,68.05
statues,UniDepth2-vitl14,100,sf_shift_ro,58.18,92.72,72.16
statues,UniDepth2-vitl14,500,calib,71.95,92.72,70.46
statues,UniDepth2-vitl14,500,calib_ro,57.47,92.72,57.13
statues,UniDepth2-vitl14,500,calib_shift,74.94,92.72,71.0
statues,UniDepth2-vitl14,500,calib_shift_ro,63.78,92.72,64.37
statues,UniDepth2-vitl14,500,mdecalib,30.2,92.72,57.02
statues,UniDepth2-vitl14,500,mdecalib_ro,27.17,92.72,55.13
statues,UniDepth2-vitl14,500,mdecalib_shift,30.48,92.72,58.48
statues,UniDepth2-vitl14,500,mdecalib_shift_ro,29.33,92.72,60.78
statues,UniDepth2-vitl14,500,sf,66.9,92.72,70.42
statues,UniDepth2-vitl14,500,sf_ro,56.02,92.72,68.66
statues,UniDepth2-vitl14,500,sf_shift,66.04,92.72,70.19
statues,UniDepth2-vitl14,500,sf_shift_ro,59.02,92.72,72.65
statues,UniDepth2-vitl14,1000,calib,72.81,92.72,70.83
statues,UniDepth2-vitl14,1000,calib_ro,57.55,92.72,57.11
statues,UniDepth2-vitl14,1000,calib_shift,75.67,92.72,71.33
statues,UniDepth2-vitl14,1000,calib_shift_ro,63.9,92.72,64.4
statues,UniDepth2-vitl14,1000,mdecalib,30.34,92.72,57.79
statues,UniDepth2-vitl14,1000,mdecalib_ro,27.25,92.72,55.14
statues,UniDepth2-vitl14,1000,mdecalib_shift,30.61,92.72,58.96
statues,UniDepth2-vitl14,1000,mdecalib_shift_ro,29.42,92.72,60.8
statues,UniDepth2-vitl14,1000,sf,67.68,92.72,70.93
statues,UniDepth2-vitl14,1000,sf_ro,56.21,92.72,68.83
statues,UniDepth2-vitl14,1000,sf_shift,66.91,92.72,70.73
statues,UniDepth2-vitl14,1000,sf_shift_ro,59.13,92.72,72.79
statues,UniDepth2-vits14,10,calib,57.74,55.17,61.89
statues,UniDepth2-vits14,10,calib_ro,42.58,55.17,48.19
statues,UniDepth2-vits14,10,calib_shift,60.23,55.17,62.08
statues,UniDepth2-vits14,10,calib_shift_ro,48.28,55.17,53.0
statues,UniDepth2-vits14,10,mdecalib,15.16,55.17,45.76
statues,UniDepth2-vits14,10,mdecalib_ro,12.8,55.17,44.84
statues,UniDepth2-vits14,10,mdecalib_shift,15.46,55.17,46.53
statues,UniDepth2-vits14,10,mdecalib_shift_ro,14.16,55.17,49.34
statues,UniDepth2-vits14,10,sf,50.47,55.17,59.55
statues,UniDepth2-vits14,10,sf_ro,41.05,55.17,58.16
statues,UniDepth2-vits14,10,sf_shift,46.16,55.17,53.35
statues,UniDepth2-vits14,10,sf_shift_ro,40.88,55.17,58.84
statues,UniDepth2-vits14,100,calib,65.88,55.17,68.01
statues,UniDepth2-vits14,100,calib_ro,44.76,55.17,49.75
statues,UniDepth2-vits14,100,calib_shift,68.11,55.17,68.65
statues,UniDepth2-vits14,100,calib_shift_ro,52.6,55.17,56.13
statues,UniDepth2-vits14,100,mdecalib,18.1,55.17,51.82
statues,UniDepth2-vits14,100,mdecalib_ro,13.46,55.17,46.56
statues,UniDepth2-vits14,100,mdecalib_shift,17.92,55.17,53.19
statues,UniDepth2-vits14,100,mdecalib_shift_ro,15.32,55.17,52.42
statues,UniDepth2-vits14,100,sf,58.91,55.17,67.4
statues,UniDepth2-vits14,100,sf_ro,43.14,55.17,61.21
statues,UniDepth2-vits14,100,sf_shift,56.47,55.17,66.08
statues,UniDepth2-vits14,100,sf_shift_ro,47.4,55.17,65.35
statues,UniDepth2-vits14,500,calib,69.79,55.17,70.13
statues,UniDepth2-vits14,500,calib_ro,45.87,55.17,49.88
statues,UniDepth2-vits14,500,calib_shift,71.79,55.17,70.52
statues,UniDepth2-vits14,500,calib_shift_ro,53.54,55.17,56.49
statues,UniDepth2-vits14,500,mdecalib,19.38,55.17,54.26
statues,UniDepth2-vits14,500,mdecalib_ro,13.8,55.17,46.69
statues,UniDepth2-vits14,500,mdecalib_shift,19.28,55.17,55.32
statues,UniDepth2-vits14,500,mdecalib_shift_ro,15.43,55.17,52.75
statues,UniDepth2-vits14,500,sf,61.35,55.17,69.6
statues,UniDepth2-vits14,500,sf_ro,43.95,55.17,61.88
statues,UniDepth2-vits14,500,sf_shift,59.88,55.17,69.24
statues,UniDepth2-vits14,500,sf_shift_ro,48.77,55.17,66.27
statues,UniDepth2-vits14,1000,calib,70.5,55.17,70.56
statues,UniDepth2-vits14,1000,calib_ro,45.88,55.17,49.85
statues,UniDepth2-vits14,1000,calib_shift,72.86,55.17,70.97
statues,UniDepth2-vits14,1000,calib_shift_ro,53.65,55.17,56.49
statues,UniDepth2-vits14,1000,mdecalib,19.73,55.17,54.99
statues,UniDepth2-vits14,1000,mdecalib_ro,13.74,55.17,46.69
statues,UniDepth2-vits14,1000,mdecalib_shift,19.52,55.17,55.86
statues,UniDepth2-vits14,1000,mdecalib_shift_ro,15.51,55.17,52.81
statues,UniDepth2-vits14,1000,sf,62.15,55.17,70.24
statues,UniDepth2-vits14,1000,sf_ro,44.22,55.17,62.1
statues,UniDepth2-vits14,1000,sf_shift,61.3,55.17,69.93
statues,UniDepth2-vits14,1000,sf_shift_ro,49.39,55.17,66.53
statues,UniDepth2Calib-vitb14,10,calib,60.81,68.92,63.75
statues,UniDepth2Calib-vitb14,10,calib_ro,50.29,68.92,53.06
statues,UniDepth2Calib-vitb14,10,calib_shift,64.34,68.92,63.95
statues,UniDepth2Calib-vitb14,10,calib_shift_ro,54.34,68.92,58.51
statues,UniDepth2Calib-vitb14,100,calib,67.67,68.92,68.72
statues,UniDepth2Calib-vitb14,100,calib_ro,52.18,68.92,54.24
statues,UniDepth2Calib-vitb14,100,calib_shift,70.94,68.92,69.5
statues,UniDepth2Calib-vitb14,100,calib_shift_ro,57.18,68.92,60.61
statues,UniDepth2Calib-vitb14,500,calib,70.03,68.92,70.26
statues,UniDepth2Calib-vitb14,500,calib_ro,52.56,68.92,54.34
statues,UniDepth2Calib-vitb14,500,calib_shift,73.27,68.92,70.82
statues,UniDepth2Calib-vitb14,500,calib_shift_ro,58.03,68.92,60.79
statues,UniDepth2Calib-vitb14,1000,calib,70.86,68.92,70.72
statues,UniDepth2Calib-vitb14,1000,calib_ro,52.68,68.92,54.34
statues,UniDepth2Calib-vitb14,1000,calib_shift,74.09,68.92,71.17
statues,UniDepth2Calib-vitb14,1000,calib_shift_ro,58.2,68.92,60.83
statues,UniDepth2Calib-vitl14,10,calib,64.78,94.46,65.34
statues,UniDepth2Calib-vitl14,10,calib_ro,57.38,94.46,57.08
statues,UniDepth2Calib-vitl14,10,calib_shift,65.5,94.46,64.69
statues,UniDepth2Calib-vitl14,10,calib_shift_ro,60.95,94.46,62.98
statues,UniDepth2Calib-vitl14,100,calib,70.53,94.46,69.22
statues,UniDepth2Calib-vitl14,100,calib_ro,59.1,94.46,58.21
statues,UniDepth2Calib-vitl14,100,calib_shift,72.79,94.46,69.88
statues,UniDepth2Calib-vitl14,100,calib_shift_ro,63.54,94.46,64.72
statues,UniDepth2Calib-vitl14,500,calib,72.74,94.46,70.6
statues,UniDepth2Calib-vitl14,500,calib_ro,59.41,94.46,58.28
statues,UniDepth2Calib-vitl14,500,calib_shift,74.67,94.46,70.94
statues,UniDepth2Calib-vitl14,500,calib_shift_ro,64.23,94.46,64.85
statues,UniDepth2Calib-vitl14,1000,calib,73.27,94.46,70.9
statues,UniDepth2Calib-vitl14,1000,calib_ro,59.48,94.46,58.28
statues,UniDepth2Calib-vitl14,1000,calib_shift,75.41,94.46,71.3
statues,UniDepth2Calib-vitl14,1000,calib_shift_ro,64.14,94.46,64.9
statues,UniDepth2Calib-vits14,10,calib,58.69,56.49,62.14
statues,UniDepth2Calib-vits14,10,calib_ro,43.99,56.49,49.02
statues,UniDepth2Calib-vits14,10,calib_shift,60.38,56.49,62.01
statues,UniDepth2Calib-vits14,10,calib_shift_ro,47.91,56.49,53.24
statues,UniDepth2Calib-vits14,100,calib,66.52,56.49,68.03
statues,UniDepth2Calib-vits14,100,calib_ro,46.2,56.49,50.48
statues,UniDepth2Calib-vits14,100,calib_shift,68.25,56.49,68.76
statues,UniDepth2Calib-vits14,100,calib_shift_ro,52.26,56.49,56.18
statues,UniDepth2Calib-vits14,500,calib,69.96,56.49,70.02
statues,UniDepth2Calib-vits14,500,calib_ro,46.96,56.49,50.57
statues,UniDepth2Calib-vits14,500,calib_shift,71.81,56.49,70.6
statues,UniDepth2Calib-vits14,500,calib_shift_ro,53.1,56.49,56.53
statues,UniDepth2Calib-vits14,1000,calib,70.72,56.49,70.57
statues,UniDepth2Calib-vits14,1000,calib_ro,47.08,56.49,50.51
statues,UniDepth2Calib-vits14,1000,calib_shift,72.6,56.49,71.03
statues,UniDepth2Calib-vits14,1000,calib_shift_ro,53.3,56.49,56.53
statues,UniK3D-vitl,10,calib,64.48,104.98,65.16
statues,UniK3D-vitl,10,calib_ro,57.44,104.98,57.09
statues,UniK3D-vitl,10,calib_shift,66.59,104.98,64.85
statues,UniK3D-vitl,10,calib_shift_ro,63.35,104.98,63.78
statues,UniK3D-vitl,10,mdecalib,0.0,104.98,
statues,UniK3D-vitl,10,mdecalib_ro,0.0,104.98,
statues,UniK3D-vitl,10,mdecalib_shift,0.0,104.98,
statues,UniK3D-vitl,10,mdecalib_shift_ro,0.0,104.98,
statues,UniK3D-vitl,10,sf,59.1,104.98,63.35
statues,UniK3D-vitl,10,sf_ro,55.6,104.98,67.34
statues,UniK3D-vitl,10,sf_shift,56.63,104.98,59.48
statues,UniK3D-vitl,10,sf_shift_ro,56.12,104.98,68.06
statues,UniK3D-vitl,100,calib,69.92,104.98,69.29
statues,UniK3D-vitl,100,calib_ro,59.12,104.98,58.13
statues,UniK3D-vitl,100,calib_shift,73.44,104.98,70.03
statues,UniK3D-vitl,100,calib_shift_ro,65.86,104.98,65.55
statues,UniK3D-vitl,100,mdecalib,0.0,104.98,
statues,UniK3D-vitl,100,mdecalib_ro,0.0,104.98,
statues,UniK3D-vitl,100,mdecalib_shift,0.0,104.98,
statues,UniK3D-vitl,100,mdecalib_shift_ro,0.0,104.98,
statues,UniK3D-vitl,100,sf,64.77,104.98,69.03
statues,UniK3D-vitl,100,sf_ro,57.59,104.98,69.42
statues,UniK3D-vitl,100,sf_shift,65.03,104.98,68.41
statues,UniK3D-vitl,100,sf_shift_ro,61.45,104.98,73.0
statues,UniK3D-vitl,500,calib,71.45,104.98,70.51
statues,UniK3D-vitl,500,calib_ro,59.46,104.98,58.29
statues,UniK3D-vitl,500,calib_shift,75.7,104.98,71.1
statues,UniK3D-vitl,500,calib_shift_ro,66.68,104.98,65.68
statues,UniK3D-vitl,500,mdecalib,0.0,104.98,
statues,UniK3D-vitl,500,mdecalib_ro,0.0,104.98,
statues,UniK3D-vitl,500,mdecalib_shift,0.0,104.98,
statues,UniK3D-vitl,500,mdecalib_shift_ro,0.0,104.98,
statues,UniK3D-vitl,500,sf,66.44,104.98,70.51
statues,UniK3D-vitl,500,sf_ro,57.96,104.98,69.74
statues,UniK3D-vitl,500,sf_shift,67.32,104.98,70.43
statues,UniK3D-vitl,500,sf_shift_ro,62.28,104.98,73.5
statues,UniK3D-vitl,1000,calib,72.05,104.98,70.89
statues,UniK3D-vitl,1000,calib_ro,59.59,104.98,58.29
statues,UniK3D-vitl,1000,calib_shift,76.12,104.98,71.35
statues,UniK3D-vitl,1000,calib_shift_ro,66.79,104.98,65.68
statues,UniK3D-vitl,1000,mdecalib,0.0,104.98,
statues,UniK3D-vitl,1000,mdecalib_ro,0.0,104.98,
statues,UniK3D-vitl,1000,mdecalib_shift,0.0,104.98,
statues,UniK3D-vitl,1000,mdecalib_shift_ro,0.0,104.98,
statues,UniK3D-vitl,1000,sf,66.69,104.98,70.95
statues,UniK3D-vitl,1000,sf_ro,58.26,104.98,69.89
statues,UniK3D-vitl,1000,sf_shift,68.29,104.98,70.96
statues,UniK3D-vitl,1000,sf_shift_ro,62.31,104.98,73.58
statues,UniK3DCalib-vitl,10,calib,66.13,97.4,65.6
statues,UniK3DCalib-vitl,10,calib_ro,60.17,97.4,58.79
statues,UniK3DCalib-vitl,10,calib_shift,67.25,97.4,65.13
statues,UniK3DCalib-vitl,10,calib_shift_ro,62.83,97.4,63.91
statues,UniK3DCalib-vitl,100,calib,71.51,97.4,69.46
statues,UniK3DCalib-vitl,100,calib_ro,61.77,97.4,59.93
statues,UniK3DCalib-vitl,100,calib_shift,73.39,97.4,70.07
statues,UniK3DCalib-vitl,100,calib_shift_ro,65.41,97.4,65.71
statues,UniK3DCalib-vitl,500,calib,72.97,97.4,70.67
statues,UniK3DCalib-vitl,500,calib_ro,61.98,97.4,59.99
statues,UniK3DCalib-vitl,500,calib_shift,75.48,97.4,71.1
statues,UniK3DCalib-vitl,500,calib_shift_ro,65.89,97.4,65.9
statues,UniK3DCalib-vitl,1000,calib,73.64,97.4,71.01
statues,UniK3DCalib-vitl,1000,calib_ro,62.03,97.4,60.0
statues,UniK3DCalib-vitl,1000,calib_shift,76.16,97.4,71.36
statues,UniK3DCalib-vitl,1000,calib_shift_ro,66.16,97.4,65.91
statues,VGGT-VGGT-1B,10,calib,61.6,262.19,63.39
statues,VGGT-VGGT-1B,10,calib_ro,51.63,262.19,53.25
statues,VGGT-VGGT-1B,10,calib_shift,62.23,262.19,61.64
statues,VGGT-VGGT-1B,10,calib_shift_ro,54.29,262.19,55.84
statues,VGGT-VGGT-1B,10,mdecalib,26.71,262.19,52.88
statues,VGGT-VGGT-1B,10,mdecalib_ro,24.45,262.19,51.81
statues,VGGT-VGGT-1B,10,mdecalib_shift,27.01,262.19,52.04
statues,VGGT-VGGT-1B,10,mdecalib_shift_ro,25.97,262.19,54.53
statues,VGGT-VGGT-1B,10,sf,55.4,262.19,60.81
statues,VGGT-VGGT-1B,10,sf_ro,48.63,262.19,62.25
statues,VGGT-VGGT-1B,10,sf_shift,48.69,262.19,53.17
statues,VGGT-VGGT-1B,10,sf_shift_ro,45.3,262.19,61.32
statues,VGGT-VGGT-1B,100,calib,68.21,262.19,68.45
statues,VGGT-VGGT-1B,100,calib_ro,53.26,262.19,54.64
statues,VGGT-VGGT-1B,100,calib_shift,71.19,262.19,69.06
statues,VGGT-VGGT-1B,100,calib_shift_ro,57.88,262.19,58.92
statues,VGGT-VGGT-1B,100,mdecalib,30.37,262.19,57.63
statues,VGGT-VGGT-1B,100,mdecalib_ro,25.96,262.19,53.33
statues,VGGT-VGGT-1B,100,mdecalib_shift,31.95,262.19,58.72
statues,VGGT-VGGT-1B,100,mdecalib_shift_ro,28.23,262.19,57.68
statues,VGGT-VGGT-1B,100,sf,63.45,262.19,68.1
statues,VGGT-VGGT-1B,100,sf_ro,50.8,262.19,65.01
statues,VGGT-VGGT-1B,100,sf_shift,60.3,262.19,66.68
statues,VGGT-VGGT-1B,100,sf_shift_ro,51.14,262.19,67.54
statues,VGGT-VGGT-1B,500,calib,70.84,262.19,70.04
statues,VGGT-VGGT-1B,500,calib_ro,53.62,262.19,54.66
statues,VGGT-VGGT-1B,500,calib_shift,73.61,262.19,70.48
statues,VGGT-VGGT-1B,500,calib_shift_ro,58.11,262.19,59.07
statues,VGGT-VGGT-1B,500,mdecalib,31.97,262.19,59.37
statues,VGGT-VGGT-1B,500,mdecalib_ro,26.18,262.19,53.36
statues,VGGT-VGGT-1B,500,mdecalib_shift,33.64,262.19,60.35
statues,VGGT-VGGT-1B,500,mdecalib_shift_ro,28.65,262.19,57.94
statues,VGGT-VGGT-1B,500,sf,65.18,262.19,69.89
statues,VGGT-VGGT-1B,500,sf_ro,51.2,262.19,65.55
statues,VGGT-VGGT-1B,500,sf_shift,63.76,262.19,69.2
statues,VGGT-VGGT-1B,500,sf_shift_ro,52.27,262.19,68.49
statues,VGGT-VGGT-1B,1000,calib,71.45,262.19,70.51
statues,VGGT-VGGT-1B,1000,calib_ro,53.71,262.19,54.65
statues,VGGT-VGGT-1B,1000,calib_shift,74.36,262.19,70.86
statues,VGGT-VGGT-1B,1000,calib_shift_ro,58.3,262.19,59.06
statues,VGGT-VGGT-1B,1000,mdecalib,32.63,262.19,60.05
statues,VGGT-VGGT-1B,1000,mdecalib_ro,26.35,262.19,53.36
statues,VGGT-VGGT-1B,1000,mdecalib_shift,34.19,262.19,60.92
statues,VGGT-VGGT-1B,1000,mdecalib_shift_ro,28.72,262.19,57.95
statues,VGGT-VGGT-1B,1000,sf,65.87,262.19,70.39
statues,VGGT-VGGT-1B,1000,sf_ro,51.15,262.19,65.69
statues,VGGT-VGGT-1B,1000,sf_shift,64.62,262.19,69.9
statues,VGGT-VGGT-1B,1000,sf_shift_ro,52.52,262.19,68.65
statues,gt,10,calib,86.59,0.0,71.44
statues,gt,10,calib_ro,93.0,0.0,94.5
statues,gt,10,calib_shift,85.81,0.0,71.22
statues,gt,10,calib_shift_ro,92.53,0.0,94.43
statues,gt,10,mdecalib,0.0,0.0,
statues,gt,10,mdecalib_ro,0.0,0.0,
statues,gt,10,mdecalib_shift,0.0,0.0,
statues,gt,10,mdecalib_shift_ro,0.0,0.0,
statues,gt,10,sf,85.13,0.0,71.45
statues,gt,10,sf_ro,92.47,0.0,94.52
statues,gt,10,sf_shift,84.16,0.0,71.13
statues,gt,10,sf_shift_ro,91.87,0.0,94.13
statues,gt,100,calib,87.5,0.0,72.06
statues,gt,100,calib_ro,93.0,0.0,94.5
statues,gt,100,calib_shift,87.12,0.0,71.95
statues,gt,100,calib_shift_ro,92.53,0.0,94.43
statues,gt,100,mdecalib,0.0,0.0,
statues,gt,100,mdecalib_ro,0.0,0.0,
statues,gt,100,mdecalib_shift,0.0,0.0,
statues,gt,100,mdecalib_shift_ro,0.0,0.0,
statues,gt,100,sf,86.47,0.0,72.26
statues,gt,100,sf_ro,92.47,0.0,94.52
statues,gt,100,sf_shift,85.77,0.0,72.14
statues,gt,100,sf_shift_ro,91.87,0.0,94.13
statues,gt,500,calib,87.38,0.0,72.22
statues,gt,500,calib_ro,93.0,0.0,94.5
statues,gt,500,calib_shift,86.95,0.0,72.14
statues,gt,500,calib_shift_ro,92.53,0.0,94.43
statues,gt,500,mdecalib,0.0,0.0,
statues,gt,500,mdecalib_ro,0.0,0.0,
statues,gt,500,mdecalib_shift,0.0,0.0,
statues,gt,500,mdecalib_shift_ro,0.0,0.0,
statues,gt,500,sf,86.5,0.0,72.45
statues,gt,500,sf_ro,92.47,0.0,94.52
statues,gt,500,sf_shift,85.8,0.0,72.39
statues,gt,500,sf_shift_ro,91.87,0.0,94.13
statues,gt,1000,calib,87.41,0.0,72.25
statues,gt,1000,calib_ro,93.0,0.0,94.5
statues,gt,1000,calib_shift,86.85,0.0,72.17
statues,gt,1000,calib_shift_ro,92.55,0.0,94.43
statues,gt,1000,mdecalib,0.0,0.0,
statues,gt,1000,mdecalib_ro,0.0,0.0,
statues,gt,1000,mdecalib_shift,0.0,0.0,
statues,gt,1000,mdecalib_shift_ro,0.0,0.0,
statues,gt,1000,sf,86.46,0.0,72.52
statues,gt,1000,sf_ro,92.47,0.0,94.52
statues,gt,1000,sf_shift,85.66,0.0,72.47
statues,gt,1000,sf_shift_ro,91.87,0.0,94.13
statues,none,10,baseline_calib,70.65,0.0,69.09
statues,none,10,baseline_sf,59.28,0.0,66.1
statues,none,100,baseline_calib,76.34,0.0,71.96
statues,none,100,baseline_sf,64.91,0.0,71.53
statues,none,500,baseline_calib,78.14,0.0,72.48
statues,none,500,baseline_sf,66.09,0.0,72.4
statues,none,1000,baseline_calib,78.42,0.0,72.61
statues,none,1000,baseline_sf,66.45,0.0,72.6
vegetation,3DGS,10,calib,62.38,0.0,57.55
vegetation,3DGS,10,calib_ro,57.99,0.0,52.09
vegetation,3DGS,10,calib_shift,49.85,0.0,49.81
vegetation,3DGS,10,calib_shift_ro,46.79,0.0,50.16
vegetation,3DGS,10,mdecalib,0.0,0.0,
vegetation,3DGS,10,mdecalib_ro,0.0,0.0,
vegetation,3DGS,10,mdecalib_shift,0.0,0.0,
vegetation,3DGS,10,mdecalib_shift_ro,0.0,0.0,
vegetation,3DGS,10,sf,48.5,0.0,50.79
vegetation,3DGS,10,sf_ro,48.47,0.0,58.0
vegetation,3DGS,10,sf_shift,32.67,0.0,38.43
vegetation,3DGS,10,sf_shift_ro,33.75,0.0,50.37
vegetation,3DGS,100,calib,69.74,0.0,61.89
vegetation,3DGS,100,calib_ro,60.92,0.0,53.32
vegetation,3DGS,100,calib_shift,63.11,0.0,59.7
vegetation,3DGS,100,calib_shift_ro,55.17,0.0,55.18
vegetation,3DGS,100,mdecalib,0.0,0.0,
vegetation,3DGS,100,mdecalib_ro,0.0,0.0,
vegetation,3DGS,100,mdecalib_shift,0.0,0.0,
vegetation,3DGS,100,mdecalib_shift_ro,0.0,0.0,
vegetation,3DGS,100,sf,59.83,0.0,60.53
vegetation,3DGS,100,sf_ro,53.96,0.0,62.52
vegetation,3DGS,100,sf_shift,49.62,0.0,56.32
vegetation,3DGS,100,sf_shift_ro,45.45,0.0,62.54
vegetation,3DGS,500,calib,71.63,0.0,62.89
vegetation,3DGS,500,calib_ro,61.52,0.0,53.44
vegetation,3DGS,500,calib_shift,67.29,0.0,61.68
vegetation,3DGS,500,calib_shift_ro,57.39,0.0,55.73
vegetation,3DGS,500,mdecalib,0.0,0.0,
vegetation,3DGS,500,mdecalib_ro,0.0,0.0,
vegetation,3DGS,500,mdecalib_shift,0.0,0.0,
vegetation,3DGS,500,mdecalib_shift_ro,0.0,0.0,
vegetation,3DGS,500,sf,62.76,0.0,62.46
vegetation,3DGS,500,sf_ro,54.34,0.0,63.08
vegetation,3DGS,500,sf_shift,55.76,0.0,60.2
vegetation,3DGS,500,sf_shift_ro,48.2,0.0,63.79
vegetation,3DGS,1000,calib,71.96,0.0,63.1
vegetation,3DGS,1000,calib_ro,61.69,0.0,53.46
vegetation,3DGS,1000,calib_shift,68.4,0.0,62.13
vegetation,3DGS,1000,calib_shift_ro,57.76,0.0,55.83
vegetation,3DGS,1000,mdecalib,0.0,0.0,
vegetation,3DGS,1000,mdecalib_ro,0.0,0.0,
vegetation,3DGS,1000,mdecalib_shift,0.0,0.0,
vegetation,3DGS,1000,mdecalib_shift_ro,0.0,0.0,
vegetation,3DGS,1000,sf,63.51,0.0,62.99
vegetation,3DGS,1000,sf_ro,54.32,0.0,63.15
vegetation,3DGS,1000,sf_shift,57.1,0.0,61.21
vegetation,3DGS,1000,sf_shift_ro,48.97,0.0,64.06
vegetation,DepthAnythingV2-vitb,10,calib,43.6,98.23,50.63
vegetation,DepthAnythingV2-vitb,10,calib_ro,30.52,98.23,45.49
vegetation,DepthAnythingV2-vitb,10,calib_shift,47.77,98.23,47.19
vegetation,DepthAnythingV2-vitb,10,calib_shift_ro,37.47,98.23,48.32
vegetation,DepthAnythingV2-vitb,10,mdecalib,0.0,98.23,
vegetation,DepthAnythingV2-vitb,10,mdecalib_ro,0.0,98.23,
vegetation,DepthAnythingV2-vitb,10,mdecalib_shift,0.0,98.23,
vegetation,DepthAnythingV2-vitb,10,mdecalib_shift_ro,0.0,98.23,
vegetation,DepthAnythingV2-vitb,10,sf,30.8,98.23,41.7
vegetation,DepthAnythingV2-vitb,10,sf_ro,24.92,98.23,49.48
vegetation,DepthAnythingV2-vitb,10,sf_shift,31.28,98.23,36.83
vegetation,DepthAnythingV2-vitb,10,sf_shift_ro,25.74,98.23,48.5
vegetation,DepthAnythingV2-vitb,100,calib,52.79,98.23,57.17
vegetation,DepthAnythingV2-vitb,100,calib_ro,32.96,98.23,47.4
vegetation,DepthAnythingV2-vitb,100,calib_shift,61.18,98.23,57.35
vegetation,DepthAnythingV2-vitb,100,calib_shift_ro,42.95,98.23,53.29
vegetation,DepthAnythingV2-vitb,100,mdecalib,0.0,98.23,
vegetation,DepthAnythingV2-vitb,100,mdecalib_ro,0.0,98.23,
vegetation,DepthAnythingV2-vitb,100,mdecalib_shift,0.0,98.23,
vegetation,DepthAnythingV2-vitb,100,mdecalib_shift_ro,0.0,98.23,
vegetation,DepthAnythingV2-vitb,100,sf,41.2,98.23,53.91
vegetation,DepthAnythingV2-vitb,100,sf_ro,28.87,98.23,56.44
vegetation,DepthAnythingV2-vitb,100,sf_shift,46.42,98.23,53.11
vegetation,DepthAnythingV2-vitb,100,sf_shift_ro,31.87,98.23,59.11
vegetation,DepthAnythingV2-vitb,500,calib,56.04,98.23,59.33
vegetation,DepthAnythingV2-vitb,500,calib_ro,33.27,98.23,47.64
vegetation,DepthAnythingV2-vitb,500,calib_shift,65.32,98.23,59.56
vegetation,DepthAnythingV2-vitb,500,calib_shift_ro,44.45,98.23,53.82
vegetation,DepthAnythingV2-vitb,500,mdecalib,0.0,98.23,
vegetation,DepthAnythingV2-vitb,500,mdecalib_ro,0.0,98.23,
vegetation,DepthAnythingV2-vitb,500,mdecalib_shift,0.0,98.23,
vegetation,DepthAnythingV2-vitb,500,mdecalib_shift_ro,0.0,98.23,
vegetation,DepthAnythingV2-vitb,500,sf,45.58,98.23,57.43
vegetation,DepthAnythingV2-vitb,500,sf_ro,29.41,98.23,57.3
vegetation,DepthAnythingV2-vitb,500,sf_shift,53.17,98.23,57.72
vegetation,DepthAnythingV2-vitb,500,sf_shift_ro,33.84,98.23,60.73
vegetation,DepthAnythingV2-vitb,1000,calib,57.13,98.23,59.95
vegetation,DepthAnythingV2-vitb,1000,calib_ro,33.4,98.23,47.66
vegetation,DepthAnythingV2-vitb,1000,calib_shift,66.97,98.23,60.14
vegetation,DepthAnythingV2-vitb,1000,calib_shift_ro,44.52,98.23,53.95
vegetation,DepthAnythingV2-vitb,1000,mdecalib,0.0,98.23,
vegetation,DepthAnythingV2-vitb,1000,mdecalib_ro,0.0,98.23,
vegetation,DepthAnythingV2-vitb,1000,mdecalib_shift,0.0,98.23,
vegetation,DepthAnythingV2-vitb,1000,mdecalib_shift_ro,0.0,98.23,
vegetation,DepthAnythingV2-vitb,1000,sf,47.01,98.23,58.39
vegetation,DepthAnythingV2-vitb,1000,sf_ro,29.38,98.23,57.49
vegetation,DepthAnythingV2-vitb,1000,sf_shift,55.12,98.23,58.78
vegetation,DepthAnythingV2-vitb,1000,sf_shift_ro,34.4,98.23,61.13
vegetation,DepthAnythingV2-vitl,10,calib,27.05,174.38,26.24
vegetation,DepthAnythingV2-vitl,10,calib_ro,31.39,174.38,45.8
vegetation,DepthAnythingV2-vitl,10,calib_shift,41.9,174.38,38.9
vegetation,DepthAnythingV2-vitl,10,calib_shift_ro,38.48,174.38,48.77
vegetation,DepthAnythingV2-vitl,10,mdecalib,0.0,174.38,
vegetation,DepthAnythingV2-vitl,10,mdecalib_ro,0.0,174.38,
vegetation,DepthAnythingV2-vitl,10,mdecalib_shift,0.0,174.38,
vegetation,DepthAnythingV2-vitl,10,mdecalib_shift_ro,0.0,174.38,
vegetation,DepthAnythingV2-vitl,10,sf,31.52,174.38,42.12
vegetation,DepthAnythingV2-vitl,10,sf_ro,25.43,174.38,49.95
vegetation,DepthAnythingV2-vitl,10,sf_shift,31.24,174.38,37.75
vegetation,DepthAnythingV2-vitl,10,sf_shift_ro,26.08,174.38,49.33
vegetation,DepthAnythingV2-vitl,100,calib,32.37,174.38,31.68
vegetation,DepthAnythingV2-vitl,100,calib_ro,33.45,174.38,47.71
vegetation,DepthAnythingV2-vitl,100,calib_shift,57.01,174.38,51.56
vegetation,DepthAnythingV2-vitl,100,calib_shift_ro,42.57,174.38,53.01
vegetation,DepthAnythingV2-vitl,100,mdecalib,0.0,174.38,
vegetation,DepthAnythingV2-vitl,100,mdecalib_ro,0.0,174.38,
vegetation,DepthAnythingV2-vitl,100,mdecalib_shift,0.0,174.38,
vegetation,DepthAnythingV2-vitl,100,mdecalib_shift_ro,0.0,174.38,
vegetation,DepthAnythingV2-vitl,100,sf,42.23,174.38,54.13
vegetation,DepthAnythingV2-vitl,100,sf_ro,29.32,174.38,56.73
vegetation,DepthAnythingV2-vitl,100,sf_shift,47.96,174.38,53.96
vegetation,DepthAnythingV2-vitl,100,sf_shift_ro,32.57,174.38,59.44
vegetation,DepthAnythingV2-vitl,500,calib,35.54,174.38,34.96
vegetation,DepthAnythingV2-vitl,500,calib_ro,33.91,174.38,47.94
vegetation,DepthAnythingV2-vitl,500,calib_shift,62.79,174.38,55.8
vegetation,DepthAnythingV2-vitl,500,calib_shift_ro,44.41,174.38,53.58
vegetation,DepthAnythingV2-vitl,500,mdecalib,0.0,174.38,
vegetation,DepthAnythingV2-vitl,500,mdecalib_ro,0.0,174.38,
vegetation,DepthAnythingV2-vitl,500,mdecalib_shift,0.0,174.38,
vegetation,DepthAnythingV2-vitl,500,mdecalib_shift_ro,0.0,174.38,
vegetation,DepthAnythingV2-vitl,500,sf,45.97,174.38,57.52
vegetation,DepthAnythingV2-vitl,500,sf_ro,29.53,174.38,57.62
vegetation,DepthAnythingV2-vitl,500,sf_shift,53.48,174.38,57.77
vegetation,DepthAnythingV2-vitl,500,sf_shift_ro,34.96,174.38,60.97
vegetation,DepthAnythingV2-vitl,1000,calib,36.76,174.38,36.3
vegetation,DepthAnythingV2-vitl,1000,calib_ro,33.95,174.38,47.94
vegetation,DepthAnythingV2-vitl,1000,calib_shift,64.53,174.38,57.05
vegetation,DepthAnythingV2-vitl,1000,calib_shift_ro,44.82,174.38,53.62
vegetation,DepthAnythingV2-vitl,1000,mdecalib,0.0,174.38,
vegetation,DepthAnythingV2-vitl,1000,mdecalib_ro,0.0,174.38,
vegetation,DepthAnythingV2-vitl,1000,mdecalib_shift,0.0,174.38,
vegetation,DepthAnythingV2-vitl,1000,mdecalib_shift_ro,0.0,174.38,
vegetation,DepthAnythingV2-vitl,1000,sf,47.08,174.38,58.47
vegetation,DepthAnythingV2-vitl,1000,sf_ro,29.65,174.38,57.77
vegetation,DepthAnythingV2-vitl,1000,sf_shift,55.5,174.38,58.87
vegetation,DepthAnythingV2-vitl,1000,sf_shift_ro,35.41,174.38,61.33
vegetation,DepthAnythingV2-vits,10,calib,43.28,63.05,50.73
vegetation,DepthAnythingV2-vits,10,calib_ro,29.5,63.05,44.92
vegetation,DepthAnythingV2-vits,10,calib_shift,46.54,63.05,46.36
vegetation,DepthAnythingV2-vits,10,calib_shift_ro,34.45,63.05,46.98
vegetation,DepthAnythingV2-vits,10,mdecalib,0.0,63.05,
vegetation,DepthAnythingV2-vits,10,mdecalib_ro,0.0,63.05,
vegetation,DepthAnythingV2-vits,10,mdecalib_shift,0.0,63.05,
vegetation,DepthAnythingV2-vits,10,mdecalib_shift_ro,0.0,63.05,
vegetation,DepthAnythingV2-vits,10,sf,29.17,63.05,40.6
vegetation,DepthAnythingV2-vits,10,sf_ro,23.52,63.05,47.72
vegetation,DepthAnythingV2-vits,10,sf_shift,29.49,63.05,35.74
vegetation,DepthAnythingV2-vits,10,sf_shift_ro,23.01,63.05,47.13
vegetation,DepthAnythingV2-vits,100,calib,51.77,63.05,57.01
vegetation,DepthAnythingV2-vits,100,calib_ro,30.93,63.05,46.75
vegetation,DepthAnythingV2-vits,100,calib_shift,60.74,63.05,57.15
vegetation,DepthAnythingV2-vits,100,calib_shift_ro,40.73,63.05,52.22
vegetation,DepthAnythingV2-vits,100,mdecalib,0.0,63.05,
vegetation,DepthAnythingV2-vits,100,mdecalib_ro,0.0,63.05,
vegetation,DepthAnythingV2-vits,100,mdecalib_shift,0.0,63.05,
vegetation,DepthAnythingV2-vits,100,mdecalib_shift_ro,0.0,63.05,
vegetation,DepthAnythingV2-vits,100,sf,39.94,63.05,53.38
vegetation,DepthAnythingV2-vits,100,sf_ro,26.63,63.05,55.4
vegetation,DepthAnythingV2-vits,100,sf_shift,45.69,63.05,52.52
vegetation,DepthAnythingV2-vits,100,sf_shift_ro,29.46,63.05,58.1
vegetation,DepthAnythingV2-vits,500,calib,55.43,63.05,59.34
vegetation,DepthAnythingV2-vits,500,calib_ro,31.73,63.05,46.94
vegetation,DepthAnythingV2-vits,500,calib_shift,65.43,63.05,59.51
vegetation,DepthAnythingV2-vits,500,calib_shift_ro,42.26,63.05,52.92
vegetation,DepthAnythingV2-vits,500,mdecalib,0.0,63.05,
vegetation,DepthAnythingV2-vits,500,mdecalib_ro,0.0,63.05,
vegetation,DepthAnythingV2-vits,500,mdecalib_shift,0.0,63.05,
vegetation,DepthAnythingV2-vits,500,mdecalib_shift_ro,0.0,63.05,
vegetation,DepthAnythingV2-vits,500,sf,43.94,63.05,57.11
vegetation,DepthAnythingV2-vits,500,sf_ro,27.23,63.05,56.39
vegetation,DepthAnythingV2-vits,500,sf_shift,51.9,63.05,57.16
vegetation,DepthAnythingV2-vits,500,sf_shift_ro,31.75,63.05,59.94
vegetation,DepthAnythingV2-vits,1000,calib,56.71,63.05,59.98
vegetation,DepthAnythingV2-vits,1000,calib_ro,31.86,63.05,46.99
vegetation,DepthAnythingV2-vits,1000,calib_shift,67.09,63.05,60.09
vegetation,DepthAnythingV2-vits,1000,calib_shift_ro,42.61,63.05,53.04
vegetation,DepthAnythingV2-vits,1000,mdecalib,0.0,63.05,
vegetation,DepthAnythingV2-vits,1000,mdecalib_ro,0.0,63.05,
vegetation,DepthAnythingV2-vits,1000,mdecalib_shift,0.0,63.05,
vegetation,DepthAnythingV2-vits,1000,mdecalib_shift_ro,0.0,63.05,
vegetation,DepthAnythingV2-vits,1000,sf,45.36,63.05,58.16
vegetation,DepthAnythingV2-vits,1000,sf_ro,27.35,63.05,56.56
vegetation,DepthAnythingV2-vits,1000,sf_shift,54.15,63.05,58.32
vegetation,DepthAnythingV2-vits,1000,sf_shift_ro,32.56,63.05,60.29
vegetation,DepthAnythingV3-DA3METRIC-LARGE,10,calib,51.04,69.91,52.54
vegetation,DepthAnythingV3-DA3METRIC-LARGE,10,calib_ro,35.33,69.91,48.1
vegetation,DepthAnythingV3-DA3METRIC-LARGE,10,calib_shift,44.39,69.91,45.43
vegetation,DepthAnythingV3-DA3METRIC-LARGE,10,calib_shift_ro,32.11,69.91,48.28
vegetation,DepthAnythingV3-DA3METRIC-LARGE,10,mdecalib,0.0,69.91,
vegetation,DepthAnythingV3-DA3METRIC-LARGE,10,mdecalib_ro,0.0,69.91,
vegetation,DepthAnythingV3-DA3METRIC-LARGE,10,mdecalib_shift,0.0,69.91,
vegetation,DepthAnythingV3-DA3METRIC-LARGE,10,mdecalib_shift_ro,0.0,69.91,
vegetation,DepthAnythingV3-DA3METRIC-LARGE,10,sf,37.31,69.91,45.37
vegetation,DepthAnythingV3-DA3METRIC-LARGE,10,sf_ro,28.88,69.91,53.19
vegetation,DepthAnythingV3-DA3METRIC-LARGE,10,sf_shift,29.28,69.91,35.67
vegetation,DepthAnythingV3-DA3METRIC-LARGE,10,sf_shift_ro,21.22,69.91,47.74
vegetation,DepthAnythingV3-DA3METRIC-LARGE,100,calib,60.31,69.91,58.36
vegetation,DepthAnythingV3-DA3METRIC-LARGE,100,calib_ro,37.86,69.91,49.61
vegetation,DepthAnythingV3-DA3METRIC-LARGE,100,calib_shift,58.43,69.91,56.28
vegetation,DepthAnythingV3-DA3METRIC-LARGE,100,calib_shift_ro,38.42,69.91,53.1
vegetation,DepthAnythingV3-DA3METRIC-LARGE,100,mdecalib,0.0,69.91,
vegetation,DepthAnythingV3-DA3METRIC-LARGE,100,mdecalib_ro,0.0,69.91,
vegetation,DepthAnythingV3-DA3METRIC-LARGE,100,mdecalib_shift,0.0,69.91,
vegetation,DepthAnythingV3-DA3METRIC-LARGE,100,mdecalib_shift_ro,0.0,69.91,
vegetation,DepthAnythingV3-DA3METRIC-LARGE,100,sf,49.17,69.91,56.22
vegetation,DepthAnythingV3-DA3METRIC-LARGE,100,sf_ro,32.72,69.91,58.33
vegetation,DepthAnythingV3-DA3METRIC-LARGE,100,sf_shift,44.06,69.91,52.5
vegetation,DepthAnythingV3-DA3METRIC-LARGE,100,sf_shift_ro,28.69,69.91,59.4
vegetation,DepthAnythingV3-DA3METRIC-LARGE,500,calib,64.31,69.91,60.14
vegetation,DepthAnythingV3-DA3METRIC-LARGE,500,calib_ro,38.48,69.91,49.72
vegetation,DepthAnythingV3-DA3METRIC-LARGE,500,calib_shift,63.5,69.91,59.02
vegetation,DepthAnythingV3-DA3METRIC-LARGE,500,calib_shift_ro,40.22,69.91,53.79
vegetation,DepthAnythingV3-DA3METRIC-LARGE,500,mdecalib,0.0,69.91,
vegetation,DepthAnythingV3-DA3METRIC-LARGE,500,mdecalib_ro,0.0,69.91,
vegetation,DepthAnythingV3-DA3METRIC-LARGE,500,mdecalib_shift,0.0,69.91,
vegetation,DepthAnythingV3-DA3METRIC-LARGE,500,mdecalib_shift_ro,0.0,69.91,
vegetation,DepthAnythingV3-DA3METRIC-LARGE,500,sf,52.6,69.91,59.15
vegetation,DepthAnythingV3-DA3METRIC-LARGE,500,sf_ro,33.03,69.91,58.77
vegetation,DepthAnythingV3-DA3METRIC-LARGE,500,sf_shift,50.4,69.91,56.95
vegetation,DepthAnythingV3-DA3METRIC-LARGE,500,sf_shift_ro,31.29,69.91,61.13
vegetation,DepthAnythingV3-DA3METRIC-LARGE,1000,calib,65.52,69.91,60.66
vegetation,DepthAnythingV3-DA3METRIC-LARGE,1000,calib_ro,38.61,69.91,49.71
vegetation,DepthAnythingV3-DA3METRIC-LARGE,1000,calib_shift,65.12,69.91,59.76
vegetation,DepthAnythingV3-DA3METRIC-LARGE,1000,calib_shift_ro,40.59,69.91,53.91
vegetation,DepthAnythingV3-DA3METRIC-LARGE,1000,mdecalib,0.0,69.91,
vegetation,DepthAnythingV3-DA3METRIC-LARGE,1000,mdecalib_ro,0.0,69.91,
vegetation,DepthAnythingV3-DA3METRIC-LARGE,1000,mdecalib_shift,0.0,69.91,
vegetation,DepthAnythingV3-DA3METRIC-LARGE,1000,mdecalib_shift_ro,0.0,69.91,
vegetation,DepthAnythingV3-DA3METRIC-LARGE,1000,sf,53.78,69.91,59.86
vegetation,DepthAnythingV3-DA3METRIC-LARGE,1000,sf_ro,32.9,69.91,58.91
vegetation,DepthAnythingV3-DA3METRIC-LARGE,1000,sf_shift,52.44,69.91,58.22
vegetation,DepthAnythingV3-DA3METRIC-LARGE,1000,sf_shift_ro,31.81,69.91,61.46
vegetation,DepthAnythingV3-DA3MONO-LARGE,10,calib,49.2,66.53,52.58
vegetation,DepthAnythingV3-DA3MONO-LARGE,10,calib_ro,32.01,66.53,46.37
vegetation,DepthAnythingV3-DA3MONO-LARGE,10,calib_shift,46.69,66.53,46.57
vegetation,DepthAnythingV3-DA3MONO-LARGE,10,calib_shift_ro,34.98,66.53,48.7
vegetation,DepthAnythingV3-DA3MONO-LARGE,10,mdecalib,0.0,66.53,
vegetation,DepthAnythingV3-DA3MONO-LARGE,10,mdecalib_ro,0.0,66.53,
vegetation,DepthAnythingV3-DA3MONO-LARGE,10,mdecalib_shift,0.0,66.53,
vegetation,DepthAnythingV3-DA3MONO-LARGE,10,mdecalib_shift_ro,0.0,66.53,
vegetation,DepthAnythingV3-DA3MONO-LARGE,10,sf,34.46,66.53,44.02
vegetation,DepthAnythingV3-DA3MONO-LARGE,10,sf_ro,27.22,66.53,51.51
vegetation,DepthAnythingV3-DA3MONO-LARGE,10,sf_shift,30.63,66.53,37.06
vegetation,DepthAnythingV3-DA3MONO-LARGE,10,sf_shift_ro,24.96,66.53,48.68
vegetation,DepthAnythingV3-DA3MONO-LARGE,100,calib,57.88,66.53,58.41
vegetation,DepthAnythingV3-DA3MONO-LARGE,100,calib_ro,33.73,66.53,47.92
vegetation,DepthAnythingV3-DA3MONO-LARGE,100,calib_shift,59.58,66.53,56.69
vegetation,DepthAnythingV3-DA3MONO-LARGE,100,calib_shift_ro,39.89,66.53,53.68
vegetation,DepthAnythingV3-DA3MONO-LARGE,100,mdecalib,0.0,66.53,
vegetation,DepthAnythingV3-DA3MONO-LARGE,100,mdecalib_ro,0.0,66.53,
vegetation,DepthAnythingV3-DA3MONO-LARGE,100,mdecalib_shift,0.0,66.53,
vegetation,DepthAnythingV3-DA3MONO-LARGE,100,mdecalib_shift_ro,0.0,66.53,
vegetation,DepthAnythingV3-DA3MONO-LARGE,100,sf,46.61,66.53,56.0
vegetation,DepthAnythingV3-DA3MONO-LARGE,100,sf_ro,30.59,66.53,57.01
vegetation,DepthAnythingV3-DA3MONO-LARGE,100,sf_shift,45.04,66.53,52.85
vegetation,DepthAnythingV3-DA3MONO-LARGE,100,sf_shift_ro,31.8,66.53,59.89
vegetation,DepthAnythingV3-DA3MONO-LARGE,500,calib,61.29,66.53,60.28
vegetation,DepthAnythingV3-DA3MONO-LARGE,500,calib_ro,34.37,66.53,48.09
vegetation,DepthAnythingV3-DA3MONO-LARGE,500,calib_shift,64.7,66.53,59.29
vegetation,DepthAnythingV3-DA3MONO-LARGE,500,calib_shift_ro,41.55,66.53,54.35
vegetation,DepthAnythingV3-DA3MONO-LARGE,500,mdecalib,0.0,66.53,
vegetation,DepthAnythingV3-DA3MONO-LARGE,500,mdecalib_ro,0.0,66.53,
vegetation,DepthAnythingV3-DA3MONO-LARGE,500,mdecalib_shift,0.0,66.53,
vegetation,DepthAnythingV3-DA3MONO-LARGE,500,mdecalib_shift_ro,0.0,66.53,
vegetation,DepthAnythingV3-DA3MONO-LARGE,500,sf,51.34,66.53,58.96
vegetation,DepthAnythingV3-DA3MONO-LARGE,500,sf_ro,30.48,66.53,57.65
vegetation,DepthAnythingV3-DA3MONO-LARGE,500,sf_shift,51.06,66.53,57.27
vegetation,DepthAnythingV3-DA3MONO-LARGE,500,sf_shift_ro,33.79,66.53,61.4
vegetation,DepthAnythingV3-DA3MONO-LARGE,1000,calib,62.45,66.53,60.81
vegetation,DepthAnythingV3-DA3MONO-LARGE,1000,calib_ro,34.44,66.53,48.1
vegetation,DepthAnythingV3-DA3MONO-LARGE,1000,calib_shift,66.26,66.53,59.87
vegetation,DepthAnythingV3-DA3MONO-LARGE,1000,calib_shift_ro,41.8,66.53,54.43
vegetation,DepthAnythingV3-DA3MONO-LARGE,1000,mdecalib,0.0,66.53,
vegetation,DepthAnythingV3-DA3MONO-LARGE,1000,mdecalib_ro,0.0,66.53,
vegetation,DepthAnythingV3-DA3MONO-LARGE,1000,mdecalib_shift,0.0,66.53,
vegetation,DepthAnythingV3-DA3MONO-LARGE,1000,mdecalib_shift_ro,0.0,66.53,
vegetation,DepthAnythingV3-DA3MONO-LARGE,1000,sf,52.67,66.53,59.73
vegetation,DepthAnythingV3-DA3MONO-LARGE,1000,sf_ro,30.3,66.53,57.76
vegetation,DepthAnythingV3-DA3MONO-LARGE,1000,sf_shift,52.98,66.53,58.43
vegetation,DepthAnythingV3-DA3MONO-LARGE,1000,sf_shift_ro,34.43,66.53,61.71
vegetation,DepthAnythingV3Calib-DA3METRIC-LARGE,10,calib,51.15,59.13,52.56
vegetation,DepthAnythingV3Calib-DA3METRIC-LARGE,10,calib_ro,35.38,59.13,48.13
vegetation,DepthAnythingV3Calib-DA3METRIC-LARGE,10,calib_shift,44.44,59.13,45.44
vegetation,DepthAnythingV3Calib-DA3METRIC-LARGE,10,calib_shift_ro,32.1,59.13,48.24
vegetation,DepthAnythingV3Calib-DA3METRIC-LARGE,100,calib,60.44,59.13,58.36
vegetation,DepthAnythingV3Calib-DA3METRIC-LARGE,100,calib_ro,37.85,59.13,49.6
vegetation,DepthAnythingV3Calib-DA3METRIC-LARGE,100,calib_shift,58.51,59.13,56.33
vegetation,DepthAnythingV3Calib-DA3METRIC-LARGE,100,calib_shift_ro,38.33,59.13,53.1
vegetation,DepthAnythingV3Calib-DA3METRIC-LARGE,500,calib,64.37,59.13,60.14
vegetation,DepthAnythingV3Calib-DA3METRIC-LARGE,500,calib_ro,38.47,59.13,49.72
vegetation,DepthAnythingV3Calib-DA3METRIC-LARGE,500,calib_shift,63.39,59.13,59.03
vegetation,DepthAnythingV3Calib-DA3METRIC-LARGE,500,calib_shift_ro,40.14,59.13,53.8
vegetation,DepthAnythingV3Calib-DA3METRIC-LARGE,1000,calib,65.45,59.13,60.65
vegetation,DepthAnythingV3Calib-DA3METRIC-LARGE,1000,calib_ro,38.58,59.13,49.7
vegetation,DepthAnythingV3Calib-DA3METRIC-LARGE,1000,calib_shift,64.97,59.13,59.76
vegetation,DepthAnythingV3Calib-DA3METRIC-LARGE,1000,calib_shift_ro,40.65,59.13,53.92
vegetation,DepthAnythingV3Calib-DA3MONO-LARGE,10,calib,49.12,80.24,52.58
vegetation,DepthAnythingV3Calib-DA3MONO-LARGE,10,calib_ro,31.98,80.24,46.37
vegetation,DepthAnythingV3Calib-DA3MONO-LARGE,10,calib_shift,46.66,80.24,46.57
vegetation,DepthAnythingV3Calib-DA3MONO-LARGE,10,calib_shift_ro,35.1,80.24,48.7
vegetation,DepthAnythingV3Calib-DA3MONO-LARGE,100,calib,57.89,80.24,58.42
vegetation,DepthAnythingV3Calib-DA3MONO-LARGE,100,calib_ro,33.74,80.24,47.92
vegetation,DepthAnythingV3Calib-DA3MONO-LARGE,100,calib_shift,59.49,80.24,56.69
vegetation,DepthAnythingV3Calib-DA3MONO-LARGE,100,calib_shift_ro,39.88,80.24,53.67
vegetation,DepthAnythingV3Calib-DA3MONO-LARGE,500,calib,61.31,80.24,60.29
vegetation,DepthAnythingV3Calib-DA3MONO-LARGE,500,calib_ro,34.38,80.24,48.09
vegetation,DepthAnythingV3Calib-DA3MONO-LARGE,500,calib_shift,64.89,80.24,59.32
vegetation,DepthAnythingV3Calib-DA3MONO-LARGE,500,calib_shift_ro,41.58,80.24,54.34
vegetation,DepthAnythingV3Calib-DA3MONO-LARGE,1000,calib,62.45,80.24,60.8
vegetation,DepthAnythingV3Calib-DA3MONO-LARGE,1000,calib_ro,34.43,80.24,48.1
vegetation,DepthAnythingV3Calib-DA3MONO-LARGE,1000,calib_shift,66.45,80.24,59.89
vegetation,DepthAnythingV3Calib-DA3MONO-LARGE,1000,calib_shift_ro,41.81,80.24,54.46
vegetation,DepthPro-vitl,10,calib,54.61,192.06,53.49
vegetation,DepthPro-vitl,10,calib_ro,39.34,192.06,47.41
vegetation,DepthPro-vitl,10,calib_shift,44.44,192.06,44.9
vegetation,DepthPro-vitl,10,calib_shift_ro,34.77,192.06,46.66
vegetation,DepthPro-vitl,10,mdecalib,24.89,192.06,44.6
vegetation,DepthPro-vitl,10,mdecalib_ro,18.7,192.06,43.87
vegetation,DepthPro-vitl,10,mdecalib_shift,20.73,192.06,38.97
vegetation,DepthPro-vitl,10,mdecalib_shift_ro,17.73,192.06,45.36
vegetation,DepthPro-vitl,10,sf,38.15,192.06,44.26
vegetation,DepthPro-vitl,10,sf_ro,31.04,192.06,52.59
vegetation,DepthPro-vitl,10,sf_shift,29.2,192.06,34.44
vegetation,DepthPro-vitl,10,sf_shift_ro,22.9,192.06,46.94
vegetation,DepthPro-vitl,100,calib,63.84,192.06,58.92
vegetation,DepthPro-vitl,100,calib_ro,41.38,192.06,48.86
vegetation,DepthPro-vitl,100,calib_shift,59.78,192.06,56.3
vegetation,DepthPro-vitl,100,calib_shift_ro,40.59,192.06,52.37
vegetation,DepthPro-vitl,100,mdecalib,28.57,192.06,50.15
vegetation,DepthPro-vitl,100,mdecalib_ro,19.31,192.06,45.6
vegetation,DepthPro-vitl,100,mdecalib_shift,26.78,192.06,48.57
vegetation,DepthPro-vitl,100,mdecalib_shift_ro,19.8,192.06,50.96
vegetation,DepthPro-vitl,100,sf,50.74,192.06,56.23
vegetation,DepthPro-vitl,100,sf_ro,33.67,192.06,58.09
vegetation,DepthPro-vitl,100,sf_shift,44.9,192.06,52.01
vegetation,DepthPro-vitl,100,sf_shift_ro,30.01,192.06,59.12
vegetation,DepthPro-vitl,500,calib,67.03,192.06,60.5
vegetation,DepthPro-vitl,500,calib_ro,41.97,192.06,48.93
vegetation,DepthPro-vitl,500,calib_shift,64.56,192.06,59.02
vegetation,DepthPro-vitl,500,calib_shift_ro,41.94,192.06,53.19
vegetation,DepthPro-vitl,500,mdecalib,30.04,192.06,52.01
vegetation,DepthPro-vitl,500,mdecalib_ro,19.59,192.06,45.73
vegetation,DepthPro-vitl,500,mdecalib_shift,29.73,192.06,51.12
vegetation,DepthPro-vitl,500,mdecalib_shift_ro,20.59,192.06,51.79
vegetation,DepthPro-vitl,500,sf,54.75,192.06,59.23
vegetation,DepthPro-vitl,500,sf_ro,33.87,192.06,58.86
vegetation,DepthPro-vitl,500,sf_shift,51.04,192.06,56.92
vegetation,DepthPro-vitl,500,sf_shift_ro,32.32,192.06,61.04
vegetation,DepthPro-vitl,1000,calib,67.94,192.06,60.93
vegetation,DepthPro-vitl,1000,calib_ro,42.12,192.06,48.94
vegetation,DepthPro-vitl,1000,calib_shift,66.64,192.06,59.76
vegetation,DepthPro-vitl,1000,calib_shift_ro,42.6,192.06,53.29
vegetation,DepthPro-vitl,1000,mdecalib,30.42,192.06,52.53
vegetation,DepthPro-vitl,1000,mdecalib_ro,19.66,192.06,45.75
vegetation,DepthPro-vitl,1000,mdecalib_shift,30.43,192.06,51.76
vegetation,DepthPro-vitl,1000,mdecalib_shift_ro,20.94,192.06,51.84
vegetation,DepthPro-vitl,1000,sf,56.08,192.06,60.0
vegetation,DepthPro-vitl,1000,sf_ro,33.88,192.06,59.05
vegetation,DepthPro-vitl,1000,sf_shift,52.98,192.06,58.16
vegetation,DepthPro-vitl,1000,sf_shift_ro,33.28,192.06,61.44
vegetation,DepthProCalib-vitl,10,calib,54.4,191.76,53.46
vegetation,DepthProCalib-vitl,10,calib_ro,39.39,191.76,47.46
vegetation,DepthProCalib-vitl,10,calib_shift,44.74,191.76,44.89
vegetation,DepthProCalib-vitl,10,calib_shift_ro,34.86,191.76,46.75
vegetation,DepthProCalib-vitl,100,calib,63.93,191.76,58.94
vegetation,DepthProCalib-vitl,100,calib_ro,41.3,191.76,48.87
vegetation,DepthProCalib-vitl,100,calib_shift,59.75,191.76,56.36
vegetation,DepthProCalib-vitl,100,calib_shift_ro,40.77,191.76,52.37
vegetation,DepthProCalib-vitl,500,calib,67.11,191.76,60.53
vegetation,DepthProCalib-vitl,500,calib_ro,41.92,191.76,48.95
vegetation,DepthProCalib-vitl,500,calib_shift,64.41,191.76,59.09
vegetation,DepthProCalib-vitl,500,calib_shift_ro,42.26,191.76,53.15
vegetation,DepthProCalib-vitl,1000,calib,68.01,191.76,60.94
vegetation,DepthProCalib-vitl,1000,calib_ro,42.07,191.76,48.98
vegetation,DepthProCalib-vitl,1000,calib_shift,66.71,191.76,59.8
vegetation,DepthProCalib-vitl,1000,calib_shift_ro,42.94,191.76,53.27
vegetation,MapAnything-map-anything,10,calib,56.07,331.74,58.39
vegetation,MapAnything-map-anything,10,calib_ro,45.43,331.74,51.85
vegetation,MapAnything-map-anything,10,calib_shift,45.14,331.74,50.4
vegetation,MapAnything-map-anything,10,calib_shift_ro,37.89,331.74,51.4
vegetation,MapAnything-map-anything,10,mdecalib,28.98,331.74,49.98
vegetation,MapAnything-map-anything,10,mdecalib_ro,24.76,331.74,48.4
vegetation,MapAnything-map-anything,10,mdecalib_shift,23.98,331.74,44.74
vegetation,MapAnything-map-anything,10,mdecalib_shift_ro,21.33,331.74,49.86
vegetation,MapAnything-map-anything,10,sf,41.16,331.74,50.93
vegetation,MapAnything-map-anything,10,sf_ro,36.32,331.74,57.59
vegetation,MapAnything-map-anything,10,sf_shift,31.1,331.74,40.99
vegetation,MapAnything-map-anything,10,sf_shift_ro,25.9,331.74,51.79
vegetation,MapAnything-map-anything,100,calib,63.26,331.74,63.27
vegetation,MapAnything-map-anything,100,calib_ro,47.91,331.74,53.21
vegetation,MapAnything-map-anything,100,calib_shift,59.92,331.74,61.02
vegetation,MapAnything-map-anything,100,calib_shift_ro,46.09,331.74,56.59
vegetation,MapAnything-map-anything,100,mdecalib,32.73,331.74,55.32
vegetation,MapAnything-map-anything,100,mdecalib_ro,26.27,331.74,49.93
vegetation,MapAnything-map-anything,100,mdecalib_shift,31.62,331.74,53.97
vegetation,MapAnything-map-anything,100,mdecalib_shift_ro,26.02,331.74,54.92
vegetation,MapAnything-map-anything,100,sf,52.56,331.74,61.37
vegetation,MapAnything-map-anything,100,sf_ro,39.98,331.74,62.29
vegetation,MapAnything-map-anything,100,sf_shift,45.88,331.74,57.3
vegetation,MapAnything-map-anything,100,sf_shift_ro,35.71,331.74,62.95
vegetation,MapAnything-map-anything,500,calib,66.13,331.74,64.74
vegetation,MapAnything-map-anything,500,calib_ro,48.25,331.74,53.29
vegetation,MapAnything-map-anything,500,calib_shift,63.38,331.74,63.27
vegetation,MapAnything-map-anything,500,calib_shift_ro,47.89,331.74,57.17
vegetation,MapAnything-map-anything,500,mdecalib,34.52,331.74,57.12
vegetation,MapAnything-map-anything,500,mdecalib_ro,26.67,331.74,50.07
vegetation,MapAnything-map-anything,500,mdecalib_shift,33.67,331.74,56.46
vegetation,MapAnything-map-anything,500,mdecalib_shift_ro,26.67,331.74,55.56
vegetation,MapAnything-map-anything,500,sf,56.04,331.74,63.69
vegetation,MapAnything-map-anything,500,sf_ro,40.44,331.74,62.83
vegetation,MapAnything-map-anything,500,sf_shift,50.79,331.74,61.47
vegetation,MapAnything-map-anything,500,sf_shift_ro,38.67,331.74,64.5
vegetation,MapAnything-map-anything,1000,calib,66.75,331.74,65.11
vegetation,MapAnything-map-anything,1000,calib_ro,48.27,331.74,53.31
vegetation,MapAnything-map-anything,1000,calib_shift,64.81,331.74,63.81
vegetation,MapAnything-map-anything,1000,calib_shift_ro,48.4,331.74,57.22
vegetation,MapAnything-map-anything,1000,mdecalib,34.79,331.74,57.64
vegetation,MapAnything-map-anything,1000,mdecalib_ro,26.8,331.74,50.07
vegetation,MapAnything-map-anything,1000,mdecalib_shift,34.41,331.74,57.02
vegetation,MapAnything-map-anything,1000,mdecalib_shift_ro,26.96,331.74,55.65
vegetation,MapAnything-map-anything,1000,sf,57.11,331.74,64.29
vegetation,MapAnything-map-anything,1000,sf_ro,40.21,331.74,62.9
vegetation,MapAnything-map-anything,1000,sf_shift,52.48,331.74,62.56
vegetation,MapAnything-map-anything,1000,sf_shift_ro,39.16,331.74,64.72
vegetation,MapAnythingCalib-map-anything,10,calib,55.41,322.1,58.08
vegetation,MapAnythingCalib-map-anything,10,calib_ro,45.55,322.1,51.69
vegetation,MapAnythingCalib-map-anything,10,calib_shift,45.08,322.1,49.78
vegetation,MapAnythingCalib-map-anything,10,calib_shift_ro,38.93,322.1,51.2
vegetation,MapAnythingCalib-map-anything,100,calib,63.14,322.1,63.05
vegetation,MapAnythingCalib-map-anything,100,calib_ro,47.73,322.1,53.17
vegetation,MapAnythingCalib-map-anything,100,calib_shift,59.24,322.1,60.76
vegetation,MapAnythingCalib-map-anything,100,calib_shift_ro,46.92,322.1,56.44
vegetation,MapAnythingCalib-map-anything,500,calib,66.37,322.1,64.58
vegetation,MapAnythingCalib-map-anything,500,calib_ro,48.35,322.1,53.25
vegetation,MapAnythingCalib-map-anything,500,calib_shift,63.4,322.1,63.21
vegetation,MapAnythingCalib-map-anything,500,calib_shift_ro,48.36,322.1,57.03
vegetation,MapAnythingCalib-map-anything,1000,calib,67.18,322.1,65.0
vegetation,MapAnythingCalib-map-anything,1000,calib_ro,48.57,322.1,53.27
vegetation,MapAnythingCalib-map-anything,1000,calib_shift,65.36,322.1,63.85
vegetation,MapAnythingCalib-map-anything,1000,calib_shift_ro,48.84,322.1,57.16
vegetation,Metric3DV2-vit_giant2,10,calib,45.65,676.41,49.5
vegetation,Metric3DV2-vit_giant2,10,calib_ro,30.64,676.41,45.42
vegetation,Metric3DV2-vit_giant2,10,calib_shift,38.84,676.41,41.55
vegetation,Metric3DV2-vit_giant2,10,calib_shift_ro,28.36,676.41,43.9
vegetation,Metric3DV2-vit_giant2,10,mdecalib,0.0,676.41,
vegetation,Metric3DV2-vit_giant2,10,mdecalib_ro,0.0,676.41,
vegetation,Metric3DV2-vit_giant2,10,mdecalib_shift,0.0,676.41,
vegetation,Metric3DV2-vit_giant2,10,mdecalib_shift_ro,0.0,676.41,
vegetation,Metric3DV2-vit_giant2,10,sf,30.98,676.41,41.02
vegetation,Metric3DV2-vit_giant2,10,sf_ro,24.53,676.41,48.74
vegetation,Metric3DV2-vit_giant2,10,sf_shift,25.14,676.41,32.97
vegetation,Metric3DV2-vit_giant2,10,sf_shift_ro,19.55,676.41,44.48
vegetation,Metric3DV2-vit_giant2,100,calib,56.41,676.41,56.95
vegetation,Metric3DV2-vit_giant2,100,calib_ro,32.03,676.41,47.5
vegetation,Metric3DV2-vit_giant2,100,calib_shift,54.01,676.41,54.06
vegetation,Metric3DV2-vit_giant2,100,calib_shift_ro,32.95,676.41,50.65
vegetation,Metric3DV2-vit_giant2,100,mdecalib,0.0,676.41,
vegetation,Metric3DV2-vit_giant2,100,mdecalib_ro,0.0,676.41,
vegetation,Metric3DV2-vit_giant2,100,mdecalib_shift,0.0,676.41,
vegetation,Metric3DV2-vit_giant2,100,mdecalib_shift_ro,0.0,676.41,
vegetation,Metric3DV2-vit_giant2,100,sf,43.06,676.41,53.4
vegetation,Metric3DV2-vit_giant2,100,sf_ro,26.88,676.41,55.44
vegetation,Metric3DV2-vit_giant2,100,sf_shift,39.47,676.41,49.97
vegetation,Metric3DV2-vit_giant2,100,sf_shift_ro,25.19,676.41,56.8
vegetation,Metric3DV2-vit_giant2,500,calib,60.62,676.41,59.3
vegetation,Metric3DV2-vit_giant2,500,calib_ro,32.67,676.41,47.7
vegetation,Metric3DV2-vit_giant2,500,calib_shift,61.05,676.41,57.71
vegetation,Metric3DV2-vit_giant2,500,calib_shift_ro,33.79,676.41,51.36
vegetation,Metric3DV2-vit_giant2,500,mdecalib,0.0,676.41,
vegetation,Metric3DV2-vit_giant2,500,mdecalib_ro,0.0,676.41,
vegetation,Metric3DV2-vit_giant2,500,mdecalib_shift,0.0,676.41,
vegetation,Metric3DV2-vit_giant2,500,mdecalib_shift_ro,0.0,676.41,
vegetation,Metric3DV2-vit_giant2,500,sf,48.41,676.41,57.28
vegetation,Metric3DV2-vit_giant2,500,sf_ro,27.02,676.41,56.48
vegetation,Metric3DV2-vit_giant2,500,sf_shift,45.68,676.41,55.12
vegetation,Metric3DV2-vit_giant2,500,sf_shift_ro,26.5,676.41,58.44
vegetation,Metric3DV2-vit_giant2,1000,calib,61.84,676.41,59.98
vegetation,Metric3DV2-vit_giant2,1000,calib_ro,32.77,676.41,47.73
vegetation,Metric3DV2-vit_giant2,1000,calib_shift,63.84,676.41,58.73
vegetation,Metric3DV2-vit_giant2,1000,calib_shift_ro,34.02,676.41,51.45
vegetation,Metric3DV2-vit_giant2,1000,mdecalib,0.0,676.41,
vegetation,Metric3DV2-vit_giant2,1000,mdecalib_ro,0.0,676.41,
vegetation,Metric3DV2-vit_giant2,1000,mdecalib_shift,0.0,676.41,
vegetation,Metric3DV2-vit_giant2,1000,mdecalib_shift_ro,0.0,676.41,
vegetation,Metric3DV2-vit_giant2,1000,sf,49.81,676.41,58.4
vegetation,Metric3DV2-vit_giant2,1000,sf_ro,27.02,676.41,56.7
vegetation,Metric3DV2-vit_giant2,1000,sf_shift,48.18,676.41,56.62
vegetation,Metric3DV2-vit_giant2,1000,sf_shift_ro,27.08,676.41,58.75
vegetation,Metric3DV2-vit_large,10,calib,44.67,284.65,48.74
vegetation,Metric3DV2-vit_large,10,calib_ro,29.35,284.65,45.83
vegetation,Metric3DV2-vit_large,10,calib_shift,38.27,284.65,40.39
vegetation,Metric3DV2-vit_large,10,calib_shift_ro,27.85,284.65,43.5
vegetation,Metric3DV2-vit_large,10,mdecalib,0.0,284.65,
vegetation,Metric3DV2-vit_large,10,mdecalib_ro,0.0,284.65,
vegetation,Metric3DV2-vit_large,10,mdecalib_shift,0.0,284.65,
vegetation,Metric3DV2-vit_large,10,mdecalib_shift_ro,0.0,284.65,
vegetation,Metric3DV2-vit_large,10,sf,32.22,284.65,41.92
vegetation,Metric3DV2-vit_large,10,sf_ro,23.53,284.65,50.58
vegetation,Metric3DV2-vit_large,10,sf_shift,25.57,284.65,32.54
vegetation,Metric3DV2-vit_large,10,sf_shift_ro,19.62,284.65,44.28
vegetation,Metric3DV2-vit_large,100,calib,55.8,284.65,56.06
vegetation,Metric3DV2-vit_large,100,calib_ro,31.42,284.65,48.12
vegetation,Metric3DV2-vit_large,100,calib_shift,53.34,284.65,53.15
vegetation,Metric3DV2-vit_large,100,calib_shift_ro,33.04,284.65,50.7
vegetation,Metric3DV2-vit_large,100,mdecalib,0.0,284.65,
vegetation,Metric3DV2-vit_large,100,mdecalib_ro,0.0,284.65,
vegetation,Metric3DV2-vit_large,100,mdecalib_shift,0.0,284.65,
vegetation,Metric3DV2-vit_large,100,mdecalib_shift_ro,0.0,284.65,
vegetation,Metric3DV2-vit_large,100,sf,43.18,284.65,53.29
vegetation,Metric3DV2-vit_large,100,sf_ro,26.32,284.65,56.72
vegetation,Metric3DV2-vit_large,100,sf_shift,39.24,284.65,49.34
vegetation,Metric3DV2-vit_large,100,sf_shift_ro,25.32,284.65,56.95
vegetation,Metric3DV2-vit_large,500,calib,60.7,284.65,58.64
vegetation,Metric3DV2-vit_large,500,calib_ro,31.83,284.65,48.33
vegetation,Metric3DV2-vit_large,500,calib_shift,59.86,284.65,57.02
vegetation,Metric3DV2-vit_large,500,calib_shift_ro,34.57,284.65,51.51
vegetation,Metric3DV2-vit_large,500,mdecalib,0.0,284.65,
vegetation,Metric3DV2-vit_large,500,mdecalib_ro,0.0,284.65,
vegetation,Metric3DV2-vit_large,500,mdecalib_shift,0.0,284.65,
vegetation,Metric3DV2-vit_large,500,mdecalib_shift_ro,0.0,284.65,
vegetation,Metric3DV2-vit_large,500,sf,47.97,284.65,56.62
vegetation,Metric3DV2-vit_large,500,sf_ro,26.45,284.65,57.66
vegetation,Metric3DV2-vit_large,500,sf_shift,45.43,284.65,54.63
vegetation,Metric3DV2-vit_large,500,sf_shift_ro,27.34,284.65,58.89
vegetation,Metric3DV2-vit_large,1000,calib,62.21,284.65,59.41
vegetation,Metric3DV2-vit_large,1000,calib_ro,31.99,284.65,48.35
vegetation,Metric3DV2-vit_large,1000,calib_shift,62.0,284.65,58.14
vegetation,Metric3DV2-vit_large,1000,calib_shift_ro,34.98,284.65,51.6
vegetation,Metric3DV2-vit_large,1000,mdecalib,0.0,284.65,
vegetation,Metric3DV2-vit_large,1000,mdecalib_ro,0.0,284.65,
vegetation,Metric3DV2-vit_large,1000,mdecalib_shift,0.0,284.65,
vegetation,Metric3DV2-vit_large,1000,mdecalib_shift_ro,0.0,284.65,
vegetation,Metric3DV2-vit_large,1000,sf,49.39,284.65,57.6
vegetation,Metric3DV2-vit_large,1000,sf_ro,26.43,284.65,57.87
vegetation,Metric3DV2-vit_large,1000,sf_shift,47.91,284.65,56.06
vegetation,Metric3DV2-vit_large,1000,sf_shift_ro,27.81,284.65,59.23
vegetation,Metric3DV2-vit_small,10,calib,47.77,94.8,49.97
vegetation,Metric3DV2-vit_small,10,calib_ro,29.26,94.8,44.3
vegetation,Metric3DV2-vit_small,10,calib_shift,38.98,94.8,41.66
vegetation,Metric3DV2-vit_small,10,calib_shift_ro,24.92,94.8,42.75
vegetation,Metric3DV2-vit_small,10,mdecalib,0.0,94.8,
vegetation,Metric3DV2-vit_small,10,mdecalib_ro,0.0,94.8,
vegetation,Metric3DV2-vit_small,10,mdecalib_shift,0.0,94.8,
vegetation,Metric3DV2-vit_small,10,mdecalib_shift_ro,0.0,94.8,
vegetation,Metric3DV2-vit_small,10,sf,31.54,94.8,41.26
vegetation,Metric3DV2-vit_small,10,sf_ro,21.78,94.8,48.13
vegetation,Metric3DV2-vit_small,10,sf_shift,24.76,94.8,32.67
vegetation,Metric3DV2-vit_small,10,sf_shift_ro,15.07,94.8,43.73
vegetation,Metric3DV2-vit_small,100,calib,59.54,94.8,57.56
vegetation,Metric3DV2-vit_small,100,calib_ro,31.86,94.8,46.14
vegetation,Metric3DV2-vit_small,100,calib_shift,55.01,94.8,54.41
vegetation,Metric3DV2-vit_small,100,calib_shift_ro,31.58,94.8,49.23
vegetation,Metric3DV2-vit_small,100,mdecalib,0.0,94.8,
vegetation,Metric3DV2-vit_small,100,mdecalib_ro,0.0,94.8,
vegetation,Metric3DV2-vit_small,100,mdecalib_shift,0.0,94.8,
vegetation,Metric3DV2-vit_small,100,mdecalib_shift_ro,0.0,94.8,
vegetation,Metric3DV2-vit_small,100,sf,44.14,94.8,53.86
vegetation,Metric3DV2-vit_small,100,sf_ro,24.52,94.8,54.85
vegetation,Metric3DV2-vit_small,100,sf_shift,38.81,94.8,49.99
vegetation,Metric3DV2-vit_small,100,sf_shift_ro,21.51,94.8,55.94
vegetation,Metric3DV2-vit_small,500,calib,63.54,94.8,59.81
vegetation,Metric3DV2-vit_small,500,calib_ro,32.22,94.8,46.35
vegetation,Metric3DV2-vit_small,500,calib_shift,61.72,94.8,58.22
vegetation,Metric3DV2-vit_small,500,calib_shift_ro,33.12,94.8,50.27
vegetation,Metric3DV2-vit_small,500,mdecalib,0.0,94.8,
vegetation,Metric3DV2-vit_small,500,mdecalib_ro,0.0,94.8,
vegetation,Metric3DV2-vit_small,500,mdecalib_shift,0.0,94.8,
vegetation,Metric3DV2-vit_small,500,mdecalib_shift_ro,0.0,94.8,
vegetation,Metric3DV2-vit_small,500,sf,49.53,94.8,57.81
vegetation,Metric3DV2-vit_small,500,sf_ro,24.55,94.8,55.75
vegetation,Metric3DV2-vit_small,500,sf_shift,45.72,94.8,55.44
vegetation,Metric3DV2-vit_small,500,sf_shift_ro,23.13,94.8,57.63
vegetation,Metric3DV2-vit_small,1000,calib,64.67,94.8,60.41
vegetation,Metric3DV2-vit_small,1000,calib_ro,32.44,94.8,46.36
vegetation,Metric3DV2-vit_small,1000,calib_shift,63.72,94.8,59.07
vegetation,Metric3DV2-vit_small,1000,calib_shift_ro,33.5,94.8,50.39
vegetation,Metric3DV2-vit_small,1000,mdecalib,0.0,94.8,
vegetation,Metric3DV2-vit_small,1000,mdecalib_ro,0.0,94.8,
vegetation,Metric3DV2-vit_small,1000,mdecalib_shift,0.0,94.8,
vegetation,Metric3DV2-vit_small,1000,mdecalib_shift_ro,0.0,94.8,
vegetation,Metric3DV2-vit_small,1000,sf,50.98,94.8,58.79
vegetation,Metric3DV2-vit_small,1000,sf_ro,24.58,94.8,55.9
vegetation,Metric3DV2-vit_small,1000,sf_shift,47.94,94.8,56.9
vegetation,Metric3DV2-vit_small,1000,sf_shift_ro,23.84,94.8,58.02
vegetation,Metric3DV2Calib-vit_giant2,10,calib,45.4,671.33,49.28
vegetation,Metric3DV2Calib-vit_giant2,10,calib_ro,30.65,671.33,45.42
vegetation,Metric3DV2Calib-vit_giant2,10,calib_shift,38.17,671.33,41.19
vegetation,Metric3DV2Calib-vit_giant2,10,calib_shift_ro,28.13,671.33,43.7
vegetation,Metric3DV2Calib-vit_giant2,100,calib,56.18,671.33,56.91
vegetation,Metric3DV2Calib-vit_giant2,100,calib_ro,32.12,671.33,47.51
vegetation,Metric3DV2Calib-vit_giant2,100,calib_shift,53.68,671.33,53.95
vegetation,Metric3DV2Calib-vit_giant2,100,calib_shift_ro,32.81,671.33,50.62
vegetation,Metric3DV2Calib-vit_giant2,500,calib,60.7,671.33,59.24
vegetation,Metric3DV2Calib-vit_giant2,500,calib_ro,32.66,671.33,47.67
vegetation,Metric3DV2Calib-vit_giant2,500,calib_shift,60.66,671.33,57.61
vegetation,Metric3DV2Calib-vit_giant2,500,calib_shift_ro,33.82,671.33,51.37
vegetation,Metric3DV2Calib-vit_giant2,1000,calib,62.0,671.33,59.95
vegetation,Metric3DV2Calib-vit_giant2,1000,calib_ro,32.83,671.33,47.68
vegetation,Metric3DV2Calib-vit_giant2,1000,calib_shift,63.41,671.33,58.67
vegetation,Metric3DV2Calib-vit_giant2,1000,calib_shift_ro,34.09,671.33,51.46
vegetation,Metric3DV2Calib-vit_large,10,calib,44.62,285.71,48.62
vegetation,Metric3DV2Calib-vit_large,10,calib_ro,29.4,285.71,45.88
vegetation,Metric3DV2Calib-vit_large,10,calib_shift,37.67,285.71,40.13
vegetation,Metric3DV2Calib-vit_large,10,calib_shift_ro,27.35,285.71,43.42
vegetation,Metric3DV2Calib-vit_large,100,calib,55.5,285.71,56.09
vegetation,Metric3DV2Calib-vit_large,100,calib_ro,31.3,285.71,48.12
vegetation,Metric3DV2Calib-vit_large,100,calib_shift,52.84,285.71,52.9
vegetation,Metric3DV2Calib-vit_large,100,calib_shift_ro,32.92,285.71,50.67
vegetation,Metric3DV2Calib-vit_large,500,calib,60.5,285.71,58.69
vegetation,Metric3DV2Calib-vit_large,500,calib_ro,31.9,285.71,48.31
vegetation,Metric3DV2Calib-vit_large,500,calib_shift,59.52,285.71,56.91
vegetation,Metric3DV2Calib-vit_large,500,calib_shift_ro,34.51,285.71,51.62
vegetation,Metric3DV2Calib-vit_large,1000,calib,62.0,285.71,59.4
vegetation,Metric3DV2Calib-vit_large,1000,calib_ro,32.04,285.71,48.34
vegetation,Metric3DV2Calib-vit_large,1000,calib_shift,61.46,285.71,57.99
vegetation,Metric3DV2Calib-vit_large,1000,calib_shift_ro,34.69,285.71,51.71
vegetation,Metric3DV2Calib-vit_small,10,calib,47.6,96.79,49.81
vegetation,Metric3DV2Calib-vit_small,10,calib_ro,29.18,96.79,44.3
vegetation,Metric3DV2Calib-vit_small,10,calib_shift,37.61,96.79,40.94
vegetation,Metric3DV2Calib-vit_small,10,calib_shift_ro,24.54,96.79,42.48
vegetation,Metric3DV2Calib-vit_small,100,calib,59.54,96.79,57.47
vegetation,Metric3DV2Calib-vit_small,100,calib_ro,31.96,96.79,46.14
vegetation,Metric3DV2Calib-vit_small,100,calib_shift,54.44,96.79,54.08
vegetation,Metric3DV2Calib-vit_small,100,calib_shift_ro,31.42,96.79,49.05
vegetation,Metric3DV2Calib-vit_small,500,calib,63.8,96.79,59.82
vegetation,Metric3DV2Calib-vit_small,500,calib_ro,32.26,96.79,46.36
vegetation,Metric3DV2Calib-vit_small,500,calib_shift,61.81,96.79,58.12
vegetation,Metric3DV2Calib-vit_small,500,calib_shift_ro,33.26,96.79,50.14
vegetation,Metric3DV2Calib-vit_small,1000,calib,64.87,96.79,60.39
vegetation,Metric3DV2Calib-vit_small,1000,calib_ro,32.52,96.79,46.38
vegetation,Metric3DV2Calib-vit_small,1000,calib_shift,63.62,96.79,59.02
vegetation,Metric3DV2Calib-vit_small,1000,calib_shift_ro,33.6,96.79,50.3
vegetation,MoGeV1-moge-vitl,10,calib,58.97,110.55,55.22
vegetation,MoGeV1-moge-vitl,10,calib_ro,50.28,110.55,51.16
vegetation,MoGeV1-moge-vitl,10,calib_shift,50.25,110.55,48.58
vegetation,MoGeV1-moge-vitl,10,calib_shift_ro,43.5,110.55,51.32
vegetation,MoGeV1-moge-vitl,10,mdecalib,22.85,110.55,44.2
vegetation,MoGeV1-moge-vitl,10,mdecalib_ro,20.61,110.55,46.08
vegetation,MoGeV1-moge-vitl,10,mdecalib_shift,19.47,110.55,40.62
vegetation,MoGeV1-moge-vitl,10,mdecalib_shift_ro,19.3,110.55,48.84
vegetation,MoGeV1-moge-vitl,10,sf,45.07,110.55,48.31
vegetation,MoGeV1-moge-vitl,10,sf_ro,40.08,110.55,57.9
vegetation,MoGeV1-moge-vitl,10,sf_shift,34.64,110.55,39.25
vegetation,MoGeV1-moge-vitl,10,sf_shift_ro,32.54,110.55,53.08
vegetation,MoGeV1-moge-vitl,100,calib,66.92,110.55,59.97
vegetation,MoGeV1-moge-vitl,100,calib_ro,52.89,110.55,52.73
vegetation,MoGeV1-moge-vitl,100,calib_shift,62.8,110.55,58.1
vegetation,MoGeV1-moge-vitl,100,calib_shift_ro,49.86,110.55,56.13
vegetation,MoGeV1-moge-vitl,100,mdecalib,26.51,110.55,49.65
vegetation,MoGeV1-moge-vitl,100,mdecalib_ro,21.5,110.55,47.78
vegetation,MoGeV1-moge-vitl,100,mdecalib_shift,24.68,110.55,49.04
vegetation,MoGeV1-moge-vitl,100,mdecalib_shift_ro,21.39,110.55,53.45
vegetation,MoGeV1-moge-vitl,100,sf,56.34,110.55,58.42
vegetation,MoGeV1-moge-vitl,100,sf_ro,44.17,110.55,62.68
vegetation,MoGeV1-moge-vitl,100,sf_shift,49.99,110.55,55.02
vegetation,MoGeV1-moge-vitl,100,sf_shift_ro,40.53,110.55,63.25
vegetation,MoGeV1-moge-vitl,500,calib,69.36,110.55,61.16
vegetation,MoGeV1-moge-vitl,500,calib_ro,53.3,110.55,52.83
vegetation,MoGeV1-moge-vitl,500,calib_shift,67.23,110.55,60.22
vegetation,MoGeV1-moge-vitl,500,calib_shift_ro,51.88,110.55,56.76
vegetation,MoGeV1-moge-vitl,500,mdecalib,27.23,110.55,51.45
vegetation,MoGeV1-moge-vitl,500,mdecalib_ro,21.71,110.55,48.02
vegetation,MoGeV1-moge-vitl,500,mdecalib_shift,26.48,110.55,51.2
vegetation,MoGeV1-moge-vitl,500,mdecalib_shift_ro,22.09,110.55,54.09
vegetation,MoGeV1-moge-vitl,500,sf,59.48,110.55,60.47
vegetation,MoGeV1-moge-vitl,500,sf_ro,44.34,110.55,63.13
vegetation,MoGeV1-moge-vitl,500,sf_shift,55.58,110.55,58.92
vegetation,MoGeV1-moge-vitl,500,sf_shift_ro,43.43,110.55,64.72
vegetation,MoGeV1-moge-vitl,1000,calib,70.34,110.55,61.52
vegetation,MoGeV1-moge-vitl,1000,calib_ro,53.37,110.55,52.85
vegetation,MoGeV1-moge-vitl,1000,calib_shift,68.56,110.55,60.74
vegetation,MoGeV1-moge-vitl,1000,calib_shift_ro,52.49,110.55,56.83
vegetation,MoGeV1-moge-vitl,1000,mdecalib,27.62,110.55,52.1
vegetation,MoGeV1-moge-vitl,1000,mdecalib_ro,21.73,110.55,48.02
vegetation,MoGeV1-moge-vitl,1000,mdecalib_shift,26.68,110.55,51.8
vegetation,MoGeV1-moge-vitl,1000,mdecalib_shift_ro,22.31,110.55,54.2
vegetation,MoGeV1-moge-vitl,1000,sf,60.14,110.55,60.99
vegetation,MoGeV1-moge-vitl,1000,sf_ro,44.36,110.55,63.24
vegetation,MoGeV1-moge-vitl,1000,sf_shift,57.45,110.55,59.8
vegetation,MoGeV1-moge-vitl,1000,sf_shift_ro,43.83,110.55,64.98
vegetation,MoGeV1Calib-moge-vitl,10,calib,56.05,111.38,54.17
vegetation,MoGeV1Calib-moge-vitl,10,calib_ro,43.6,111.38,49.58
vegetation,MoGeV1Calib-moge-vitl,10,calib_shift,50.06,111.38,48.54
vegetation,MoGeV1Calib-moge-vitl,10,calib_shift_ro,43.47,111.38,51.25
vegetation,MoGeV1Calib-moge-vitl,100,calib,64.25,111.38,59.42
vegetation,MoGeV1Calib-moge-vitl,100,calib_ro,46.15,111.38,51.02
vegetation,MoGeV1Calib-moge-vitl,100,calib_shift,62.76,111.38,58.09
vegetation,MoGeV1Calib-moge-vitl,100,calib_shift_ro,49.87,111.38,56.11
vegetation,MoGeV1Calib-moge-vitl,500,calib,66.71,111.38,60.85
vegetation,MoGeV1Calib-moge-vitl,500,calib_ro,46.75,111.38,51.18
vegetation,MoGeV1Calib-moge-vitl,500,calib_shift,67.05,111.38,60.19
vegetation,MoGeV1Calib-moge-vitl,500,calib_shift_ro,52.08,111.38,56.75
vegetation,MoGeV1Calib-moge-vitl,1000,calib,67.53,111.38,61.26
vegetation,MoGeV1Calib-moge-vitl,1000,calib_ro,46.8,111.38,51.18
vegetation,MoGeV1Calib-moge-vitl,1000,calib_shift,68.28,111.38,60.71
vegetation,MoGeV1Calib-moge-vitl,1000,calib_shift_ro,52.59,111.38,56.8
vegetation,MoGeV2-moge-2-vitl,10,calib,54.34,104.73,53.72
vegetation,MoGeV2-moge-2-vitl,10,calib_ro,41.49,104.73,48.82
vegetation,MoGeV2-moge-2-vitl,10,calib_shift,46.61,104.73,46.51
vegetation,MoGeV2-moge-2-vitl,10,calib_shift_ro,39.17,104.73,48.64
vegetation,MoGeV2-moge-2-vitl,10,mdecalib,23.94,104.73,44.11
vegetation,MoGeV2-moge-2-vitl,10,mdecalib_ro,21.16,104.73,45.32
vegetation,MoGeV2-moge-2-vitl,10,mdecalib_shift,20.69,104.73,39.57
vegetation,MoGeV2-moge-2-vitl,10,mdecalib_shift_ro,19.77,104.73,46.87
vegetation,MoGeV2-moge-2-vitl,10,sf,39.62,104.73,45.53
vegetation,MoGeV2-moge-2-vitl,10,sf_ro,33.79,104.73,54.51
vegetation,MoGeV2-moge-2-vitl,10,sf_shift,31.83,104.73,37.1
vegetation,MoGeV2-moge-2-vitl,10,sf_shift_ro,27.52,104.73,50.14
vegetation,MoGeV2-moge-2-vitl,100,calib,62.46,104.73,58.83
vegetation,MoGeV2-moge-2-vitl,100,calib_ro,43.64,104.73,50.29
vegetation,MoGeV2-moge-2-vitl,100,calib_shift,58.85,104.73,56.8
vegetation,MoGeV2-moge-2-vitl,100,calib_shift_ro,44.39,104.73,53.77
vegetation,MoGeV2-moge-2-vitl,100,mdecalib,28.26,104.73,49.67
vegetation,MoGeV2-moge-2-vitl,100,mdecalib_ro,22.18,104.73,47.04
vegetation,MoGeV2-moge-2-vitl,100,mdecalib_shift,26.49,104.73,48.55
vegetation,MoGeV2-moge-2-vitl,100,mdecalib_shift_ro,22.09,104.73,52.0
vegetation,MoGeV2-moge-2-vitl,100,sf,51.2,104.73,56.83
vegetation,MoGeV2-moge-2-vitl,100,sf_ro,36.17,104.73,59.82
vegetation,MoGeV2-moge-2-vitl,100,sf_shift,46.34,104.73,52.95
vegetation,MoGeV2-moge-2-vitl,100,sf_shift_ro,35.36,104.73,60.64
vegetation,MoGeV2-moge-2-vitl,500,calib,66.24,104.73,60.53
vegetation,MoGeV2-moge-2-vitl,500,calib_ro,44.15,104.73,50.47
vegetation,MoGeV2-moge-2-vitl,500,calib_shift,64.54,104.73,59.47
vegetation,MoGeV2-moge-2-vitl,500,calib_shift_ro,46.35,104.73,54.4
vegetation,MoGeV2-moge-2-vitl,500,mdecalib,29.72,104.73,51.5
vegetation,MoGeV2-moge-2-vitl,500,mdecalib_ro,22.64,104.73,47.19
vegetation,MoGeV2-moge-2-vitl,500,mdecalib_shift,28.8,104.73,50.91
vegetation,MoGeV2-moge-2-vitl,500,mdecalib_shift_ro,22.7,104.73,52.67
vegetation,MoGeV2-moge-2-vitl,500,sf,54.94,104.73,59.49
vegetation,MoGeV2-moge-2-vitl,500,sf_ro,36.18,104.73,60.51
vegetation,MoGeV2-moge-2-vitl,500,sf_shift,51.63,104.73,57.4
vegetation,MoGeV2-moge-2-vitl,500,sf_shift_ro,37.38,104.73,62.27
vegetation,MoGeV2-moge-2-vitl,1000,calib,67.06,104.73,60.92
vegetation,MoGeV2-moge-2-vitl,1000,calib_ro,44.28,104.73,50.46
vegetation,MoGeV2-moge-2-vitl,1000,calib_shift,66.21,104.73,60.12
vegetation,MoGeV2-moge-2-vitl,1000,calib_shift_ro,46.95,104.73,54.52
vegetation,MoGeV2-moge-2-vitl,1000,mdecalib,30.3,104.73,52.08
vegetation,MoGeV2-moge-2-vitl,1000,mdecalib_ro,22.64,104.73,47.18
vegetation,MoGeV2-moge-2-vitl,1000,mdecalib_shift,29.49,104.73,51.57
vegetation,MoGeV2-moge-2-vitl,1000,mdecalib_shift_ro,22.84,104.73,52.77
vegetation,MoGeV2-moge-2-vitl,1000,sf,55.96,104.73,60.12
vegetation,MoGeV2-moge-2-vitl,1000,sf_ro,36.26,104.73,60.64
vegetation,MoGeV2-moge-2-vitl,1000,sf_shift,53.84,104.73,58.58
vegetation,MoGeV2-moge-2-vitl,1000,sf_shift_ro,38.19,104.73,62.6
vegetation,MoGeV2Calib-moge-2-vitl,10,calib,51.13,102.67,52.2
vegetation,MoGeV2Calib-moge-2-vitl,10,calib_ro,36.65,102.67,47.52
vegetation,MoGeV2Calib-moge-2-vitl,10,calib_shift,46.56,102.67,46.65
vegetation,MoGeV2Calib-moge-2-vitl,10,calib_shift_ro,38.84,102.67,48.64
vegetation,MoGeV2Calib-moge-2-vitl,100,calib,60.5,102.67,58.28
vegetation,MoGeV2Calib-moge-2-vitl,100,calib_ro,38.67,102.67,49.05
vegetation,MoGeV2Calib-moge-2-vitl,100,calib_shift,59.02,102.67,56.85
vegetation,MoGeV2Calib-moge-2-vitl,100,calib_shift_ro,44.22,102.67,53.76
vegetation,MoGeV2Calib-moge-2-vitl,500,calib,63.95,102.67,60.18
vegetation,MoGeV2Calib-moge-2-vitl,500,calib_ro,39.17,102.67,49.18
vegetation,MoGeV2Calib-moge-2-vitl,500,calib_shift,64.87,102.67,59.53
vegetation,MoGeV2Calib-moge-2-vitl,500,calib_shift_ro,46.5,102.67,54.47
vegetation,MoGeV2Calib-moge-2-vitl,1000,calib,65.0,102.67,60.68
vegetation,MoGeV2Calib-moge-2-vitl,1000,calib_ro,39.25,102.67,49.17
vegetation,MoGeV2Calib-moge-2-vitl,1000,calib_shift,66.38,102.67,60.12
vegetation,MoGeV2Calib-moge-2-vitl,1000,calib_shift_ro,47.02,102.67,54.55
vegetation,Pi3-Pi3X,10,calib,52.2,157.0,52.41
vegetation,Pi3-Pi3X,10,calib_ro,37.92,157.0,49.24
vegetation,Pi3-Pi3X,10,calib_shift,45.62,157.0,45.31
vegetation,Pi3-Pi3X,10,calib_shift_ro,36.2,157.0,48.64
vegetation,Pi3-Pi3X,10,mdecalib,26.68,157.0,45.17
vegetation,Pi3-Pi3X,10,mdecalib_ro,21.35,157.0,47.17
vegetation,Pi3-Pi3X,10,mdecalib_shift,23.3,157.0,39.7
vegetation,Pi3-Pi3X,10,mdecalib_shift_ro,20.64,157.0,47.73
vegetation,Pi3-Pi3X,10,sf,38.75,157.0,44.86
vegetation,Pi3-Pi3X,10,sf_ro,31.46,157.0,53.21
vegetation,Pi3-Pi3X,10,sf_shift,31.66,157.0,36.44
vegetation,Pi3-Pi3X,10,sf_shift_ro,25.61,157.0,49.83
vegetation,Pi3-Pi3X,100,calib,61.29,157.0,58.35
vegetation,Pi3-Pi3X,100,calib_ro,40.66,157.0,50.79
vegetation,Pi3-Pi3X,100,calib_shift,58.4,157.0,55.89
vegetation,Pi3-Pi3X,100,calib_shift_ro,42.79,157.0,54.15
vegetation,Pi3-Pi3X,100,mdecalib,31.49,157.0,50.74
vegetation,Pi3-Pi3X,100,mdecalib_ro,22.14,157.0,48.79
vegetation,Pi3-Pi3X,100,mdecalib_shift,30.85,157.0,49.04
vegetation,Pi3-Pi3X,100,mdecalib_shift_ro,23.61,157.0,52.96
vegetation,Pi3-Pi3X,100,sf,49.62,157.0,55.74
vegetation,Pi3-Pi3X,100,sf_ro,35.58,157.0,59.48
vegetation,Pi3-Pi3X,100,sf_shift,45.61,157.0,52.2
vegetation,Pi3-Pi3X,100,sf_shift_ro,33.17,157.0,60.61
vegetation,Pi3-Pi3X,500,calib,65.12,157.0,60.07
vegetation,Pi3-Pi3X,500,calib_ro,41.23,157.0,50.92
vegetation,Pi3-Pi3X,500,calib_shift,64.0,157.0,58.86
vegetation,Pi3-Pi3X,500,calib_shift_ro,44.01,157.0,54.75
vegetation,Pi3-Pi3X,500,mdecalib,33.64,157.0,52.54
vegetation,Pi3-Pi3X,500,mdecalib_ro,22.46,157.0,48.91
vegetation,Pi3-Pi3X,500,mdecalib_shift,33.41,157.0,51.6
vegetation,Pi3-Pi3X,500,mdecalib_shift_ro,23.94,157.0,53.44
vegetation,Pi3-Pi3X,500,sf,53.63,157.0,58.77
vegetation,Pi3-Pi3X,500,sf_ro,35.73,157.0,60.24
vegetation,Pi3-Pi3X,500,sf_shift,50.68,157.0,56.91
vegetation,Pi3-Pi3X,500,sf_shift_ro,35.25,157.0,62.21
vegetation,Pi3-Pi3X,1000,calib,66.43,157.0,60.56
vegetation,Pi3-Pi3X,1000,calib_ro,41.22,157.0,50.9
vegetation,Pi3-Pi3X,1000,calib_shift,65.63,157.0,59.59
vegetation,Pi3-Pi3X,1000,calib_shift_ro,44.21,157.0,54.85
vegetation,Pi3-Pi3X,1000,mdecalib,34.36,157.0,53.05
vegetation,Pi3-Pi3X,1000,mdecalib_ro,22.51,157.0,48.91
vegetation,Pi3-Pi3X,1000,mdecalib_shift,34.14,157.0,52.26
vegetation,Pi3-Pi3X,1000,mdecalib_shift_ro,24.19,157.0,53.52
vegetation,Pi3-Pi3X,1000,sf,54.76,157.0,59.63
vegetation,Pi3-Pi3X,1000,sf_ro,35.64,157.0,60.42
vegetation,Pi3-Pi3X,1000,sf_shift,52.5,157.0,58.08
vegetation,Pi3-Pi3X,1000,sf_shift_ro,35.57,157.0,62.49
vegetation,Pi3Calib-Pi3X,10,calib,51.82,169.41,52.24
vegetation,Pi3Calib-Pi3X,10,calib_ro,37.25,169.41,49.26
vegetation,Pi3Calib-Pi3X,10,calib_shift,46.08,169.41,45.25
vegetation,Pi3Calib-Pi3X,10,calib_shift_ro,36.5,169.41,48.57
vegetation,Pi3Calib-Pi3X,100,calib,60.82,169.41,58.23
vegetation,Pi3Calib-Pi3X,100,calib_ro,40.13,169.41,50.87
vegetation,Pi3Calib-Pi3X,100,calib_shift,58.74,169.41,55.75
vegetation,Pi3Calib-Pi3X,100,calib_shift_ro,42.54,169.41,54.16
vegetation,Pi3Calib-Pi3X,500,calib,64.95,169.41,60.01
vegetation,Pi3Calib-Pi3X,500,calib_ro,40.52,169.41,50.96
vegetation,Pi3Calib-Pi3X,500,calib_shift,64.14,169.41,58.74
vegetation,Pi3Calib-Pi3X,500,calib_shift_ro,43.64,169.41,54.8
vegetation,Pi3Calib-Pi3X,1000,calib,66.06,169.41,60.54
vegetation,Pi3Calib-Pi3X,1000,calib_ro,40.59,169.41,50.94
vegetation,Pi3Calib-Pi3X,1000,calib_shift,66.23,169.41,59.54
vegetation,Pi3Calib-Pi3X,1000,calib_shift_ro,44.3,169.41,54.97
vegetation,UniDepth1-cnvnxtl,10,calib,52.34,89.22,52.3
vegetation,UniDepth1-cnvnxtl,10,calib_ro,34.39,89.22,44.99
vegetation,UniDepth1-cnvnxtl,10,calib_shift,42.72,89.22,43.42
vegetation,UniDepth1-cnvnxtl,10,calib_shift_ro,29.07,89.22,44.61
vegetation,UniDepth1-cnvnxtl,10,mdecalib,29.6,89.22,45.68
vegetation,UniDepth1-cnvnxtl,10,mdecalib_ro,21.86,89.22,42.95
vegetation,UniDepth1-cnvnxtl,10,mdecalib_shift,24.7,89.22,38.88
vegetation,UniDepth1-cnvnxtl,10,mdecalib_shift_ro,18.76,89.22,43.43
vegetation,UniDepth1-cnvnxtl,10,sf,36.68,89.22,43.15
vegetation,UniDepth1-cnvnxtl,10,sf_ro,26.75,89.22,50.0
vegetation,UniDepth1-cnvnxtl,10,sf_shift,26.77,89.22,33.43
vegetation,UniDepth1-cnvnxtl,10,sf_shift_ro,17.7,89.22,44.96
vegetation,UniDepth1-cnvnxtl,100,calib,62.14,89.22,58.53
vegetation,UniDepth1-cnvnxtl,100,calib_ro,36.63,89.22,46.78
vegetation,UniDepth1-cnvnxtl,100,calib_shift,58.43,89.22,55.51
vegetation,UniDepth1-cnvnxtl,100,calib_shift_ro,35.14,89.22,50.06
vegetation,UniDepth1-cnvnxtl,100,mdecalib,34.35,89.22,51.72
vegetation,UniDepth1-cnvnxtl,100,mdecalib_ro,22.46,89.22,44.98
vegetation,UniDepth1-cnvnxtl,100,mdecalib_shift,32.3,89.22,49.31
vegetation,UniDepth1-cnvnxtl,100,mdecalib_shift_ro,22.83,89.22,49.09
vegetation,UniDepth1-cnvnxtl,100,sf,48.44,89.22,55.24
vegetation,UniDepth1-cnvnxtl,100,sf_ro,29.43,89.22,55.8
vegetation,UniDepth1-cnvnxtl,100,sf_shift,40.9,89.22,50.91
vegetation,UniDepth1-cnvnxtl,100,sf_shift_ro,25.01,89.22,56.8
vegetation,UniDepth1-cnvnxtl,500,calib,65.77,89.22,60.31
vegetation,UniDepth1-cnvnxtl,500,calib_ro,37.03,89.22,46.97
vegetation,UniDepth1-cnvnxtl,500,calib_shift,63.45,89.22,58.53
vegetation,UniDepth1-cnvnxtl,500,calib_shift_ro,37.9,89.22,50.79
vegetation,UniDepth1-cnvnxtl,500,mdecalib,35.84,89.22,53.67
vegetation,UniDepth1-cnvnxtl,500,mdecalib_ro,22.9,89.22,45.1
vegetation,UniDepth1-cnvnxtl,500,mdecalib_shift,35.06,89.22,52.26
vegetation,UniDepth1-cnvnxtl,500,mdecalib_shift_ro,24.15,89.22,49.91
vegetation,UniDepth1-cnvnxtl,500,sf,52.8,89.22,58.47
vegetation,UniDepth1-cnvnxtl,500,sf_ro,29.42,89.22,56.58
vegetation,UniDepth1-cnvnxtl,500,sf_shift,48.01,89.22,56.11
vegetation,UniDepth1-cnvnxtl,500,sf_shift_ro,28.2,89.22,58.68
vegetation,UniDepth1-cnvnxtl,1000,calib,66.82,89.22,60.75
vegetation,UniDepth1-cnvnxtl,1000,calib_ro,37.27,89.22,46.93
vegetation,UniDepth1-cnvnxtl,1000,calib_shift,65.2,89.22,59.4
vegetation,UniDepth1-cnvnxtl,1000,calib_shift_ro,38.71,89.22,50.9
vegetation,UniDepth1-cnvnxtl,1000,mdecalib,36.23,89.22,54.24
vegetation,UniDepth1-cnvnxtl,1000,mdecalib_ro,23.03,89.22,45.11
vegetation,UniDepth1-cnvnxtl,1000,mdecalib_shift,35.91,89.22,53.16
vegetation,UniDepth1-cnvnxtl,1000,mdecalib_shift_ro,24.61,89.22,50.02
vegetation,UniDepth1-cnvnxtl,1000,sf,54.34,89.22,59.36
vegetation,UniDepth1-cnvnxtl,1000,sf_ro,29.34,89.22,56.79
vegetation,UniDepth1-cnvnxtl,1000,sf_shift,49.87,89.22,57.49
vegetation,UniDepth1-cnvnxtl,1000,sf_shift_ro,28.79,89.22,59.12
vegetation,UniDepth1-vitl14,10,calib,53.45,137.0,52.79
vegetation,UniDepth1-vitl14,10,calib_ro,37.41,137.0,47.29
vegetation,UniDepth1-vitl14,10,calib_shift,43.33,137.0,44.6
vegetation,UniDepth1-vitl14,10,calib_shift_ro,31.56,137.0,46.64
vegetation,UniDepth1-vitl14,10,mdecalib,23.68,137.0,40.16
vegetation,UniDepth1-vitl14,10,mdecalib_ro,18.52,137.0,38.14
vegetation,UniDepth1-vitl14,10,mdecalib_shift,20.62,137.0,35.94
vegetation,UniDepth1-vitl14,10,mdecalib_shift_ro,15.78,137.0,40.76
vegetation,UniDepth1-vitl14,10,sf,38.56,137.0,45.06
vegetation,UniDepth1-vitl14,10,sf_ro,29.32,137.0,52.52
vegetation,UniDepth1-vitl14,10,sf_shift,27.13,137.0,34.77
vegetation,UniDepth1-vitl14,10,sf_shift_ro,20.68,137.0,48.08
vegetation,UniDepth1-vitl14,100,calib,62.46,137.0,58.55
vegetation,UniDepth1-vitl14,100,calib_ro,39.35,137.0,48.78
vegetation,UniDepth1-vitl14,100,calib_shift,57.75,137.0,55.83
vegetation,UniDepth1-vitl14,100,calib_shift_ro,37.52,137.0,52.1
vegetation,UniDepth1-vitl14,100,mdecalib,26.43,137.0,46.28
vegetation,UniDepth1-vitl14,100,mdecalib_ro,19.5,137.0,40.33
vegetation,UniDepth1-vitl14,100,mdecalib_shift,25.54,137.0,45.07
vegetation,UniDepth1-vitl14,100,mdecalib_shift_ro,18.73,137.0,46.66
vegetation,UniDepth1-vitl14,100,sf,49.4,137.0,55.98
vegetation,UniDepth1-vitl14,100,sf_ro,31.86,137.0,58.16
vegetation,UniDepth1-vitl14,100,sf_shift,41.84,137.0,51.18
vegetation,UniDepth1-vitl14,100,sf_shift_ro,27.0,137.0,58.85
vegetation,UniDepth1-vitl14,500,calib,65.44,137.0,60.14
vegetation,UniDepth1-vitl14,500,calib_ro,39.68,137.0,48.85
vegetation,UniDepth1-vitl14,500,calib_shift,63.08,137.0,58.74
vegetation,UniDepth1-vitl14,500,calib_shift_ro,39.36,137.0,52.82
vegetation,UniDepth1-vitl14,500,mdecalib,27.32,137.0,48.58
vegetation,UniDepth1-vitl14,500,mdecalib_ro,19.79,137.0,40.54
vegetation,UniDepth1-vitl14,500,mdecalib_shift,27.38,137.0,47.88
vegetation,UniDepth1-vitl14,500,mdecalib_shift_ro,19.7,137.0,47.71
vegetation,UniDepth1-vitl14,500,sf,53.52,137.0,58.84
vegetation,UniDepth1-vitl14,500,sf_ro,32.04,137.0,58.87
vegetation,UniDepth1-vitl14,500,sf_shift,47.9,137.0,56.1
vegetation,UniDepth1-vitl14,500,sf_shift_ro,29.61,137.0,60.59
vegetation,UniDepth1-vitl14,1000,calib,66.45,137.0,60.65
vegetation,UniDepth1-vitl14,1000,calib_ro,39.84,137.0,48.87
vegetation,UniDepth1-vitl14,1000,calib_shift,64.98,137.0,59.55
vegetation,UniDepth1-vitl14,1000,calib_shift_ro,40.27,137.0,52.96
vegetation,UniDepth1-vitl14,1000,mdecalib,27.65,137.0,49.27
vegetation,UniDepth1-vitl14,1000,mdecalib_ro,19.99,137.0,40.55
vegetation,UniDepth1-vitl14,1000,mdecalib_shift,28.03,137.0,48.75
vegetation,UniDepth1-vitl14,1000,mdecalib_shift_ro,19.98,137.0,47.88
vegetation,UniDepth1-vitl14,1000,sf,54.68,137.0,59.72
vegetation,UniDepth1-vitl14,1000,sf_ro,31.91,137.0,59.05
vegetation,UniDepth1-vitl14,1000,sf_shift,50.55,137.0,57.56
vegetation,UniDepth1-vitl14,1000,sf_shift_ro,30.19,137.0,61.04
vegetation,UniDepth1Calib-cnvnxtl,10,calib,52.49,88.52,52.34
vegetation,UniDepth1Calib-cnvnxtl,10,calib_ro,34.29,88.52,44.99
vegetation,UniDepth1Calib-cnvnxtl,10,calib_shift,42.91,88.52,43.52
vegetation,UniDepth1Calib-cnvnxtl,10,calib_shift_ro,29.15,88.52,44.65
vegetation,UniDepth1Calib-cnvnxtl,100,calib,62.0,88.52,58.59
vegetation,UniDepth1Calib-cnvnxtl,100,calib_ro,36.42,88.52,46.85
vegetation,UniDepth1Calib-cnvnxtl,100,calib_shift,57.91,88.52,55.34
vegetation,UniDepth1Calib-cnvnxtl,100,calib_shift_ro,35.33,88.52,50.14
vegetation,UniDepth1Calib-cnvnxtl,500,calib,65.4,88.52,60.29
vegetation,UniDepth1Calib-cnvnxtl,500,calib_ro,37.06,88.52,46.98
vegetation,UniDepth1Calib-cnvnxtl,500,calib_shift,63.21,88.52,58.56
vegetation,UniDepth1Calib-cnvnxtl,500,calib_shift_ro,37.71,88.52,50.94
vegetation,UniDepth1Calib-cnvnxtl,1000,calib,66.4,88.52,60.73
vegetation,UniDepth1Calib-cnvnxtl,1000,calib_ro,37.3,88.52,46.98
vegetation,UniDepth1Calib-cnvnxtl,1000,calib_shift,64.84,88.52,59.42
vegetation,UniDepth1Calib-cnvnxtl,1000,calib_shift_ro,38.61,88.52,51.08
vegetation,UniDepth1Calib-vitl14,10,calib,53.56,130.57,52.9
vegetation,UniDepth1Calib-vitl14,10,calib_ro,37.46,130.57,47.55
vegetation,UniDepth1Calib-vitl14,10,calib_shift,43.99,130.57,44.92
vegetation,UniDepth1Calib-vitl14,10,calib_shift_ro,31.67,130.57,47.05
vegetation,UniDepth1Calib-vitl14,100,calib,62.4,130.57,58.65
vegetation,UniDepth1Calib-vitl14,100,calib_ro,39.65,130.57,49.14
vegetation,UniDepth1Calib-vitl14,100,calib_shift,57.56,130.57,55.8
vegetation,UniDepth1Calib-vitl14,100,calib_shift_ro,37.8,130.57,52.36
vegetation,UniDepth1Calib-vitl14,500,calib,65.42,130.57,60.23
vegetation,UniDepth1Calib-vitl14,500,calib_ro,40.1,130.57,49.23
vegetation,UniDepth1Calib-vitl14,500,calib_shift,63.3,130.57,58.79
vegetation,UniDepth1Calib-vitl14,500,calib_shift_ro,39.73,130.57,53.0
vegetation,UniDepth1Calib-vitl14,1000,calib,66.29,130.57,60.7
vegetation,UniDepth1Calib-vitl14,1000,calib_ro,40.25,130.57,49.21
vegetation,UniDepth1Calib-vitl14,1000,calib_shift,65.21,130.57,59.56
vegetation,UniDepth1Calib-vitl14,1000,calib_shift_ro,40.67,130.57,53.11
vegetation,UniDepth2-vitb14,10,calib,56.69,58.24,54.68
vegetation,UniDepth2-vitb14,10,calib_ro,44.59,58.24,51.91
vegetation,UniDepth2-vitb14,10,calib_shift,50.27,58.24,48.78
vegetation,UniDepth2-vitb14,10,calib_shift_ro,42.15,58.24,52.37
vegetation,UniDepth2-vitb14,10,mdecalib,21.48,58.24,42.06
vegetation,UniDepth2-vitb14,10,mdecalib_ro,18.22,58.24,45.59
vegetation,UniDepth2-vitb14,10,mdecalib_shift,19.42,58.24,38.68
vegetation,UniDepth2-vitb14,10,mdecalib_shift_ro,18.1,58.24,48.72
vegetation,UniDepth2-vitb14,10,sf,43.47,58.24,48.6
vegetation,UniDepth2-vitb14,10,sf_ro,36.64,58.24,58.94
vegetation,UniDepth2-vitb14,10,sf_shift,34.08,58.24,39.18
vegetation,UniDepth2-vitb14,10,sf_shift_ro,30.28,58.24,53.78
vegetation,UniDepth2-vitb14,100,calib,64.79,58.24,59.3
vegetation,UniDepth2-vitb14,100,calib_ro,46.32,58.24,53.18
vegetation,UniDepth2-vitb14,100,calib_shift,61.39,58.24,57.46
vegetation,UniDepth2-vitb14,100,calib_shift_ro,47.11,58.24,56.79
vegetation,UniDepth2-vitb14,100,mdecalib,24.23,58.24,47.47
vegetation,UniDepth2-vitb14,100,mdecalib_ro,18.98,58.24,47.22
vegetation,UniDepth2-vitb14,100,mdecalib_shift,23.72,58.24,46.72
vegetation,UniDepth2-vitb14,100,mdecalib_shift_ro,20.28,58.24,53.05
vegetation,UniDepth2-vitb14,100,sf,52.97,58.24,57.5
vegetation,UniDepth2-vitb14,100,sf_ro,40.05,58.24,62.86
vegetation,UniDepth2-vitb14,100,sf_shift,48.86,58.24,54.74
vegetation,UniDepth2-vitb14,100,sf_shift_ro,38.02,58.24,63.63
vegetation,UniDepth2-vitb14,500,calib,67.53,58.24,60.58
vegetation,UniDepth2-vitb14,500,calib_ro,46.86,58.24,53.33
vegetation,UniDepth2-vitb14,500,calib_shift,65.45,58.24,59.62
vegetation,UniDepth2-vitb14,500,calib_shift_ro,49.03,58.24,57.43
vegetation,UniDepth2-vitb14,500,mdecalib,24.97,58.24,49.26
vegetation,UniDepth2-vitb14,500,mdecalib_ro,19.17,58.24,47.39
vegetation,UniDepth2-vitb14,500,mdecalib_shift,25.17,58.24,49.0
vegetation,UniDepth2-vitb14,500,mdecalib_shift_ro,20.76,58.24,53.73
vegetation,UniDepth2-vitb14,500,sf,56.58,58.24,59.71
vegetation,UniDepth2-vitb14,500,sf_ro,40.17,58.24,63.33
vegetation,UniDepth2-vitb14,500,sf_shift,53.77,58.24,58.28
vegetation,UniDepth2-vitb14,500,sf_shift_ro,40.65,58.24,65.05
vegetation,UniDepth2-vitb14,1000,calib,68.28,58.24,60.95
vegetation,UniDepth2-vitb14,1000,calib_ro,46.9,58.24,53.32
vegetation,UniDepth2-vitb14,1000,calib_shift,66.88,58.24,60.17
vegetation,UniDepth2-vitb14,1000,calib_shift_ro,49.53,58.24,57.47
vegetation,UniDepth2-vitb14,1000,mdecalib,25.41,58.24,49.83
vegetation,UniDepth2-vitb14,1000,mdecalib_ro,19.22,58.24,47.41
vegetation,UniDepth2-vitb14,1000,mdecalib_shift,25.81,58.24,49.59
vegetation,UniDepth2-vitb14,1000,mdecalib_shift_ro,20.8,58.24,53.83
vegetation,UniDepth2-vitb14,1000,sf,57.85,58.24,60.27
vegetation,UniDepth2-vitb14,1000,sf_ro,40.41,58.24,63.42
vegetation,UniDepth2-vitb14,1000,sf_shift,55.48,58.24,59.21
vegetation,UniDepth2-vitb14,1000,sf_shift_ro,41.01,58.24,65.34
vegetation,UniDepth2-vitl14,10,calib,58.16,81.8,55.26
vegetation,UniDepth2-vitl14,10,calib_ro,47.95,81.8,53.42
vegetation,UniDepth2-vitl14,10,calib_shift,51.04,81.8,49.04
vegetation,UniDepth2-vitl14,10,calib_shift_ro,43.28,81.8,53.57
vegetation,UniDepth2-vitl14,10,mdecalib,20.52,81.8,42.48
vegetation,UniDepth2-vitl14,10,mdecalib_ro,18.09,81.8,47.54
vegetation,UniDepth2-vitl14,10,mdecalib_shift,18.95,81.8,39.51
vegetation,UniDepth2-vitl14,10,mdecalib_shift_ro,17.63,81.8,49.62
vegetation,UniDepth2-vitl14,10,sf,44.99,81.8,48.88
vegetation,UniDepth2-vitl14,10,sf_ro,40.13,81.8,59.98
vegetation,UniDepth2-vitl14,10,sf_shift,35.05,81.8,39.44
vegetation,UniDepth2-vitl14,10,sf_shift_ro,32.56,81.8,54.44
vegetation,UniDepth2-vitl14,100,calib,65.29,81.8,59.47
vegetation,UniDepth2-vitl14,100,calib_ro,50.64,81.8,54.67
vegetation,UniDepth2-vitl14,100,calib_shift,62.25,81.8,57.49
vegetation,UniDepth2-vitl14,100,calib_shift_ro,49.88,81.8,57.6
vegetation,UniDepth2-vitl14,100,mdecalib,23.43,81.8,47.8
vegetation,UniDepth2-vitl14,100,mdecalib_ro,19.15,81.8,49.1
vegetation,UniDepth2-vitl14,100,mdecalib_shift,22.81,81.8,47.29
vegetation,UniDepth2-vitl14,100,mdecalib_shift_ro,19.66,81.8,53.59
vegetation,UniDepth2-vitl14,100,sf,55.36,81.8,57.88
vegetation,UniDepth2-vitl14,100,sf_ro,43.12,81.8,63.75
vegetation,UniDepth2-vitl14,100,sf_shift,49.16,81.8,54.53
vegetation,UniDepth2-vitl14,100,sf_shift_ro,40.42,81.8,64.26
vegetation,UniDepth2-vitl14,500,calib,67.74,81.8,60.66
vegetation,UniDepth2-vitl14,500,calib_ro,50.86,81.8,54.74
vegetation,UniDepth2-vitl14,500,calib_shift,66.54,81.8,59.64
vegetation,UniDepth2-vitl14,500,calib_shift_ro,51.49,81.8,58.15
vegetation,UniDepth2-vitl14,500,mdecalib,24.15,81.8,49.65
vegetation,UniDepth2-vitl14,500,mdecalib_ro,19.33,81.8,49.27
vegetation,UniDepth2-vitl14,500,mdecalib_shift,24.0,81.8,49.21
vegetation,UniDepth2-vitl14,500,mdecalib_shift_ro,19.8,81.8,54.02
vegetation,UniDepth2-vitl14,500,sf,57.88,81.8,59.78
vegetation,UniDepth2-vitl14,500,sf_ro,43.32,81.8,64.22
vegetation,UniDepth2-vitl14,500,sf_shift,55.1,81.8,58.26
vegetation,UniDepth2-vitl14,500,sf_shift_ro,42.78,81.8,65.48
vegetation,UniDepth2-vitl14,1000,calib,68.53,81.8,61.0
vegetation,UniDepth2-vitl14,1000,calib_ro,50.95,81.8,54.73
vegetation,UniDepth2-vitl14,1000,calib_shift,68.04,81.8,60.18
vegetation,UniDepth2-vitl14,1000,calib_shift_ro,51.92,81.8,58.24
vegetation,UniDepth2-vitl14,1000,mdecalib,24.58,81.8,50.17
vegetation,UniDepth2-vitl14,1000,mdecalib_ro,19.36,81.8,49.31
vegetation,UniDepth2-vitl14,1000,mdecalib_shift,24.33,81.8,49.82
vegetation,UniDepth2-vitl14,1000,mdecalib_shift_ro,19.94,81.8,54.18
vegetation,UniDepth2-vitl14,1000,sf,58.77,81.8,60.36
vegetation,UniDepth2-vitl14,1000,sf_ro,43.24,81.8,64.28
vegetation,UniDepth2-vitl14,1000,sf_shift,56.67,81.8,59.07
vegetation,UniDepth2-vitl14,1000,sf_shift_ro,43.51,81.8,65.77
vegetation,UniDepth2-vits14,10,calib,55.57,47.51,53.97
vegetation,UniDepth2-vits14,10,calib_ro,41.72,47.51,50.35
vegetation,UniDepth2-vits14,10,calib_shift,46.44,47.51,46.49
vegetation,UniDepth2-vits14,10,calib_shift_ro,36.91,47.51,50.22
vegetation,UniDepth2-vits14,10,mdecalib,11.04,47.51,37.39
vegetation,UniDepth2-vits14,10,mdecalib_ro,9.74,47.51,42.35
vegetation,UniDepth2-vits14,10,mdecalib_shift,9.61,47.51,34.68
vegetation,UniDepth2-vits14,10,mdecalib_shift_ro,8.66,47.51,45.43
vegetation,UniDepth2-vits14,10,sf,41.22,47.51,47.15
vegetation,UniDepth2-vits14,10,sf_ro,32.68,47.51,56.76
vegetation,UniDepth2-vits14,10,sf_shift,32.63,47.51,37.86
vegetation,UniDepth2-vits14,10,sf_shift_ro,25.34,47.51,51.75
vegetation,UniDepth2-vits14,100,calib,63.63,47.51,58.83
vegetation,UniDepth2-vits14,100,calib_ro,43.85,47.51,51.66
vegetation,UniDepth2-vits14,100,calib_shift,60.0,47.51,56.68
vegetation,UniDepth2-vits14,100,calib_shift_ro,43.0,47.51,55.01
vegetation,UniDepth2-vits14,100,mdecalib,12.69,47.51,43.33
vegetation,UniDepth2-vits14,100,mdecalib_ro,10.1,47.51,44.18
vegetation,UniDepth2-vits14,100,mdecalib_shift,12.02,47.51,42.71
vegetation,UniDepth2-vits14,100,mdecalib_shift_ro,9.36,47.51,49.9
vegetation,UniDepth2-vits14,100,sf,51.6,47.51,56.81
vegetation,UniDepth2-vits14,100,sf_ro,36.2,47.51,61.21
vegetation,UniDepth2-vits14,100,sf_shift,45.85,47.51,53.32
vegetation,UniDepth2-vits14,100,sf_shift_ro,33.15,47.51,61.99
vegetation,UniDepth2-vits14,500,calib,66.43,47.51,60.43
vegetation,UniDepth2-vits14,500,calib_ro,44.51,47.51,51.82
vegetation,UniDepth2-vits14,500,calib_shift,64.82,47.51,59.26
vegetation,UniDepth2-vits14,500,calib_shift_ro,44.52,47.51,55.58
vegetation,UniDepth2-vits14,500,mdecalib,13.35,47.51,45.45
vegetation,UniDepth2-vits14,500,mdecalib_ro,10.29,47.51,44.39
vegetation,UniDepth2-vits14,500,mdecalib_shift,12.88,47.51,45.12
vegetation,UniDepth2-vits14,500,mdecalib_shift_ro,9.48,47.51,50.59
vegetation,UniDepth2-vits14,500,sf,55.44,47.51,59.35
vegetation,UniDepth2-vits14,500,sf_ro,36.42,47.51,61.83
vegetation,UniDepth2-vits14,500,sf_shift,51.64,47.51,57.47
vegetation,UniDepth2-vits14,500,sf_shift_ro,35.21,47.51,63.46
vegetation,UniDepth2-vits14,1000,calib,67.53,47.51,60.88
vegetation,UniDepth2-vits14,1000,calib_ro,44.7,47.51,51.82
vegetation,UniDepth2-vits14,1000,calib_shift,66.28,47.51,59.85
vegetation,UniDepth2-vits14,1000,calib_shift_ro,45.11,47.51,55.72
vegetation,UniDepth2-vits14,1000,mdecalib,13.34,47.51,46.18
vegetation,UniDepth2-vits14,1000,mdecalib_ro,10.37,47.51,44.4
vegetation,UniDepth2-vits14,1000,mdecalib_shift,13.3,47.51,45.79
vegetation,UniDepth2-vits14,1000,mdecalib_shift_ro,9.52,47.51,50.7
vegetation,UniDepth2-vits14,1000,sf,56.78,47.51,60.07
vegetation,UniDepth2-vits14,1000,sf_ro,36.62,47.51,61.94
vegetation,UniDepth2-vits14,1000,sf_shift,53.31,47.51,58.49
vegetation,UniDepth2-vits14,1000,sf_shift_ro,35.9,47.51,63.75
vegetation,UniDepth2Calib-vitb14,10,calib,55.84,61.27,54.33
vegetation,UniDepth2Calib-vitb14,10,calib_ro,43.65,61.27,51.82
vegetation,UniDepth2Calib-vitb14,10,calib_shift,49.34,61.27,48.33
vegetation,UniDepth2Calib-vitb14,10,calib_shift_ro,40.49,61.27,51.82
vegetation,UniDepth2Calib-vitb14,100,calib,63.78,61.27,59.09
vegetation,UniDepth2Calib-vitb14,100,calib_ro,45.42,61.27,52.98
vegetation,UniDepth2Calib-vitb14,100,calib_shift,60.76,61.27,57.28
vegetation,UniDepth2Calib-vitb14,100,calib_shift_ro,46.61,61.27,56.38
vegetation,UniDepth2Calib-vitb14,500,calib,66.44,61.27,60.44
vegetation,UniDepth2Calib-vitb14,500,calib_ro,45.73,61.27,53.13
vegetation,UniDepth2Calib-vitb14,500,calib_shift,65.46,61.27,59.54
vegetation,UniDepth2Calib-vitb14,500,calib_shift_ro,48.14,61.27,56.89
vegetation,UniDepth2Calib-vitb14,1000,calib,67.24,61.27,60.83
vegetation,UniDepth2Calib-vitb14,1000,calib_ro,45.76,61.27,53.14
vegetation,UniDepth2Calib-vitb14,1000,calib_shift,66.89,61.27,60.07
vegetation,UniDepth2Calib-vitb14,1000,calib_shift_ro,48.5,61.27,56.98
vegetation,UniDepth2Calib-vitl14,10,calib,57.91,83.18,55.11
vegetation,UniDepth2Calib-vitl14,10,calib_ro,47.65,83.18,53.54
vegetation,UniDepth2Calib-vitl14,10,calib_shift,50.17,83.18,48.78
vegetation,UniDepth2Calib-vitl14,10,calib_shift_ro,43.33,83.18,53.32
vegetation,UniDepth2Calib-vitl14,100,calib,65.03,83.18,59.37
vegetation,UniDepth2Calib-vitl14,100,calib_ro,50.16,83.18,54.72
vegetation,UniDepth2Calib-vitl14,100,calib_shift,62.71,83.18,57.68
vegetation,UniDepth2Calib-vitl14,100,calib_shift_ro,49.55,83.18,57.65
vegetation,UniDepth2Calib-vitl14,500,calib,67.26,83.18,60.54
vegetation,UniDepth2Calib-vitl14,500,calib_ro,50.75,83.18,54.81
vegetation,UniDepth2Calib-vitl14,500,calib_shift,66.69,83.18,59.6
vegetation,UniDepth2Calib-vitl14,500,calib_shift_ro,51.15,83.18,58.13
vegetation,UniDepth2Calib-vitl14,1000,calib,68.28,83.18,60.88
vegetation,UniDepth2Calib-vitl14,1000,calib_ro,50.74,83.18,54.82
vegetation,UniDepth2Calib-vitl14,1000,calib_shift,68.08,83.18,60.14
vegetation,UniDepth2Calib-vitl14,1000,calib_shift_ro,51.41,83.18,58.19
vegetation,UniDepth2Calib-vits14,10,calib,53.44,50.32,53.32
vegetation,UniDepth2Calib-vits14,10,calib_ro,40.41,50.32,50.0
vegetation,UniDepth2Calib-vits14,10,calib_shift,46.44,50.32,46.7
vegetation,UniDepth2Calib-vits14,10,calib_shift_ro,36.23,50.32,49.79
vegetation,UniDepth2Calib-vits14,100,calib,61.63,50.32,58.45
vegetation,UniDepth2Calib-vits14,100,calib_ro,42.37,50.32,51.33
vegetation,UniDepth2Calib-vits14,100,calib_shift,59.42,50.32,56.66
vegetation,UniDepth2Calib-vits14,100,calib_shift_ro,42.99,50.32,54.66
vegetation,UniDepth2Calib-vits14,500,calib,64.66,50.32,60.18
vegetation,UniDepth2Calib-vits14,500,calib_ro,42.9,50.32,51.44
vegetation,UniDepth2Calib-vits14,500,calib_shift,64.44,50.32,59.31
vegetation,UniDepth2Calib-vits14,500,calib_shift_ro,44.35,50.32,55.36
vegetation,UniDepth2Calib-vits14,1000,calib,65.6,50.32,60.68
vegetation,UniDepth2Calib-vits14,1000,calib_ro,43.1,50.32,51.45
vegetation,UniDepth2Calib-vits14,1000,calib_shift,66.19,50.32,59.97
vegetation,UniDepth2Calib-vits14,1000,calib_shift_ro,45.1,50.32,55.43
vegetation,UniK3D-vitl,10,calib,58.82,86.59,55.46
vegetation,UniK3D-vitl,10,calib_ro,49.84,86.59,54.6
vegetation,UniK3D-vitl,10,calib_shift,51.48,86.59,49.17
vegetation,UniK3D-vitl,10,calib_shift_ro,45.14,86.59,54.78
vegetation,UniK3D-vitl,10,mdecalib,0.0,86.59,
vegetation,UniK3D-vitl,10,mdecalib_ro,0.0,86.59,
vegetation,UniK3D-vitl,10,mdecalib_shift,0.0,86.59,
vegetation,UniK3D-vitl,10,mdecalib_shift_ro,0.0,86.59,
vegetation,UniK3D-vitl,10,sf,47.13,86.59,49.61
vegetation,UniK3D-vitl,10,sf_ro,41.3,86.59,61.39
vegetation,UniK3D-vitl,10,sf_shift,37.01,86.59,40.82
vegetation,UniK3D-vitl,10,sf_shift_ro,34.47,86.59,55.43
vegetation,UniK3D-vitl,100,calib,66.01,86.59,59.54
vegetation,UniK3D-vitl,100,calib_ro,52.05,86.59,55.63
vegetation,UniK3D-vitl,100,calib_shift,63.08,86.59,57.91
vegetation,UniK3D-vitl,100,calib_shift_ro,52.18,86.59,58.95
vegetation,UniK3D-vitl,100,mdecalib,0.0,86.59,
vegetation,UniK3D-vitl,100,mdecalib_ro,0.0,86.59,
vegetation,UniK3D-vitl,100,mdecalib_shift,0.0,86.59,
vegetation,UniK3D-vitl,100,mdecalib_shift_ro,0.0,86.59,
vegetation,UniK3D-vitl,100,sf,56.84,86.59,58.17
vegetation,UniK3D-vitl,100,sf_ro,45.06,86.59,64.96
vegetation,UniK3D-vitl,100,sf_shift,50.96,86.59,55.03
vegetation,UniK3D-vitl,100,sf_shift_ro,43.18,86.59,65.56
vegetation,UniK3D-vitl,500,calib,68.51,86.59,60.76
vegetation,UniK3D-vitl,500,calib_ro,52.31,86.59,55.71
vegetation,UniK3D-vitl,500,calib_shift,67.82,86.59,59.81
vegetation,UniK3D-vitl,500,calib_shift_ro,53.63,86.59,59.4
vegetation,UniK3D-vitl,500,mdecalib,0.0,86.59,
vegetation,UniK3D-vitl,500,mdecalib_ro,0.0,86.59,
vegetation,UniK3D-vitl,500,mdecalib_shift,0.0,86.59,
vegetation,UniK3D-vitl,500,mdecalib_shift_ro,0.0,86.59,
vegetation,UniK3D-vitl,500,sf,59.21,86.59,60.0
vegetation,UniK3D-vitl,500,sf_ro,45.36,86.59,65.4
vegetation,UniK3D-vitl,500,sf_shift,55.91,86.59,58.48
vegetation,UniK3D-vitl,500,sf_shift_ro,45.39,86.59,66.89
vegetation,UniK3D-vitl,1000,calib,69.09,86.59,61.07
vegetation,UniK3D-vitl,1000,calib_ro,52.41,86.59,55.72
vegetation,UniK3D-vitl,1000,calib_shift,69.02,86.59,60.29
vegetation,UniK3D-vitl,1000,calib_shift_ro,54.23,86.59,59.48
vegetation,UniK3D-vitl,1000,mdecalib,0.0,86.59,
vegetation,UniK3D-vitl,1000,mdecalib_ro,0.0,86.59,
vegetation,UniK3D-vitl,1000,mdecalib_shift,0.0,86.59,
vegetation,UniK3D-vitl,1000,mdecalib_shift_ro,0.0,86.59,
vegetation,UniK3D-vitl,1000,sf,60.08,86.59,60.5
vegetation,UniK3D-vitl,1000,sf_ro,45.49,86.59,65.44
vegetation,UniK3D-vitl,1000,sf_shift,57.36,86.59,59.34
vegetation,UniK3D-vitl,1000,sf_shift_ro,46.05,86.59,67.16
vegetation,UniK3DCalib-vitl,10,calib,59.25,92.77,55.44
vegetation,UniK3DCalib-vitl,10,calib_ro,49.77,92.77,54.53
vegetation,UniK3DCalib-vitl,10,calib_shift,51.5,92.77,49.08
vegetation,UniK3DCalib-vitl,10,calib_shift_ro,44.6,92.77,54.12
vegetation,UniK3DCalib-vitl,100,calib,65.75,92.77,59.47
vegetation,UniK3DCalib-vitl,100,calib_ro,51.77,92.77,55.71
vegetation,UniK3DCalib-vitl,100,calib_shift,63.26,92.77,57.82
vegetation,UniK3DCalib-vitl,100,calib_shift_ro,51.46,92.77,58.54
vegetation,UniK3DCalib-vitl,500,calib,68.83,92.77,60.72
vegetation,UniK3DCalib-vitl,500,calib_ro,52.16,92.77,55.83
vegetation,UniK3DCalib-vitl,500,calib_shift,67.18,92.77,59.78
vegetation,UniK3DCalib-vitl,500,calib_shift_ro,52.73,92.77,59.03
vegetation,UniK3DCalib-vitl,1000,calib,69.51,92.77,61.07
vegetation,UniK3DCalib-vitl,1000,calib_ro,52.24,92.77,55.84
vegetation,UniK3DCalib-vitl,1000,calib_shift,68.32,92.77,60.23
vegetation,UniK3DCalib-vitl,1000,calib_shift_ro,53.38,92.77,59.08
vegetation,VGGT-VGGT-1B,10,calib,46.84,265.7,50.04
vegetation,VGGT-VGGT-1B,10,calib_ro,29.48,265.7,46.96
vegetation,VGGT-VGGT-1B,10,calib_shift,41.04,265.7,42.95
vegetation,VGGT-VGGT-1B,10,calib_shift_ro,28.54,265.7,45.73
vegetation,VGGT-VGGT-1B,10,mdecalib,25.63,265.7,45.04
vegetation,VGGT-VGGT-1B,10,mdecalib_ro,16.77,265.7,44.63
vegetation,VGGT-VGGT-1B,10,mdecalib_shift,21.83,265.7,38.59
vegetation,VGGT-VGGT-1B,10,mdecalib_shift_ro,16.64,265.7,44.65
vegetation,VGGT-VGGT-1B,10,sf,33.83,265.7,42.45
vegetation,VGGT-VGGT-1B,10,sf_ro,23.87,265.7,50.21
vegetation,VGGT-VGGT-1B,10,sf_shift,26.82,265.7,33.57
vegetation,VGGT-VGGT-1B,10,sf_shift_ro,19.96,265.7,46.26
vegetation,VGGT-VGGT-1B,100,calib,57.3,265.7,57.02
vegetation,VGGT-VGGT-1B,100,calib_ro,31.08,265.7,48.6
vegetation,VGGT-VGGT-1B,100,calib_shift,54.48,265.7,54.37
vegetation,VGGT-VGGT-1B,100,calib_shift_ro,31.65,265.7,51.51
vegetation,VGGT-VGGT-1B,100,mdecalib,30.97,265.7,51.18
vegetation,VGGT-VGGT-1B,100,mdecalib_ro,17.6,265.7,46.52
vegetation,VGGT-VGGT-1B,100,mdecalib_shift,28.53,265.7,48.91
vegetation,VGGT-VGGT-1B,100,mdecalib_shift_ro,17.6,265.7,50.65
vegetation,VGGT-VGGT-1B,100,sf,45.55,265.7,54.11
vegetation,VGGT-VGGT-1B,100,sf_ro,26.76,265.7,56.26
vegetation,VGGT-VGGT-1B,100,sf_shift,40.59,265.7,50.25
vegetation,VGGT-VGGT-1B,100,sf_shift_ro,23.42,265.7,57.44
vegetation,VGGT-VGGT-1B,500,calib,62.1,265.7,59.39
vegetation,VGGT-VGGT-1B,500,calib_ro,31.3,265.7,48.64
vegetation,VGGT-VGGT-1B,500,calib_shift,60.69,265.7,57.86
vegetation,VGGT-VGGT-1B,500,calib_shift_ro,32.65,265.7,52.15
vegetation,VGGT-VGGT-1B,500,mdecalib,32.8,265.7,53.29
vegetation,VGGT-VGGT-1B,500,mdecalib_ro,17.55,265.7,46.72
vegetation,VGGT-VGGT-1B,500,mdecalib_shift,31.62,265.7,51.88
vegetation,VGGT-VGGT-1B,500,mdecalib_shift_ro,18.35,265.7,51.33
vegetation,VGGT-VGGT-1B,500,sf,50.09,265.7,57.72
vegetation,VGGT-VGGT-1B,500,sf_ro,26.75,265.7,57.05
vegetation,VGGT-VGGT-1B,500,sf_shift,46.41,265.7,55.24
vegetation,VGGT-VGGT-1B,500,sf_shift_ro,24.62,265.7,58.67
vegetation,VGGT-VGGT-1B,1000,calib,63.38,265.7,60.02
vegetation,VGGT-VGGT-1B,1000,calib_ro,31.4,265.7,48.65
vegetation,VGGT-VGGT-1B,1000,calib_shift,62.5,265.7,58.71
vegetation,VGGT-VGGT-1B,1000,calib_shift_ro,32.9,265.7,52.27
vegetation,VGGT-VGGT-1B,1000,mdecalib,33.39,265.7,53.88
vegetation,VGGT-VGGT-1B,1000,mdecalib_ro,17.61,265.7,46.7
vegetation,VGGT-VGGT-1B,1000,mdecalib_shift,32.38,265.7,52.57
vegetation,VGGT-VGGT-1B,1000,mdecalib_shift_ro,18.59,265.7,51.43
vegetation,VGGT-VGGT-1B,1000,sf,51.58,265.7,58.6
vegetation,VGGT-VGGT-1B,1000,sf_ro,26.56,265.7,57.24
vegetation,VGGT-VGGT-1B,1000,sf_shift,48.11,265.7,56.72
vegetation,VGGT-VGGT-1B,1000,sf_shift_ro,24.97,265.7,58.94
vegetation,gt,10,calib,84.09,0.0,61.39
vegetation,gt,10,calib_ro,92.01,0.0,93.72
vegetation,gt,10,calib_shift,83.39,0.0,61.32
vegetation,gt,10,calib_shift_ro,91.36,0.0,93.72
vegetation,gt,10,mdecalib,0.0,0.0,
vegetation,gt,10,mdecalib_ro,0.0,0.0,
vegetation,gt,10,mdecalib_shift,0.0,0.0,
vegetation,gt,10,mdecalib_shift_ro,0.0,0.0,
vegetation,gt,10,sf,82.21,0.0,61.65
vegetation,gt,10,sf_ro,91.08,0.0,93.76
vegetation,gt,10,sf_shift,80.49,0.0,61.11
vegetation,gt,10,sf_shift_ro,89.87,0.0,92.88
vegetation,gt,100,calib,84.97,0.0,62.09
vegetation,gt,100,calib_ro,92.02,0.0,93.73
vegetation,gt,100,calib_shift,83.92,0.0,62.06
vegetation,gt,100,calib_shift_ro,91.38,0.0,93.72
vegetation,gt,100,mdecalib,0.0,0.0,
vegetation,gt,100,mdecalib_ro,0.0,0.0,
vegetation,gt,100,mdecalib_shift,0.0,0.0,
vegetation,gt,100,mdecalib_shift_ro,0.0,0.0,
vegetation,gt,100,sf,83.16,0.0,62.42
vegetation,gt,100,sf_ro,91.08,0.0,93.76
vegetation,gt,100,sf_shift,81.61,0.0,62.21
vegetation,gt,100,sf_shift_ro,89.88,0.0,92.89
vegetation,gt,500,calib,84.63,0.0,62.32
vegetation,gt,500,calib_ro,92.02,0.0,93.73
vegetation,gt,500,calib_shift,84.0,0.0,62.29
vegetation,gt,500,calib_shift_ro,91.38,0.0,93.72
vegetation,gt,500,mdecalib,0.0,0.0,
vegetation,gt,500,mdecalib_ro,0.0,0.0,
vegetation,gt,500,mdecalib_shift,0.0,0.0,
vegetation,gt,500,mdecalib_shift_ro,0.0,0.0,
vegetation,gt,500,sf,82.71,0.0,62.7
vegetation,gt,500,sf_ro,91.08,0.0,93.76
vegetation,gt,500,sf_shift,81.38,0.0,62.53
vegetation,gt,500,sf_shift_ro,89.88,0.0,92.89
vegetation,gt,1000,calib,84.36,0.0,62.36
vegetation,gt,1000,calib_ro,92.02,0.0,93.73
vegetation,gt,1000,calib_shift,83.76,0.0,62.34
vegetation,gt,1000,calib_shift_ro,91.38,0.0,93.72
vegetation,gt,1000,mdecalib,0.0,0.0,
vegetation,gt,1000,mdecalib_ro,0.0,0.0,
vegetation,gt,1000,mdecalib_shift,0.0,0.0,
vegetation,gt,1000,mdecalib_shift_ro,0.0,0.0,
vegetation,gt,1000,sf,82.48,0.0,62.77
vegetation,gt,1000,sf_ro,91.08,0.0,93.76
vegetation,gt,1000,sf_shift,81.18,0.0,62.64
vegetation,gt,1000,sf_shift_ro,89.88,0.0,92.89
vegetation,none,10,baseline_calib,62.64,0.0,57.53
vegetation,none,10,baseline_sf,48.63,0.0,53.48
vegetation,none,100,baseline_calib,71.38,0.0,61.62
vegetation,none,100,baseline_sf,60.54,0.0,60.97
vegetation,none,500,baseline_calib,73.08,0.0,62.26
vegetation,none,500,baseline_sf,62.94,0.0,62.19
vegetation,none,1000,baseline_calib,73.69,0.0,62.39
vegetation,none,1000,baseline_sf,63.59,0.0,62.44
