dataset,mde,iters,solver,pose_mAA_10,mean_mde_runtime,mean_inliers
statues,3DGS,10,calib,91.62,0.0,84.65
statues,3DGS,10,calib_ro,92.13,0.0,57.98
statues,3DGS,10,calib_shift,90.1,0.0,83.26
statues,3DGS,10,calib_shift_ro,88.71,0.0,57.75
statues,3DGS,10,mdecalib,0.0,0.0,
statues,3DGS,10,mdecalib_ro,0.0,0.0,
statues,3DGS,10,mdecalib_shift,0.0,0.0,
statues,3DGS,10,mdecalib_shift_ro,0.0,0.0,
statues,3DGS,10,sf,88.72,0.0,83.8
statues,3DGS,10,sf_ro,89.43,0.0,68.39
statues,3DGS,10,sf_shift,83.16,0.0,78.95
statues,3DGS,10,sf_shift_ro,82.35,0.0,66.07
statues,3DGS,100,calib,93.19,0.0,85.95
statues,3DGS,100,calib_ro,92.9,0.0,58.3
statues,3DGS,100,calib_shift,92.67,0.0,85.79
statues,3DGS,100,calib_shift_ro,90.84,0.0,59.11
statues,3DGS,100,mdecalib,0.0,0.0,
statues,3DGS,100,mdecalib_ro,0.0,0.0,
statues,3DGS,100,mdecalib_shift,0.0,0.0,
statues,3DGS,100,mdecalib_shift_ro,0.0,0.0,
statues,3DGS,100,sf,90.69,0.0,86.17
statues,3DGS,100,sf_ro,90.93,0.0,69.32
statues,3DGS,100,sf_shift,87.93,0.0,85.48
statues,3DGS,100,sf_shift_ro,86.11,0.0,69.42
statues,3DGS,500,calib,93.26,0.0,86.09
statues,3DGS,500,calib_ro,93.05,0.0,58.31
statues,3DGS,500,calib_shift,92.83,0.0,86.1
statues,3DGS,500,calib_shift_ro,91.08,0.0,59.2
statues,3DGS,500,mdecalib,0.0,0.0,
statues,3DGS,500,mdecalib_ro,0.0,0.0,
statues,3DGS,500,mdecalib_shift,0.0,0.0,
statues,3DGS,500,mdecalib_shift_ro,0.0,0.0,
statues,3DGS,500,sf,90.92,0.0,86.37
statues,3DGS,500,sf_ro,91.01,0.0,69.34
statues,3DGS,500,sf_shift,88.49,0.0,86.09
statues,3DGS,500,sf_shift_ro,86.46,0.0,69.79
statues,3DGS,1000,calib,93.32,0.0,86.11
statues,3DGS,1000,calib_ro,93.27,0.0,58.28
statues,3DGS,1000,calib_shift,92.89,0.0,86.15
statues,3DGS,1000,calib_shift_ro,91.29,0.0,59.19
statues,3DGS,1000,mdecalib,0.0,0.0,
statues,3DGS,1000,mdecalib_ro,0.0,0.0,
statues,3DGS,1000,mdecalib_shift,0.0,0.0,
statues,3DGS,1000,mdecalib_shift_ro,0.0,0.0,
statues,3DGS,1000,sf,90.89,0.0,86.43
statues,3DGS,1000,sf_ro,91.04,0.0,69.34
statues,3DGS,1000,sf_shift,88.79,0.0,86.34
statues,3DGS,1000,sf_shift_ro,86.65,0.0,69.91
statues,DepthAnythingV2-vitb,10,calib,54.83,99.84,61.76
statues,DepthAnythingV2-vitb,10,calib_ro,29.05,99.84,34.51
statues,DepthAnythingV2-vitb,10,calib_shift,85.34,99.84,80.74
statues,DepthAnythingV2-vitb,10,calib_shift_ro,60.24,99.84,44.46
statues,DepthAnythingV2-vitb,10,mdecalib,0.0,99.84,
statues,DepthAnythingV2-vitb,10,mdecalib_ro,0.0,99.84,
statues,DepthAnythingV2-vitb,10,mdecalib_shift,0.0,99.84,
statues,DepthAnythingV2-vitb,10,mdecalib_shift_ro,0.0,99.84,
statues,DepthAnythingV2-vitb,10,sf,45.89,99.84,65.01
statues,DepthAnythingV2-vitb,10,sf_ro,35.07,99.84,50.23
statues,DepthAnythingV2-vitb,10,sf_shift,68.17,99.84,72.96
statues,DepthAnythingV2-vitb,10,sf_shift_ro,50.02,99.84,54.55
statues,DepthAnythingV2-vitb,100,calib,69.55,99.84,75.77
statues,DepthAnythingV2-vitb,100,calib_ro,30.05,99.84,35.42
statues,DepthAnythingV2-vitb,100,calib_shift,88.35,99.84,84.81
statues,DepthAnythingV2-vitb,100,calib_shift_ro,63.81,99.84,47.13
statues,DepthAnythingV2-vitb,100,mdecalib,0.0,99.84,
statues,DepthAnythingV2-vitb,100,mdecalib_ro,0.0,99.84,
statues,DepthAnythingV2-vitb,100,mdecalib_shift,0.0,99.84,
statues,DepthAnythingV2-vitb,100,mdecalib_shift_ro,0.0,99.84,
statues,DepthAnythingV2-vitb,100,sf,50.0,99.84,75.25
statues,DepthAnythingV2-vitb,100,sf_ro,36.28,99.84,52.99
statues,DepthAnythingV2-vitb,100,sf_shift,75.14,99.84,84.04
statues,DepthAnythingV2-vitb,100,sf_shift_ro,54.58,99.84,59.51
statues,DepthAnythingV2-vitb,500,calib,75.96,99.84,82.36
statues,DepthAnythingV2-vitb,500,calib_ro,30.64,99.84,35.48
statues,DepthAnythingV2-vitb,500,calib_shift,89.3,99.84,85.29
statues,DepthAnythingV2-vitb,500,calib_shift_ro,64.11,99.84,47.38
statues,DepthAnythingV2-vitb,500,mdecalib,0.0,99.84,
statues,DepthAnythingV2-vitb,500,mdecalib_ro,0.0,99.84,
statues,DepthAnythingV2-vitb,500,mdecalib_shift,0.0,99.84,
statues,DepthAnythingV2-vitb,500,mdecalib_shift_ro,0.0,99.84,
statues,DepthAnythingV2-vitb,500,sf,51.84,99.84,79.08
statues,DepthAnythingV2-vitb,500,sf_ro,36.2,99.84,53.37
statues,DepthAnythingV2-vitb,500,sf_shift,75.89,99.84,85.11
statues,DepthAnythingV2-vitb,500,sf_shift_ro,55.53,99.84,60.18
statues,DepthAnythingV2-vitb,1000,calib,77.12,99.84,83.64
statues,DepthAnythingV2-vitb,1000,calib_ro,30.72,99.84,35.47
statues,DepthAnythingV2-vitb,1000,calib_shift,89.33,99.84,85.37
statues,DepthAnythingV2-vitb,1000,calib_shift_ro,64.31,99.84,47.4
statues,DepthAnythingV2-vitb,1000,mdecalib,0.0,99.84,
statues,DepthAnythingV2-vitb,1000,mdecalib_ro,0.0,99.84,
statues,DepthAnythingV2-vitb,1000,mdecalib_shift,0.0,99.84,
statues,DepthAnythingV2-vitb,1000,mdecalib_shift_ro,0.0,99.84,
statues,DepthAnythingV2-vitb,1000,sf,52.49,99.84,80.26
statues,DepthAnythingV2-vitb,1000,sf_ro,36.25,99.84,53.51
statues,DepthAnythingV2-vitb,1000,sf_shift,76.2,99.84,85.36
statues,DepthAnythingV2-vitb,1000,sf_shift_ro,55.89,99.84,60.35
statues,DepthAnythingV2-vitl,10,calib,14.9,179.96,12.34
statues,DepthAnythingV2-vitl,10,calib_ro,31.59,179.96,35.23
statues,DepthAnythingV2-vitl,10,calib_shift,62.69,179.96,40.52
statues,DepthAnythingV2-vitl,10,calib_shift_ro,64.06,179.96,45.8
statues,DepthAnythingV2-vitl,10,mdecalib,0.0,179.96,
statues,DepthAnythingV2-vitl,10,mdecalib_ro,0.0,179.96,
statues,DepthAnythingV2-vitl,10,mdecalib_shift,0.0,179.96,
statues,DepthAnythingV2-vitl,10,mdecalib_shift_ro,0.0,179.96,
statues,DepthAnythingV2-vitl,10,sf,47.9,179.96,65.62
statues,DepthAnythingV2-vitl,10,sf_ro,37.81,179.96,50.85
statues,DepthAnythingV2-vitl,10,sf_shift,68.89,179.96,73.49
statues,DepthAnythingV2-vitl,10,sf_shift_ro,54.28,179.96,55.44
statues,DepthAnythingV2-vitl,100,calib,16.72,179.96,15.66
statues,DepthAnythingV2-vitl,100,calib_ro,32.92,179.96,36.12
statues,DepthAnythingV2-vitl,100,calib_shift,79.2,179.96,61.4
statues,DepthAnythingV2-vitl,100,calib_shift_ro,66.76,179.96,48.09
statues,DepthAnythingV2-vitl,100,mdecalib,0.0,179.96,
statues,DepthAnythingV2-vitl,100,mdecalib_ro,0.0,179.96,
statues,DepthAnythingV2-vitl,100,mdecalib_shift,0.0,179.96,
statues,DepthAnythingV2-vitl,100,mdecalib_shift_ro,0.0,179.96,
statues,DepthAnythingV2-vitl,100,sf,51.95,179.96,75.51
statues,DepthAnythingV2-vitl,100,sf_ro,39.1,179.96,53.6
statues,DepthAnythingV2-vitl,100,sf_shift,75.14,179.96,84.11
statues,DepthAnythingV2-vitl,100,sf_shift_ro,58.06,179.96,60.25
statues,DepthAnythingV2-vitl,500,calib,18.8,179.96,18.13
statues,DepthAnythingV2-vitl,500,calib_ro,33.31,179.96,36.24
statues,DepthAnythingV2-vitl,500,calib_shift,84.64,179.96,71.27
statues,DepthAnythingV2-vitl,500,calib_shift_ro,67.26,179.96,48.26
statues,DepthAnythingV2-vitl,500,mdecalib,0.0,179.96,
statues,DepthAnythingV2-vitl,500,mdecalib_ro,0.0,179.96,
statues,DepthAnythingV2-vitl,500,mdecalib_shift,0.0,179.96,
statues,DepthAnythingV2-vitl,500,mdecalib_shift_ro,0.0,179.96,
statues,DepthAnythingV2-vitl,500,sf,53.55,179.96,79.22
statues,DepthAnythingV2-vitl,500,sf_ro,39.45,179.96,53.95
statues,DepthAnythingV2-vitl,500,sf_shift,76.28,179.96,85.2
statues,DepthAnythingV2-vitl,500,sf_shift_ro,58.39,179.96,60.92
statues,DepthAnythingV2-vitl,1000,calib,20.19,179.96,19.39
statues,DepthAnythingV2-vitl,1000,calib_ro,33.54,179.96,36.2
statues,DepthAnythingV2-vitl,1000,calib_shift,86.24,179.96,74.44
statues,DepthAnythingV2-vitl,1000,calib_shift_ro,67.33,179.96,48.27
statues,DepthAnythingV2-vitl,1000,mdecalib,0.0,179.96,
statues,DepthAnythingV2-vitl,1000,mdecalib_ro,0.0,179.96,
statues,DepthAnythingV2-vitl,1000,mdecalib_shift,0.0,179.96,
statues,DepthAnythingV2-vitl,1000,mdecalib_shift_ro,0.0,179.96,
statues,DepthAnythingV2-vitl,1000,sf,54.22,179.96,80.24
statues,DepthAnythingV2-vitl,1000,sf_ro,39.42,179.96,54.09
statues,DepthAnythingV2-vitl,1000,sf_shift,76.56,179.96,85.44
statues,DepthAnythingV2-vitl,1000,sf_shift_ro,58.55,179.96,61.03
statues,DepthAnythingV2-vits,10,calib,58.55,63.04,63.15
statues,DepthAnythingV2-vits,10,calib_ro,31.93,63.04,33.64
statues,DepthAnythingV2-vits,10,calib_shift,85.02,63.04,79.94
statues,DepthAnythingV2-vits,10,calib_shift_ro,60.11,63.04,41.73
statues,DepthAnythingV2-vits,10,mdecalib,0.0,63.04,
statues,DepthAnythingV2-vits,10,mdecalib_ro,0.0,63.04,
statues,DepthAnythingV2-vits,10,mdecalib_shift,0.0,63.04,
statues,DepthAnythingV2-vits,10,mdecalib_shift_ro,0.0,63.04,
statues,DepthAnythingV2-vits,10,sf,47.18,63.04,64.29
statues,DepthAnythingV2-vits,10,sf_ro,36.43,63.04,48.46
statues,DepthAnythingV2-vits,10,sf_shift,67.17,63.04,71.02
statues,DepthAnythingV2-vits,10,sf_shift_ro,49.38,63.04,51.69
statues,DepthAnythingV2-vits,100,calib,72.83,63.04,76.98
statues,DepthAnythingV2-vits,100,calib_ro,34.04,63.04,34.56
statues,DepthAnythingV2-vits,100,calib_shift,88.9,63.04,84.7
statues,DepthAnythingV2-vits,100,calib_shift_ro,63.61,63.04,44.4
statues,DepthAnythingV2-vits,100,mdecalib,0.0,63.04,
statues,DepthAnythingV2-vits,100,mdecalib_ro,0.0,63.04,
statues,DepthAnythingV2-vits,100,mdecalib_shift,0.0,63.04,
statues,DepthAnythingV2-vits,100,mdecalib_shift_ro,0.0,63.04,
statues,DepthAnythingV2-vits,100,sf,52.38,63.04,75.61
statues,DepthAnythingV2-vits,100,sf_ro,38.28,63.04,51.46
statues,DepthAnythingV2-vits,100,sf_shift,75.1,63.04,83.71
statues,DepthAnythingV2-vits,100,sf_shift_ro,54.1,63.04,57.13
statues,DepthAnythingV2-vits,500,calib,77.96,63.04,82.28
statues,DepthAnythingV2-vits,500,calib_ro,34.8,63.04,34.72
statues,DepthAnythingV2-vits,500,calib_shift,89.46,63.04,85.29
statues,DepthAnythingV2-vits,500,calib_shift_ro,64.44,63.04,44.63
statues,DepthAnythingV2-vits,500,mdecalib,0.0,63.04,
statues,DepthAnythingV2-vits,500,mdecalib_ro,0.0,63.04,
statues,DepthAnythingV2-vits,500,mdecalib_shift,0.0,63.04,
statues,DepthAnythingV2-vits,500,mdecalib_shift_ro,0.0,63.04,
statues,DepthAnythingV2-vits,500,sf,54.27,63.04,79.48
statues,DepthAnythingV2-vits,500,sf_ro,37.92,63.04,51.99
statues,DepthAnythingV2-vits,500,sf_shift,76.45,63.04,85.26
statues,DepthAnythingV2-vits,500,sf_shift_ro,54.98,63.04,57.83
statues,DepthAnythingV2-vits,1000,calib,79.55,63.04,83.73
statues,DepthAnythingV2-vits,1000,calib_ro,34.96,63.04,34.7
statues,DepthAnythingV2-vits,1000,calib_shift,89.77,63.04,85.38
statues,DepthAnythingV2-vits,1000,calib_shift_ro,64.7,63.04,44.66
statues,DepthAnythingV2-vits,1000,mdecalib,0.0,63.04,
statues,DepthAnythingV2-vits,1000,mdecalib_ro,0.0,63.04,
statues,DepthAnythingV2-vits,1000,mdecalib_shift,0.0,63.04,
statues,DepthAnythingV2-vits,1000,mdecalib_shift_ro,0.0,63.04,
statues,DepthAnythingV2-vits,1000,sf,55.08,63.04,80.87
statues,DepthAnythingV2-vits,1000,sf_ro,37.97,63.04,52.1
statues,DepthAnythingV2-vits,1000,sf_shift,76.75,63.04,85.49
statues,DepthAnythingV2-vits,1000,sf_shift_ro,55.11,63.04,57.98
statues,DepthAnythingV3-DA3METRIC-LARGE,10,calib,81.65,62.5,78.32
statues,DepthAnythingV3-DA3METRIC-LARGE,10,calib_ro,63.7,62.5,45.94
statues,DepthAnythingV3-DA3METRIC-LARGE,10,calib_shift,86.42,62.5,80.38
statues,DepthAnythingV3-DA3METRIC-LARGE,10,calib_shift_ro,69.07,62.5,52.01
statues,DepthAnythingV3-DA3METRIC-LARGE,10,mdecalib,0.0,62.5,
statues,DepthAnythingV3-DA3METRIC-LARGE,10,mdecalib_ro,0.0,62.5,
statues,DepthAnythingV3-DA3METRIC-LARGE,10,mdecalib_shift,0.0,62.5,
statues,DepthAnythingV3-DA3METRIC-LARGE,10,mdecalib_shift_ro,0.0,62.5,
statues,DepthAnythingV3-DA3METRIC-LARGE,10,sf,75.26,62.5,78.24
statues,DepthAnythingV3-DA3METRIC-LARGE,10,sf_ro,61.3,62.5,58.54
statues,DepthAnythingV3-DA3METRIC-LARGE,10,sf_shift,74.04,62.5,75.19
statues,DepthAnythingV3-DA3METRIC-LARGE,10,sf_shift_ro,61.27,62.5,60.24
statues,DepthAnythingV3-DA3METRIC-LARGE,100,calib,85.67,62.5,83.26
statues,DepthAnythingV3-DA3METRIC-LARGE,100,calib_ro,65.94,62.5,47.13
statues,DepthAnythingV3-DA3METRIC-LARGE,100,calib_shift,89.75,62.5,84.38
statues,DepthAnythingV3-DA3METRIC-LARGE,100,calib_shift_ro,71.35,62.5,54.48
statues,DepthAnythingV3-DA3METRIC-LARGE,100,mdecalib,0.0,62.5,
statues,DepthAnythingV3-DA3METRIC-LARGE,100,mdecalib_ro,0.0,62.5,
statues,DepthAnythingV3-DA3METRIC-LARGE,100,mdecalib_shift,0.0,62.5,
statues,DepthAnythingV3-DA3METRIC-LARGE,100,mdecalib_shift_ro,0.0,62.5,
statues,DepthAnythingV3-DA3METRIC-LARGE,100,sf,78.0,62.5,83.09
statues,DepthAnythingV3-DA3METRIC-LARGE,100,sf_ro,63.7,62.5,60.24
statues,DepthAnythingV3-DA3METRIC-LARGE,100,sf_shift,79.2,62.5,83.82
statues,DepthAnythingV3-DA3METRIC-LARGE,100,sf_shift_ro,65.38,62.5,64.58
statues,DepthAnythingV3-DA3METRIC-LARGE,500,calib,86.71,62.5,84.24
statues,DepthAnythingV3-DA3METRIC-LARGE,500,calib_ro,66.33,62.5,47.16
statues,DepthAnythingV3-DA3METRIC-LARGE,500,calib_shift,90.47,62.5,84.95
statues,DepthAnythingV3-DA3METRIC-LARGE,500,calib_shift_ro,72.14,62.5,54.64
statues,DepthAnythingV3-DA3METRIC-LARGE,500,mdecalib,0.0,62.5,
statues,DepthAnythingV3-DA3METRIC-LARGE,500,mdecalib_ro,0.0,62.5,
statues,DepthAnythingV3-DA3METRIC-LARGE,500,mdecalib_shift,0.0,62.5,
statues,DepthAnythingV3-DA3METRIC-LARGE,500,mdecalib_shift_ro,0.0,62.5,
statues,DepthAnythingV3-DA3METRIC-LARGE,500,sf,78.95,62.5,84.12
statues,DepthAnythingV3-DA3METRIC-LARGE,500,sf_ro,64.11,62.5,60.49
statues,DepthAnythingV3-DA3METRIC-LARGE,500,sf_shift,80.26,62.5,85.0
statues,DepthAnythingV3-DA3METRIC-LARGE,500,sf_shift_ro,65.73,62.5,65.04
statues,DepthAnythingV3-DA3METRIC-LARGE,1000,calib,87.23,62.5,84.64
statues,DepthAnythingV3-DA3METRIC-LARGE,1000,calib_ro,66.45,62.5,47.17
statues,DepthAnythingV3-DA3METRIC-LARGE,1000,calib_shift,90.68,62.5,85.07
statues,DepthAnythingV3-DA3METRIC-LARGE,1000,calib_shift_ro,72.47,62.5,54.66
statues,DepthAnythingV3-DA3METRIC-LARGE,1000,mdecalib,0.0,62.5,
statues,DepthAnythingV3-DA3METRIC-LARGE,1000,mdecalib_ro,0.0,62.5,
statues,DepthAnythingV3-DA3METRIC-LARGE,1000,mdecalib_shift,0.0,62.5,
statues,DepthAnythingV3-DA3METRIC-LARGE,1000,mdecalib_shift_ro,0.0,62.5,
statues,DepthAnythingV3-DA3METRIC-LARGE,1000,sf,79.36,62.5,84.4
statues,DepthAnythingV3-DA3METRIC-LARGE,1000,sf_ro,64.21,62.5,60.57
statues,DepthAnythingV3-DA3METRIC-LARGE,1000,sf_shift,80.62,62.5,85.24
statues,DepthAnythingV3-DA3METRIC-LARGE,1000,sf_shift_ro,65.87,62.5,65.13
statues,DepthAnythingV3-DA3MONO-LARGE,10,calib,55.26,66.75,61.71
statues,DepthAnythingV3-DA3MONO-LARGE,10,calib_ro,31.61,66.75,33.04
statues,DepthAnythingV3-DA3MONO-LARGE,10,calib_shift,87.64,66.75,82.09
statues,DepthAnythingV3-DA3MONO-LARGE,10,calib_shift_ro,76.38,66.75,55.75
statues,DepthAnythingV3-DA3MONO-LARGE,10,mdecalib,0.0,66.75,
statues,DepthAnythingV3-DA3MONO-LARGE,10,mdecalib_ro,0.0,66.75,
statues,DepthAnythingV3-DA3MONO-LARGE,10,mdecalib_shift,0.0,66.75,
statues,DepthAnythingV3-DA3MONO-LARGE,10,mdecalib_shift_ro,0.0,66.75,
statues,DepthAnythingV3-DA3MONO-LARGE,10,sf,43.79,66.75,65.02
statues,DepthAnythingV3-DA3MONO-LARGE,10,sf_ro,34.72,66.75,47.07
statues,DepthAnythingV3-DA3MONO-LARGE,10,sf_shift,78.21,66.75,77.92
statues,DepthAnythingV3-DA3MONO-LARGE,10,sf_shift_ro,69.14,66.75,65.04
statues,DepthAnythingV3-DA3MONO-LARGE,100,calib,69.86,66.75,75.54
statues,DepthAnythingV3-DA3MONO-LARGE,100,calib_ro,33.62,66.75,33.97
statues,DepthAnythingV3-DA3MONO-LARGE,100,calib_shift,89.68,66.75,84.75
statues,DepthAnythingV3-DA3MONO-LARGE,100,calib_shift_ro,78.06,66.75,57.39
statues,DepthAnythingV3-DA3MONO-LARGE,100,mdecalib,0.0,66.75,
statues,DepthAnythingV3-DA3MONO-LARGE,100,mdecalib_ro,0.0,66.75,
statues,DepthAnythingV3-DA3MONO-LARGE,100,mdecalib_shift,0.0,66.75,
statues,DepthAnythingV3-DA3MONO-LARGE,100,mdecalib_shift_ro,0.0,66.75,
statues,DepthAnythingV3-DA3MONO-LARGE,100,sf,48.95,66.75,75.45
statues,DepthAnythingV3-DA3MONO-LARGE,100,sf_ro,36.09,66.75,49.27
statues,DepthAnythingV3-DA3MONO-LARGE,100,sf_shift,82.15,66.75,84.27
statues,DepthAnythingV3-DA3MONO-LARGE,100,sf_shift_ro,72.53,66.75,68.29
statues,DepthAnythingV3-DA3MONO-LARGE,500,calib,76.62,66.75,81.29
statues,DepthAnythingV3-DA3MONO-LARGE,500,calib_ro,34.38,66.75,34.12
statues,DepthAnythingV3-DA3MONO-LARGE,500,calib_shift,90.28,66.75,85.06
statues,DepthAnythingV3-DA3MONO-LARGE,500,calib_shift_ro,78.49,66.75,57.55
statues,DepthAnythingV3-DA3MONO-LARGE,500,mdecalib,0.0,66.75,
statues,DepthAnythingV3-DA3MONO-LARGE,500,mdecalib_ro,0.0,66.75,
statues,DepthAnythingV3-DA3MONO-LARGE,500,mdecalib_shift,0.0,66.75,
statues,DepthAnythingV3-DA3MONO-LARGE,500,mdecalib_shift_ro,0.0,66.75,
statues,DepthAnythingV3-DA3MONO-LARGE,500,sf,51.76,66.75,79.25
statues,DepthAnythingV3-DA3MONO-LARGE,500,sf_ro,36.04,66.75,49.64
statues,DepthAnythingV3-DA3MONO-LARGE,500,sf_shift,83.16,66.75,85.08
statues,DepthAnythingV3-DA3MONO-LARGE,500,sf_shift_ro,73.22,66.75,68.63
statues,DepthAnythingV3-DA3MONO-LARGE,1000,calib,78.25,66.75,82.93
statues,DepthAnythingV3-DA3MONO-LARGE,1000,calib_ro,34.55,66.75,34.15
statues,DepthAnythingV3-DA3MONO-LARGE,1000,calib_shift,90.54,66.75,85.12
statues,DepthAnythingV3-DA3MONO-LARGE,1000,calib_shift_ro,78.65,66.75,57.59
statues,DepthAnythingV3-DA3MONO-LARGE,1000,mdecalib,0.0,66.75,
statues,DepthAnythingV3-DA3MONO-LARGE,1000,mdecalib_ro,0.0,66.75,
statues,DepthAnythingV3-DA3MONO-LARGE,1000,mdecalib_shift,0.0,66.75,
statues,DepthAnythingV3-DA3MONO-LARGE,1000,mdecalib_shift_ro,0.0,66.75,
statues,DepthAnythingV3-DA3MONO-LARGE,1000,sf,52.59,66.75,80.51
statues,DepthAnythingV3-DA3MONO-LARGE,1000,sf_ro,35.98,66.75,49.7
statues,DepthAnythingV3-DA3MONO-LARGE,1000,sf_shift,83.42,66.75,85.27
statues,DepthAnythingV3-DA3MONO-LARGE,1000,sf_shift_ro,73.2,66.75,68.7
statues,DepthAnythingV3Calib-DA3METRIC-LARGE,10,calib,81.65,65.55,78.32
statues,DepthAnythingV3Calib-DA3METRIC-LARGE,10,calib_ro,63.7,65.55,45.94
statues,DepthAnythingV3Calib-DA3METRIC-LARGE,10,calib_shift,86.42,65.55,80.38
statues,DepthAnythingV3Calib-DA3METRIC-LARGE,10,calib_shift_ro,69.08,65.55,52.01
statues,DepthAnythingV3Calib-DA3METRIC-LARGE,100,calib,85.67,65.55,83.26
statues,DepthAnythingV3Calib-DA3METRIC-LARGE,100,calib_ro,65.94,65.55,47.13
statues,DepthAnythingV3Calib-DA3METRIC-LARGE,100,calib_shift,89.75,65.55,84.39
statues,DepthAnythingV3Calib-DA3METRIC-LARGE,100,calib_shift_ro,71.35,65.55,54.49
statues,DepthAnythingV3Calib-DA3METRIC-LARGE,500,calib,86.71,65.55,84.24
statues,DepthAnythingV3Calib-DA3METRIC-LARGE,500,calib_ro,66.33,65.55,47.16
statues,DepthAnythingV3Calib-DA3METRIC-LARGE,500,calib_shift,90.47,65.55,84.95
statues,DepthAnythingV3Calib-DA3METRIC-LARGE,500,calib_shift_ro,72.14,65.55,54.64
statues,DepthAnythingV3Calib-DA3METRIC-LARGE,1000,calib,87.23,65.55,84.64
statues,DepthAnythingV3Calib-DA3METRIC-LARGE,1000,calib_ro,66.45,65.55,47.17
statues,DepthAnythingV3Calib-DA3METRIC-LARGE,1000,calib_shift,90.68,65.55,85.07
statues,DepthAnythingV3Calib-DA3METRIC-LARGE,1000,calib_shift_ro,72.47,65.55,54.66
statues,DepthAnythingV3Calib-DA3MONO-LARGE,10,calib,55.26,67.11,61.7
statues,DepthAnythingV3Calib-DA3MONO-LARGE,10,calib_ro,31.61,67.11,33.04
statues,DepthAnythingV3Calib-DA3MONO-LARGE,10,calib_shift,87.63,67.11,82.09
statues,DepthAnythingV3Calib-DA3MONO-LARGE,10,calib_shift_ro,76.38,67.11,55.75
statues,DepthAnythingV3Calib-DA3MONO-LARGE,100,calib,69.83,67.11,75.54
statues,DepthAnythingV3Calib-DA3MONO-LARGE,100,calib_ro,33.62,67.11,33.97
statues,DepthAnythingV3Calib-DA3MONO-LARGE,100,calib_shift,89.68,67.11,84.75
statues,DepthAnythingV3Calib-DA3MONO-LARGE,100,calib_shift_ro,78.06,67.11,57.39
statues,DepthAnythingV3Calib-DA3MONO-LARGE,500,calib,76.58,67.11,81.28
statues,DepthAnythingV3Calib-DA3MONO-LARGE,500,calib_ro,34.38,67.11,34.12
statues,DepthAnythingV3Calib-DA3MONO-LARGE,500,calib_shift,90.28,67.11,85.06
statues,DepthAnythingV3Calib-DA3MONO-LARGE,500,calib_shift_ro,78.49,67.11,57.55
statues,DepthAnythingV3Calib-DA3MONO-LARGE,1000,calib,78.26,67.11,82.93
statues,DepthAnythingV3Calib-DA3MONO-LARGE,1000,calib_ro,34.55,67.11,34.15
statues,DepthAnythingV3Calib-DA3MONO-LARGE,1000,calib_shift,90.54,67.11,85.12
statues,DepthAnythingV3Calib-DA3MONO-LARGE,1000,calib_shift_ro,78.65,67.11,57.59
statues,DepthPro-vitl,10,calib,80.82,222.64,78.4
statues,DepthPro-vitl,10,calib_ro,66.77,222.64,48.67
statues,DepthPro-vitl,10,calib_shift,86.97,222.64,81.15
statues,DepthPro-vitl,10,calib_shift_ro,72.0,222.64,53.98
statues,DepthPro-vitl,10,mdecalib,32.13,222.64,53.29
statues,DepthPro-vitl,10,mdecalib_ro,30.3,222.64,42.06
statues,DepthPro-vitl,10,mdecalib_shift,33.5,222.64,55.55
statues,DepthPro-vitl,10,mdecalib_shift_ro,32.65,222.64,48.29
statues,DepthPro-vitl,10,sf,73.93,222.64,79.24
statues,DepthPro-vitl,10,sf_ro,64.47,222.64,62.43
statues,DepthPro-vitl,10,sf_shift,75.79,222.64,76.16
statues,DepthPro-vitl,10,sf_shift_ro,63.24,222.64,63.67
statues,DepthPro-vitl,100,calib,85.0,222.64,82.88
statues,DepthPro-vitl,100,calib_ro,68.47,222.64,49.53
statues,DepthPro-vitl,100,calib_shift,90.25,222.64,84.64
statues,DepthPro-vitl,100,calib_shift_ro,73.84,222.64,56.19
statues,DepthPro-vitl,100,mdecalib,33.22,222.64,58.81
statues,DepthPro-vitl,100,mdecalib_ro,31.14,222.64,42.93
statues,DepthPro-vitl,100,mdecalib_shift,34.09,222.64,60.65
statues,DepthPro-vitl,100,mdecalib_shift_ro,33.78,222.64,50.65
statues,DepthPro-vitl,100,sf,76.48,222.64,83.32
statues,DepthPro-vitl,100,sf_ro,66.79,222.64,64.17
statues,DepthPro-vitl,100,sf_shift,80.95,222.64,83.92
statues,DepthPro-vitl,100,sf_shift_ro,67.44,222.64,68.17
statues,DepthPro-vitl,500,calib,85.98,222.64,84.07
statues,DepthPro-vitl,500,calib_ro,68.95,222.64,49.55
statues,DepthPro-vitl,500,calib_shift,90.8,222.64,84.99
statues,DepthPro-vitl,500,calib_shift_ro,74.46,222.64,56.33
statues,DepthPro-vitl,500,mdecalib,33.16,222.64,60.57
statues,DepthPro-vitl,500,mdecalib_ro,31.33,222.64,43.0
statues,DepthPro-vitl,500,mdecalib_shift,34.04,222.64,61.78
statues,DepthPro-vitl,500,mdecalib_shift_ro,33.96,222.64,50.82
statues,DepthPro-vitl,500,sf,77.56,222.64,84.22
statues,DepthPro-vitl,500,sf_ro,66.99,222.64,64.38
statues,DepthPro-vitl,500,sf_shift,81.92,222.64,85.08
statues,DepthPro-vitl,500,sf_shift_ro,67.88,222.64,68.58
statues,DepthPro-vitl,1000,calib,86.34,222.64,84.42
statues,DepthPro-vitl,1000,calib_ro,68.99,222.64,49.55
statues,DepthPro-vitl,1000,calib_shift,90.91,222.64,85.06
statues,DepthPro-vitl,1000,calib_shift_ro,74.53,222.64,56.37
statues,DepthPro-vitl,1000,mdecalib,33.24,222.64,61.12
statues,DepthPro-vitl,1000,mdecalib_ro,31.42,222.64,43.0
statues,DepthPro-vitl,1000,mdecalib_shift,34.16,222.64,62.08
statues,DepthPro-vitl,1000,mdecalib_shift_ro,33.93,222.64,50.84
statues,DepthPro-vitl,1000,sf,77.67,222.64,84.44
statues,DepthPro-vitl,1000,sf_ro,67.05,222.64,64.39
statues,DepthPro-vitl,1000,sf_shift,82.08,222.64,85.28
statues,DepthPro-vitl,1000,sf_shift_ro,68.14,222.64,68.7
statues,DepthProCalib-vitl,10,calib,80.85,215.36,78.4
statues,DepthProCalib-vitl,10,calib_ro,66.75,215.36,48.69
statues,DepthProCalib-vitl,10,calib_shift,86.87,215.36,81.06
statues,DepthProCalib-vitl,10,calib_shift_ro,72.06,215.36,54.0
statues,DepthProCalib-vitl,100,calib,84.96,215.36,82.81
statues,DepthProCalib-vitl,100,calib_ro,68.46,215.36,49.52
statues,DepthProCalib-vitl,100,calib_shift,90.26,215.36,84.58
statues,DepthProCalib-vitl,100,calib_shift_ro,73.9,215.36,56.18
statues,DepthProCalib-vitl,500,calib,85.97,215.36,84.06
statues,DepthProCalib-vitl,500,calib_ro,68.87,215.36,49.55
statues,DepthProCalib-vitl,500,calib_shift,90.78,215.36,84.98
statues,DepthProCalib-vitl,500,calib_shift_ro,74.44,215.36,56.36
statues,DepthProCalib-vitl,1000,calib,86.34,215.36,84.42
statues,DepthProCalib-vitl,1000,calib_ro,69.0,215.36,49.55
statues,DepthProCalib-vitl,1000,calib_shift,90.98,215.36,85.06
statues,DepthProCalib-vitl,1000,calib_shift_ro,74.56,215.36,56.39
statues,MapAnything-map-anything,10,calib,84.84,367.55,82.67
statues,MapAnything-map-anything,10,calib_ro,72.75,367.55,51.4
statues,MapAnything-map-anything,10,calib_shift,86.97,367.55,83.04
statues,MapAnything-map-anything,10,calib_shift_ro,75.28,367.55,54.52
statues,MapAnything-map-anything,10,mdecalib,37.83,367.55,60.37
statues,MapAnything-map-anything,10,mdecalib_ro,36.23,367.55,46.73
statues,MapAnything-map-anything,10,mdecalib_shift,38.68,367.55,62.07
statues,MapAnything-map-anything,10,mdecalib_shift_ro,37.01,367.55,50.66
statues,MapAnything-map-anything,10,sf,76.89,367.55,81.83
statues,MapAnything-map-anything,10,sf_ro,69.12,367.55,64.08
statues,MapAnything-map-anything,10,sf_shift,75.06,367.55,77.19
statues,MapAnything-map-anything,10,sf_shift_ro,66.35,367.55,63.86
statues,MapAnything-map-anything,100,calib,87.46,367.55,86.03
statues,MapAnything-map-anything,100,calib_ro,74.46,367.55,52.47
statues,MapAnything-map-anything,100,calib_shift,89.72,367.55,86.7
statues,MapAnything-map-anything,100,calib_shift_ro,77.97,367.55,56.87
statues,MapAnything-map-anything,100,mdecalib,38.91,367.55,65.19
statues,MapAnything-map-anything,100,mdecalib_ro,37.53,367.55,47.93
statues,MapAnything-map-anything,100,mdecalib_shift,40.19,367.55,67.28
statues,MapAnything-map-anything,100,mdecalib_shift_ro,39.04,367.55,53.25
statues,MapAnything-map-anything,100,sf,80.03,367.55,86.0
statues,MapAnything-map-anything,100,sf_ro,70.96,367.55,65.81
statues,MapAnything-map-anything,100,sf_shift,80.96,367.55,86.07
statues,MapAnything-map-anything,100,sf_shift_ro,71.93,367.55,68.51
statues,MapAnything-map-anything,500,calib,88.09,367.55,86.79
statues,MapAnything-map-anything,500,calib_ro,74.54,367.55,52.46
statues,MapAnything-map-anything,500,calib_shift,90.06,367.55,87.16
statues,MapAnything-map-anything,500,calib_shift_ro,78.4,367.55,57.0
statues,MapAnything-map-anything,500,mdecalib,38.96,367.55,66.97
statues,MapAnything-map-anything,500,mdecalib_ro,37.76,367.55,47.98
statues,MapAnything-map-anything,500,mdecalib_shift,40.47,367.55,68.31
statues,MapAnything-map-anything,500,mdecalib_shift_ro,39.27,367.55,53.4
statues,MapAnything-map-anything,500,sf,80.88,367.55,86.77
statues,MapAnything-map-anything,500,sf_ro,71.19,367.55,65.92
statues,MapAnything-map-anything,500,sf_shift,82.32,367.55,87.19
statues,MapAnything-map-anything,500,sf_shift_ro,72.71,367.55,68.9
statues,MapAnything-map-anything,1000,calib,88.16,367.55,86.98
statues,MapAnything-map-anything,1000,calib_ro,74.51,367.55,52.45
statues,MapAnything-map-anything,1000,calib_shift,90.14,367.55,87.24
statues,MapAnything-map-anything,1000,calib_shift_ro,78.42,367.55,56.99
statues,MapAnything-map-anything,1000,mdecalib,39.02,367.55,67.47
statues,MapAnything-map-anything,1000,mdecalib_ro,37.74,367.55,47.96
statues,MapAnything-map-anything,1000,mdecalib_shift,40.52,367.55,68.53
statues,MapAnything-map-anything,1000,mdecalib_shift_ro,39.29,367.55,53.4
statues,MapAnything-map-anything,1000,sf,81.09,367.55,86.96
statues,MapAnything-map-anything,1000,sf_ro,71.3,367.55,65.94
statues,MapAnything-map-anything,1000,sf_shift,82.51,367.55,87.4
statues,MapAnything-map-anything,1000,sf_shift_ro,72.99,367.55,69.02
statues,MapAnythingCalib-map-anything,10,calib,85.27,352.96,82.64
statues,MapAnythingCalib-map-anything,10,calib_ro,73.48,352.96,51.87
statues,MapAnythingCalib-map-anything,10,calib_shift,86.29,352.96,82.63
statues,MapAnythingCalib-map-anything,10,calib_shift_ro,74.69,352.96,54.26
statues,MapAnythingCalib-map-anything,100,calib,87.64,352.96,86.0
statues,MapAnythingCalib-map-anything,100,calib_ro,75.31,352.96,52.88
statues,MapAnythingCalib-map-anything,100,calib_shift,89.57,352.96,86.72
statues,MapAnythingCalib-map-anything,100,calib_shift_ro,77.68,352.96,56.65
statues,MapAnythingCalib-map-anything,500,calib,88.32,352.96,86.73
statues,MapAnythingCalib-map-anything,500,calib_ro,75.37,352.96,52.94
statues,MapAnythingCalib-map-anything,500,calib_shift,90.19,352.96,87.15
statues,MapAnythingCalib-map-anything,500,calib_shift_ro,78.12,352.96,56.81
statues,MapAnythingCalib-map-anything,1000,calib,88.6,352.96,86.93
statues,MapAnythingCalib-map-anything,1000,calib_ro,75.42,352.96,52.95
statues,MapAnythingCalib-map-anything,1000,calib_shift,90.36,352.96,87.22
statues,MapAnythingCalib-map-anything,1000,calib_shift_ro,78.17,352.96,56.82
statues,Metric3DV2-vit_giant2,10,calib,85.33,682.91,79.99
statues,Metric3DV2-vit_giant2,10,calib_ro,67.16,682.91,42.64
statues,Metric3DV2-vit_giant2,10,calib_shift,85.76,682.91,79.53
statues,Metric3DV2-vit_giant2,10,calib_shift_ro,68.09,682.91,46.26
statues,Metric3DV2-vit_giant2,10,mdecalib,0.0,682.91,
statues,Metric3DV2-vit_giant2,10,mdecalib_ro,0.0,682.91,
statues,Metric3DV2-vit_giant2,10,mdecalib_shift,0.0,682.91,
statues,Metric3DV2-vit_giant2,10,mdecalib_shift_ro,0.0,682.91,
statues,Metric3DV2-vit_giant2,10,sf,75.78,682.91,78.42
statues,Metric3DV2-vit_giant2,10,sf_ro,61.66,682.91,56.42
statues,Metric3DV2-vit_giant2,10,sf_shift,71.2,682.91,71.76
statues,Metric3DV2-vit_giant2,10,sf_shift_ro,58.36,682.91,55.54
statues,Metric3DV2-vit_giant2,100,calib,88.06,682.91,83.93
statues,Metric3DV2-vit_giant2,100,calib_ro,68.98,682.91,43.62
statues,Metric3DV2-vit_giant2,100,calib_shift,89.51,682.91,84.11
statues,Metric3DV2-vit_giant2,100,calib_shift_ro,70.89,682.91,48.61
statues,Metric3DV2-vit_giant2,100,mdecalib,0.0,682.91,
statues,Metric3DV2-vit_giant2,100,mdecalib_ro,0.0,682.91,
statues,Metric3DV2-vit_giant2,100,mdecalib_shift,0.0,682.91,
statues,Metric3DV2-vit_giant2,100,mdecalib_shift_ro,0.0,682.91,
statues,Metric3DV2-vit_giant2,100,sf,79.33,682.91,83.42
statues,Metric3DV2-vit_giant2,100,sf_ro,64.34,682.91,58.34
statues,Metric3DV2-vit_giant2,100,sf_shift,78.69,682.91,83.0
statues,Metric3DV2-vit_giant2,100,sf_shift_ro,62.66,682.91,60.79
statues,Metric3DV2-vit_giant2,500,calib,88.9,682.91,84.69
statues,Metric3DV2-vit_giant2,500,calib_ro,69.23,682.91,43.64
statues,Metric3DV2-vit_giant2,500,calib_shift,90.48,682.91,84.87
statues,Metric3DV2-vit_giant2,500,calib_shift_ro,71.58,682.91,48.79
statues,Metric3DV2-vit_giant2,500,mdecalib,0.0,682.91,
statues,Metric3DV2-vit_giant2,500,mdecalib_ro,0.0,682.91,
statues,Metric3DV2-vit_giant2,500,mdecalib_shift,0.0,682.91,
statues,Metric3DV2-vit_giant2,500,mdecalib_shift_ro,0.0,682.91,
statues,Metric3DV2-vit_giant2,500,sf,80.33,682.91,84.54
statues,Metric3DV2-vit_giant2,500,sf_ro,64.3,682.91,58.58
statues,Metric3DV2-vit_giant2,500,sf_shift,80.27,682.91,84.54
statues,Metric3DV2-vit_giant2,500,sf_shift_ro,63.33,682.91,61.33
statues,Metric3DV2-vit_giant2,1000,calib,89.08,682.91,84.88
statues,Metric3DV2-vit_giant2,1000,calib_ro,69.39,682.91,43.61
statues,Metric3DV2-vit_giant2,1000,calib_shift,90.87,682.91,85.02
statues,Metric3DV2-vit_giant2,1000,calib_shift_ro,71.77,682.91,48.82
statues,Metric3DV2-vit_giant2,1000,mdecalib,0.0,682.91,
statues,Metric3DV2-vit_giant2,1000,mdecalib_ro,0.0,682.91,
statues,Metric3DV2-vit_giant2,1000,mdecalib_shift,0.0,682.91,
statues,Metric3DV2-vit_giant2,1000,mdecalib_shift_ro,0.0,682.91,
statues,Metric3DV2-vit_giant2,1000,sf,80.36,682.91,84.82
statues,Metric3DV2-vit_giant2,1000,sf_ro,64.36,682.91,58.62
statues,Metric3DV2-vit_giant2,1000,sf_shift,80.71,682.91,84.89
statues,Metric3DV2-vit_giant2,1000,sf_shift_ro,63.6,682.91,61.42
statues,Metric3DV2-vit_large,10,calib,81.42,310.51,76.74
statues,Metric3DV2-vit_large,10,calib_ro,62.54,310.51,42.09
statues,Metric3DV2-vit_large,10,calib_shift,81.77,310.51,75.86
statues,Metric3DV2-vit_large,10,calib_shift_ro,64.1,310.51,44.9
statues,Metric3DV2-vit_large,10,mdecalib,0.0,310.51,
statues,Metric3DV2-vit_large,10,mdecalib_ro,0.0,310.51,
statues,Metric3DV2-vit_large,10,mdecalib_shift,0.0,310.51,
statues,Metric3DV2-vit_large,10,mdecalib_shift_ro,0.0,310.51,
statues,Metric3DV2-vit_large,10,sf,73.04,310.51,74.19
statues,Metric3DV2-vit_large,10,sf_ro,59.27,310.51,54.95
statues,Metric3DV2-vit_large,10,sf_shift,68.53,310.51,68.05
statues,Metric3DV2-vit_large,10,sf_shift_ro,54.5,310.51,53.89
statues,Metric3DV2-vit_large,100,calib,86.25,310.51,82.68
statues,Metric3DV2-vit_large,100,calib_ro,65.21,310.51,43.13
statues,Metric3DV2-vit_large,100,calib_shift,88.0,310.51,83.01
statues,Metric3DV2-vit_large,100,calib_shift_ro,67.87,310.51,47.93
statues,Metric3DV2-vit_large,100,mdecalib,0.0,310.51,
statues,Metric3DV2-vit_large,100,mdecalib_ro,0.0,310.51,
statues,Metric3DV2-vit_large,100,mdecalib_shift,0.0,310.51,
statues,Metric3DV2-vit_large,100,mdecalib_shift_ro,0.0,310.51,
statues,Metric3DV2-vit_large,100,sf,78.15,310.51,81.48
statues,Metric3DV2-vit_large,100,sf_ro,61.41,310.51,57.36
statues,Metric3DV2-vit_large,100,sf_shift,77.21,310.51,80.94
statues,Metric3DV2-vit_large,100,sf_shift_ro,60.34,310.51,59.62
statues,Metric3DV2-vit_large,500,calib,87.72,310.51,84.12
statues,Metric3DV2-vit_large,500,calib_ro,65.38,310.51,43.22
statues,Metric3DV2-vit_large,500,calib_shift,89.58,310.51,84.34
statues,Metric3DV2-vit_large,500,calib_shift_ro,68.55,310.51,48.17
statues,Metric3DV2-vit_large,500,mdecalib,0.0,310.51,
statues,Metric3DV2-vit_large,500,mdecalib_ro,0.0,310.51,
statues,Metric3DV2-vit_large,500,mdecalib_shift,0.0,310.51,
statues,Metric3DV2-vit_large,500,mdecalib_shift_ro,0.0,310.51,
statues,Metric3DV2-vit_large,500,sf,79.82,310.51,83.23
statues,Metric3DV2-vit_large,500,sf_ro,61.76,310.51,57.63
statues,Metric3DV2-vit_large,500,sf_shift,79.53,310.51,83.52
statues,Metric3DV2-vit_large,500,sf_shift_ro,60.61,310.51,60.44
statues,Metric3DV2-vit_large,1000,calib,88.1,310.51,84.47
statues,Metric3DV2-vit_large,1000,calib_ro,65.5,310.51,43.21
statues,Metric3DV2-vit_large,1000,calib_shift,90.05,310.51,84.73
statues,Metric3DV2-vit_large,1000,calib_shift_ro,68.66,310.51,48.19
statues,Metric3DV2-vit_large,1000,mdecalib,0.0,310.51,
statues,Metric3DV2-vit_large,1000,mdecalib_ro,0.0,310.51,
statues,Metric3DV2-vit_large,1000,mdecalib_shift,0.0,310.51,
statues,Metric3DV2-vit_large,1000,mdecalib_shift_ro,0.0,310.51,
statues,Metric3DV2-vit_large,1000,sf,80.34,310.51,83.72
statues,Metric3DV2-vit_large,1000,sf_ro,61.84,310.51,57.68
statues,Metric3DV2-vit_large,1000,sf_shift,79.89,310.51,84.18
statues,Metric3DV2-vit_large,1000,sf_shift_ro,60.69,310.51,60.6
statues,Metric3DV2-vit_small,10,calib,81.18,106.61,77.12
statues,Metric3DV2-vit_small,10,calib_ro,59.06,106.61,39.63
statues,Metric3DV2-vit_small,10,calib_shift,83.94,106.61,77.51
statues,Metric3DV2-vit_small,10,calib_shift_ro,63.31,106.61,42.36
statues,Metric3DV2-vit_small,10,mdecalib,0.0,106.61,
statues,Metric3DV2-vit_small,10,mdecalib_ro,0.0,106.61,
statues,Metric3DV2-vit_small,10,mdecalib_shift,0.0,106.61,
statues,Metric3DV2-vit_small,10,mdecalib_shift_ro,0.0,106.61,
statues,Metric3DV2-vit_small,10,sf,70.94,106.61,75.23
statues,Metric3DV2-vit_small,10,sf_ro,54.86,106.61,53.04
statues,Metric3DV2-vit_small,10,sf_shift,66.04,106.61,67.57
statues,Metric3DV2-vit_small,10,sf_shift_ro,51.62,106.61,52.1
statues,Metric3DV2-vit_small,100,calib,86.88,106.61,83.32
statues,Metric3DV2-vit_small,100,calib_ro,61.57,106.61,41.25
statues,Metric3DV2-vit_small,100,calib_shift,89.07,106.61,83.69
statues,Metric3DV2-vit_small,100,calib_shift_ro,66.94,106.61,45.74
statues,Metric3DV2-vit_small,100,mdecalib,0.0,106.61,
statues,Metric3DV2-vit_small,100,mdecalib_ro,0.0,106.61,
statues,Metric3DV2-vit_small,100,mdecalib_shift,0.0,106.61,
statues,Metric3DV2-vit_small,100,mdecalib_shift_ro,0.0,106.61,
statues,Metric3DV2-vit_small,100,sf,76.0,106.61,82.7
statues,Metric3DV2-vit_small,100,sf_ro,58.34,106.61,55.36
statues,Metric3DV2-vit_small,100,sf_shift,75.8,106.61,81.89
statues,Metric3DV2-vit_small,100,sf_shift_ro,57.23,106.61,58.05
statues,Metric3DV2-vit_small,500,calib,88.08,106.61,84.48
statues,Metric3DV2-vit_small,500,calib_ro,62.2,106.61,41.33
statues,Metric3DV2-vit_small,500,calib_shift,90.03,106.61,84.64
statues,Metric3DV2-vit_small,500,calib_shift_ro,67.59,106.61,46.0
statues,Metric3DV2-vit_small,500,mdecalib,0.0,106.61,
statues,Metric3DV2-vit_small,500,mdecalib_ro,0.0,106.61,
statues,Metric3DV2-vit_small,500,mdecalib_shift,0.0,106.61,
statues,Metric3DV2-vit_small,500,mdecalib_shift_ro,0.0,106.61,
statues,Metric3DV2-vit_small,500,sf,77.48,106.61,84.15
statues,Metric3DV2-vit_small,500,sf_ro,58.69,106.61,55.61
statues,Metric3DV2-vit_small,500,sf_shift,77.77,106.61,84.03
statues,Metric3DV2-vit_small,500,sf_shift_ro,58.41,106.61,58.71
statues,Metric3DV2-vit_small,1000,calib,88.52,106.61,84.71
statues,Metric3DV2-vit_small,1000,calib_ro,62.25,106.61,41.32
statues,Metric3DV2-vit_small,1000,calib_shift,90.44,106.61,84.84
statues,Metric3DV2-vit_small,1000,calib_shift_ro,67.77,106.61,46.02
statues,Metric3DV2-vit_small,1000,mdecalib,0.0,106.61,
statues,Metric3DV2-vit_small,1000,mdecalib_ro,0.0,106.61,
statues,Metric3DV2-vit_small,1000,mdecalib_shift,0.0,106.61,
statues,Metric3DV2-vit_small,1000,mdecalib_shift_ro,0.0,106.61,
statues,Metric3DV2-vit_small,1000,sf,77.91,106.61,84.53
statues,Metric3DV2-vit_small,1000,sf_ro,58.76,106.61,55.65
statues,Metric3DV2-vit_small,1000,sf_shift,78.13,106.61,84.51
statues,Metric3DV2-vit_small,1000,sf_shift_ro,58.37,106.61,58.74
statues,Metric3DV2Calib-vit_giant2,10,calib,85.12,682.78,79.83
statues,Metric3DV2Calib-vit_giant2,10,calib_ro,67.09,682.78,42.61
statues,Metric3DV2Calib-vit_giant2,10,calib_shift,85.69,682.78,79.28
statues,Metric3DV2Calib-vit_giant2,10,calib_shift_ro,67.99,682.78,46.15
statues,Metric3DV2Calib-vit_giant2,100,calib,88.0,682.78,83.92
statues,Metric3DV2Calib-vit_giant2,100,calib_ro,69.13,682.78,43.6
statues,Metric3DV2Calib-vit_giant2,100,calib_shift,89.52,682.78,84.05
statues,Metric3DV2Calib-vit_giant2,100,calib_shift_ro,70.85,682.78,48.58
statues,Metric3DV2Calib-vit_giant2,500,calib,88.83,682.78,84.68
statues,Metric3DV2Calib-vit_giant2,500,calib_ro,69.28,682.78,43.61
statues,Metric3DV2Calib-vit_giant2,500,calib_shift,90.44,682.78,84.84
statues,Metric3DV2Calib-vit_giant2,500,calib_shift_ro,71.56,682.78,48.78
statues,Metric3DV2Calib-vit_giant2,1000,calib,89.02,682.78,84.87
statues,Metric3DV2Calib-vit_giant2,1000,calib_ro,69.44,682.78,43.59
statues,Metric3DV2Calib-vit_giant2,1000,calib_shift,90.77,682.78,85.02
statues,Metric3DV2Calib-vit_giant2,1000,calib_shift_ro,71.67,682.78,48.83
statues,Metric3DV2Calib-vit_large,10,calib,81.11,313.6,76.43
statues,Metric3DV2Calib-vit_large,10,calib_ro,62.53,313.6,42.05
statues,Metric3DV2Calib-vit_large,10,calib_shift,81.54,313.6,75.53
statues,Metric3DV2Calib-vit_large,10,calib_shift_ro,63.73,313.6,44.83
statues,Metric3DV2Calib-vit_large,100,calib,86.24,313.6,82.52
statues,Metric3DV2Calib-vit_large,100,calib_ro,65.21,313.6,43.14
statues,Metric3DV2Calib-vit_large,100,calib_shift,87.74,313.6,82.94
statues,Metric3DV2Calib-vit_large,100,calib_shift_ro,67.85,313.6,47.93
statues,Metric3DV2Calib-vit_large,500,calib,87.66,313.6,84.03
statues,Metric3DV2Calib-vit_large,500,calib_ro,65.47,313.6,43.22
statues,Metric3DV2Calib-vit_large,500,calib_shift,89.4,313.6,84.36
statues,Metric3DV2Calib-vit_large,500,calib_shift_ro,68.65,313.6,48.18
statues,Metric3DV2Calib-vit_large,1000,calib,88.1,313.6,84.42
statues,Metric3DV2Calib-vit_large,1000,calib_ro,65.52,313.6,43.21
statues,Metric3DV2Calib-vit_large,1000,calib_shift,89.95,313.6,84.71
statues,Metric3DV2Calib-vit_large,1000,calib_shift_ro,68.81,313.6,48.19
statues,Metric3DV2Calib-vit_small,10,calib,81.2,102.02,76.88
statues,Metric3DV2Calib-vit_small,10,calib_ro,58.96,102.02,39.58
statues,Metric3DV2Calib-vit_small,10,calib_shift,83.73,102.02,77.17
statues,Metric3DV2Calib-vit_small,10,calib_shift_ro,63.11,102.02,42.21
statues,Metric3DV2Calib-vit_small,100,calib,86.83,102.02,83.23
statues,Metric3DV2Calib-vit_small,100,calib_ro,61.62,102.02,41.24
statues,Metric3DV2Calib-vit_small,100,calib_shift,88.87,102.02,83.59
statues,Metric3DV2Calib-vit_small,100,calib_shift_ro,66.84,102.02,45.72
statues,Metric3DV2Calib-vit_small,500,calib,88.04,102.02,84.48
statues,Metric3DV2Calib-vit_small,500,calib_ro,62.09,102.02,41.33
statues,Metric3DV2Calib-vit_small,500,calib_shift,89.97,102.02,84.63
statues,Metric3DV2Calib-vit_small,500,calib_shift_ro,67.57,102.02,46.0
statues,Metric3DV2Calib-vit_small,1000,calib,88.4,102.02,84.7
statues,Metric3DV2Calib-vit_small,1000,calib_ro,62.19,102.02,41.32
statues,Metric3DV2Calib-vit_small,1000,calib_shift,90.41,102.02,84.89
statues,Metric3DV2Calib-vit_small,1000,calib_shift_ro,67.76,102.02,46.01
statues,MoGeV1-moge-vitl,10,calib,86.92,116.04,82.48
statues,MoGeV1-moge-vitl,10,calib_ro,78.11,116.04,57.8
statues,MoGeV1-moge-vitl,10,calib_shift,88.89,116.04,83.4
statues,MoGeV1-moge-vitl,10,calib_shift_ro,80.41,116.04,61.61
statues,MoGeV1-moge-vitl,10,mdecalib,51.52,116.04,66.68
statues,MoGeV1-moge-vitl,10,mdecalib_ro,49.65,116.04,57.27
statues,MoGeV1-moge-vitl,10,mdecalib_shift,52.8,116.04,68.36
statues,MoGeV1-moge-vitl,10,mdecalib_shift_ro,50.73,116.04,60.06
statues,MoGeV1-moge-vitl,10,sf,81.02,116.04,82.62
statues,MoGeV1-moge-vitl,10,sf_ro,75.94,116.04,70.01
statues,MoGeV1-moge-vitl,10,sf_shift,79.63,116.04,80.06
statues,MoGeV1-moge-vitl,10,sf_shift_ro,73.84,116.04,70.67
statues,MoGeV1-moge-vitl,100,calib,89.24,116.04,84.88
statues,MoGeV1-moge-vitl,100,calib_ro,79.14,116.04,58.41
statues,MoGeV1-moge-vitl,100,calib_shift,91.06,116.04,85.37
statues,MoGeV1-moge-vitl,100,calib_shift_ro,82.07,116.04,63.12
statues,MoGeV1-moge-vitl,100,mdecalib,52.83,116.04,69.75
statues,MoGeV1-moge-vitl,100,mdecalib_ro,50.26,116.04,57.8
statues,MoGeV1-moge-vitl,100,mdecalib_shift,54.05,116.04,71.4
statues,MoGeV1-moge-vitl,100,mdecalib_shift_ro,51.87,116.04,61.53
statues,MoGeV1-moge-vitl,100,sf,82.97,116.04,85.06
statues,MoGeV1-moge-vitl,100,sf_ro,77.15,116.04,71.03
statues,MoGeV1-moge-vitl,100,sf_shift,83.12,116.04,85.33
statues,MoGeV1-moge-vitl,100,sf_shift_ro,76.7,116.04,73.46
statues,MoGeV1-moge-vitl,500,calib,89.6,116.04,85.38
statues,MoGeV1-moge-vitl,500,calib_ro,79.32,116.04,58.41
statues,MoGeV1-moge-vitl,500,calib_shift,91.5,116.04,85.65
statues,MoGeV1-moge-vitl,500,calib_shift_ro,82.36,116.04,63.22
statues,MoGeV1-moge-vitl,500,mdecalib,53.3,116.04,70.82
statues,MoGeV1-moge-vitl,500,mdecalib_ro,50.35,116.04,57.82
statues,MoGeV1-moge-vitl,500,mdecalib_shift,54.48,116.04,72.05
statues,MoGeV1-moge-vitl,500,mdecalib_shift_ro,51.95,116.04,61.6
statues,MoGeV1-moge-vitl,500,sf,83.27,116.04,85.58
statues,MoGeV1-moge-vitl,500,sf_ro,77.15,116.04,71.18
statues,MoGeV1-moge-vitl,500,sf_shift,83.66,116.04,85.9
statues,MoGeV1-moge-vitl,500,sf_shift_ro,77.13,116.04,73.7
statues,MoGeV1-moge-vitl,1000,calib,89.64,116.04,85.5
statues,MoGeV1-moge-vitl,1000,calib_ro,79.36,116.04,58.42
statues,MoGeV1-moge-vitl,1000,calib_shift,91.48,116.04,85.71
statues,MoGeV1-moge-vitl,1000,calib_shift_ro,82.37,116.04,63.24
statues,MoGeV1-moge-vitl,1000,mdecalib,53.37,116.04,71.13
statues,MoGeV1-moge-vitl,1000,mdecalib_ro,50.34,116.04,57.81
statues,MoGeV1-moge-vitl,1000,mdecalib_shift,54.59,116.04,72.23
statues,MoGeV1-moge-vitl,1000,mdecalib_shift_ro,52.0,116.04,61.6
statues,MoGeV1-moge-vitl,1000,sf,83.41,116.04,85.69
statues,MoGeV1-moge-vitl,1000,sf_ro,77.13,116.04,71.19
statues,MoGeV1-moge-vitl,1000,sf_shift,83.76,116.04,86.04
statues,MoGeV1-moge-vitl,1000,sf_shift_ro,77.22,116.04,73.75
statues,MoGeV1Calib-moge-vitl,10,calib,88.6,117.5,83.32
statues,MoGeV1Calib-moge-vitl,10,calib_ro,79.93,117.5,58.65
statues,MoGeV1Calib-moge-vitl,10,calib_shift,88.79,117.5,83.4
statues,MoGeV1Calib-moge-vitl,10,calib_shift_ro,80.52,117.5,61.63
statues,MoGeV1Calib-moge-vitl,100,calib,90.55,117.5,85.09
statues,MoGeV1Calib-moge-vitl,100,calib_ro,80.95,117.5,59.25
statues,MoGeV1Calib-moge-vitl,100,calib_shift,91.03,117.5,85.37
statues,MoGeV1Calib-moge-vitl,100,calib_shift_ro,82.12,117.5,63.14
statues,MoGeV1Calib-moge-vitl,500,calib,90.89,117.5,85.52
statues,MoGeV1Calib-moge-vitl,500,calib_ro,81.17,117.5,59.25
statues,MoGeV1Calib-moge-vitl,500,calib_shift,91.52,117.5,85.65
statues,MoGeV1Calib-moge-vitl,500,calib_shift_ro,82.36,117.5,63.24
statues,MoGeV1Calib-moge-vitl,1000,calib,90.86,117.5,85.59
statues,MoGeV1Calib-moge-vitl,1000,calib_ro,81.11,117.5,59.25
statues,MoGeV1Calib-moge-vitl,1000,calib_shift,91.52,117.5,85.71
statues,MoGeV1Calib-moge-vitl,1000,calib_shift_ro,82.39,117.5,63.27
statues,MoGeV2-moge-2-vitl,10,calib,85.05,109.18,80.85
statues,MoGeV2-moge-2-vitl,10,calib_ro,73.33,109.18,54.18
statues,MoGeV2-moge-2-vitl,10,calib_shift,88.74,109.18,82.85
statues,MoGeV2-moge-2-vitl,10,calib_shift_ro,78.47,109.18,59.84
statues,MoGeV2-moge-2-vitl,10,mdecalib,46.25,109.18,60.81
statues,MoGeV2-moge-2-vitl,10,mdecalib_ro,45.8,109.18,52.61
statues,MoGeV2-moge-2-vitl,10,mdecalib_shift,46.6,109.18,63.09
statues,MoGeV2-moge-2-vitl,10,mdecalib_shift_ro,46.85,109.18,56.63
statues,MoGeV2-moge-2-vitl,10,sf,77.96,109.18,81.46
statues,MoGeV2-moge-2-vitl,10,sf_ro,72.5,109.18,67.97
statues,MoGeV2-moge-2-vitl,10,sf_shift,78.68,109.18,79.34
statues,MoGeV2-moge-2-vitl,10,sf_shift_ro,71.2,109.18,68.86
statues,MoGeV2-moge-2-vitl,100,calib,88.5,109.18,84.3
statues,MoGeV2-moge-2-vitl,100,calib_ro,74.87,109.18,54.87
statues,MoGeV2-moge-2-vitl,100,calib_shift,91.16,109.18,85.37
statues,MoGeV2-moge-2-vitl,100,calib_shift_ro,79.93,109.18,61.28
statues,MoGeV2-moge-2-vitl,100,mdecalib,46.92,109.18,65.36
statues,MoGeV2-moge-2-vitl,100,mdecalib_ro,46.41,109.18,53.36
statues,MoGeV2-moge-2-vitl,100,mdecalib_shift,47.6,109.18,67.07
statues,MoGeV2-moge-2-vitl,100,mdecalib_shift_ro,47.58,109.18,58.22
statues,MoGeV2-moge-2-vitl,100,sf,80.34,109.18,84.63
statues,MoGeV2-moge-2-vitl,100,sf_ro,73.67,109.18,68.84
statues,MoGeV2-moge-2-vitl,100,sf_shift,82.48,109.18,85.16
statues,MoGeV2-moge-2-vitl,100,sf_shift_ro,74.03,109.18,71.61
statues,MoGeV2-moge-2-vitl,500,calib,89.16,109.18,85.08
statues,MoGeV2-moge-2-vitl,500,calib_ro,75.0,109.18,54.89
statues,MoGeV2-moge-2-vitl,500,calib_shift,91.58,109.18,85.58
statues,MoGeV2-moge-2-vitl,500,calib_shift_ro,80.31,109.18,61.4
statues,MoGeV2-moge-2-vitl,500,mdecalib,46.78,109.18,66.67
statues,MoGeV2-moge-2-vitl,500,mdecalib_ro,46.6,109.18,53.42
statues,MoGeV2-moge-2-vitl,500,mdecalib_shift,47.5,109.18,67.92
statues,MoGeV2-moge-2-vitl,500,mdecalib_shift_ro,47.65,109.18,58.32
statues,MoGeV2-moge-2-vitl,500,sf,81.02,109.18,85.29
statues,MoGeV2-moge-2-vitl,500,sf_ro,73.65,109.18,68.95
statues,MoGeV2-moge-2-vitl,500,sf_shift,82.97,109.18,85.8
statues,MoGeV2-moge-2-vitl,500,sf_shift_ro,74.42,109.18,71.92
statues,MoGeV2-moge-2-vitl,1000,calib,89.24,109.18,85.25
statues,MoGeV2-moge-2-vitl,1000,calib_ro,75.08,109.18,54.87
statues,MoGeV2-moge-2-vitl,1000,calib_shift,91.74,109.18,85.65
statues,MoGeV2-moge-2-vitl,1000,calib_shift_ro,80.3,109.18,61.38
statues,MoGeV2-moge-2-vitl,1000,mdecalib,46.85,109.18,67.1
statues,MoGeV2-moge-2-vitl,1000,mdecalib_ro,46.65,109.18,53.4
statues,MoGeV2-moge-2-vitl,1000,mdecalib_shift,47.5,109.18,68.16
statues,MoGeV2-moge-2-vitl,1000,mdecalib_shift_ro,47.64,109.18,58.32
statues,MoGeV2-moge-2-vitl,1000,sf,81.13,109.18,85.48
statues,MoGeV2-moge-2-vitl,1000,sf_ro,73.62,109.18,68.95
statues,MoGeV2-moge-2-vitl,1000,sf_shift,83.23,109.18,85.95
statues,MoGeV2-moge-2-vitl,1000,sf_shift_ro,74.47,109.18,71.96
statues,MoGeV2Calib-moge-2-vitl,10,calib,86.34,111.28,81.65
statues,MoGeV2Calib-moge-2-vitl,10,calib_ro,75.93,111.28,54.4
statues,MoGeV2Calib-moge-2-vitl,10,calib_shift,88.8,111.28,82.86
statues,MoGeV2Calib-moge-2-vitl,10,calib_shift_ro,78.22,111.28,59.82
statues,MoGeV2Calib-moge-2-vitl,100,calib,89.18,111.28,84.7
statues,MoGeV2Calib-moge-2-vitl,100,calib_ro,77.04,111.28,55.16
statues,MoGeV2Calib-moge-2-vitl,100,calib_shift,91.2,111.28,85.36
statues,MoGeV2Calib-moge-2-vitl,100,calib_shift_ro,79.96,111.28,61.32
statues,MoGeV2Calib-moge-2-vitl,500,calib,89.73,111.28,85.26
statues,MoGeV2Calib-moge-2-vitl,500,calib_ro,77.26,111.28,55.14
statues,MoGeV2Calib-moge-2-vitl,500,calib_shift,91.6,111.28,85.57
statues,MoGeV2Calib-moge-2-vitl,500,calib_shift_ro,80.27,111.28,61.42
statues,MoGeV2Calib-moge-2-vitl,1000,calib,89.73,111.28,85.4
statues,MoGeV2Calib-moge-2-vitl,1000,calib_ro,77.26,111.28,55.12
statues,MoGeV2Calib-moge-2-vitl,1000,calib_shift,91.72,111.28,85.64
statues,MoGeV2Calib-moge-2-vitl,1000,calib_shift_ro,80.31,111.28,61.41
statues,Pi3-Pi3X,10,calib,87.1,170.37,81.57
statues,Pi3-Pi3X,10,calib_ro,76.61,170.37,55.79
statues,Pi3-Pi3X,10,calib_shift,88.16,170.37,81.66
statues,Pi3-Pi3X,10,calib_shift_ro,78.01,170.37,59.57
statues,Pi3-Pi3X,10,mdecalib,43.99,170.37,61.8
statues,Pi3-Pi3X,10,mdecalib_ro,41.96,170.37,51.63
statues,Pi3-Pi3X,10,mdecalib_shift,44.93,170.37,63.87
statues,Pi3-Pi3X,10,mdecalib_shift_ro,43.28,170.37,56.38
statues,Pi3-Pi3X,10,sf,79.71,170.37,80.62
statues,Pi3-Pi3X,10,sf_ro,73.66,170.37,67.14
statues,Pi3-Pi3X,10,sf_shift,77.93,170.37,77.29
statues,Pi3-Pi3X,10,sf_shift_ro,70.84,170.37,68.14
statues,Pi3-Pi3X,100,calib,89.53,170.37,84.34
statues,Pi3-Pi3X,100,calib_ro,77.84,170.37,56.55
statues,Pi3-Pi3X,100,calib_shift,90.66,170.37,84.51
statues,Pi3-Pi3X,100,calib_shift_ro,79.22,170.37,61.4
statues,Pi3-Pi3X,100,mdecalib,45.48,170.37,65.99
statues,Pi3-Pi3X,100,mdecalib_ro,42.62,170.37,52.48
statues,Pi3-Pi3X,100,mdecalib_shift,46.53,170.37,67.94
statues,Pi3-Pi3X,100,mdecalib_shift_ro,44.19,170.37,58.27
statues,Pi3-Pi3X,100,sf,82.3,170.37,84.13
statues,Pi3-Pi3X,100,sf_ro,74.98,170.37,68.34
statues,Pi3-Pi3X,100,sf_shift,82.84,170.37,84.17
statues,Pi3-Pi3X,100,sf_shift_ro,73.71,170.37,71.24
statues,Pi3-Pi3X,500,calib,90.21,170.37,84.84
statues,Pi3-Pi3X,500,calib_ro,78.02,170.37,56.56
statues,Pi3-Pi3X,500,calib_shift,91.36,170.37,84.98
statues,Pi3-Pi3X,500,calib_shift_ro,79.48,170.37,61.5
statues,Pi3-Pi3X,500,mdecalib,45.67,170.37,67.39
statues,Pi3-Pi3X,500,mdecalib_ro,42.76,170.37,52.5
statues,Pi3-Pi3X,500,mdecalib_shift,46.92,170.37,68.66
statues,Pi3-Pi3X,500,mdecalib_shift_ro,44.33,170.37,58.36
statues,Pi3-Pi3X,500,sf,82.91,170.37,84.78
statues,Pi3-Pi3X,500,sf_ro,75.26,170.37,68.54
statues,Pi3-Pi3X,500,sf_shift,83.7,170.37,85.19
statues,Pi3-Pi3X,500,sf_shift_ro,73.85,170.37,71.53
statues,Pi3-Pi3X,1000,calib,90.29,170.37,84.94
statues,Pi3-Pi3X,1000,calib_ro,78.06,170.37,56.55
statues,Pi3-Pi3X,1000,calib_shift,91.45,170.37,85.06
statues,Pi3-Pi3X,1000,calib_shift_ro,79.55,170.37,61.5
statues,Pi3-Pi3X,1000,mdecalib,45.77,170.37,67.81
statues,Pi3-Pi3X,1000,mdecalib_ro,42.84,170.37,52.48
statues,Pi3-Pi3X,1000,mdecalib_shift,46.93,170.37,68.88
statues,Pi3-Pi3X,1000,mdecalib_shift_ro,44.39,170.37,58.36
statues,Pi3-Pi3X,1000,sf,83.19,170.37,85.01
statues,Pi3-Pi3X,1000,sf_ro,75.29,170.37,68.58
statues,Pi3-Pi3X,1000,sf_shift,83.86,170.37,85.35
statues,Pi3-Pi3X,1000,sf_shift_ro,73.86,170.37,71.58
statues,Pi3Calib-Pi3X,10,calib,87.46,172.8,81.74
statues,Pi3Calib-Pi3X,10,calib_ro,78.66,172.8,56.84
statues,Pi3Calib-Pi3X,10,calib_shift,88.27,172.8,81.61
statues,Pi3Calib-Pi3X,10,calib_shift_ro,78.77,172.8,59.92
statues,Pi3Calib-Pi3X,100,calib,89.8,172.8,84.29
statues,Pi3Calib-Pi3X,100,calib_ro,79.68,172.8,57.63
statues,Pi3Calib-Pi3X,100,calib_shift,90.83,172.8,84.55
statues,Pi3Calib-Pi3X,100,calib_shift_ro,80.12,172.8,61.69
statues,Pi3Calib-Pi3X,500,calib,90.2,172.8,84.78
statues,Pi3Calib-Pi3X,500,calib_ro,79.87,172.8,57.64
statues,Pi3Calib-Pi3X,500,calib_shift,91.35,172.8,84.97
statues,Pi3Calib-Pi3X,500,calib_shift_ro,80.52,172.8,61.79
statues,Pi3Calib-Pi3X,1000,calib,90.27,172.8,84.91
statues,Pi3Calib-Pi3X,1000,calib_ro,79.96,172.8,57.61
statues,Pi3Calib-Pi3X,1000,calib_shift,91.57,172.8,85.07
statues,Pi3Calib-Pi3X,1000,calib_shift_ro,80.63,172.8,61.79
statues,UniDepth1-cnvnxtl,10,calib,78.85,96.14,73.55
statues,UniDepth1-cnvnxtl,10,calib_ro,49.2,96.14,30.76
statues,UniDepth1-cnvnxtl,10,calib_shift,78.87,96.14,71.28
statues,UniDepth1-cnvnxtl,10,calib_shift_ro,52.46,96.14,33.43
statues,UniDepth1-cnvnxtl,10,mdecalib,34.38,96.14,48.77
statues,UniDepth1-cnvnxtl,10,mdecalib_ro,22.72,96.14,27.71
statues,UniDepth1-cnvnxtl,10,mdecalib_shift,35.5,96.14,48.94
statues,UniDepth1-cnvnxtl,10,mdecalib_shift_ro,26.87,96.14,31.67
statues,UniDepth1-cnvnxtl,10,sf,65.41,96.14,67.09
statues,UniDepth1-cnvnxtl,10,sf_ro,43.72,96.14,42.53
statues,UniDepth1-cnvnxtl,10,sf_shift,59.53,96.14,58.06
statues,UniDepth1-cnvnxtl,10,sf_shift_ro,39.32,96.14,41.7
statues,UniDepth1-cnvnxtl,100,calib,87.28,96.14,82.46
statues,UniDepth1-cnvnxtl,100,calib_ro,53.12,96.14,32.43
statues,UniDepth1-cnvnxtl,100,calib_shift,88.74,96.14,82.77
statues,UniDepth1-cnvnxtl,100,calib_shift_ro,57.68,96.14,36.91
statues,UniDepth1-cnvnxtl,100,mdecalib,38.66,96.14,58.32
statues,UniDepth1-cnvnxtl,100,mdecalib_ro,24.37,96.14,29.41
statues,UniDepth1-cnvnxtl,100,mdecalib_shift,39.74,96.14,59.29
statues,UniDepth1-cnvnxtl,100,mdecalib_shift_ro,29.66,96.14,35.11
statues,UniDepth1-cnvnxtl,100,sf,74.17,96.14,80.34
statues,UniDepth1-cnvnxtl,100,sf_ro,47.97,96.14,46.22
statues,UniDepth1-cnvnxtl,100,sf_shift,74.77,96.14,79.45
statues,UniDepth1-cnvnxtl,100,sf_shift_ro,47.1,96.14,48.97
statues,UniDepth1-cnvnxtl,500,calib,88.79,96.14,84.3
statues,UniDepth1-cnvnxtl,500,calib_ro,54.13,96.14,32.56
statues,UniDepth1-cnvnxtl,500,calib_shift,90.3,96.14,84.58
statues,UniDepth1-cnvnxtl,500,calib_shift_ro,57.98,96.14,37.39
statues,UniDepth1-cnvnxtl,500,mdecalib,39.62,96.14,61.3
statues,UniDepth1-cnvnxtl,500,mdecalib_ro,24.88,96.14,29.68
statues,UniDepth1-cnvnxtl,500,mdecalib_shift,40.79,96.14,61.93
statues,UniDepth1-cnvnxtl,500,mdecalib_shift_ro,29.79,96.14,35.66
statues,UniDepth1-cnvnxtl,500,sf,76.28,96.14,83.32
statues,UniDepth1-cnvnxtl,500,sf_ro,48.98,96.14,46.84
statues,UniDepth1-cnvnxtl,500,sf_shift,77.71,96.14,83.27
statues,UniDepth1-cnvnxtl,500,sf_shift_ro,48.13,96.14,50.12
statues,UniDepth1-cnvnxtl,1000,calib,89.3,96.14,84.7
statues,UniDepth1-cnvnxtl,1000,calib_ro,54.34,96.14,32.55
statues,UniDepth1-cnvnxtl,1000,calib_shift,90.69,96.14,84.84
statues,UniDepth1-cnvnxtl,1000,calib_shift_ro,58.33,96.14,37.41
statues,UniDepth1-cnvnxtl,1000,mdecalib,39.89,96.14,61.93
statues,UniDepth1-cnvnxtl,1000,mdecalib_ro,24.89,96.14,29.69
statues,UniDepth1-cnvnxtl,1000,mdecalib_shift,41.04,96.14,62.56
statues,UniDepth1-cnvnxtl,1000,mdecalib_shift_ro,29.72,96.14,35.75
statues,UniDepth1-cnvnxtl,1000,sf,76.6,96.14,83.9
statues,UniDepth1-cnvnxtl,1000,sf_ro,49.27,96.14,47.01
statues,UniDepth1-cnvnxtl,1000,sf_shift,78.34,96.14,84.11
statues,UniDepth1-cnvnxtl,1000,sf_shift_ro,48.49,96.14,50.4
statues,UniDepth1-vitl14,10,calib,84.84,135.76,78.36
statues,UniDepth1-vitl14,10,calib_ro,61.2,135.76,35.43
statues,UniDepth1-vitl14,10,calib_shift,84.76,135.76,76.83
statues,UniDepth1-vitl14,10,calib_shift_ro,61.76,135.76,39.31
statues,UniDepth1-vitl14,10,mdecalib,39.77,135.76,50.73
statues,UniDepth1-vitl14,10,mdecalib_ro,29.56,135.76,29.97
statues,UniDepth1-vitl14,10,mdecalib_shift,40.83,135.76,50.7
statues,UniDepth1-vitl14,10,mdecalib_shift_ro,32.55,135.76,33.63
statues,UniDepth1-vitl14,10,sf,73.34,135.76,74.32
statues,UniDepth1-vitl14,10,sf_ro,56.63,135.76,48.74
statues,UniDepth1-vitl14,10,sf_shift,66.13,135.76,66.4
statues,UniDepth1-vitl14,10,sf_shift_ro,49.84,135.76,49.05
statues,UniDepth1-vitl14,100,calib,89.63,135.76,83.86
statues,UniDepth1-vitl14,100,calib_ro,64.19,135.76,36.81
statues,UniDepth1-vitl14,100,calib_shift,90.28,135.76,83.89
statues,UniDepth1-vitl14,100,calib_shift_ro,65.6,135.76,42.14
statues,UniDepth1-vitl14,100,mdecalib,41.78,135.76,56.47
statues,UniDepth1-vitl14,100,mdecalib_ro,31.17,135.76,31.84
statues,UniDepth1-vitl14,100,mdecalib_shift,42.9,135.76,57.88
statues,UniDepth1-vitl14,100,mdecalib_shift_ro,34.45,135.76,36.8
statues,UniDepth1-vitl14,100,sf,78.66,135.76,82.67
statues,UniDepth1-vitl14,100,sf_ro,60.03,135.76,51.54
statues,UniDepth1-vitl14,100,sf_shift,76.89,135.76,81.96
statues,UniDepth1-vitl14,100,sf_shift_ro,56.32,135.76,54.84
statues,UniDepth1-vitl14,500,calib,90.73,135.76,84.93
statues,UniDepth1-vitl14,500,calib_ro,65.02,135.76,36.94
statues,UniDepth1-vitl14,500,calib_shift,91.22,135.76,84.87
statues,UniDepth1-vitl14,500,calib_shift_ro,65.94,135.76,42.45
statues,UniDepth1-vitl14,500,mdecalib,42.41,135.76,58.81
statues,UniDepth1-vitl14,500,mdecalib_ro,31.41,135.76,32.18
statues,UniDepth1-vitl14,500,mdecalib_shift,43.48,135.76,59.91
statues,UniDepth1-vitl14,500,mdecalib_shift_ro,34.81,135.76,37.29
statues,UniDepth1-vitl14,500,sf,79.9,135.76,84.4
statues,UniDepth1-vitl14,500,sf_ro,60.46,135.76,51.95
statues,UniDepth1-vitl14,500,sf_shift,78.79,135.76,84.34
statues,UniDepth1-vitl14,500,sf_shift_ro,57.33,135.76,55.74
statues,UniDepth1-vitl14,1000,calib,90.99,135.76,85.07
statues,UniDepth1-vitl14,1000,calib_ro,65.38,135.76,36.93
statues,UniDepth1-vitl14,1000,calib_shift,91.4,135.76,85.01
statues,UniDepth1-vitl14,1000,calib_shift_ro,66.37,135.76,42.48
statues,UniDepth1-vitl14,1000,mdecalib,42.49,135.76,59.59
statues,UniDepth1-vitl14,1000,mdecalib_ro,31.5,135.76,32.22
statues,UniDepth1-vitl14,1000,mdecalib_shift,43.4,135.76,60.49
statues,UniDepth1-vitl14,1000,mdecalib_shift_ro,34.96,135.76,37.38
statues,UniDepth1-vitl14,1000,sf,80.26,135.76,84.86
statues,UniDepth1-vitl14,1000,sf_ro,60.49,135.76,52.1
statues,UniDepth1-vitl14,1000,sf_shift,79.16,135.76,84.88
statues,UniDepth1-vitl14,1000,sf_shift_ro,57.62,135.76,55.94
statues,UniDepth1Calib-cnvnxtl,10,calib,78.91,91.07,73.54
statues,UniDepth1Calib-cnvnxtl,10,calib_ro,50.81,91.07,30.9
statues,UniDepth1Calib-cnvnxtl,10,calib_shift,79.68,91.07,71.54
statues,UniDepth1Calib-cnvnxtl,10,calib_shift_ro,52.38,91.07,33.88
statues,UniDepth1Calib-cnvnxtl,100,calib,87.48,91.07,82.67
statues,UniDepth1Calib-cnvnxtl,100,calib_ro,54.67,91.07,32.58
statues,UniDepth1Calib-cnvnxtl,100,calib_shift,88.74,91.07,82.82
statues,UniDepth1Calib-cnvnxtl,100,calib_shift_ro,57.63,91.07,37.34
statues,UniDepth1Calib-cnvnxtl,500,calib,89.02,91.07,84.36
statues,UniDepth1Calib-cnvnxtl,500,calib_ro,55.32,91.07,32.76
statues,UniDepth1Calib-cnvnxtl,500,calib_shift,90.52,91.07,84.53
statues,UniDepth1Calib-cnvnxtl,500,calib_shift_ro,58.43,91.07,37.84
statues,UniDepth1Calib-cnvnxtl,1000,calib,89.46,91.07,84.72
statues,UniDepth1Calib-cnvnxtl,1000,calib_ro,55.44,91.07,32.77
statues,UniDepth1Calib-cnvnxtl,1000,calib_shift,90.98,91.07,84.82
statues,UniDepth1Calib-cnvnxtl,1000,calib_shift_ro,58.78,91.07,37.88
statues,UniDepth1Calib-vitl14,10,calib,84.43,133.81,77.95
statues,UniDepth1Calib-vitl14,10,calib_ro,61.36,133.81,36.61
statues,UniDepth1Calib-vitl14,10,calib_shift,84.81,133.81,76.88
statues,UniDepth1Calib-vitl14,10,calib_shift_ro,61.76,133.81,40.25
statues,UniDepth1Calib-vitl14,100,calib,89.51,133.81,83.92
statues,UniDepth1Calib-vitl14,100,calib_ro,63.45,133.81,37.94
statues,UniDepth1Calib-vitl14,100,calib_shift,90.08,133.81,83.94
statues,UniDepth1Calib-vitl14,100,calib_shift_ro,65.34,133.81,43.2
statues,UniDepth1Calib-vitl14,500,calib,90.58,133.81,84.86
statues,UniDepth1Calib-vitl14,500,calib_ro,64.21,133.81,38.04
statues,UniDepth1Calib-vitl14,500,calib_shift,91.05,133.81,84.88
statues,UniDepth1Calib-vitl14,500,calib_shift_ro,66.33,133.81,43.47
statues,UniDepth1Calib-vitl14,1000,calib,90.87,133.81,85.07
statues,UniDepth1Calib-vitl14,1000,calib_ro,64.58,133.81,38.04
statues,UniDepth1Calib-vitl14,1000,calib_shift,91.35,133.81,85.04
statues,UniDepth1Calib-vitl14,1000,calib_shift_ro,66.91,133.81,43.48
statues,UniDepth2-vitb14,10,calib,81.54,68.77,78.58
statues,UniDepth2-vitb14,10,calib_ro,65.41,68.77,46.57
statues,UniDepth2-vitb14,10,calib_shift,85.79,68.77,80.66
statues,UniDepth2-vitb14,10,calib_shift_ro,72.19,68.77,52.39
statues,UniDepth2-vitb14,10,mdecalib,36.45,68.77,56.56
statues,UniDepth2-vitb14,10,mdecalib_ro,33.0,68.77,42.56
statues,UniDepth2-vitb14,10,mdecalib_shift,37.79,68.77,58.99
statues,UniDepth2-vitb14,10,mdecalib_shift_ro,35.22,68.77,47.97
statues,UniDepth2-vitb14,10,sf,74.76,68.77,78.3
statues,UniDepth2-vitb14,10,sf_ro,63.59,68.77,60.81
statues,UniDepth2-vitb14,10,sf_shift,74.83,68.77,75.92
statues,UniDepth2-vitb14,10,sf_shift_ro,64.14,68.77,63.09
statues,UniDepth2-vitb14,100,calib,85.29,68.77,83.04
statues,UniDepth2-vitb14,100,calib_ro,67.26,68.77,47.59
statues,UniDepth2-vitb14,100,calib_shift,88.96,68.77,84.37
statues,UniDepth2-vitb14,100,calib_shift_ro,73.87,68.77,54.38
statues,UniDepth2-vitb14,100,mdecalib,38.04,68.77,61.96
statues,UniDepth2-vitb14,100,mdecalib_ro,34.55,68.77,43.73
statues,UniDepth2-vitb14,100,mdecalib_shift,38.89,68.77,63.93
statues,UniDepth2-vitb14,100,mdecalib_shift_ro,36.2,68.77,50.03
statues,UniDepth2-vitb14,100,sf,78.0,68.77,82.64
statues,UniDepth2-vitb14,100,sf_ro,65.85,68.77,62.56
statues,UniDepth2-vitb14,100,sf_shift,79.37,68.77,83.5
statues,UniDepth2-vitb14,100,sf_shift_ro,67.5,68.77,66.72
statues,UniDepth2-vitb14,500,calib,86.16,68.77,84.27
statues,UniDepth2-vitb14,500,calib_ro,67.56,68.77,47.64
statues,UniDepth2-vitb14,500,calib_shift,89.53,68.77,84.94
statues,UniDepth2-vitb14,500,calib_shift_ro,74.33,68.77,54.48
statues,UniDepth2-vitb14,500,mdecalib,38.37,68.77,63.82
statues,UniDepth2-vitb14,500,mdecalib_ro,34.93,68.77,43.77
statues,UniDepth2-vitb14,500,mdecalib_shift,39.4,68.77,65.09
statues,UniDepth2-vitb14,500,mdecalib_shift_ro,36.49,68.77,50.22
statues,UniDepth2-vitb14,500,sf,79.14,68.77,83.89
statues,UniDepth2-vitb14,500,sf_ro,66.32,68.77,62.85
statues,UniDepth2-vitb14,500,sf_shift,80.29,68.77,84.69
statues,UniDepth2-vitb14,500,sf_shift_ro,68.45,68.77,67.16
statues,UniDepth2-vitb14,1000,calib,86.37,68.77,84.56
statues,UniDepth2-vitb14,1000,calib_ro,67.6,68.77,47.61
statues,UniDepth2-vitb14,1000,calib_shift,89.71,68.77,85.03
statues,UniDepth2-vitb14,1000,calib_shift_ro,74.46,68.77,54.49
statues,UniDepth2-vitb14,1000,mdecalib,38.67,68.77,64.39
statues,UniDepth2-vitb14,1000,mdecalib_ro,34.93,68.77,43.75
statues,UniDepth2-vitb14,1000,mdecalib_shift,39.36,68.77,65.4
statues,UniDepth2-vitb14,1000,mdecalib_shift_ro,36.6,68.77,50.24
statues,UniDepth2-vitb14,1000,sf,79.31,68.77,84.13
statues,UniDepth2-vitb14,1000,sf_ro,66.36,68.77,62.9
statues,UniDepth2-vitb14,1000,sf_shift,80.72,68.77,85.03
statues,UniDepth2-vitb14,1000,sf_shift_ro,68.69,68.77,67.26
statues,UniDepth2-vitl14,10,calib,83.85,92.72,79.9
statues,UniDepth2-vitl14,10,calib_ro,70.07,92.72,50.82
statues,UniDepth2-vitl14,10,calib_shift,87.35,92.72,81.87
statues,UniDepth2-vitl14,10,calib_shift_ro,77.35,92.72,57.98
statues,UniDepth2-vitl14,10,mdecalib,35.96,92.72,54.12
statues,UniDepth2-vitl14,10,mdecalib_ro,34.62,92.72,45.3
statues,UniDepth2-vitl14,10,mdecalib_shift,37.4,92.72,58.06
statues,UniDepth2-vitl14,10,mdecalib_shift_ro,38.34,92.72,51.54
statues,UniDepth2-vitl14,10,sf,78.52,92.72,79.97
statues,UniDepth2-vitl14,10,sf_ro,68.22,92.72,65.84
statues,UniDepth2-vitl14,10,sf_shift,78.01,92.72,78.08
statues,UniDepth2-vitl14,10,sf_shift_ro,69.73,92.72,68.3
statues,UniDepth2-vitl14,100,calib,86.48,92.72,83.36
statues,UniDepth2-vitl14,100,calib_ro,71.54,92.72,51.64
statues,UniDepth2-vitl14,100,calib_shift,89.78,92.72,84.56
statues,UniDepth2-vitl14,100,calib_shift_ro,78.67,92.72,59.64
statues,UniDepth2-vitl14,100,mdecalib,36.39,92.72,60.3
statues,UniDepth2-vitl14,100,mdecalib_ro,35.02,92.72,46.38
statues,UniDepth2-vitl14,100,mdecalib_shift,37.32,92.72,63.09
statues,UniDepth2-vitl14,100,mdecalib_shift_ro,39.2,92.72,53.37
statues,UniDepth2-vitl14,100,sf,80.31,92.72,83.19
statues,UniDepth2-vitl14,100,sf_ro,69.35,92.72,67.21
statues,UniDepth2-vitl14,100,sf_shift,81.91,92.72,84.16
statues,UniDepth2-vitl14,100,sf_shift_ro,73.08,92.72,71.57
statues,UniDepth2-vitl14,500,calib,87.37,92.72,84.32
statues,UniDepth2-vitl14,500,calib_ro,71.7,92.72,51.62
statues,UniDepth2-vitl14,500,calib_shift,90.5,92.72,84.98
statues,UniDepth2-vitl14,500,calib_shift_ro,78.91,92.72,59.75
statues,UniDepth2-vitl14,500,mdecalib,36.24,92.72,62.52
statues,UniDepth2-vitl14,500,mdecalib_ro,35.18,92.72,46.43
statues,UniDepth2-vitl14,500,mdecalib_shift,37.15,92.72,64.09
statues,UniDepth2-vitl14,500,mdecalib_shift_ro,39.27,92.72,53.5
statues,UniDepth2-vitl14,500,sf,81.36,92.72,84.09
statues,UniDepth2-vitl14,500,sf_ro,69.87,92.72,67.4
statues,UniDepth2-vitl14,500,sf_shift,82.71,92.72,85.01
statues,UniDepth2-vitl14,500,sf_shift_ro,73.58,92.72,71.96
statues,UniDepth2-vitl14,1000,calib,87.45,92.72,84.56
statues,UniDepth2-vitl14,1000,calib_ro,71.77,92.72,51.6
statues,UniDepth2-vitl14,1000,calib_shift,90.62,92.72,85.08
statues,UniDepth2-vitl14,1000,calib_shift_ro,79.11,92.72,59.73
statues,UniDepth2-vitl14,1000,mdecalib,36.18,92.72,63.15
statues,UniDepth2-vitl14,1000,mdecalib_ro,35.24,92.72,46.41
statues,UniDepth2-vitl14,1000,mdecalib_shift,37.05,92.72,64.36
statues,UniDepth2-vitl14,1000,mdecalib_shift_ro,39.34,92.72,53.51
statues,UniDepth2-vitl14,1000,sf,81.56,92.72,84.37
statues,UniDepth2-vitl14,1000,sf_ro,69.95,92.72,67.42
statues,UniDepth2-vitl14,1000,sf_shift,82.97,92.72,85.24
statues,UniDepth2-vitl14,1000,sf_shift_ro,73.73,92.72,72.02
statues,UniDepth2-vits14,10,calib,81.96,55.17,77.35
statues,UniDepth2-vits14,10,calib_ro,60.93,55.17,42.04
statues,UniDepth2-vits14,10,calib_shift,85.02,55.17,79.02
statues,UniDepth2-vits14,10,calib_shift_ro,67.78,55.17,47.72
statues,UniDepth2-vits14,10,mdecalib,25.68,55.17,48.11
statues,UniDepth2-vits14,10,mdecalib_ro,23.4,55.17,37.15
statues,UniDepth2-vits14,10,mdecalib_shift,25.54,55.17,49.77
statues,UniDepth2-vits14,10,mdecalib_shift_ro,23.52,55.17,41.86
statues,UniDepth2-vits14,10,sf,72.41,55.17,75.98
statues,UniDepth2-vits14,10,sf_ro,58.89,55.17,56.36
statues,UniDepth2-vits14,10,sf_shift,71.95,55.17,72.86
statues,UniDepth2-vits14,10,sf_shift_ro,59.18,55.17,57.98
statues,UniDepth2-vits14,100,calib,86.92,55.17,83.23
statues,UniDepth2-vits14,100,calib_ro,63.3,55.17,43.16
statues,UniDepth2-vits14,100,calib_shift,88.85,55.17,84.04
statues,UniDepth2-vits14,100,calib_shift_ro,70.06,55.17,50.2
statues,UniDepth2-vits14,100,mdecalib,26.99,55.17,54.53
statues,UniDepth2-vits14,100,mdecalib_ro,24.62,55.17,38.61
statues,UniDepth2-vits14,100,mdecalib_shift,27.0,55.17,56.25
statues,UniDepth2-vits14,100,mdecalib_shift_ro,24.39,55.17,44.49
statues,UniDepth2-vits14,100,sf,76.79,55.17,82.17
statues,UniDepth2-vits14,100,sf_ro,61.35,55.17,58.49
statues,UniDepth2-vits14,100,sf_shift,78.1,55.17,83.14
statues,UniDepth2-vits14,100,sf_shift_ro,64.07,55.17,62.74
statues,UniDepth2-vits14,500,calib,88.02,55.17,84.39
statues,UniDepth2-vits14,500,calib_ro,63.4,55.17,43.23
statues,UniDepth2-vits14,500,calib_shift,89.91,55.17,84.77
statues,UniDepth2-vits14,500,calib_shift_ro,70.83,55.17,50.37
statues,UniDepth2-vits14,500,mdecalib,27.1,55.17,56.84
statues,UniDepth2-vits14,500,mdecalib_ro,24.78,55.17,38.72
statues,UniDepth2-vits14,500,mdecalib_shift,27.17,55.17,58.07
statues,UniDepth2-vits14,500,mdecalib_shift_ro,24.75,55.17,44.72
statues,UniDepth2-vits14,500,sf,78.25,55.17,83.7
statues,UniDepth2-vits14,500,sf_ro,61.8,55.17,59.0
statues,UniDepth2-vits14,500,sf_shift,79.97,55.17,84.5
statues,UniDepth2-vits14,500,sf_shift_ro,65.21,55.17,63.28
statues,UniDepth2-vits14,1000,calib,88.35,55.17,84.67
statues,UniDepth2-vits14,1000,calib_ro,63.58,55.17,43.21
statues,UniDepth2-vits14,1000,calib_shift,90.18,55.17,85.0
statues,UniDepth2-vits14,1000,calib_shift_ro,70.93,55.17,50.39
statues,UniDepth2-vits14,1000,mdecalib,27.38,55.17,57.49
statues,UniDepth2-vits14,1000,mdecalib_ro,24.85,55.17,38.71
statues,UniDepth2-vits14,1000,mdecalib_shift,27.24,55.17,58.51
statues,UniDepth2-vits14,1000,mdecalib_shift_ro,24.87,55.17,44.73
statues,UniDepth2-vits14,1000,sf,78.68,55.17,84.06
statues,UniDepth2-vits14,1000,sf_ro,61.78,55.17,59.08
statues,UniDepth2-vits14,1000,sf_shift,80.39,55.17,84.82
statues,UniDepth2-vits14,1000,sf_shift_ro,65.43,55.17,63.37
statues,UniDepth2Calib-vitb14,10,calib,81.85,68.92,78.88
statues,UniDepth2Calib-vitb14,10,calib_ro,66.17,68.92,47.19
statues,UniDepth2Calib-vitb14,10,calib_shift,85.6,68.92,80.61
statues,UniDepth2Calib-vitb14,10,calib_shift_ro,71.69,68.92,52.24
statues,UniDepth2Calib-vitb14,100,calib,86.04,68.92,83.19
statues,UniDepth2Calib-vitb14,100,calib_ro,68.44,68.92,48.24
statues,UniDepth2Calib-vitb14,100,calib_shift,88.75,68.92,84.33
statues,UniDepth2Calib-vitb14,100,calib_shift_ro,73.58,68.92,54.34
statues,UniDepth2Calib-vitb14,500,calib,86.97,68.92,84.27
statues,UniDepth2Calib-vitb14,500,calib_ro,68.67,68.92,48.26
statues,UniDepth2Calib-vitb14,500,calib_shift,89.47,68.92,84.91
statues,UniDepth2Calib-vitb14,500,calib_shift_ro,74.04,68.92,54.44
statues,UniDepth2Calib-vitb14,1000,calib,87.18,68.92,84.63
statues,UniDepth2Calib-vitb14,1000,calib_ro,68.76,68.92,48.24
statues,UniDepth2Calib-vitb14,1000,calib_shift,89.62,68.92,85.02
statues,UniDepth2Calib-vitb14,1000,calib_shift_ro,74.19,68.92,54.44
statues,UniDepth2Calib-vitl14,10,calib,84.86,94.46,80.74
statues,UniDepth2Calib-vitl14,10,calib_ro,72.3,94.46,52.04
statues,UniDepth2Calib-vitl14,10,calib_shift,87.3,94.46,81.68
statues,UniDepth2Calib-vitl14,10,calib_shift_ro,77.19,94.46,57.95
statues,UniDepth2Calib-vitl14,100,calib,87.14,94.46,83.56
statues,UniDepth2Calib-vitl14,100,calib_ro,73.68,94.46,52.99
statues,UniDepth2Calib-vitl14,100,calib_shift,89.77,94.46,84.56
statues,UniDepth2Calib-vitl14,100,calib_shift_ro,78.38,94.46,59.56
statues,UniDepth2Calib-vitl14,500,calib,88.08,94.46,84.43
statues,UniDepth2Calib-vitl14,500,calib_ro,74.1,94.46,52.99
statues,UniDepth2Calib-vitl14,500,calib_shift,90.32,94.46,85.01
statues,UniDepth2Calib-vitl14,500,calib_shift_ro,78.67,94.46,59.72
statues,UniDepth2Calib-vitl14,1000,calib,88.18,94.46,84.63
statues,UniDepth2Calib-vitl14,1000,calib_ro,74.1,94.46,52.97
statues,UniDepth2Calib-vitl14,1000,calib_shift,90.49,94.46,85.09
statues,UniDepth2Calib-vitl14,1000,calib_shift_ro,78.76,94.46,59.71
statues,UniDepth2Calib-vits14,10,calib,82.43,56.49,78.08
statues,UniDepth2Calib-vits14,10,calib_ro,62.82,56.49,43.06
statues,UniDepth2Calib-vits14,10,calib_shift,85.38,56.49,79.22
statues,UniDepth2Calib-vits14,10,calib_shift_ro,67.85,56.49,47.84
statues,UniDepth2Calib-vits14,100,calib,87.01,56.49,83.32
statues,UniDepth2Calib-vits14,100,calib_ro,64.87,56.49,44.28
statues,UniDepth2Calib-vits14,100,calib_shift,88.91,56.49,84.11
statues,UniDepth2Calib-vits14,100,calib_shift_ro,69.83,56.49,50.19
statues,UniDepth2Calib-vits14,500,calib,88.16,56.49,84.5
statues,UniDepth2Calib-vits14,500,calib_ro,65.09,56.49,44.34
statues,UniDepth2Calib-vits14,500,calib_shift,89.83,56.49,84.83
statues,UniDepth2Calib-vits14,500,calib_shift_ro,70.62,56.49,50.41
statues,UniDepth2Calib-vits14,1000,calib,88.41,56.49,84.73
statues,UniDepth2Calib-vits14,1000,calib_ro,65.34,56.49,44.3
statues,UniDepth2Calib-vits14,1000,calib_shift,90.02,56.49,84.99
statues,UniDepth2Calib-vits14,1000,calib_shift_ro,70.74,56.49,50.41
statues,UniK3D-vitl,10,calib,83.7,104.98,80.21
statues,UniK3D-vitl,10,calib_ro,72.86,104.98,52.11
statues,UniK3D-vitl,10,calib_shift,87.79,104.98,82.09
statues,UniK3D-vitl,10,calib_shift_ro,79.08,104.98,59.23
statues,UniK3D-vitl,10,mdecalib,0.0,104.98,
statues,UniK3D-vitl,10,mdecalib_ro,0.0,104.98,
statues,UniK3D-vitl,10,mdecalib_shift,0.0,104.98,
statues,UniK3D-vitl,10,mdecalib_shift_ro,0.0,104.98,
statues,UniK3D-vitl,10,sf,77.72,104.98,80.04
statues,UniK3D-vitl,10,sf_ro,70.37,104.98,66.3
statues,UniK3D-vitl,10,sf_shift,79.21,104.98,78.74
statues,UniK3D-vitl,10,sf_shift_ro,72.94,104.98,68.85
statues,UniK3D-vitl,100,calib,86.5,104.98,83.53
statues,UniK3D-vitl,100,calib_ro,74.24,104.98,52.91
statues,UniK3D-vitl,100,calib_shift,90.41,104.98,84.68
statues,UniK3D-vitl,100,calib_shift_ro,80.72,104.98,60.79
statues,UniK3D-vitl,100,mdecalib,0.0,104.98,
statues,UniK3D-vitl,100,mdecalib_ro,0.0,104.98,
statues,UniK3D-vitl,100,mdecalib_shift,0.0,104.98,
statues,UniK3D-vitl,100,mdecalib_shift_ro,0.0,104.98,
statues,UniK3D-vitl,100,sf,80.16,104.98,83.43
statues,UniK3D-vitl,100,sf_ro,71.85,104.98,67.58
statues,UniK3D-vitl,100,sf_shift,82.65,104.98,84.32
statues,UniK3D-vitl,100,sf_shift_ro,75.54,104.98,71.9
statues,UniK3D-vitl,500,calib,87.33,104.98,84.4
statues,UniK3D-vitl,500,calib_ro,74.45,104.98,52.91
statues,UniK3D-vitl,500,calib_shift,90.97,104.98,85.05
statues,UniK3D-vitl,500,calib_shift_ro,81.11,104.98,60.96
statues,UniK3D-vitl,500,mdecalib,0.0,104.98,
statues,UniK3D-vitl,500,mdecalib_ro,0.0,104.98,
statues,UniK3D-vitl,500,mdecalib_shift,0.0,104.98,
statues,UniK3D-vitl,500,mdecalib_shift_ro,0.0,104.98,
statues,UniK3D-vitl,500,sf,80.87,104.98,84.35
statues,UniK3D-vitl,500,sf_ro,72.29,104.98,67.9
statues,UniK3D-vitl,500,sf_shift,83.52,104.98,85.13
statues,UniK3D-vitl,500,sf_shift_ro,76.06,104.98,72.45
statues,UniK3D-vitl,1000,calib,87.59,104.98,84.66
statues,UniK3D-vitl,1000,calib_ro,74.51,104.98,52.9
statues,UniK3D-vitl,1000,calib_shift,91.1,104.98,85.12
statues,UniK3D-vitl,1000,calib_shift_ro,81.24,104.98,60.98
statues,UniK3D-vitl,1000,mdecalib,0.0,104.98,
statues,UniK3D-vitl,1000,mdecalib_ro,0.0,104.98,
statues,UniK3D-vitl,1000,mdecalib_shift,0.0,104.98,
statues,UniK3D-vitl,1000,mdecalib_shift_ro,0.0,104.98,
statues,UniK3D-vitl,1000,sf,81.1,104.98,84.53
statues,UniK3D-vitl,1000,sf_ro,72.46,104.98,68.01
statues,UniK3D-vitl,1000,sf_shift,83.86,104.98,85.34
statues,UniK3D-vitl,1000,sf_shift_ro,76.12,104.98,72.48
statues,UniK3DCalib-vitl,10,calib,85.72,97.4,81.2
statues,UniK3DCalib-vitl,10,calib_ro,75.63,97.4,53.84
statues,UniK3DCalib-vitl,10,calib_shift,87.76,97.4,82.11
statues,UniK3DCalib-vitl,10,calib_shift_ro,78.44,97.4,59.06
statues,UniK3DCalib-vitl,100,calib,88.05,97.4,83.92
statues,UniK3DCalib-vitl,100,calib_ro,76.81,97.4,54.7
statues,UniK3DCalib-vitl,100,calib_shift,90.31,97.4,84.67
statues,UniK3DCalib-vitl,100,calib_shift_ro,80.31,97.4,60.65
statues,UniK3DCalib-vitl,500,calib,88.68,97.4,84.45
statues,UniK3DCalib-vitl,500,calib_ro,76.98,97.4,54.68
statues,UniK3DCalib-vitl,500,calib_shift,90.85,97.4,85.03
statues,UniK3DCalib-vitl,500,calib_shift_ro,80.74,97.4,60.82
statues,UniK3DCalib-vitl,1000,calib,88.93,97.4,84.67
statues,UniK3DCalib-vitl,1000,calib_ro,77.21,97.4,54.65
statues,UniK3DCalib-vitl,1000,calib_shift,91.03,97.4,85.1
statues,UniK3DCalib-vitl,1000,calib_shift_ro,80.84,97.4,60.82
statues,VGGT-VGGT-1B,10,calib,83.04,262.19,78.52
statues,VGGT-VGGT-1B,10,calib_ro,66.36,262.19,46.98
statues,VGGT-VGGT-1B,10,calib_shift,85.17,262.19,79.46
statues,VGGT-VGGT-1B,10,calib_shift_ro,69.66,262.19,50.79
statues,VGGT-VGGT-1B,10,mdecalib,40.44,262.19,59.75
statues,VGGT-VGGT-1B,10,mdecalib_ro,36.65,262.19,45.92
statues,VGGT-VGGT-1B,10,mdecalib_shift,41.61,262.19,60.69
statues,VGGT-VGGT-1B,10,mdecalib_shift_ro,37.33,262.19,48.68
statues,VGGT-VGGT-1B,10,sf,75.05,262.19,76.55
statues,VGGT-VGGT-1B,10,sf_ro,63.29,262.19,60.35
statues,VGGT-VGGT-1B,10,sf_shift,72.6,262.19,71.9
statues,VGGT-VGGT-1B,10,sf_shift_ro,61.86,262.19,60.99
statues,VGGT-VGGT-1B,100,calib,86.64,262.19,83.05
statues,VGGT-VGGT-1B,100,calib_ro,67.68,262.19,47.9
statues,VGGT-VGGT-1B,100,calib_shift,89.8,262.19,84.08
statues,VGGT-VGGT-1B,100,calib_shift_ro,71.76,262.19,53.18
statues,VGGT-VGGT-1B,100,mdecalib,42.9,262.19,64.87
statues,VGGT-VGGT-1B,100,mdecalib_ro,37.79,262.19,46.98
statues,VGGT-VGGT-1B,100,mdecalib_shift,44.02,262.19,66.37
statues,VGGT-VGGT-1B,100,mdecalib_shift_ro,38.85,262.19,51.08
statues,VGGT-VGGT-1B,100,sf,79.05,262.19,82.68
statues,VGGT-VGGT-1B,100,sf_ro,64.83,262.19,62.32
statues,VGGT-VGGT-1B,100,sf_shift,79.86,262.19,82.78
statues,VGGT-VGGT-1B,100,sf_shift_ro,65.02,262.19,65.4
statues,VGGT-VGGT-1B,500,calib,87.82,262.19,84.11
statues,VGGT-VGGT-1B,500,calib_ro,68.4,262.19,47.87
statues,VGGT-VGGT-1B,500,calib_shift,90.49,262.19,84.76
statues,VGGT-VGGT-1B,500,calib_shift_ro,72.05,262.19,53.36
statues,VGGT-VGGT-1B,500,mdecalib,43.56,262.19,66.51
statues,VGGT-VGGT-1B,500,mdecalib_ro,38.25,262.19,46.97
statues,VGGT-VGGT-1B,500,mdecalib_shift,44.56,262.19,67.51
statues,VGGT-VGGT-1B,500,mdecalib_shift_ro,39.12,262.19,51.34
statues,VGGT-VGGT-1B,500,sf,80.21,262.19,83.98
statues,VGGT-VGGT-1B,500,sf_ro,65.47,262.19,62.76
statues,VGGT-VGGT-1B,500,sf_shift,81.1,262.19,84.3
statues,VGGT-VGGT-1B,500,sf_shift_ro,65.54,262.19,65.85
statues,VGGT-VGGT-1B,1000,calib,88.2,262.19,84.44
statues,VGGT-VGGT-1B,1000,calib_ro,68.58,262.19,47.85
statues,VGGT-VGGT-1B,1000,calib_shift,90.7,262.19,84.92
statues,VGGT-VGGT-1B,1000,calib_shift_ro,72.07,262.19,53.39
statues,VGGT-VGGT-1B,1000,mdecalib,43.85,262.19,66.89
statues,VGGT-VGGT-1B,1000,mdecalib_ro,38.32,262.19,46.96
statues,VGGT-VGGT-1B,1000,mdecalib_shift,44.72,262.19,67.82
statues,VGGT-VGGT-1B,1000,mdecalib_shift_ro,39.15,262.19,51.34
statues,VGGT-VGGT-1B,1000,sf,80.36,262.19,84.39
statues,VGGT-VGGT-1B,1000,sf_ro,65.51,262.19,62.85
statues,VGGT-VGGT-1B,1000,sf_shift,81.47,262.19,84.59
statues,VGGT-VGGT-1B,1000,sf_shift_ro,65.83,262.19,65.99
statues,gt,10,calib,95.52,0.0,85.15
statues,gt,10,calib_ro,98.76,0.0,99.99
statues,gt,10,calib_shift,95.07,0.0,85.22
statues,gt,10,calib_shift_ro,98.6,0.0,100.0
statues,gt,10,mdecalib,0.0,0.0,
statues,gt,10,mdecalib_ro,0.0,0.0,
statues,gt,10,mdecalib_shift,0.0,0.0,
statues,gt,10,mdecalib_shift_ro,0.0,0.0,
statues,gt,10,sf,94.64,0.0,85.4
statues,gt,10,sf_ro,98.4,0.0,100.0
statues,gt,10,sf_shift,94.2,0.0,85.48
statues,gt,10,sf_shift_ro,98.24,0.0,100.0
statues,gt,100,calib,95.68,0.0,85.17
statues,gt,100,calib_ro,98.76,0.0,99.99
statues,gt,100,calib_shift,95.3,0.0,85.23
statues,gt,100,calib_shift_ro,98.61,0.0,100.0
statues,gt,100,mdecalib,0.0,0.0,
statues,gt,100,mdecalib_ro,0.0,0.0,
statues,gt,100,mdecalib_shift,0.0,0.0,
statues,gt,100,mdecalib_shift_ro,0.0,0.0,
statues,gt,100,sf,94.93,0.0,85.43
statues,gt,100,sf_ro,98.4,0.0,100.0
statues,gt,100,sf_shift,94.48,0.0,85.54
statues,gt,100,sf_shift_ro,98.25,0.0,100.0
statues,gt,500,calib,95.74,0.0,85.19
statues,gt,500,calib_ro,98.77,0.0,99.99
statues,gt,500,calib_shift,95.24,0.0,85.25
statues,gt,500,calib_shift_ro,98.61,0.0,100.0
statues,gt,500,mdecalib,0.0,0.0,
statues,gt,500,mdecalib_ro,0.0,0.0,
statues,gt,500,mdecalib_shift,0.0,0.0,
statues,gt,500,mdecalib_shift_ro,0.0,0.0,
statues,gt,500,sf,94.86,0.0,85.45
statues,gt,500,sf_ro,98.4,0.0,100.0
statues,gt,500,sf_shift,94.5,0.0,85.57
statues,gt,500,sf_shift_ro,98.25,0.0,100.0
statues,gt,1000,calib,95.67,0.0,85.16
statues,gt,1000,calib_ro,98.77,0.0,99.99
statues,gt,1000,calib_shift,95.15,0.0,85.25
statues,gt,1000,calib_shift_ro,98.61,0.0,100.0
statues,gt,1000,mdecalib,0.0,0.0,
statues,gt,1000,mdecalib_ro,0.0,0.0,
statues,gt,1000,mdecalib_shift,0.0,0.0,
statues,gt,1000,mdecalib_shift_ro,0.0,0.0,
statues,gt,1000,sf,94.85,0.0,85.45
statues,gt,1000,sf_ro,98.4,0.0,100.0
statues,gt,1000,sf_shift,94.5,0.0,85.58
statues,gt,1000,sf_shift_ro,98.25,0.0,100.0
statues,none,10,baseline_calib,90.76,0.0,84.41
statues,none,10,baseline_sf,80.95,0.0,84.54
statues,none,100,baseline_calib,92.04,0.0,85.16
statues,none,100,baseline_sf,82.52,0.0,85.68
statues,none,500,baseline_calib,92.29,0.0,85.24
statues,none,500,baseline_sf,82.68,0.0,85.83
statues,none,1000,baseline_calib,92.33,0.0,85.25
statues,none,1000,baseline_sf,82.8,0.0,85.87
vegetation,3DGS,10,calib,90.45,0.0,79.76
vegetation,3DGS,10,calib_ro,86.47,0.0,43.05
vegetation,3DGS,10,calib_shift,82.77,0.0,70.49
vegetation,3DGS,10,calib_shift_ro,78.49,0.0,40.93
vegetation,3DGS,10,mdecalib,0.0,0.0,
vegetation,3DGS,10,mdecalib_ro,0.0,0.0,
vegetation,3DGS,10,mdecalib_shift,0.0,0.0,
vegetation,3DGS,10,mdecalib_shift_ro,0.0,0.0,
vegetation,3DGS,10,sf,79.9,0.0,72.62
vegetation,3DGS,10,sf_ro,77.63,0.0,54.35
vegetation,3DGS,10,sf_shift,64.91,0.0,56.82
vegetation,3DGS,10,sf_shift_ro,61.74,0.0,47.45
vegetation,3DGS,100,calib,92.8,0.0,82.33
vegetation,3DGS,100,calib_ro,88.27,0.0,43.54
vegetation,3DGS,100,calib_shift,91.48,0.0,81.57
vegetation,3DGS,100,calib_shift_ro,84.07,0.0,44.81
vegetation,3DGS,100,mdecalib,0.0,0.0,
vegetation,3DGS,100,mdecalib_ro,0.0,0.0,
vegetation,3DGS,100,mdecalib_shift,0.0,0.0,
vegetation,3DGS,100,mdecalib_shift_ro,0.0,0.0,
vegetation,3DGS,100,sf,86.97,0.0,81.98
vegetation,3DGS,100,sf_ro,81.38,0.0,56.57
vegetation,3DGS,100,sf_shift,83.5,0.0,79.1
vegetation,3DGS,100,sf_shift_ro,75.32,0.0,56.66
vegetation,3DGS,500,calib,93.01,0.0,82.61
vegetation,3DGS,500,calib_ro,88.46,0.0,43.54
vegetation,3DGS,500,calib_shift,92.18,0.0,82.44
vegetation,3DGS,500,calib_shift_ro,84.82,0.0,45.12
vegetation,3DGS,500,mdecalib,0.0,0.0,
vegetation,3DGS,500,mdecalib_ro,0.0,0.0,
vegetation,3DGS,500,mdecalib_shift,0.0,0.0,
vegetation,3DGS,500,mdecalib_shift_ro,0.0,0.0,
vegetation,3DGS,500,sf,88.04,0.0,82.96
vegetation,3DGS,500,sf_ro,81.76,0.0,56.71
vegetation,3DGS,500,sf_shift,85.35,0.0,81.99
vegetation,3DGS,500,sf_shift_ro,76.96,0.0,57.61
vegetation,3DGS,1000,calib,93.06,0.0,82.65
vegetation,3DGS,1000,calib_ro,88.54,0.0,43.54
vegetation,3DGS,1000,calib_shift,92.35,0.0,82.62
vegetation,3DGS,1000,calib_shift_ro,85.15,0.0,45.17
vegetation,3DGS,1000,mdecalib,0.0,0.0,
vegetation,3DGS,1000,mdecalib_ro,0.0,0.0,
vegetation,3DGS,1000,mdecalib_shift,0.0,0.0,
vegetation,3DGS,1000,mdecalib_shift_ro,0.0,0.0,
vegetation,3DGS,1000,sf,88.25,0.0,83.08
vegetation,3DGS,1000,sf_ro,81.86,0.0,56.72
vegetation,3DGS,1000,sf_shift,86.01,0.0,82.6
vegetation,3DGS,1000,sf_shift_ro,77.2,0.0,57.79
vegetation,DepthAnythingV2-vitb,10,calib,74.27,98.23,69.1
vegetation,DepthAnythingV2-vitb,10,calib_ro,51.73,98.23,35.52
vegetation,DepthAnythingV2-vitb,10,calib_shift,79.93,98.23,67.63
vegetation,DepthAnythingV2-vitb,10,calib_shift_ro,64.09,98.23,41.28
vegetation,DepthAnythingV2-vitb,10,mdecalib,0.0,98.23,
vegetation,DepthAnythingV2-vitb,10,mdecalib_ro,0.0,98.23,
vegetation,DepthAnythingV2-vitb,10,mdecalib_shift,0.0,98.23,
vegetation,DepthAnythingV2-vitb,10,mdecalib_shift_ro,0.0,98.23,
vegetation,DepthAnythingV2-vitb,10,sf,58.98,98.23,59.96
vegetation,DepthAnythingV2-vitb,10,sf_ro,44.84,98.23,48.0
vegetation,DepthAnythingV2-vitb,10,sf_shift,61.28,98.23,54.78
vegetation,DepthAnythingV2-vitb,10,sf_shift_ro,48.89,98.23,48.08
vegetation,DepthAnythingV2-vitb,100,calib,81.76,98.23,76.51
vegetation,DepthAnythingV2-vitb,100,calib_ro,53.77,98.23,36.56
vegetation,DepthAnythingV2-vitb,100,calib_shift,88.64,98.23,78.17
vegetation,DepthAnythingV2-vitb,100,calib_shift_ro,69.13,98.23,44.81
vegetation,DepthAnythingV2-vitb,100,mdecalib,0.0,98.23,
vegetation,DepthAnythingV2-vitb,100,mdecalib_ro,0.0,98.23,
vegetation,DepthAnythingV2-vitb,100,mdecalib_shift,0.0,98.23,
vegetation,DepthAnythingV2-vitb,100,mdecalib_shift_ro,0.0,98.23,
vegetation,DepthAnythingV2-vitb,100,sf,69.8,98.23,73.87
vegetation,DepthAnythingV2-vitb,100,sf_ro,46.77,98.23,51.4
vegetation,DepthAnythingV2-vitb,100,sf_shift,77.81,98.23,75.11
vegetation,DepthAnythingV2-vitb,100,sf_shift_ro,55.89,98.23,56.08
vegetation,DepthAnythingV2-vitb,500,calib,83.67,98.23,78.41
vegetation,DepthAnythingV2-vitb,500,calib_ro,54.38,98.23,36.65
vegetation,DepthAnythingV2-vitb,500,calib_shift,89.47,98.23,79.46
vegetation,DepthAnythingV2-vitb,500,calib_shift_ro,70.06,98.23,45.25
vegetation,DepthAnythingV2-vitb,500,mdecalib,0.0,98.23,
vegetation,DepthAnythingV2-vitb,500,mdecalib_ro,0.0,98.23,
vegetation,DepthAnythingV2-vitb,500,mdecalib_shift,0.0,98.23,
vegetation,DepthAnythingV2-vitb,500,mdecalib_shift_ro,0.0,98.23,
vegetation,DepthAnythingV2-vitb,500,sf,73.0,98.23,77.22
vegetation,DepthAnythingV2-vitb,500,sf_ro,47.18,98.23,51.84
vegetation,DepthAnythingV2-vitb,500,sf_shift,80.78,98.23,78.62
vegetation,DepthAnythingV2-vitb,500,sf_shift_ro,57.57,98.23,57.08
vegetation,DepthAnythingV2-vitb,1000,calib,84.34,98.23,79.01
vegetation,DepthAnythingV2-vitb,1000,calib_ro,54.4,98.23,36.65
vegetation,DepthAnythingV2-vitb,1000,calib_shift,89.67,98.23,79.66
vegetation,DepthAnythingV2-vitb,1000,calib_shift_ro,70.3,98.23,45.31
vegetation,DepthAnythingV2-vitb,1000,mdecalib,0.0,98.23,
vegetation,DepthAnythingV2-vitb,1000,mdecalib_ro,0.0,98.23,
vegetation,DepthAnythingV2-vitb,1000,mdecalib_shift,0.0,98.23,
vegetation,DepthAnythingV2-vitb,1000,mdecalib_shift_ro,0.0,98.23,
vegetation,DepthAnythingV2-vitb,1000,sf,73.56,98.23,78.01
vegetation,DepthAnythingV2-vitb,1000,sf_ro,47.18,98.23,51.94
vegetation,DepthAnythingV2-vitb,1000,sf_shift,81.37,98.23,79.22
vegetation,DepthAnythingV2-vitb,1000,sf_shift_ro,58.22,98.23,57.26
vegetation,DepthAnythingV2-vitl,10,calib,49.74,174.38,25.48
vegetation,DepthAnythingV2-vitl,10,calib_ro,54.12,174.38,36.2
vegetation,DepthAnythingV2-vitl,10,calib_shift,69.02,174.38,40.81
vegetation,DepthAnythingV2-vitl,10,calib_shift_ro,65.47,174.38,40.92
vegetation,DepthAnythingV2-vitl,10,mdecalib,0.0,174.38,
vegetation,DepthAnythingV2-vitl,10,mdecalib_ro,0.0,174.38,
vegetation,DepthAnythingV2-vitl,10,mdecalib_shift,0.0,174.38,
vegetation,DepthAnythingV2-vitl,10,mdecalib_shift_ro,0.0,174.38,
vegetation,DepthAnythingV2-vitl,10,sf,61.92,174.38,61.56
vegetation,DepthAnythingV2-vitl,10,sf_ro,46.16,174.38,48.38
vegetation,DepthAnythingV2-vitl,10,sf_shift,61.36,174.38,55.31
vegetation,DepthAnythingV2-vitl,10,sf_shift_ro,48.86,174.38,48.0
vegetation,DepthAnythingV2-vitl,100,calib,54.08,174.38,30.07
vegetation,DepthAnythingV2-vitl,100,calib_ro,55.34,174.38,37.19
vegetation,DepthAnythingV2-vitl,100,calib_shift,83.47,174.38,58.86
vegetation,DepthAnythingV2-vitl,100,calib_shift_ro,69.9,174.38,44.59
vegetation,DepthAnythingV2-vitl,100,mdecalib,0.0,174.38,
vegetation,DepthAnythingV2-vitl,100,mdecalib_ro,0.0,174.38,
vegetation,DepthAnythingV2-vitl,100,mdecalib_shift,0.0,174.38,
vegetation,DepthAnythingV2-vitl,100,mdecalib_shift_ro,0.0,174.38,
vegetation,DepthAnythingV2-vitl,100,sf,72.03,174.38,74.44
vegetation,DepthAnythingV2-vitl,100,sf_ro,48.72,174.38,51.3
vegetation,DepthAnythingV2-vitl,100,sf_shift,78.66,174.38,75.61
vegetation,DepthAnythingV2-vitl,100,sf_shift_ro,57.33,174.38,56.07
vegetation,DepthAnythingV2-vitl,500,calib,56.59,174.38,33.13
vegetation,DepthAnythingV2-vitl,500,calib_ro,55.67,174.38,37.25
vegetation,DepthAnythingV2-vitl,500,calib_shift,87.71,174.38,67.4
vegetation,DepthAnythingV2-vitl,500,calib_shift_ro,70.91,174.38,45.02
vegetation,DepthAnythingV2-vitl,500,mdecalib,0.0,174.38,
vegetation,DepthAnythingV2-vitl,500,mdecalib_ro,0.0,174.38,
vegetation,DepthAnythingV2-vitl,500,mdecalib_shift,0.0,174.38,
vegetation,DepthAnythingV2-vitl,500,mdecalib_shift_ro,0.0,174.38,
vegetation,DepthAnythingV2-vitl,500,sf,74.32,174.38,77.53
vegetation,DepthAnythingV2-vitl,500,sf_ro,48.92,174.38,51.67
vegetation,DepthAnythingV2-vitl,500,sf_shift,81.54,174.38,78.8
vegetation,DepthAnythingV2-vitl,500,sf_shift_ro,58.73,174.38,57.06
vegetation,DepthAnythingV2-vitl,1000,calib,57.9,174.38,34.88
vegetation,DepthAnythingV2-vitl,1000,calib_ro,55.81,174.38,37.27
vegetation,DepthAnythingV2-vitl,1000,calib_shift,88.63,174.38,70.09
vegetation,DepthAnythingV2-vitl,1000,calib_shift_ro,70.84,174.38,45.09
vegetation,DepthAnythingV2-vitl,1000,mdecalib,0.0,174.38,
vegetation,DepthAnythingV2-vitl,1000,mdecalib_ro,0.0,174.38,
vegetation,DepthAnythingV2-vitl,1000,mdecalib_shift,0.0,174.38,
vegetation,DepthAnythingV2-vitl,1000,mdecalib_shift_ro,0.0,174.38,
vegetation,DepthAnythingV2-vitl,1000,sf,75.45,174.38,78.34
vegetation,DepthAnythingV2-vitl,1000,sf_ro,49.03,174.38,51.75
vegetation,DepthAnythingV2-vitl,1000,sf_shift,82.19,174.38,79.49
vegetation,DepthAnythingV2-vitl,1000,sf_shift_ro,59.1,174.38,57.28
vegetation,DepthAnythingV2-vits,10,calib,75.17,63.05,69.34
vegetation,DepthAnythingV2-vits,10,calib_ro,52.64,63.05,35.13
vegetation,DepthAnythingV2-vits,10,calib_shift,77.79,63.05,66.73
vegetation,DepthAnythingV2-vits,10,calib_shift_ro,60.34,63.05,39.36
vegetation,DepthAnythingV2-vits,10,mdecalib,0.0,63.05,
vegetation,DepthAnythingV2-vits,10,mdecalib_ro,0.0,63.05,
vegetation,DepthAnythingV2-vits,10,mdecalib_shift,0.0,63.05,
vegetation,DepthAnythingV2-vits,10,mdecalib_shift_ro,0.0,63.05,
vegetation,DepthAnythingV2-vits,10,sf,59.0,63.05,59.35
vegetation,DepthAnythingV2-vits,10,sf_ro,43.57,63.05,46.46
vegetation,DepthAnythingV2-vits,10,sf_shift,57.62,63.05,51.74
vegetation,DepthAnythingV2-vits,10,sf_shift_ro,45.72,63.05,46.2
vegetation,DepthAnythingV2-vits,100,calib,82.41,63.05,76.71
vegetation,DepthAnythingV2-vits,100,calib_ro,54.44,63.05,36.21
vegetation,DepthAnythingV2-vits,100,calib_shift,87.64,63.05,78.01
vegetation,DepthAnythingV2-vits,100,calib_shift_ro,66.02,63.05,43.77
vegetation,DepthAnythingV2-vits,100,mdecalib,0.0,63.05,
vegetation,DepthAnythingV2-vits,100,mdecalib_ro,0.0,63.05,
vegetation,DepthAnythingV2-vits,100,mdecalib_shift,0.0,63.05,
vegetation,DepthAnythingV2-vits,100,mdecalib_shift_ro,0.0,63.05,
vegetation,DepthAnythingV2-vits,100,sf,70.26,63.05,73.62
vegetation,DepthAnythingV2-vits,100,sf_ro,46.84,63.05,50.02
vegetation,DepthAnythingV2-vits,100,sf_shift,76.9,63.05,74.07
vegetation,DepthAnythingV2-vits,100,sf_shift_ro,53.77,63.05,54.39
vegetation,DepthAnythingV2-vits,500,calib,84.31,63.05,78.64
vegetation,DepthAnythingV2-vits,500,calib_ro,55.01,63.05,36.31
vegetation,DepthAnythingV2-vits,500,calib_shift,89.17,63.05,79.39
vegetation,DepthAnythingV2-vits,500,calib_shift_ro,66.96,63.05,44.26
vegetation,DepthAnythingV2-vits,500,mdecalib,0.0,63.05,
vegetation,DepthAnythingV2-vits,500,mdecalib_ro,0.0,63.05,
vegetation,DepthAnythingV2-vits,500,mdecalib_shift,0.0,63.05,
vegetation,DepthAnythingV2-vits,500,mdecalib_shift_ro,0.0,63.05,
vegetation,DepthAnythingV2-vits,500,sf,73.52,63.05,77.34
vegetation,DepthAnythingV2-vits,500,sf_ro,47.54,63.05,50.53
vegetation,DepthAnythingV2-vits,500,sf_shift,80.18,63.05,78.36
vegetation,DepthAnythingV2-vits,500,sf_shift_ro,55.66,63.05,55.63
vegetation,DepthAnythingV2-vits,1000,calib,84.74,63.05,79.06
vegetation,DepthAnythingV2-vits,1000,calib_ro,55.2,63.05,36.29
vegetation,DepthAnythingV2-vits,1000,calib_shift,89.4,63.05,79.63
vegetation,DepthAnythingV2-vits,1000,calib_shift_ro,67.4,63.05,44.32
vegetation,DepthAnythingV2-vits,1000,mdecalib,0.0,63.05,
vegetation,DepthAnythingV2-vits,1000,mdecalib_ro,0.0,63.05,
vegetation,DepthAnythingV2-vits,1000,mdecalib_shift,0.0,63.05,
vegetation,DepthAnythingV2-vits,1000,mdecalib_shift_ro,0.0,63.05,
vegetation,DepthAnythingV2-vits,1000,sf,74.26,63.05,78.16
vegetation,DepthAnythingV2-vits,1000,sf_ro,47.58,63.05,50.67
vegetation,DepthAnythingV2-vits,1000,sf_shift,81.08,63.05,79.13
vegetation,DepthAnythingV2-vits,1000,sf_shift_ro,56.23,63.05,55.87
vegetation,DepthAnythingV3-DA3METRIC-LARGE,10,calib,82.47,69.91,71.83
vegetation,DepthAnythingV3-DA3METRIC-LARGE,10,calib_ro,62.52,69.91,40.59
vegetation,DepthAnythingV3-DA3METRIC-LARGE,10,calib_shift,78.3,69.91,65.8
vegetation,DepthAnythingV3-DA3METRIC-LARGE,10,calib_shift_ro,62.47,69.91,43.58
vegetation,DepthAnythingV3-DA3METRIC-LARGE,10,mdecalib,0.0,69.91,
vegetation,DepthAnythingV3-DA3METRIC-LARGE,10,mdecalib_ro,0.0,69.91,
vegetation,DepthAnythingV3-DA3METRIC-LARGE,10,mdecalib_shift,0.0,69.91,
vegetation,DepthAnythingV3-DA3METRIC-LARGE,10,mdecalib_shift_ro,0.0,69.91,
vegetation,DepthAnythingV3-DA3METRIC-LARGE,10,sf,70.78,69.91,65.33
vegetation,DepthAnythingV3-DA3METRIC-LARGE,10,sf_ro,54.14,69.91,51.36
vegetation,DepthAnythingV3-DA3METRIC-LARGE,10,sf_shift,60.05,69.91,53.43
vegetation,DepthAnythingV3-DA3METRIC-LARGE,10,sf_shift_ro,48.69,69.91,49.93
vegetation,DepthAnythingV3-DA3METRIC-LARGE,100,calib,87.49,69.91,77.55
vegetation,DepthAnythingV3-DA3METRIC-LARGE,100,calib_ro,64.36,69.91,41.61
vegetation,DepthAnythingV3-DA3METRIC-LARGE,100,calib_shift,87.21,69.91,77.3
vegetation,DepthAnythingV3-DA3METRIC-LARGE,100,calib_shift_ro,67.93,69.91,47.46
vegetation,DepthAnythingV3-DA3METRIC-LARGE,100,mdecalib,0.0,69.91,
vegetation,DepthAnythingV3-DA3METRIC-LARGE,100,mdecalib_ro,0.0,69.91,
vegetation,DepthAnythingV3-DA3METRIC-LARGE,100,mdecalib_shift,0.0,69.91,
vegetation,DepthAnythingV3-DA3METRIC-LARGE,100,mdecalib_shift_ro,0.0,69.91,
vegetation,DepthAnythingV3-DA3METRIC-LARGE,100,sf,79.04,69.91,75.96
vegetation,DepthAnythingV3-DA3METRIC-LARGE,100,sf_ro,57.74,69.91,53.93
vegetation,DepthAnythingV3-DA3METRIC-LARGE,100,sf_shift,76.6,69.91,74.14
vegetation,DepthAnythingV3-DA3METRIC-LARGE,100,sf_shift_ro,56.83,69.91,57.63
vegetation,DepthAnythingV3-DA3METRIC-LARGE,500,calib,88.56,69.91,78.6
vegetation,DepthAnythingV3-DA3METRIC-LARGE,500,calib_ro,65.03,69.91,41.64
vegetation,DepthAnythingV3-DA3METRIC-LARGE,500,calib_shift,88.6,69.91,78.68
vegetation,DepthAnythingV3-DA3METRIC-LARGE,500,calib_shift_ro,69.26,69.91,47.85
vegetation,DepthAnythingV3-DA3METRIC-LARGE,500,mdecalib,0.0,69.91,
vegetation,DepthAnythingV3-DA3METRIC-LARGE,500,mdecalib_ro,0.0,69.91,
vegetation,DepthAnythingV3-DA3METRIC-LARGE,500,mdecalib_shift,0.0,69.91,
vegetation,DepthAnythingV3-DA3METRIC-LARGE,500,mdecalib_shift_ro,0.0,69.91,
vegetation,DepthAnythingV3-DA3METRIC-LARGE,500,sf,80.73,69.91,78.11
vegetation,DepthAnythingV3-DA3METRIC-LARGE,500,sf_ro,58.36,69.91,54.23
vegetation,DepthAnythingV3-DA3METRIC-LARGE,500,sf_shift,79.6,69.91,77.78
vegetation,DepthAnythingV3-DA3METRIC-LARGE,500,sf_shift_ro,58.49,69.91,58.38
vegetation,DepthAnythingV3-DA3METRIC-LARGE,1000,calib,88.91,69.91,78.89
vegetation,DepthAnythingV3-DA3METRIC-LARGE,1000,calib_ro,65.1,69.91,41.61
vegetation,DepthAnythingV3-DA3METRIC-LARGE,1000,calib_shift,89.14,69.91,78.93
vegetation,DepthAnythingV3-DA3METRIC-LARGE,1000,calib_shift_ro,69.25,69.91,47.9
vegetation,DepthAnythingV3-DA3METRIC-LARGE,1000,mdecalib,0.0,69.91,
vegetation,DepthAnythingV3-DA3METRIC-LARGE,1000,mdecalib_ro,0.0,69.91,
vegetation,DepthAnythingV3-DA3METRIC-LARGE,1000,mdecalib_shift,0.0,69.91,
vegetation,DepthAnythingV3-DA3METRIC-LARGE,1000,mdecalib_shift_ro,0.0,69.91,
vegetation,DepthAnythingV3-DA3METRIC-LARGE,1000,sf,81.62,69.91,78.72
vegetation,DepthAnythingV3-DA3METRIC-LARGE,1000,sf_ro,58.34,69.91,54.26
vegetation,DepthAnythingV3-DA3METRIC-LARGE,1000,sf_shift,80.26,69.91,78.5
vegetation,DepthAnythingV3-DA3METRIC-LARGE,1000,sf_shift_ro,58.85,69.91,58.49
vegetation,DepthAnythingV3-DA3MONO-LARGE,10,calib,79.42,66.53,70.56
vegetation,DepthAnythingV3-DA3MONO-LARGE,10,calib_ro,52.28,66.53,33.56
vegetation,DepthAnythingV3-DA3MONO-LARGE,10,calib_shift,79.09,66.53,67.88
vegetation,DepthAnythingV3-DA3MONO-LARGE,10,calib_shift_ro,64.53,66.53,44.21
vegetation,DepthAnythingV3-DA3MONO-LARGE,10,mdecalib,0.0,66.53,
vegetation,DepthAnythingV3-DA3MONO-LARGE,10,mdecalib_ro,0.0,66.53,
vegetation,DepthAnythingV3-DA3MONO-LARGE,10,mdecalib_shift,0.0,66.53,
vegetation,DepthAnythingV3-DA3MONO-LARGE,10,mdecalib_shift_ro,0.0,66.53,
vegetation,DepthAnythingV3-DA3MONO-LARGE,10,sf,63.01,66.53,61.65
vegetation,DepthAnythingV3-DA3MONO-LARGE,10,sf_ro,43.6,66.53,45.5
vegetation,DepthAnythingV3-DA3MONO-LARGE,10,sf_shift,61.08,66.53,55.6
vegetation,DepthAnythingV3-DA3MONO-LARGE,10,sf_shift_ro,50.48,66.53,51.23
vegetation,DepthAnythingV3-DA3MONO-LARGE,100,calib,85.87,66.53,77.34
vegetation,DepthAnythingV3-DA3MONO-LARGE,100,calib_ro,55.6,66.53,34.58
vegetation,DepthAnythingV3-DA3MONO-LARGE,100,calib_shift,87.06,66.53,77.36
vegetation,DepthAnythingV3-DA3MONO-LARGE,100,calib_shift_ro,69.27,66.53,47.21
vegetation,DepthAnythingV3-DA3MONO-LARGE,100,mdecalib,0.0,66.53,
vegetation,DepthAnythingV3-DA3MONO-LARGE,100,mdecalib_ro,0.0,66.53,
vegetation,DepthAnythingV3-DA3MONO-LARGE,100,mdecalib_shift,0.0,66.53,
vegetation,DepthAnythingV3-DA3MONO-LARGE,100,mdecalib_shift_ro,0.0,66.53,
vegetation,DepthAnythingV3-DA3MONO-LARGE,100,sf,73.37,66.53,75.26
vegetation,DepthAnythingV3-DA3MONO-LARGE,100,sf_ro,45.59,66.53,48.26
vegetation,DepthAnythingV3-DA3MONO-LARGE,100,sf_shift,77.54,66.53,74.69
vegetation,DepthAnythingV3-DA3MONO-LARGE,100,sf_shift_ro,57.49,66.53,58.26
vegetation,DepthAnythingV3-DA3MONO-LARGE,500,calib,87.51,66.53,78.7
vegetation,DepthAnythingV3-DA3MONO-LARGE,500,calib_ro,56.35,66.53,34.62
vegetation,DepthAnythingV3-DA3MONO-LARGE,500,calib_shift,88.67,66.53,78.65
vegetation,DepthAnythingV3-DA3MONO-LARGE,500,calib_shift_ro,70.08,66.53,47.59
vegetation,DepthAnythingV3-DA3MONO-LARGE,500,mdecalib,0.0,66.53,
vegetation,DepthAnythingV3-DA3MONO-LARGE,500,mdecalib_ro,0.0,66.53,
vegetation,DepthAnythingV3-DA3MONO-LARGE,500,mdecalib_shift,0.0,66.53,
vegetation,DepthAnythingV3-DA3MONO-LARGE,500,mdecalib_shift_ro,0.0,66.53,
vegetation,DepthAnythingV3-DA3MONO-LARGE,500,sf,75.88,66.53,77.87
vegetation,DepthAnythingV3-DA3MONO-LARGE,500,sf_ro,45.92,66.53,48.64
vegetation,DepthAnythingV3-DA3MONO-LARGE,500,sf_shift,79.96,66.53,77.81
vegetation,DepthAnythingV3-DA3MONO-LARGE,500,sf_shift_ro,59.14,66.53,59.0
vegetation,DepthAnythingV3-DA3MONO-LARGE,1000,calib,87.82,66.53,78.94
vegetation,DepthAnythingV3-DA3MONO-LARGE,1000,calib_ro,56.43,66.53,34.61
vegetation,DepthAnythingV3-DA3MONO-LARGE,1000,calib_shift,89.08,66.53,78.91
vegetation,DepthAnythingV3-DA3MONO-LARGE,1000,calib_shift_ro,70.34,66.53,47.65
vegetation,DepthAnythingV3-DA3MONO-LARGE,1000,mdecalib,0.0,66.53,
vegetation,DepthAnythingV3-DA3MONO-LARGE,1000,mdecalib_ro,0.0,66.53,
vegetation,DepthAnythingV3-DA3MONO-LARGE,1000,mdecalib_shift,0.0,66.53,
vegetation,DepthAnythingV3-DA3MONO-LARGE,1000,mdecalib_shift_ro,0.0,66.53,
vegetation,DepthAnythingV3-DA3MONO-LARGE,1000,sf,76.5,66.53,78.5
vegetation,DepthAnythingV3-DA3MONO-LARGE,1000,sf_ro,45.88,66.53,48.72
vegetation,DepthAnythingV3-DA3MONO-LARGE,1000,sf_shift,80.57,66.53,78.53
vegetation,DepthAnythingV3-DA3MONO-LARGE,1000,sf_shift_ro,59.24,66.53,59.07
vegetation,DepthAnythingV3Calib-DA3METRIC-LARGE,10,calib,82.49,59.13,71.83
vegetation,DepthAnythingV3Calib-DA3METRIC-LARGE,10,calib_ro,62.51,59.13,40.58
vegetation,DepthAnythingV3Calib-DA3METRIC-LARGE,10,calib_shift,78.29,59.13,65.79
vegetation,DepthAnythingV3Calib-DA3METRIC-LARGE,10,calib_shift_ro,62.44,59.13,43.59
vegetation,DepthAnythingV3Calib-DA3METRIC-LARGE,100,calib,87.49,59.13,77.55
vegetation,DepthAnythingV3Calib-DA3METRIC-LARGE,100,calib_ro,64.36,59.13,41.61
vegetation,DepthAnythingV3Calib-DA3METRIC-LARGE,100,calib_shift,87.21,59.13,77.28
vegetation,DepthAnythingV3Calib-DA3METRIC-LARGE,100,calib_shift_ro,67.92,59.13,47.47
vegetation,DepthAnythingV3Calib-DA3METRIC-LARGE,500,calib,88.56,59.13,78.6
vegetation,DepthAnythingV3Calib-DA3METRIC-LARGE,500,calib_ro,65.03,59.13,41.64
vegetation,DepthAnythingV3Calib-DA3METRIC-LARGE,500,calib_shift,88.61,59.13,78.66
vegetation,DepthAnythingV3Calib-DA3METRIC-LARGE,500,calib_shift_ro,69.28,59.13,47.86
vegetation,DepthAnythingV3Calib-DA3METRIC-LARGE,1000,calib,88.91,59.13,78.89
vegetation,DepthAnythingV3Calib-DA3METRIC-LARGE,1000,calib_ro,65.13,59.13,41.62
vegetation,DepthAnythingV3Calib-DA3METRIC-LARGE,1000,calib_shift,89.13,59.13,78.92
vegetation,DepthAnythingV3Calib-DA3METRIC-LARGE,1000,calib_shift_ro,69.27,59.13,47.9
vegetation,DepthAnythingV3Calib-DA3MONO-LARGE,10,calib,79.42,80.24,70.56
vegetation,DepthAnythingV3Calib-DA3MONO-LARGE,10,calib_ro,52.28,80.24,33.56
vegetation,DepthAnythingV3Calib-DA3MONO-LARGE,10,calib_shift,79.11,80.24,67.85
vegetation,DepthAnythingV3Calib-DA3MONO-LARGE,10,calib_shift_ro,64.52,80.24,44.2
vegetation,DepthAnythingV3Calib-DA3MONO-LARGE,100,calib,85.84,80.24,77.34
vegetation,DepthAnythingV3Calib-DA3MONO-LARGE,100,calib_ro,55.57,80.24,34.59
vegetation,DepthAnythingV3Calib-DA3MONO-LARGE,100,calib_shift,87.06,80.24,77.37
vegetation,DepthAnythingV3Calib-DA3MONO-LARGE,100,calib_shift_ro,69.32,80.24,47.21
vegetation,DepthAnythingV3Calib-DA3MONO-LARGE,500,calib,87.51,80.24,78.7
vegetation,DepthAnythingV3Calib-DA3MONO-LARGE,500,calib_ro,56.33,80.24,34.61
vegetation,DepthAnythingV3Calib-DA3MONO-LARGE,500,calib_shift,88.67,80.24,78.66
vegetation,DepthAnythingV3Calib-DA3MONO-LARGE,500,calib_shift_ro,70.13,80.24,47.6
vegetation,DepthAnythingV3Calib-DA3MONO-LARGE,1000,calib,87.83,80.24,78.94
vegetation,DepthAnythingV3Calib-DA3MONO-LARGE,1000,calib_ro,56.42,80.24,34.61
vegetation,DepthAnythingV3Calib-DA3MONO-LARGE,1000,calib_shift,89.05,80.24,78.91
vegetation,DepthAnythingV3Calib-DA3MONO-LARGE,1000,calib_shift_ro,70.39,80.24,47.66
vegetation,DepthPro-vitl,10,calib,83.65,192.06,72.86
vegetation,DepthPro-vitl,10,calib_ro,64.7,192.06,39.6
vegetation,DepthPro-vitl,10,calib_shift,78.27,192.06,64.55
vegetation,DepthPro-vitl,10,calib_shift_ro,61.26,192.06,40.81
vegetation,DepthPro-vitl,10,mdecalib,40.46,192.06,49.83
vegetation,DepthPro-vitl,10,mdecalib_ro,33.22,192.06,32.7
vegetation,DepthPro-vitl,10,mdecalib_shift,38.76,192.06,46.02
vegetation,DepthPro-vitl,10,mdecalib_shift_ro,33.82,192.06,36.54
vegetation,DepthPro-vitl,10,sf,70.11,192.06,64.09
vegetation,DepthPro-vitl,10,sf_ro,53.54,192.06,50.62
vegetation,DepthPro-vitl,10,sf_shift,57.82,192.06,50.3
vegetation,DepthPro-vitl,10,sf_shift_ro,46.75,192.06,47.45
vegetation,DepthPro-vitl,100,calib,88.28,192.06,77.77
vegetation,DepthPro-vitl,100,calib_ro,66.82,192.06,40.6
vegetation,DepthPro-vitl,100,calib_shift,87.74,192.06,76.88
vegetation,DepthPro-vitl,100,calib_shift_ro,67.77,192.06,44.53
vegetation,DepthPro-vitl,100,mdecalib,43.79,192.06,56.01
vegetation,DepthPro-vitl,100,mdecalib_ro,34.19,192.06,33.81
vegetation,DepthPro-vitl,100,mdecalib_shift,44.47,192.06,56.43
vegetation,DepthPro-vitl,100,mdecalib_shift_ro,37.36,192.06,40.27
vegetation,DepthPro-vitl,100,sf,79.51,192.06,76.08
vegetation,DepthPro-vitl,100,sf_ro,57.43,192.06,53.44
vegetation,DepthPro-vitl,100,sf_shift,76.63,192.06,73.22
vegetation,DepthPro-vitl,100,sf_shift_ro,54.7,192.06,55.55
vegetation,DepthPro-vitl,500,calib,89.5,192.06,78.79
vegetation,DepthPro-vitl,500,calib_ro,67.45,192.06,40.64
vegetation,DepthPro-vitl,500,calib_shift,89.64,192.06,78.61
vegetation,DepthPro-vitl,500,calib_shift_ro,68.65,192.06,44.96
vegetation,DepthPro-vitl,500,mdecalib,44.96,192.06,58.3
vegetation,DepthPro-vitl,500,mdecalib_ro,34.75,192.06,33.87
vegetation,DepthPro-vitl,500,mdecalib_shift,45.78,192.06,58.8
vegetation,DepthPro-vitl,500,mdecalib_shift_ro,37.86,192.06,40.77
vegetation,DepthPro-vitl,500,sf,81.32,192.06,78.27
vegetation,DepthPro-vitl,500,sf_ro,57.81,192.06,53.79
vegetation,DepthPro-vitl,500,sf_shift,79.68,192.06,77.31
vegetation,DepthPro-vitl,500,sf_shift_ro,56.51,192.06,56.67
vegetation,DepthPro-vitl,1000,calib,89.76,192.06,78.98
vegetation,DepthPro-vitl,1000,calib_ro,67.62,192.06,40.62
vegetation,DepthPro-vitl,1000,calib_shift,90.0,192.06,78.89
vegetation,DepthPro-vitl,1000,calib_shift_ro,69.1,192.06,45.01
vegetation,DepthPro-vitl,1000,mdecalib,45.23,192.06,58.93
vegetation,DepthPro-vitl,1000,mdecalib_ro,34.88,192.06,33.87
vegetation,DepthPro-vitl,1000,mdecalib_shift,46.25,192.06,59.44
vegetation,DepthPro-vitl,1000,mdecalib_shift_ro,37.96,192.06,40.89
vegetation,DepthPro-vitl,1000,sf,81.75,192.06,78.68
vegetation,DepthPro-vitl,1000,sf_ro,58.16,192.06,53.86
vegetation,DepthPro-vitl,1000,sf_shift,80.51,192.06,78.08
vegetation,DepthPro-vitl,1000,sf_shift_ro,57.09,192.06,56.84
vegetation,DepthProCalib-vitl,10,calib,83.65,191.76,72.85
vegetation,DepthProCalib-vitl,10,calib_ro,64.7,191.76,39.63
vegetation,DepthProCalib-vitl,10,calib_shift,78.01,191.76,64.3
vegetation,DepthProCalib-vitl,10,calib_shift_ro,61.33,191.76,40.74
vegetation,DepthProCalib-vitl,100,calib,88.28,191.76,77.78
vegetation,DepthProCalib-vitl,100,calib_ro,66.77,191.76,40.61
vegetation,DepthProCalib-vitl,100,calib_shift,87.72,191.76,76.87
vegetation,DepthProCalib-vitl,100,calib_shift_ro,67.72,191.76,44.56
vegetation,DepthProCalib-vitl,500,calib,89.47,191.76,78.8
vegetation,DepthProCalib-vitl,500,calib_ro,67.48,191.76,40.64
vegetation,DepthProCalib-vitl,500,calib_shift,89.69,191.76,78.62
vegetation,DepthProCalib-vitl,500,calib_shift_ro,68.78,191.76,44.98
vegetation,DepthProCalib-vitl,1000,calib,89.74,191.76,78.98
vegetation,DepthProCalib-vitl,1000,calib_ro,67.59,191.76,40.62
vegetation,DepthProCalib-vitl,1000,calib_shift,89.98,191.76,78.91
vegetation,DepthProCalib-vitl,1000,calib_shift_ro,69.17,191.76,45.02
vegetation,MapAnything-map-anything,10,calib,84.97,331.74,79.41
vegetation,MapAnything-map-anything,10,calib_ro,68.45,331.74,48.52
vegetation,MapAnything-map-anything,10,calib_shift,80.83,331.74,73.3
vegetation,MapAnything-map-anything,10,calib_shift_ro,65.98,331.74,50.51
vegetation,MapAnything-map-anything,10,mdecalib,47.26,331.74,59.32
vegetation,MapAnything-map-anything,10,mdecalib_ro,40.84,331.74,41.55
vegetation,MapAnything-map-anything,10,mdecalib_shift,45.67,331.74,57.08
vegetation,MapAnything-map-anything,10,mdecalib_shift_ro,41.03,331.74,46.08
vegetation,MapAnything-map-anything,10,sf,74.18,331.74,73.74
vegetation,MapAnything-map-anything,10,sf_ro,59.58,331.74,59.88
vegetation,MapAnything-map-anything,10,sf_shift,64.65,331.74,63.0
vegetation,MapAnything-map-anything,10,sf_shift_ro,51.57,331.74,56.95
vegetation,MapAnything-map-anything,100,calib,88.25,331.74,82.64
vegetation,MapAnything-map-anything,100,calib_ro,70.0,331.74,49.11
vegetation,MapAnything-map-anything,100,calib_shift,88.29,331.74,82.33
vegetation,MapAnything-map-anything,100,calib_shift_ro,71.04,331.74,53.59
vegetation,MapAnything-map-anything,100,mdecalib,49.89,331.74,64.46
vegetation,MapAnything-map-anything,100,mdecalib_ro,41.75,331.74,42.35
vegetation,MapAnything-map-anything,100,mdecalib_shift,50.59,331.74,65.95
vegetation,MapAnything-map-anything,100,mdecalib_shift_ro,44.05,331.74,48.89
vegetation,MapAnything-map-anything,100,sf,80.9,331.74,81.75
vegetation,MapAnything-map-anything,100,sf_ro,62.38,331.74,62.09
vegetation,MapAnything-map-anything,100,sf_shift,78.49,331.74,80.31
vegetation,MapAnything-map-anything,100,sf_shift_ro,59.81,331.74,64.62
vegetation,MapAnything-map-anything,500,calib,89.21,331.74,83.49
vegetation,MapAnything-map-anything,500,calib_ro,70.29,331.74,49.16
vegetation,MapAnything-map-anything,500,calib_shift,89.95,331.74,83.61
vegetation,MapAnything-map-anything,500,calib_shift_ro,72.3,331.74,53.94
vegetation,MapAnything-map-anything,500,mdecalib,50.89,331.74,66.47
vegetation,MapAnything-map-anything,500,mdecalib_ro,42.03,331.74,42.43
vegetation,MapAnything-map-anything,500,mdecalib_shift,51.31,331.74,67.77
vegetation,MapAnything-map-anything,500,mdecalib_shift_ro,44.44,331.74,49.22
vegetation,MapAnything-map-anything,500,sf,82.73,331.74,83.49
vegetation,MapAnything-map-anything,500,sf_ro,62.84,331.74,62.37
vegetation,MapAnything-map-anything,500,sf_shift,80.97,331.74,83.09
vegetation,MapAnything-map-anything,500,sf_shift_ro,61.22,331.74,65.42
vegetation,MapAnything-map-anything,1000,calib,89.44,331.74,83.71
vegetation,MapAnything-map-anything,1000,calib_ro,70.37,331.74,49.14
vegetation,MapAnything-map-anything,1000,calib_shift,90.39,331.74,83.81
vegetation,MapAnything-map-anything,1000,calib_shift_ro,72.46,331.74,54.0
vegetation,MapAnything-map-anything,1000,mdecalib,51.14,331.74,67.3
vegetation,MapAnything-map-anything,1000,mdecalib_ro,42.14,331.74,42.4
vegetation,MapAnything-map-anything,1000,mdecalib_shift,51.65,331.74,68.2
vegetation,MapAnything-map-anything,1000,mdecalib_shift_ro,44.55,331.74,49.23
vegetation,MapAnything-map-anything,1000,sf,83.15,331.74,83.78
vegetation,MapAnything-map-anything,1000,sf_ro,63.13,331.74,62.41
vegetation,MapAnything-map-anything,1000,sf_shift,81.68,331.74,83.64
vegetation,MapAnything-map-anything,1000,sf_shift_ro,61.32,331.74,65.62
vegetation,MapAnythingCalib-map-anything,10,calib,84.68,322.1,79.26
vegetation,MapAnythingCalib-map-anything,10,calib_ro,68.38,322.1,48.3
vegetation,MapAnythingCalib-map-anything,10,calib_shift,80.18,322.1,73.15
vegetation,MapAnythingCalib-map-anything,10,calib_shift_ro,66.28,322.1,50.5
vegetation,MapAnythingCalib-map-anything,100,calib,88.17,322.1,82.65
vegetation,MapAnythingCalib-map-anything,100,calib_ro,69.67,322.1,48.96
vegetation,MapAnythingCalib-map-anything,100,calib_shift,88.0,322.1,82.18
vegetation,MapAnythingCalib-map-anything,100,calib_shift_ro,70.63,322.1,53.64
vegetation,MapAnythingCalib-map-anything,500,calib,89.05,322.1,83.37
vegetation,MapAnythingCalib-map-anything,500,calib_ro,70.28,322.1,48.97
vegetation,MapAnythingCalib-map-anything,500,calib_shift,89.54,322.1,83.41
vegetation,MapAnythingCalib-map-anything,500,calib_shift_ro,71.58,322.1,53.86
vegetation,MapAnythingCalib-map-anything,1000,calib,89.29,322.1,83.56
vegetation,MapAnythingCalib-map-anything,1000,calib_ro,70.42,322.1,48.97
vegetation,MapAnythingCalib-map-anything,1000,calib_shift,89.95,322.1,83.65
vegetation,MapAnythingCalib-map-anything,1000,calib_shift_ro,72.02,322.1,53.9
vegetation,Metric3DV2-vit_giant2,10,calib,73.36,676.41,65.4
vegetation,Metric3DV2-vit_giant2,10,calib_ro,50.71,676.41,33.59
vegetation,Metric3DV2-vit_giant2,10,calib_shift,69.13,676.41,58.25
vegetation,Metric3DV2-vit_giant2,10,calib_shift_ro,52.86,676.41,34.17
vegetation,Metric3DV2-vit_giant2,10,mdecalib,0.0,676.41,
vegetation,Metric3DV2-vit_giant2,10,mdecalib_ro,0.0,676.41,
vegetation,Metric3DV2-vit_giant2,10,mdecalib_shift,0.0,676.41,
vegetation,Metric3DV2-vit_giant2,10,mdecalib_shift_ro,0.0,676.41,
vegetation,Metric3DV2-vit_giant2,10,sf,60.17,676.41,57.81
vegetation,Metric3DV2-vit_giant2,10,sf_ro,44.81,676.41,44.33
vegetation,Metric3DV2-vit_giant2,10,sf_shift,49.91,676.41,45.14
vegetation,Metric3DV2-vit_giant2,10,sf_shift_ro,40.48,676.41,40.81
vegetation,Metric3DV2-vit_giant2,100,calib,82.87,676.41,74.8
vegetation,Metric3DV2-vit_giant2,100,calib_ro,52.76,676.41,34.8
vegetation,Metric3DV2-vit_giant2,100,calib_shift,84.46,676.41,74.24
vegetation,Metric3DV2-vit_giant2,100,calib_shift_ro,58.78,676.41,38.94
vegetation,Metric3DV2-vit_giant2,100,mdecalib,0.0,676.41,
vegetation,Metric3DV2-vit_giant2,100,mdecalib_ro,0.0,676.41,
vegetation,Metric3DV2-vit_giant2,100,mdecalib_shift,0.0,676.41,
vegetation,Metric3DV2-vit_giant2,100,mdecalib_shift_ro,0.0,676.41,
vegetation,Metric3DV2-vit_giant2,100,sf,71.12,676.41,71.8
vegetation,Metric3DV2-vit_giant2,100,sf_ro,48.35,676.41,47.87
vegetation,Metric3DV2-vit_giant2,100,sf_shift,70.23,676.41,68.34
vegetation,Metric3DV2-vit_giant2,100,sf_shift_ro,48.66,676.41,49.92
vegetation,Metric3DV2-vit_giant2,500,calib,85.96,676.41,77.8
vegetation,Metric3DV2-vit_giant2,500,calib_ro,53.17,676.41,34.96
vegetation,Metric3DV2-vit_giant2,500,calib_shift,87.99,676.41,77.52
vegetation,Metric3DV2-vit_giant2,500,calib_shift_ro,59.92,676.41,39.52
vegetation,Metric3DV2-vit_giant2,500,mdecalib,0.0,676.41,
vegetation,Metric3DV2-vit_giant2,500,mdecalib_ro,0.0,676.41,
vegetation,Metric3DV2-vit_giant2,500,mdecalib_shift,0.0,676.41,
vegetation,Metric3DV2-vit_giant2,500,mdecalib_shift_ro,0.0,676.41,
vegetation,Metric3DV2-vit_giant2,500,sf,74.33,676.41,75.45
vegetation,Metric3DV2-vit_giant2,500,sf_ro,49.07,676.41,48.44
vegetation,Metric3DV2-vit_giant2,500,sf_shift,75.84,676.41,74.65
vegetation,Metric3DV2-vit_giant2,500,sf_shift_ro,50.04,676.41,51.24
vegetation,Metric3DV2-vit_giant2,1000,calib,86.42,676.41,78.37
vegetation,Metric3DV2-vit_giant2,1000,calib_ro,53.32,676.41,34.95
vegetation,Metric3DV2-vit_giant2,1000,calib_shift,88.87,676.41,78.17
vegetation,Metric3DV2-vit_giant2,1000,calib_shift_ro,60.39,676.41,39.58
vegetation,Metric3DV2-vit_giant2,1000,mdecalib,0.0,676.41,
vegetation,Metric3DV2-vit_giant2,1000,mdecalib_ro,0.0,676.41,
vegetation,Metric3DV2-vit_giant2,1000,mdecalib_shift,0.0,676.41,
vegetation,Metric3DV2-vit_giant2,1000,mdecalib_shift_ro,0.0,676.41,
vegetation,Metric3DV2-vit_giant2,1000,sf,75.36,676.41,76.65
vegetation,Metric3DV2-vit_giant2,1000,sf_ro,49.13,676.41,48.58
vegetation,Metric3DV2-vit_giant2,1000,sf_shift,77.6,676.41,76.24
vegetation,Metric3DV2-vit_giant2,1000,sf_shift_ro,50.11,676.41,51.47
vegetation,Metric3DV2-vit_large,10,calib,69.92,284.65,62.19
vegetation,Metric3DV2-vit_large,10,calib_ro,46.7,284.65,31.06
vegetation,Metric3DV2-vit_large,10,calib_shift,67.01,284.65,55.15
vegetation,Metric3DV2-vit_large,10,calib_shift_ro,51.15,284.65,32.52
vegetation,Metric3DV2-vit_large,10,mdecalib,0.0,284.65,
vegetation,Metric3DV2-vit_large,10,mdecalib_ro,0.0,284.65,
vegetation,Metric3DV2-vit_large,10,mdecalib_shift,0.0,284.65,
vegetation,Metric3DV2-vit_large,10,mdecalib_shift_ro,0.0,284.65,
vegetation,Metric3DV2-vit_large,10,sf,55.66,284.65,54.47
vegetation,Metric3DV2-vit_large,10,sf_ro,41.1,284.65,42.52
vegetation,Metric3DV2-vit_large,10,sf_shift,47.76,284.65,43.3
vegetation,Metric3DV2-vit_large,10,sf_shift_ro,36.86,284.65,39.07
vegetation,Metric3DV2-vit_large,100,calib,81.79,284.65,73.53
vegetation,Metric3DV2-vit_large,100,calib_ro,49.33,284.65,32.62
vegetation,Metric3DV2-vit_large,100,calib_shift,83.62,284.65,73.24
vegetation,Metric3DV2-vit_large,100,calib_shift_ro,58.4,284.65,37.38
vegetation,Metric3DV2-vit_large,100,mdecalib,0.0,284.65,
vegetation,Metric3DV2-vit_large,100,mdecalib_ro,0.0,284.65,
vegetation,Metric3DV2-vit_large,100,mdecalib_shift,0.0,284.65,
vegetation,Metric3DV2-vit_large,100,mdecalib_shift_ro,0.0,284.65,
vegetation,Metric3DV2-vit_large,100,sf,66.09,284.65,68.98
vegetation,Metric3DV2-vit_large,100,sf_ro,44.51,284.65,46.47
vegetation,Metric3DV2-vit_large,100,sf_shift,69.42,284.65,67.47
vegetation,Metric3DV2-vit_large,100,sf_shift_ro,45.9,284.65,48.81
vegetation,Metric3DV2-vit_large,500,calib,85.76,284.65,77.24
vegetation,Metric3DV2-vit_large,500,calib_ro,49.98,284.65,32.77
vegetation,Metric3DV2-vit_large,500,calib_shift,87.83,284.65,77.17
vegetation,Metric3DV2-vit_large,500,calib_shift_ro,60.16,284.65,38.14
vegetation,Metric3DV2-vit_large,500,mdecalib,0.0,284.65,
vegetation,Metric3DV2-vit_large,500,mdecalib_ro,0.0,284.65,
vegetation,Metric3DV2-vit_large,500,mdecalib_shift,0.0,284.65,
vegetation,Metric3DV2-vit_large,500,mdecalib_shift_ro,0.0,284.65,
vegetation,Metric3DV2-vit_large,500,sf,70.91,284.65,73.7
vegetation,Metric3DV2-vit_large,500,sf_ro,45.28,284.65,47.25
vegetation,Metric3DV2-vit_large,500,sf_shift,74.87,284.65,73.93
vegetation,Metric3DV2-vit_large,500,sf_shift_ro,47.79,284.65,50.48
vegetation,Metric3DV2-vit_large,1000,calib,86.66,284.65,78.08
vegetation,Metric3DV2-vit_large,1000,calib_ro,50.2,284.65,32.75
vegetation,Metric3DV2-vit_large,1000,calib_shift,88.78,284.65,77.96
vegetation,Metric3DV2-vit_large,1000,calib_shift_ro,60.34,284.65,38.26
vegetation,Metric3DV2-vit_large,1000,mdecalib,0.0,284.65,
vegetation,Metric3DV2-vit_large,1000,mdecalib_ro,0.0,284.65,
vegetation,Metric3DV2-vit_large,1000,mdecalib_shift,0.0,284.65,
vegetation,Metric3DV2-vit_large,1000,mdecalib_shift_ro,0.0,284.65,
vegetation,Metric3DV2-vit_large,1000,sf,72.42,284.65,75.04
vegetation,Metric3DV2-vit_large,1000,sf_ro,45.56,284.65,47.39
vegetation,Metric3DV2-vit_large,1000,sf_shift,76.95,284.65,75.64
vegetation,Metric3DV2-vit_large,1000,sf_shift_ro,48.18,284.65,50.81
vegetation,Metric3DV2-vit_small,10,calib,75.7,94.8,66.82
vegetation,Metric3DV2-vit_small,10,calib_ro,52.76,94.8,33.15
vegetation,Metric3DV2-vit_small,10,calib_shift,69.37,94.8,55.95
vegetation,Metric3DV2-vit_small,10,calib_shift_ro,50.62,94.8,33.38
vegetation,Metric3DV2-vit_small,10,mdecalib,0.0,94.8,
vegetation,Metric3DV2-vit_small,10,mdecalib_ro,0.0,94.8,
vegetation,Metric3DV2-vit_small,10,mdecalib_shift,0.0,94.8,
vegetation,Metric3DV2-vit_small,10,mdecalib_shift_ro,0.0,94.8,
vegetation,Metric3DV2-vit_small,10,sf,60.34,94.8,56.8
vegetation,Metric3DV2-vit_small,10,sf_ro,42.09,94.8,43.54
vegetation,Metric3DV2-vit_small,10,sf_shift,47.38,94.8,42.03
vegetation,Metric3DV2-vit_small,10,sf_shift_ro,35.15,94.8,39.2
vegetation,Metric3DV2-vit_small,100,calib,84.1,94.8,76.18
vegetation,Metric3DV2-vit_small,100,calib_ro,55.21,94.8,34.38
vegetation,Metric3DV2-vit_small,100,calib_shift,86.21,94.8,75.12
vegetation,Metric3DV2-vit_small,100,calib_shift_ro,58.37,94.8,38.53
vegetation,Metric3DV2-vit_small,100,mdecalib,0.0,94.8,
vegetation,Metric3DV2-vit_small,100,mdecalib_ro,0.0,94.8,
vegetation,Metric3DV2-vit_small,100,mdecalib_shift,0.0,94.8,
vegetation,Metric3DV2-vit_small,100,mdecalib_shift_ro,0.0,94.8,
vegetation,Metric3DV2-vit_small,100,sf,72.17,94.8,72.66
vegetation,Metric3DV2-vit_small,100,sf_ro,46.09,94.8,47.42
vegetation,Metric3DV2-vit_small,100,sf_shift,69.97,94.8,68.41
vegetation,Metric3DV2-vit_small,100,sf_shift_ro,44.97,94.8,49.53
vegetation,Metric3DV2-vit_small,500,calib,86.33,94.8,78.32
vegetation,Metric3DV2-vit_small,500,calib_ro,55.87,94.8,34.46
vegetation,Metric3DV2-vit_small,500,calib_shift,88.63,94.8,78.09
vegetation,Metric3DV2-vit_small,500,calib_shift_ro,60.4,94.8,39.11
vegetation,Metric3DV2-vit_small,500,mdecalib,0.0,94.8,
vegetation,Metric3DV2-vit_small,500,mdecalib_ro,0.0,94.8,
vegetation,Metric3DV2-vit_small,500,mdecalib_shift,0.0,94.8,
vegetation,Metric3DV2-vit_small,500,mdecalib_shift_ro,0.0,94.8,
vegetation,Metric3DV2-vit_small,500,sf,75.72,94.8,76.23
vegetation,Metric3DV2-vit_small,500,sf_ro,47.28,94.8,47.96
vegetation,Metric3DV2-vit_small,500,sf_shift,76.0,94.8,75.45
vegetation,Metric3DV2-vit_small,500,sf_shift_ro,47.6,94.8,50.96
vegetation,Metric3DV2-vit_small,1000,calib,86.79,94.8,78.75
vegetation,Metric3DV2-vit_small,1000,calib_ro,56.15,94.8,34.46
vegetation,Metric3DV2-vit_small,1000,calib_shift,89.28,94.8,78.61
vegetation,Metric3DV2-vit_small,1000,calib_shift_ro,61.07,94.8,39.15
vegetation,Metric3DV2-vit_small,1000,mdecalib,0.0,94.8,
vegetation,Metric3DV2-vit_small,1000,mdecalib_ro,0.0,94.8,
vegetation,Metric3DV2-vit_small,1000,mdecalib_shift,0.0,94.8,
vegetation,Metric3DV2-vit_small,1000,mdecalib_shift_ro,0.0,94.8,
vegetation,Metric3DV2-vit_small,1000,sf,76.3,94.8,77.3
vegetation,Metric3DV2-vit_small,1000,sf_ro,47.44,94.8,48.01
vegetation,Metric3DV2-vit_small,1000,sf_shift,77.22,94.8,76.97
vegetation,Metric3DV2-vit_small,1000,sf_shift_ro,48.14,94.8,51.18
vegetation,Metric3DV2Calib-vit_giant2,10,calib,72.87,671.33,65.04
vegetation,Metric3DV2Calib-vit_giant2,10,calib_ro,50.71,671.33,33.56
vegetation,Metric3DV2Calib-vit_giant2,10,calib_shift,68.83,671.33,57.6
vegetation,Metric3DV2Calib-vit_giant2,10,calib_shift_ro,52.98,671.33,34.11
vegetation,Metric3DV2Calib-vit_giant2,100,calib,82.62,671.33,74.59
vegetation,Metric3DV2Calib-vit_giant2,100,calib_ro,52.69,671.33,34.8
vegetation,Metric3DV2Calib-vit_giant2,100,calib_shift,84.3,671.33,73.94
vegetation,Metric3DV2Calib-vit_giant2,100,calib_shift_ro,58.78,671.33,38.92
vegetation,Metric3DV2Calib-vit_giant2,500,calib,85.9,671.33,77.72
vegetation,Metric3DV2Calib-vit_giant2,500,calib_ro,53.08,671.33,34.95
vegetation,Metric3DV2Calib-vit_giant2,500,calib_shift,88.0,671.33,77.4
vegetation,Metric3DV2Calib-vit_giant2,500,calib_shift_ro,59.98,671.33,39.53
vegetation,Metric3DV2Calib-vit_giant2,1000,calib,86.41,671.33,78.3
vegetation,Metric3DV2Calib-vit_giant2,1000,calib_ro,53.26,671.33,34.95
vegetation,Metric3DV2Calib-vit_giant2,1000,calib_shift,88.85,671.33,78.05
vegetation,Metric3DV2Calib-vit_giant2,1000,calib_shift_ro,60.46,671.33,39.59
vegetation,Metric3DV2Calib-vit_large,10,calib,69.45,285.71,61.77
vegetation,Metric3DV2Calib-vit_large,10,calib_ro,46.68,285.71,31.04
vegetation,Metric3DV2Calib-vit_large,10,calib_shift,66.92,285.71,54.78
vegetation,Metric3DV2Calib-vit_large,10,calib_shift_ro,50.79,285.71,32.42
vegetation,Metric3DV2Calib-vit_large,100,calib,81.51,285.71,73.35
vegetation,Metric3DV2Calib-vit_large,100,calib_ro,49.36,285.71,32.61
vegetation,Metric3DV2Calib-vit_large,100,calib_shift,83.44,285.71,72.98
vegetation,Metric3DV2Calib-vit_large,100,calib_shift_ro,58.38,285.71,37.36
vegetation,Metric3DV2Calib-vit_large,500,calib,85.8,285.71,77.07
vegetation,Metric3DV2Calib-vit_large,500,calib_ro,50.09,285.71,32.78
vegetation,Metric3DV2Calib-vit_large,500,calib_shift,87.63,285.71,77.07
vegetation,Metric3DV2Calib-vit_large,500,calib_shift_ro,60.13,285.71,38.15
vegetation,Metric3DV2Calib-vit_large,1000,calib,86.68,285.71,78.02
vegetation,Metric3DV2Calib-vit_large,1000,calib_ro,50.29,285.71,32.77
vegetation,Metric3DV2Calib-vit_large,1000,calib_shift,88.6,285.71,77.86
vegetation,Metric3DV2Calib-vit_large,1000,calib_shift_ro,60.19,285.71,38.28
vegetation,Metric3DV2Calib-vit_small,10,calib,75.3,96.79,66.46
vegetation,Metric3DV2Calib-vit_small,10,calib_ro,52.62,96.79,33.12
vegetation,Metric3DV2Calib-vit_small,10,calib_shift,68.77,96.79,55.25
vegetation,Metric3DV2Calib-vit_small,10,calib_shift_ro,50.02,96.79,33.19
vegetation,Metric3DV2Calib-vit_small,100,calib,84.01,96.79,76.12
vegetation,Metric3DV2Calib-vit_small,100,calib_ro,55.28,96.79,34.38
vegetation,Metric3DV2Calib-vit_small,100,calib_shift,85.9,96.79,74.8
vegetation,Metric3DV2Calib-vit_small,100,calib_shift_ro,58.25,96.79,38.5
vegetation,Metric3DV2Calib-vit_small,500,calib,86.33,96.79,78.3
vegetation,Metric3DV2Calib-vit_small,500,calib_ro,55.88,96.79,34.47
vegetation,Metric3DV2Calib-vit_small,500,calib_shift,88.5,96.79,78.02
vegetation,Metric3DV2Calib-vit_small,500,calib_shift_ro,60.51,96.79,39.1
vegetation,Metric3DV2Calib-vit_small,1000,calib,86.77,96.79,78.74
vegetation,Metric3DV2Calib-vit_small,1000,calib_ro,56.13,96.79,34.47
vegetation,Metric3DV2Calib-vit_small,1000,calib_shift,89.26,96.79,78.64
vegetation,Metric3DV2Calib-vit_small,1000,calib_shift_ro,61.23,96.79,39.16
vegetation,MoGeV1-moge-vitl,10,calib,85.39,110.55,75.85
vegetation,MoGeV1-moge-vitl,10,calib_ro,71.88,110.55,45.74
vegetation,MoGeV1-moge-vitl,10,calib_shift,81.7,110.55,70.09
vegetation,MoGeV1-moge-vitl,10,calib_shift_ro,70.77,110.55,47.95
vegetation,MoGeV1-moge-vitl,10,mdecalib,35.53,110.55,49.78
vegetation,MoGeV1-moge-vitl,10,mdecalib_ro,31.8,110.55,37.01
vegetation,MoGeV1-moge-vitl,10,mdecalib_shift,34.22,110.55,47.72
vegetation,MoGeV1-moge-vitl,10,mdecalib_shift_ro,32.67,110.55,41.49
vegetation,MoGeV1-moge-vitl,10,sf,75.3,110.55,71.01
vegetation,MoGeV1-moge-vitl,10,sf_ro,63.11,110.55,57.53
vegetation,MoGeV1-moge-vitl,10,sf_shift,66.14,110.55,59.63
vegetation,MoGeV1-moge-vitl,10,sf_shift_ro,57.33,110.55,54.9
vegetation,MoGeV1-moge-vitl,100,calib,88.99,110.55,79.55
vegetation,MoGeV1-moge-vitl,100,calib_ro,73.51,110.55,46.46
vegetation,MoGeV1-moge-vitl,100,calib_shift,89.14,110.55,79.14
vegetation,MoGeV1-moge-vitl,100,calib_shift_ro,75.64,110.55,51.3
vegetation,MoGeV1-moge-vitl,100,mdecalib,38.24,110.55,55.22
vegetation,MoGeV1-moge-vitl,100,mdecalib_ro,32.92,110.55,38.02
vegetation,MoGeV1-moge-vitl,100,mdecalib_shift,38.66,110.55,56.38
vegetation,MoGeV1-moge-vitl,100,mdecalib_shift_ro,35.1,110.55,44.65
vegetation,MoGeV1-moge-vitl,100,sf,81.94,110.55,78.92
vegetation,MoGeV1-moge-vitl,100,sf_ro,65.55,110.55,59.43
vegetation,MoGeV1-moge-vitl,100,sf_shift,80.85,110.55,77.34
vegetation,MoGeV1-moge-vitl,100,sf_shift_ro,65.11,110.55,62.12
vegetation,MoGeV1-moge-vitl,500,calib,89.75,110.55,80.2
vegetation,MoGeV1-moge-vitl,500,calib_ro,73.82,110.55,46.45
vegetation,MoGeV1-moge-vitl,500,calib_shift,90.47,110.55,80.21
vegetation,MoGeV1-moge-vitl,500,calib_shift_ro,76.06,110.55,51.54
vegetation,MoGeV1-moge-vitl,500,mdecalib,38.95,110.55,57.37
vegetation,MoGeV1-moge-vitl,500,mdecalib_ro,32.95,110.55,38.08
vegetation,MoGeV1-moge-vitl,500,mdecalib_shift,39.65,110.55,58.49
vegetation,MoGeV1-moge-vitl,500,mdecalib_shift_ro,35.27,110.55,44.87
vegetation,MoGeV1-moge-vitl,500,sf,82.91,110.55,80.13
vegetation,MoGeV1-moge-vitl,500,sf_ro,66.01,110.55,59.65
vegetation,MoGeV1-moge-vitl,500,sf_shift,83.23,110.55,79.85
vegetation,MoGeV1-moge-vitl,500,sf_shift_ro,66.4,110.55,62.71
vegetation,MoGeV1-moge-vitl,1000,calib,89.97,110.55,80.33
vegetation,MoGeV1-moge-vitl,1000,calib_ro,73.9,110.55,46.43
vegetation,MoGeV1-moge-vitl,1000,calib_shift,90.74,110.55,80.41
vegetation,MoGeV1-moge-vitl,1000,calib_shift_ro,76.2,110.55,51.62
vegetation,MoGeV1-moge-vitl,1000,mdecalib,39.07,110.55,58.12
vegetation,MoGeV1-moge-vitl,1000,mdecalib_ro,32.9,110.55,38.06
vegetation,MoGeV1-moge-vitl,1000,mdecalib_shift,39.63,110.55,59.04
vegetation,MoGeV1-moge-vitl,1000,mdecalib_shift_ro,35.25,110.55,44.91
vegetation,MoGeV1-moge-vitl,1000,sf,83.24,110.55,80.42
vegetation,MoGeV1-moge-vitl,1000,sf_ro,66.0,110.55,59.64
vegetation,MoGeV1-moge-vitl,1000,sf_shift,83.64,110.55,80.35
vegetation,MoGeV1-moge-vitl,1000,sf_shift_ro,66.72,110.55,62.84
vegetation,MoGeV1Calib-moge-vitl,10,calib,82.2,111.38,74.27
vegetation,MoGeV1Calib-moge-vitl,10,calib_ro,63.16,111.38,41.28
vegetation,MoGeV1Calib-moge-vitl,10,calib_shift,81.73,111.38,70.11
vegetation,MoGeV1Calib-moge-vitl,10,calib_shift_ro,70.72,111.38,47.91
vegetation,MoGeV1Calib-moge-vitl,100,calib,86.08,111.38,78.77
vegetation,MoGeV1Calib-moge-vitl,100,calib_ro,65.21,111.38,42.16
vegetation,MoGeV1Calib-moge-vitl,100,calib_shift,89.08,111.38,79.15
vegetation,MoGeV1Calib-moge-vitl,100,calib_shift_ro,75.52,111.38,51.35
vegetation,MoGeV1Calib-moge-vitl,500,calib,87.11,111.38,79.82
vegetation,MoGeV1Calib-moge-vitl,500,calib_ro,65.66,111.38,42.17
vegetation,MoGeV1Calib-moge-vitl,500,calib_shift,90.42,111.38,80.2
vegetation,MoGeV1Calib-moge-vitl,500,calib_shift_ro,76.02,111.38,51.57
vegetation,MoGeV1Calib-moge-vitl,1000,calib,87.34,111.38,80.08
vegetation,MoGeV1Calib-moge-vitl,1000,calib_ro,65.77,111.38,42.14
vegetation,MoGeV1Calib-moge-vitl,1000,calib_shift,90.73,111.38,80.4
vegetation,MoGeV1Calib-moge-vitl,1000,calib_shift_ro,76.17,111.38,51.64
vegetation,MoGeV2-moge-2-vitl,10,calib,85.02,104.73,75.2
vegetation,MoGeV2-moge-2-vitl,10,calib_ro,69.09,104.73,43.9
vegetation,MoGeV2-moge-2-vitl,10,calib_shift,80.83,104.73,69.03
vegetation,MoGeV2-moge-2-vitl,10,calib_shift_ro,69.1,104.73,45.64
vegetation,MoGeV2-moge-2-vitl,10,mdecalib,39.46,104.73,51.04
vegetation,MoGeV2-moge-2-vitl,10,mdecalib_ro,34.91,104.73,36.66
vegetation,MoGeV2-moge-2-vitl,10,mdecalib_shift,37.76,104.73,48.84
vegetation,MoGeV2-moge-2-vitl,10,mdecalib_shift_ro,36.56,104.73,40.89
vegetation,MoGeV2-moge-2-vitl,10,sf,74.32,104.73,69.41
vegetation,MoGeV2-moge-2-vitl,10,sf_ro,59.95,104.73,55.55
vegetation,MoGeV2-moge-2-vitl,10,sf_shift,64.95,104.73,58.39
vegetation,MoGeV2-moge-2-vitl,10,sf_shift_ro,55.35,104.73,52.8
vegetation,MoGeV2-moge-2-vitl,100,calib,88.45,104.73,79.18
vegetation,MoGeV2-moge-2-vitl,100,calib_ro,70.67,104.73,44.73
vegetation,MoGeV2-moge-2-vitl,100,calib_shift,88.79,104.73,78.68
vegetation,MoGeV2-moge-2-vitl,100,calib_shift_ro,73.19,104.73,48.92
vegetation,MoGeV2-moge-2-vitl,100,mdecalib,42.3,104.73,56.72
vegetation,MoGeV2-moge-2-vitl,100,mdecalib_ro,35.97,104.73,37.6
vegetation,MoGeV2-moge-2-vitl,100,mdecalib_shift,42.86,104.73,57.81
vegetation,MoGeV2-moge-2-vitl,100,mdecalib_shift_ro,38.56,104.73,43.75
vegetation,MoGeV2-moge-2-vitl,100,sf,81.41,104.73,78.33
vegetation,MoGeV2-moge-2-vitl,100,sf_ro,62.37,104.73,57.54
vegetation,MoGeV2-moge-2-vitl,100,sf_shift,79.73,104.73,76.51
vegetation,MoGeV2-moge-2-vitl,100,sf_shift_ro,61.89,104.73,60.02
vegetation,MoGeV2-moge-2-vitl,500,calib,89.41,104.73,79.91
vegetation,MoGeV2-moge-2-vitl,500,calib_ro,70.96,104.73,44.71
vegetation,MoGeV2-moge-2-vitl,500,calib_shift,90.08,104.73,79.94
vegetation,MoGeV2-moge-2-vitl,500,calib_shift_ro,74.2,104.73,49.22
vegetation,MoGeV2-moge-2-vitl,500,mdecalib,43.16,104.73,58.71
vegetation,MoGeV2-moge-2-vitl,500,mdecalib_ro,36.21,104.73,37.64
vegetation,MoGeV2-moge-2-vitl,500,mdecalib_shift,43.82,104.73,59.94
vegetation,MoGeV2-moge-2-vitl,500,mdecalib_shift_ro,38.69,104.73,43.97
vegetation,MoGeV2-moge-2-vitl,500,sf,82.88,104.73,79.81
vegetation,MoGeV2-moge-2-vitl,500,sf_ro,62.85,104.73,57.72
vegetation,MoGeV2-moge-2-vitl,500,sf_shift,82.34,104.73,79.5
vegetation,MoGeV2-moge-2-vitl,500,sf_shift_ro,62.91,104.73,60.57
vegetation,MoGeV2-moge-2-vitl,1000,calib,89.46,104.73,80.1
vegetation,MoGeV2-moge-2-vitl,1000,calib_ro,71.05,104.73,44.7
vegetation,MoGeV2-moge-2-vitl,1000,calib_shift,90.4,104.73,80.15
vegetation,MoGeV2-moge-2-vitl,1000,calib_shift_ro,74.35,104.73,49.27
vegetation,MoGeV2-moge-2-vitl,1000,mdecalib,43.25,104.73,59.51
vegetation,MoGeV2-moge-2-vitl,1000,mdecalib_ro,36.14,104.73,37.63
vegetation,MoGeV2-moge-2-vitl,1000,mdecalib_shift,44.06,104.73,60.49
vegetation,MoGeV2-moge-2-vitl,1000,mdecalib_shift_ro,38.75,104.73,44.02
vegetation,MoGeV2-moge-2-vitl,1000,sf,83.22,104.73,80.15
vegetation,MoGeV2-moge-2-vitl,1000,sf_ro,63.02,104.73,57.76
vegetation,MoGeV2-moge-2-vitl,1000,sf_shift,82.74,104.73,80.03
vegetation,MoGeV2-moge-2-vitl,1000,sf_shift_ro,63.16,104.73,60.68
vegetation,MoGeV2Calib-moge-2-vitl,10,calib,78.48,102.67,71.81
vegetation,MoGeV2Calib-moge-2-vitl,10,calib_ro,58.37,102.67,38.48
vegetation,MoGeV2Calib-moge-2-vitl,10,calib_shift,80.86,102.67,69.02
vegetation,MoGeV2Calib-moge-2-vitl,10,calib_shift_ro,69.2,102.67,45.68
vegetation,MoGeV2Calib-moge-2-vitl,100,calib,84.0,102.67,77.92
vegetation,MoGeV2Calib-moge-2-vitl,100,calib_ro,60.34,102.67,39.41
vegetation,MoGeV2Calib-moge-2-vitl,100,calib_shift,88.74,102.67,78.65
vegetation,MoGeV2Calib-moge-2-vitl,100,calib_shift_ro,73.18,102.67,48.93
vegetation,MoGeV2Calib-moge-2-vitl,500,calib,85.25,102.67,79.49
vegetation,MoGeV2Calib-moge-2-vitl,500,calib_ro,60.82,102.67,39.42
vegetation,MoGeV2Calib-moge-2-vitl,500,calib_shift,90.15,102.67,79.96
vegetation,MoGeV2Calib-moge-2-vitl,500,calib_shift_ro,74.12,102.67,49.24
vegetation,MoGeV2Calib-moge-2-vitl,1000,calib,85.53,102.67,79.83
vegetation,MoGeV2Calib-moge-2-vitl,1000,calib_ro,60.84,102.67,39.4
vegetation,MoGeV2Calib-moge-2-vitl,1000,calib_shift,90.41,102.67,80.16
vegetation,MoGeV2Calib-moge-2-vitl,1000,calib_shift_ro,74.18,102.67,49.3
vegetation,Pi3-Pi3X,10,calib,84.41,157.0,73.33
vegetation,Pi3-Pi3X,10,calib_ro,68.68,157.0,43.73
vegetation,Pi3-Pi3X,10,calib_shift,79.76,157.0,67.18
vegetation,Pi3-Pi3X,10,calib_shift_ro,67.32,157.0,44.54
vegetation,Pi3-Pi3X,10,mdecalib,47.79,157.0,54.11
vegetation,Pi3-Pi3X,10,mdecalib_ro,40.53,157.0,38.16
vegetation,Pi3-Pi3X,10,mdecalib_shift,46.94,157.0,51.13
vegetation,Pi3-Pi3X,10,mdecalib_shift_ro,43.5,157.0,41.96
vegetation,Pi3-Pi3X,10,sf,73.15,157.0,66.55
vegetation,Pi3-Pi3X,10,sf_ro,60.04,157.0,54.14
vegetation,Pi3-Pi3X,10,sf_shift,62.16,157.0,55.05
vegetation,Pi3-Pi3X,10,sf_shift_ro,52.69,157.0,51.15
vegetation,Pi3-Pi3X,100,calib,88.64,157.0,77.83
vegetation,Pi3-Pi3X,100,calib_ro,70.48,157.0,44.76
vegetation,Pi3-Pi3X,100,calib_shift,88.54,157.0,77.37
vegetation,Pi3-Pi3X,100,calib_shift_ro,72.88,157.0,48.48
vegetation,Pi3-Pi3X,100,mdecalib,51.04,157.0,59.71
vegetation,Pi3-Pi3X,100,mdecalib_ro,41.69,157.0,39.15
vegetation,Pi3-Pi3X,100,mdecalib_shift,52.77,157.0,60.79
vegetation,Pi3-Pi3X,100,mdecalib_shift_ro,47.34,157.0,45.59
vegetation,Pi3-Pi3X,100,sf,81.06,157.0,76.6
vegetation,Pi3-Pi3X,100,sf_ro,63.45,157.0,56.68
vegetation,Pi3-Pi3X,100,sf_shift,79.58,157.0,74.72
vegetation,Pi3-Pi3X,100,sf_shift_ro,61.77,157.0,58.74
vegetation,Pi3-Pi3X,500,calib,89.52,157.0,78.76
vegetation,Pi3-Pi3X,500,calib_ro,70.72,157.0,44.81
vegetation,Pi3-Pi3X,500,calib_shift,89.93,157.0,78.72
vegetation,Pi3-Pi3X,500,calib_shift_ro,73.57,157.0,48.76
vegetation,Pi3-Pi3X,500,mdecalib,51.85,157.0,61.56
vegetation,Pi3-Pi3X,500,mdecalib_ro,41.81,157.0,39.21
vegetation,Pi3-Pi3X,500,mdecalib_shift,53.77,157.0,62.71
vegetation,Pi3-Pi3X,500,mdecalib_shift_ro,47.8,157.0,45.89
vegetation,Pi3-Pi3X,500,sf,82.68,157.0,78.38
vegetation,Pi3-Pi3X,500,sf_ro,63.9,157.0,56.98
vegetation,Pi3-Pi3X,500,sf_shift,82.08,157.0,78.17
vegetation,Pi3-Pi3X,500,sf_shift_ro,62.99,157.0,59.66
vegetation,Pi3-Pi3X,1000,calib,89.73,157.0,78.96
vegetation,Pi3-Pi3X,1000,calib_ro,70.92,157.0,44.79
vegetation,Pi3-Pi3X,1000,calib_shift,90.5,157.0,78.98
vegetation,Pi3-Pi3X,1000,calib_shift_ro,73.78,157.0,48.79
vegetation,Pi3-Pi3X,1000,mdecalib,52.08,157.0,62.26
vegetation,Pi3-Pi3X,1000,mdecalib_ro,41.82,157.0,39.21
vegetation,Pi3-Pi3X,1000,mdecalib_shift,54.2,157.0,63.12
vegetation,Pi3-Pi3X,1000,mdecalib_shift_ro,47.98,157.0,45.91
vegetation,Pi3-Pi3X,1000,sf,83.29,157.0,78.87
vegetation,Pi3-Pi3X,1000,sf_ro,63.91,157.0,57.06
vegetation,Pi3-Pi3X,1000,sf_shift,82.69,157.0,78.8
vegetation,Pi3-Pi3X,1000,sf_shift_ro,63.53,157.0,59.84
vegetation,Pi3Calib-Pi3X,10,calib,83.7,169.41,72.61
vegetation,Pi3Calib-Pi3X,10,calib_ro,67.57,169.41,43.56
vegetation,Pi3Calib-Pi3X,10,calib_shift,79.65,169.41,66.73
vegetation,Pi3Calib-Pi3X,10,calib_shift_ro,66.97,169.41,44.71
vegetation,Pi3Calib-Pi3X,100,calib,88.38,169.41,77.56
vegetation,Pi3Calib-Pi3X,100,calib_ro,69.7,169.41,44.5
vegetation,Pi3Calib-Pi3X,100,calib_shift,88.41,169.41,77.31
vegetation,Pi3Calib-Pi3X,100,calib_shift_ro,72.74,169.41,48.51
vegetation,Pi3Calib-Pi3X,500,calib,89.54,169.41,78.67
vegetation,Pi3Calib-Pi3X,500,calib_ro,69.86,169.41,44.55
vegetation,Pi3Calib-Pi3X,500,calib_shift,89.9,169.41,78.67
vegetation,Pi3Calib-Pi3X,500,calib_shift_ro,73.47,169.41,48.75
vegetation,Pi3Calib-Pi3X,1000,calib,89.77,169.41,78.96
vegetation,Pi3Calib-Pi3X,1000,calib_ro,69.98,169.41,44.54
vegetation,Pi3Calib-Pi3X,1000,calib_shift,90.38,169.41,78.97
vegetation,Pi3Calib-Pi3X,1000,calib_shift_ro,73.6,169.41,48.77
vegetation,UniDepth1-cnvnxtl,10,calib,81.94,89.22,70.27
vegetation,UniDepth1-cnvnxtl,10,calib_ro,56.46,89.22,31.58
vegetation,UniDepth1-cnvnxtl,10,calib_shift,74.88,89.22,59.54
vegetation,UniDepth1-cnvnxtl,10,calib_shift_ro,54.66,89.22,32.33
vegetation,UniDepth1-cnvnxtl,10,mdecalib,45.48,89.22,50.53
vegetation,UniDepth1-cnvnxtl,10,mdecalib_ro,32.98,89.22,27.68
vegetation,UniDepth1-cnvnxtl,10,mdecalib_shift,41.93,89.22,44.06
vegetation,UniDepth1-cnvnxtl,10,mdecalib_shift_ro,34.03,89.22,29.89
vegetation,UniDepth1-cnvnxtl,10,sf,65.5,89.22,58.38
vegetation,UniDepth1-cnvnxtl,10,sf_ro,44.62,89.22,41.77
vegetation,UniDepth1-cnvnxtl,10,sf_shift,51.4,89.22,43.99
vegetation,UniDepth1-cnvnxtl,10,sf_shift_ro,37.5,89.22,38.43
vegetation,UniDepth1-cnvnxtl,100,calib,88.4,89.22,77.62
vegetation,UniDepth1-cnvnxtl,100,calib_ro,59.92,89.22,32.68
vegetation,UniDepth1-cnvnxtl,100,calib_shift,87.47,89.22,76.01
vegetation,UniDepth1-cnvnxtl,100,calib_shift_ro,62.59,89.22,37.06
vegetation,UniDepth1-cnvnxtl,100,mdecalib,50.47,89.22,58.46
vegetation,UniDepth1-cnvnxtl,100,mdecalib_ro,35.02,89.22,29.1
vegetation,UniDepth1-cnvnxtl,100,mdecalib_shift,50.34,89.22,57.95
vegetation,UniDepth1-cnvnxtl,100,mdecalib_shift_ro,38.79,89.22,34.34
vegetation,UniDepth1-cnvnxtl,100,sf,77.67,89.22,74.7
vegetation,UniDepth1-cnvnxtl,100,sf_ro,48.78,89.22,45.61
vegetation,UniDepth1-cnvnxtl,100,sf_shift,74.16,89.22,70.33
vegetation,UniDepth1-cnvnxtl,100,sf_shift_ro,48.68,89.22,48.19
vegetation,UniDepth1-cnvnxtl,500,calib,89.68,89.22,78.87
vegetation,UniDepth1-cnvnxtl,500,calib_ro,60.64,89.22,32.77
vegetation,UniDepth1-cnvnxtl,500,calib_shift,89.71,89.22,78.48
vegetation,UniDepth1-cnvnxtl,500,calib_shift_ro,64.19,89.22,37.64
vegetation,UniDepth1-cnvnxtl,500,mdecalib,51.65,89.22,61.02
vegetation,UniDepth1-cnvnxtl,500,mdecalib_ro,35.37,89.22,29.22
vegetation,UniDepth1-cnvnxtl,500,mdecalib_shift,52.41,89.22,61.1
vegetation,UniDepth1-cnvnxtl,500,mdecalib_shift_ro,39.8,89.22,35.04
vegetation,UniDepth1-cnvnxtl,500,sf,80.5,89.22,77.96
vegetation,UniDepth1-cnvnxtl,500,sf_ro,49.99,89.22,46.06
vegetation,UniDepth1-cnvnxtl,500,sf_shift,78.81,89.22,76.42
vegetation,UniDepth1-cnvnxtl,500,sf_shift_ro,51.37,89.22,49.6
vegetation,UniDepth1-cnvnxtl,1000,calib,89.97,89.22,79.09
vegetation,UniDepth1-cnvnxtl,1000,calib_ro,61.04,89.22,32.75
vegetation,UniDepth1-cnvnxtl,1000,calib_shift,90.3,89.22,78.85
vegetation,UniDepth1-cnvnxtl,1000,calib_shift_ro,64.45,89.22,37.79
vegetation,UniDepth1-cnvnxtl,1000,mdecalib,51.97,89.22,61.67
vegetation,UniDepth1-cnvnxtl,1000,mdecalib_ro,35.54,89.22,29.23
vegetation,UniDepth1-cnvnxtl,1000,mdecalib_shift,52.71,89.22,61.83
vegetation,UniDepth1-cnvnxtl,1000,mdecalib_shift_ro,40.1,89.22,35.13
vegetation,UniDepth1-cnvnxtl,1000,sf,81.06,89.22,78.57
vegetation,UniDepth1-cnvnxtl,1000,sf_ro,50.23,89.22,46.17
vegetation,UniDepth1-cnvnxtl,1000,sf_shift,79.84,89.22,77.66
vegetation,UniDepth1-cnvnxtl,1000,sf_shift_ro,52.09,89.22,50.02
vegetation,UniDepth1-vitl14,10,calib,81.3,137.0,70.28
vegetation,UniDepth1-vitl14,10,calib_ro,60.02,137.0,35.84
vegetation,UniDepth1-vitl14,10,calib_shift,76.18,137.0,62.0
vegetation,UniDepth1-vitl14,10,calib_shift_ro,58.25,137.0,37.06
vegetation,UniDepth1-vitl14,10,mdecalib,37.25,137.0,43.03
vegetation,UniDepth1-vitl14,10,mdecalib_ro,30.25,137.0,25.65
vegetation,UniDepth1-vitl14,10,mdecalib_shift,36.12,137.0,40.17
vegetation,UniDepth1-vitl14,10,mdecalib_shift_ro,31.26,137.0,29.26
vegetation,UniDepth1-vitl14,10,sf,67.12,137.0,61.25
vegetation,UniDepth1-vitl14,10,sf_ro,49.97,137.0,46.97
vegetation,UniDepth1-vitl14,10,sf_shift,54.65,137.0,47.64
vegetation,UniDepth1-vitl14,10,sf_shift_ro,43.14,137.0,43.83
vegetation,UniDepth1-vitl14,100,calib,87.81,137.0,77.49
vegetation,UniDepth1-vitl14,100,calib_ro,62.4,137.0,36.91
vegetation,UniDepth1-vitl14,100,calib_shift,87.39,137.0,76.35
vegetation,UniDepth1-vitl14,100,calib_shift_ro,64.27,137.0,41.33
vegetation,UniDepth1-vitl14,100,mdecalib,40.52,137.0,50.65
vegetation,UniDepth1-vitl14,100,mdecalib_ro,31.04,137.0,27.3
vegetation,UniDepth1-vitl14,100,mdecalib_shift,41.3,137.0,51.03
vegetation,UniDepth1-vitl14,100,mdecalib_shift_ro,34.1,137.0,33.79
vegetation,UniDepth1-vitl14,100,sf,78.46,137.0,75.38
vegetation,UniDepth1-vitl14,100,sf_ro,53.68,137.0,49.98
vegetation,UniDepth1-vitl14,100,sf_shift,74.8,137.0,71.5
vegetation,UniDepth1-vitl14,100,sf_shift_ro,52.04,137.0,52.53
vegetation,UniDepth1-vitl14,500,calib,88.73,137.0,78.77
vegetation,UniDepth1-vitl14,500,calib_ro,63.0,137.0,36.98
vegetation,UniDepth1-vitl14,500,calib_shift,89.49,137.0,78.38
vegetation,UniDepth1-vitl14,500,calib_shift_ro,65.6,137.0,41.92
vegetation,UniDepth1-vitl14,500,mdecalib,41.23,137.0,53.31
vegetation,UniDepth1-vitl14,500,mdecalib_ro,31.34,137.0,27.55
vegetation,UniDepth1-vitl14,500,mdecalib_shift,42.55,137.0,53.57
vegetation,UniDepth1-vitl14,500,mdecalib_shift_ro,34.6,137.0,34.69
vegetation,UniDepth1-vitl14,500,sf,80.14,137.0,77.92
vegetation,UniDepth1-vitl14,500,sf_ro,54.16,137.0,50.33
vegetation,UniDepth1-vitl14,500,sf_shift,79.28,137.0,76.75
vegetation,UniDepth1-vitl14,500,sf_shift_ro,54.05,137.0,53.76
vegetation,UniDepth1-vitl14,1000,calib,89.1,137.0,79.01
vegetation,UniDepth1-vitl14,1000,calib_ro,63.24,137.0,36.96
vegetation,UniDepth1-vitl14,1000,calib_shift,89.8,137.0,78.75
vegetation,UniDepth1-vitl14,1000,calib_shift_ro,65.76,137.0,41.97
vegetation,UniDepth1-vitl14,1000,mdecalib,41.5,137.0,54.14
vegetation,UniDepth1-vitl14,1000,mdecalib_ro,31.46,137.0,27.57
vegetation,UniDepth1-vitl14,1000,mdecalib_shift,42.9,137.0,54.29
vegetation,UniDepth1-vitl14,1000,mdecalib_shift_ro,34.66,137.0,34.85
vegetation,UniDepth1-vitl14,1000,sf,80.75,137.0,78.51
vegetation,UniDepth1-vitl14,1000,sf_ro,54.12,137.0,50.43
vegetation,UniDepth1-vitl14,1000,sf_shift,79.99,137.0,77.78
vegetation,UniDepth1-vitl14,1000,sf_shift_ro,54.68,137.0,53.96
vegetation,UniDepth1Calib-cnvnxtl,10,calib,81.62,88.52,70.26
vegetation,UniDepth1Calib-cnvnxtl,10,calib_ro,57.09,88.52,31.72
vegetation,UniDepth1Calib-cnvnxtl,10,calib_shift,74.73,88.52,59.62
vegetation,UniDepth1Calib-cnvnxtl,10,calib_shift_ro,55.05,88.52,32.69
vegetation,UniDepth1Calib-cnvnxtl,100,calib,88.22,88.52,77.72
vegetation,UniDepth1Calib-cnvnxtl,100,calib_ro,60.39,88.52,32.85
vegetation,UniDepth1Calib-cnvnxtl,100,calib_shift,87.54,88.52,76.07
vegetation,UniDepth1Calib-cnvnxtl,100,calib_shift_ro,62.94,88.52,37.4
vegetation,UniDepth1Calib-cnvnxtl,500,calib,89.49,88.52,78.84
vegetation,UniDepth1Calib-cnvnxtl,500,calib_ro,61.14,88.52,32.9
vegetation,UniDepth1Calib-cnvnxtl,500,calib_shift,89.82,88.52,78.47
vegetation,UniDepth1Calib-cnvnxtl,500,calib_shift_ro,64.59,88.52,37.97
vegetation,UniDepth1Calib-cnvnxtl,1000,calib,89.82,88.52,79.09
vegetation,UniDepth1Calib-cnvnxtl,1000,calib_ro,61.31,88.52,32.87
vegetation,UniDepth1Calib-cnvnxtl,1000,calib_shift,90.36,88.52,78.87
vegetation,UniDepth1Calib-cnvnxtl,1000,calib_shift_ro,65.04,88.52,38.01
vegetation,UniDepth1Calib-vitl14,10,calib,81.27,130.57,70.29
vegetation,UniDepth1Calib-vitl14,10,calib_ro,60.2,130.57,36.43
vegetation,UniDepth1Calib-vitl14,10,calib_shift,76.14,130.57,62.3
vegetation,UniDepth1Calib-vitl14,10,calib_shift_ro,58.55,130.57,37.54
vegetation,UniDepth1Calib-vitl14,100,calib,87.64,130.57,77.61
vegetation,UniDepth1Calib-vitl14,100,calib_ro,62.28,130.57,37.54
vegetation,UniDepth1Calib-vitl14,100,calib_shift,87.29,130.57,76.23
vegetation,UniDepth1Calib-vitl14,100,calib_shift_ro,63.84,130.57,41.73
vegetation,UniDepth1Calib-vitl14,500,calib,88.71,130.57,78.78
vegetation,UniDepth1Calib-vitl14,500,calib_ro,63.28,130.57,37.59
vegetation,UniDepth1Calib-vitl14,500,calib_shift,89.39,130.57,78.4
vegetation,UniDepth1Calib-vitl14,500,calib_shift_ro,65.06,130.57,42.26
vegetation,UniDepth1Calib-vitl14,1000,calib,89.05,130.57,78.98
vegetation,UniDepth1Calib-vitl14,1000,calib_ro,63.48,130.57,37.56
vegetation,UniDepth1Calib-vitl14,1000,calib_shift,89.81,130.57,78.79
vegetation,UniDepth1Calib-vitl14,1000,calib_shift_ro,65.6,130.57,42.32
vegetation,UniDepth2-vitb14,10,calib,84.45,58.24,73.46
vegetation,UniDepth2-vitb14,10,calib_ro,67.49,58.24,44.29
vegetation,UniDepth2-vitb14,10,calib_shift,81.33,58.24,68.03
vegetation,UniDepth2-vitb14,10,calib_shift_ro,68.59,58.24,46.4
vegetation,UniDepth2-vitb14,10,mdecalib,35.12,58.24,44.66
vegetation,UniDepth2-vitb14,10,mdecalib_ro,30.25,58.24,33.67
vegetation,UniDepth2-vitb14,10,mdecalib_shift,34.14,58.24,42.37
vegetation,UniDepth2-vitb14,10,mdecalib_shift_ro,31.58,58.24,37.73
vegetation,UniDepth2-vitb14,10,sf,74.8,58.24,68.15
vegetation,UniDepth2-vitb14,10,sf_ro,59.68,58.24,55.72
vegetation,UniDepth2-vitb14,10,sf_shift,65.47,58.24,57.66
vegetation,UniDepth2-vitb14,10,sf_shift_ro,55.45,58.24,53.77
vegetation,UniDepth2-vitb14,100,calib,88.46,58.24,77.95
vegetation,UniDepth2-vitb14,100,calib_ro,69.07,58.24,45.01
vegetation,UniDepth2-vitb14,100,calib_shift,88.52,58.24,77.48
vegetation,UniDepth2-vitb14,100,calib_shift_ro,73.25,58.24,49.5
vegetation,UniDepth2-vitb14,100,mdecalib,37.93,58.24,50.64
vegetation,UniDepth2-vitb14,100,mdecalib_ro,31.22,58.24,34.74
vegetation,UniDepth2-vitb14,100,mdecalib_shift,38.5,58.24,51.08
vegetation,UniDepth2-vitb14,100,mdecalib_shift_ro,33.47,58.24,40.79
vegetation,UniDepth2-vitb14,100,sf,81.52,58.24,76.74
vegetation,UniDepth2-vitb14,100,sf_ro,62.39,58.24,57.72
vegetation,UniDepth2-vitb14,100,sf_shift,80.08,58.24,75.37
vegetation,UniDepth2-vitb14,100,sf_shift_ro,62.6,58.24,60.47
vegetation,UniDepth2-vitb14,500,calib,89.64,58.24,78.78
vegetation,UniDepth2-vitb14,500,calib_ro,69.25,58.24,45.04
vegetation,UniDepth2-vitb14,500,calib_shift,89.59,58.24,78.73
vegetation,UniDepth2-vitb14,500,calib_shift_ro,73.98,58.24,49.78
vegetation,UniDepth2-vitb14,500,mdecalib,38.58,58.24,52.82
vegetation,UniDepth2-vitb14,500,mdecalib_ro,31.18,58.24,34.79
vegetation,UniDepth2-vitb14,500,mdecalib_shift,39.1,58.24,53.38
vegetation,UniDepth2-vitb14,500,mdecalib_shift_ro,33.64,58.24,41.21
vegetation,UniDepth2-vitb14,500,sf,83.32,58.24,78.56
vegetation,UniDepth2-vitb14,500,sf_ro,62.8,58.24,58.01
vegetation,UniDepth2-vitb14,500,sf_shift,82.33,58.24,78.28
vegetation,UniDepth2-vitb14,500,sf_shift_ro,64.03,58.24,61.19
vegetation,UniDepth2-vitb14,1000,calib,89.88,58.24,78.99
vegetation,UniDepth2-vitb14,1000,calib_ro,69.34,58.24,45.03
vegetation,UniDepth2-vitb14,1000,calib_shift,90.28,58.24,79.0
vegetation,UniDepth2-vitb14,1000,calib_shift_ro,74.29,58.24,49.85
vegetation,UniDepth2-vitb14,1000,mdecalib,38.73,58.24,53.5
vegetation,UniDepth2-vitb14,1000,mdecalib_ro,31.15,58.24,34.78
vegetation,UniDepth2-vitb14,1000,mdecalib_shift,39.53,58.24,54.01
vegetation,UniDepth2-vitb14,1000,mdecalib_shift_ro,33.75,58.24,41.29
vegetation,UniDepth2-vitb14,1000,sf,83.66,58.24,78.93
vegetation,UniDepth2-vitb14,1000,sf_ro,62.86,58.24,58.04
vegetation,UniDepth2-vitb14,1000,sf_shift,83.08,58.24,78.87
vegetation,UniDepth2-vitb14,1000,sf_shift_ro,64.36,58.24,61.31
vegetation,UniDepth2-vitl14,10,calib,86.43,81.8,74.53
vegetation,UniDepth2-vitl14,10,calib_ro,71.77,81.8,46.68
vegetation,UniDepth2-vitl14,10,calib_shift,83.07,81.8,69.92
vegetation,UniDepth2-vitl14,10,calib_shift_ro,72.67,81.8,49.09
vegetation,UniDepth2-vitl14,10,mdecalib,32.26,81.8,45.09
vegetation,UniDepth2-vitl14,10,mdecalib_ro,28.79,81.8,35.94
vegetation,UniDepth2-vitl14,10,mdecalib_shift,31.77,81.8,43.71
vegetation,UniDepth2-vitl14,10,mdecalib_shift_ro,29.85,81.8,40.03
vegetation,UniDepth2-vitl14,10,sf,76.5,81.8,70.02
vegetation,UniDepth2-vitl14,10,sf_ro,63.37,81.8,58.48
vegetation,UniDepth2-vitl14,10,sf_shift,67.36,81.8,58.48
vegetation,UniDepth2-vitl14,10,sf_shift_ro,59.09,81.8,56.29
vegetation,UniDepth2-vitl14,100,calib,89.78,81.8,78.15
vegetation,UniDepth2-vitl14,100,calib_ro,73.02,81.8,47.31
vegetation,UniDepth2-vitl14,100,calib_shift,89.24,81.8,77.82
vegetation,UniDepth2-vitl14,100,calib_shift_ro,76.06,81.8,52.17
vegetation,UniDepth2-vitl14,100,mdecalib,35.37,81.8,51.38
vegetation,UniDepth2-vitl14,100,mdecalib_ro,29.45,81.8,36.95
vegetation,UniDepth2-vitl14,100,mdecalib_shift,35.36,81.8,52.15
vegetation,UniDepth2-vitl14,100,mdecalib_shift_ro,31.9,81.8,43.24
vegetation,UniDepth2-vitl14,100,sf,82.16,81.8,77.43
vegetation,UniDepth2-vitl14,100,sf_ro,65.69,81.8,60.28
vegetation,UniDepth2-vitl14,100,sf_shift,81.15,81.8,75.89
vegetation,UniDepth2-vitl14,100,sf_shift_ro,65.95,81.8,62.85
vegetation,UniDepth2-vitl14,500,calib,90.36,81.8,78.85
vegetation,UniDepth2-vitl14,500,calib_ro,73.31,81.8,47.33
vegetation,UniDepth2-vitl14,500,calib_shift,90.37,81.8,78.83
vegetation,UniDepth2-vitl14,500,calib_shift_ro,76.77,81.8,52.43
vegetation,UniDepth2-vitl14,500,mdecalib,35.77,81.8,53.66
vegetation,UniDepth2-vitl14,500,mdecalib_ro,29.62,81.8,37.02
vegetation,UniDepth2-vitl14,500,mdecalib_shift,35.98,81.8,54.37
vegetation,UniDepth2-vitl14,500,mdecalib_shift_ro,32.1,81.8,43.57
vegetation,UniDepth2-vitl14,500,sf,83.4,81.8,78.77
vegetation,UniDepth2-vitl14,500,sf_ro,66.05,81.8,60.45
vegetation,UniDepth2-vitl14,500,sf_shift,83.25,81.8,78.49
vegetation,UniDepth2-vitl14,500,sf_shift_ro,67.37,81.8,63.48
vegetation,UniDepth2-vitl14,1000,calib,90.56,81.8,79.0
vegetation,UniDepth2-vitl14,1000,calib_ro,73.39,81.8,47.3
vegetation,UniDepth2-vitl14,1000,calib_shift,90.61,81.8,79.02
vegetation,UniDepth2-vitl14,1000,calib_shift_ro,77.0,81.8,52.46
vegetation,UniDepth2-vitl14,1000,mdecalib,35.94,81.8,54.34
vegetation,UniDepth2-vitl14,1000,mdecalib_ro,29.7,81.8,37.01
vegetation,UniDepth2-vitl14,1000,mdecalib_shift,36.16,81.8,54.92
vegetation,UniDepth2-vitl14,1000,mdecalib_shift_ro,32.26,81.8,43.63
vegetation,UniDepth2-vitl14,1000,sf,83.95,81.8,79.16
vegetation,UniDepth2-vitl14,1000,sf_ro,66.24,81.8,60.49
vegetation,UniDepth2-vitl14,1000,sf_shift,83.74,81.8,79.07
vegetation,UniDepth2-vitl14,1000,sf_shift_ro,67.66,81.8,63.6
vegetation,UniDepth2-vits14,10,calib,82.46,47.51,71.23
vegetation,UniDepth2-vits14,10,calib_ro,62.88,47.51,41.1
vegetation,UniDepth2-vits14,10,calib_shift,78.59,47.51,65.34
vegetation,UniDepth2-vits14,10,calib_shift_ro,62.33,47.51,42.68
vegetation,UniDepth2-vits14,10,mdecalib,18.58,47.51,34.52
vegetation,UniDepth2-vits14,10,mdecalib_ro,16.28,47.51,27.83
vegetation,UniDepth2-vits14,10,mdecalib_shift,18.46,47.51,33.75
vegetation,UniDepth2-vits14,10,mdecalib_shift_ro,17.58,47.51,31.72
vegetation,UniDepth2-vits14,10,sf,68.77,47.51,64.63
vegetation,UniDepth2-vits14,10,sf_ro,53.96,47.51,52.49
vegetation,UniDepth2-vits14,10,sf_shift,60.74,47.51,53.74
vegetation,UniDepth2-vits14,10,sf_shift_ro,47.96,47.51,50.24
vegetation,UniDepth2-vits14,100,calib,88.06,47.51,77.45
vegetation,UniDepth2-vits14,100,calib_ro,65.42,47.51,42.02
vegetation,UniDepth2-vits14,100,calib_shift,88.05,47.51,76.87
vegetation,UniDepth2-vits14,100,calib_shift_ro,67.63,47.51,46.81
vegetation,UniDepth2-vits14,100,mdecalib,21.04,47.51,42.23
vegetation,UniDepth2-vits14,100,mdecalib_ro,16.55,47.51,29.45
vegetation,UniDepth2-vits14,100,mdecalib_shift,21.73,47.51,43.88
vegetation,UniDepth2-vits14,100,mdecalib_shift_ro,19.03,47.51,35.42
vegetation,UniDepth2-vits14,100,sf,77.71,47.51,75.59
vegetation,UniDepth2-vits14,100,sf_ro,56.86,47.51,54.84
vegetation,UniDepth2-vits14,100,sf_shift,77.4,47.51,73.69
vegetation,UniDepth2-vits14,100,sf_shift_ro,55.43,47.51,57.55
vegetation,UniDepth2-vits14,500,calib,89.18,47.51,78.67
vegetation,UniDepth2-vits14,500,calib_ro,65.57,47.51,42.08
vegetation,UniDepth2-vits14,500,calib_shift,89.72,47.51,78.65
vegetation,UniDepth2-vits14,500,calib_shift_ro,69.13,47.51,47.15
vegetation,UniDepth2-vits14,500,mdecalib,21.51,47.51,45.51
vegetation,UniDepth2-vits14,500,mdecalib_ro,16.59,47.51,29.66
vegetation,UniDepth2-vits14,500,mdecalib_shift,22.3,47.51,47.2
vegetation,UniDepth2-vits14,500,mdecalib_shift_ro,19.25,47.51,35.95
vegetation,UniDepth2-vits14,500,sf,79.73,47.51,77.79
vegetation,UniDepth2-vits14,500,sf_ro,57.18,47.51,55.11
vegetation,UniDepth2-vits14,500,sf_shift,80.29,47.51,77.67
vegetation,UniDepth2-vits14,500,sf_shift_ro,57.49,47.51,58.47
vegetation,UniDepth2-vits14,1000,calib,89.45,47.51,78.94
vegetation,UniDepth2-vits14,1000,calib_ro,65.84,47.51,42.06
vegetation,UniDepth2-vits14,1000,calib_shift,90.32,47.51,78.99
vegetation,UniDepth2-vits14,1000,calib_shift_ro,69.64,47.51,47.24
vegetation,UniDepth2-vits14,1000,mdecalib,21.72,47.51,46.54
vegetation,UniDepth2-vits14,1000,mdecalib_ro,16.78,47.51,29.65
vegetation,UniDepth2-vits14,1000,mdecalib_shift,22.43,47.51,48.12
vegetation,UniDepth2-vits14,1000,mdecalib_shift_ro,19.49,47.51,36.02
vegetation,UniDepth2-vits14,1000,sf,80.2,47.51,78.44
vegetation,UniDepth2-vits14,1000,sf_ro,57.23,47.51,55.23
vegetation,UniDepth2-vits14,1000,sf_shift,80.93,47.51,78.46
vegetation,UniDepth2-vits14,1000,sf_shift_ro,57.83,47.51,58.7
vegetation,UniDepth2Calib-vitb14,10,calib,83.7,61.27,73.24
vegetation,UniDepth2Calib-vitb14,10,calib_ro,65.89,61.27,43.86
vegetation,UniDepth2Calib-vitb14,10,calib_shift,81.12,61.27,68.19
vegetation,UniDepth2Calib-vitb14,10,calib_shift_ro,68.6,61.27,46.33
vegetation,UniDepth2Calib-vitb14,100,calib,87.8,61.27,77.84
vegetation,UniDepth2Calib-vitb14,100,calib_ro,67.55,61.27,44.58
vegetation,UniDepth2Calib-vitb14,100,calib_shift,88.47,61.27,77.57
vegetation,UniDepth2Calib-vitb14,100,calib_shift_ro,73.24,61.27,49.38
vegetation,UniDepth2Calib-vitb14,500,calib,88.82,61.27,78.77
vegetation,UniDepth2Calib-vitb14,500,calib_ro,67.69,61.27,44.62
vegetation,UniDepth2Calib-vitb14,500,calib_shift,89.71,61.27,78.73
vegetation,UniDepth2Calib-vitb14,500,calib_shift_ro,74.14,61.27,49.7
vegetation,UniDepth2Calib-vitb14,1000,calib,89.01,61.27,78.95
vegetation,UniDepth2Calib-vitb14,1000,calib_ro,67.75,61.27,44.61
vegetation,UniDepth2Calib-vitb14,1000,calib_shift,90.2,61.27,78.98
vegetation,UniDepth2Calib-vitb14,1000,calib_shift_ro,74.27,61.27,49.75
vegetation,UniDepth2Calib-vitl14,10,calib,86.24,83.18,74.48
vegetation,UniDepth2Calib-vitl14,10,calib_ro,71.64,83.18,47.24
vegetation,UniDepth2Calib-vitl14,10,calib_shift,82.88,83.18,69.61
vegetation,UniDepth2Calib-vitl14,10,calib_shift_ro,72.32,83.18,49.04
vegetation,UniDepth2Calib-vitl14,100,calib,89.36,83.18,78.1
vegetation,UniDepth2Calib-vitl14,100,calib_ro,72.68,83.18,47.92
vegetation,UniDepth2Calib-vitl14,100,calib_shift,89.08,83.18,77.74
vegetation,UniDepth2Calib-vitl14,100,calib_shift_ro,76.17,83.18,52.04
vegetation,UniDepth2Calib-vitl14,500,calib,90.09,83.18,78.77
vegetation,UniDepth2Calib-vitl14,500,calib_ro,72.77,83.18,47.95
vegetation,UniDepth2Calib-vitl14,500,calib_shift,90.36,83.18,78.84
vegetation,UniDepth2Calib-vitl14,500,calib_shift_ro,76.48,83.18,52.3
vegetation,UniDepth2Calib-vitl14,1000,calib,90.34,83.18,78.97
vegetation,UniDepth2Calib-vitl14,1000,calib_ro,72.96,83.18,47.91
vegetation,UniDepth2Calib-vitl14,1000,calib_shift,90.69,83.18,79.04
vegetation,UniDepth2Calib-vitl14,1000,calib_shift_ro,76.79,83.18,52.34
vegetation,UniDepth2Calib-vits14,10,calib,80.22,50.32,70.62
vegetation,UniDepth2Calib-vits14,10,calib_ro,60.71,50.32,40.78
vegetation,UniDepth2Calib-vits14,10,calib_shift,78.65,50.32,65.42
vegetation,UniDepth2Calib-vits14,10,calib_shift_ro,62.95,50.32,43.26
vegetation,UniDepth2Calib-vits14,100,calib,86.12,50.32,77.21
vegetation,UniDepth2Calib-vits14,100,calib_ro,63.15,50.32,41.73
vegetation,UniDepth2Calib-vits14,100,calib_shift,87.7,50.32,76.94
vegetation,UniDepth2Calib-vits14,100,calib_shift_ro,68.04,50.32,46.98
vegetation,UniDepth2Calib-vits14,500,calib,87.66,50.32,78.62
vegetation,UniDepth2Calib-vits14,500,calib_ro,63.47,50.32,41.83
vegetation,UniDepth2Calib-vits14,500,calib_shift,89.58,50.32,78.66
vegetation,UniDepth2Calib-vits14,500,calib_shift_ro,69.3,50.32,47.3
vegetation,UniDepth2Calib-vits14,1000,calib,87.98,50.32,78.9
vegetation,UniDepth2Calib-vits14,1000,calib_ro,63.67,50.32,41.82
vegetation,UniDepth2Calib-vits14,1000,calib_shift,89.8,50.32,78.96
vegetation,UniDepth2Calib-vits14,1000,calib_shift_ro,69.62,50.32,47.39
vegetation,UniK3D-vitl,10,calib,86.56,86.59,74.85
vegetation,UniK3D-vitl,10,calib_ro,72.9,86.59,48.12
vegetation,UniK3D-vitl,10,calib_shift,83.3,86.59,70.33
vegetation,UniK3D-vitl,10,calib_shift_ro,73.06,86.59,50.99
vegetation,UniK3D-vitl,10,mdecalib,0.0,86.59,
vegetation,UniK3D-vitl,10,mdecalib_ro,0.0,86.59,
vegetation,UniK3D-vitl,10,mdecalib_shift,0.0,86.59,
vegetation,UniK3D-vitl,10,mdecalib_shift_ro,0.0,86.59,
vegetation,UniK3D-vitl,10,sf,76.73,86.59,70.22
vegetation,UniK3D-vitl,10,sf_ro,64.64,86.59,60.06
vegetation,UniK3D-vitl,10,sf_shift,68.6,86.59,60.02
vegetation,UniK3D-vitl,10,sf_shift_ro,61.28,86.59,58.12
vegetation,UniK3D-vitl,100,calib,89.8,86.59,78.2
vegetation,UniK3D-vitl,100,calib_ro,73.74,86.59,48.65
vegetation,UniK3D-vitl,100,calib_shift,89.0,86.59,77.79
vegetation,UniK3D-vitl,100,calib_shift_ro,77.32,86.59,53.81
vegetation,UniK3D-vitl,100,mdecalib,0.0,86.59,
vegetation,UniK3D-vitl,100,mdecalib_ro,0.0,86.59,
vegetation,UniK3D-vitl,100,mdecalib_shift,0.0,86.59,
vegetation,UniK3D-vitl,100,mdecalib_shift_ro,0.0,86.59,
vegetation,UniK3D-vitl,100,sf,82.05,86.59,77.44
vegetation,UniK3D-vitl,100,sf_ro,66.43,86.59,61.71
vegetation,UniK3D-vitl,100,sf_shift,81.33,86.59,76.51
vegetation,UniK3D-vitl,100,sf_shift_ro,67.75,86.59,64.59
vegetation,UniK3D-vitl,500,calib,90.62,86.59,78.86
vegetation,UniK3D-vitl,500,calib_ro,74.02,86.59,48.66
vegetation,UniK3D-vitl,500,calib_shift,90.22,86.59,78.78
vegetation,UniK3D-vitl,500,calib_shift_ro,78.09,86.59,54.03
vegetation,UniK3D-vitl,500,mdecalib,0.0,86.59,
vegetation,UniK3D-vitl,500,mdecalib_ro,0.0,86.59,
vegetation,UniK3D-vitl,500,mdecalib_shift,0.0,86.59,
vegetation,UniK3D-vitl,500,mdecalib_shift_ro,0.0,86.59,
vegetation,UniK3D-vitl,500,sf,83.59,86.59,78.9
vegetation,UniK3D-vitl,500,sf_ro,66.79,86.59,61.86
vegetation,UniK3D-vitl,500,sf_shift,83.32,86.59,78.75
vegetation,UniK3D-vitl,500,sf_shift_ro,69.23,86.59,65.1
vegetation,UniK3D-vitl,1000,calib,90.73,86.59,79.01
vegetation,UniK3D-vitl,1000,calib_ro,74.0,86.59,48.65
vegetation,UniK3D-vitl,1000,calib_shift,90.56,86.59,79.0
vegetation,UniK3D-vitl,1000,calib_shift_ro,78.15,86.59,54.06
vegetation,UniK3D-vitl,1000,mdecalib,0.0,86.59,
vegetation,UniK3D-vitl,1000,mdecalib_ro,0.0,86.59,
vegetation,UniK3D-vitl,1000,mdecalib_shift,0.0,86.59,
vegetation,UniK3D-vitl,1000,mdecalib_shift_ro,0.0,86.59,
vegetation,UniK3D-vitl,1000,sf,83.97,86.59,79.23
vegetation,UniK3D-vitl,1000,sf_ro,66.88,86.59,61.9
vegetation,UniK3D-vitl,1000,sf_shift,83.99,86.59,79.16
vegetation,UniK3D-vitl,1000,sf_shift_ro,69.34,86.59,65.18
vegetation,UniK3DCalib-vitl,10,calib,86.3,92.77,74.66
vegetation,UniK3DCalib-vitl,10,calib_ro,72.98,92.77,48.59
vegetation,UniK3DCalib-vitl,10,calib_shift,82.82,92.77,70.03
vegetation,UniK3DCalib-vitl,10,calib_shift_ro,72.74,92.77,50.55
vegetation,UniK3DCalib-vitl,100,calib,89.41,92.77,78.17
vegetation,UniK3DCalib-vitl,100,calib_ro,73.45,92.77,49.22
vegetation,UniK3DCalib-vitl,100,calib_shift,89.0,92.77,77.85
vegetation,UniK3DCalib-vitl,100,calib_shift_ro,76.8,92.77,53.56
vegetation,UniK3DCalib-vitl,500,calib,90.24,92.77,78.81
vegetation,UniK3DCalib-vitl,500,calib_ro,73.8,92.77,49.26
vegetation,UniK3DCalib-vitl,500,calib_shift,90.51,92.77,78.81
vegetation,UniK3DCalib-vitl,500,calib_shift_ro,77.58,92.77,53.77
vegetation,UniK3DCalib-vitl,1000,calib,90.37,92.77,78.98
vegetation,UniK3DCalib-vitl,1000,calib_ro,73.87,92.77,49.25
vegetation,UniK3DCalib-vitl,1000,calib_shift,90.81,92.77,79.02
vegetation,UniK3DCalib-vitl,1000,calib_shift_ro,77.81,92.77,53.82
vegetation,VGGT-VGGT-1B,10,calib,76.89,265.7,68.55
vegetation,VGGT-VGGT-1B,10,calib_ro,56.65,265.7,37.11
vegetation,VGGT-VGGT-1B,10,calib_shift,74.22,265.7,62.94
vegetation,VGGT-VGGT-1B,10,calib_shift_ro,57.8,265.7,38.61
vegetation,VGGT-VGGT-1B,10,mdecalib,42.94,265.7,51.47
vegetation,VGGT-VGGT-1B,10,mdecalib_ro,34.12,265.7,33.72
vegetation,VGGT-VGGT-1B,10,mdecalib_shift,39.22,265.7,47.05
vegetation,VGGT-VGGT-1B,10,mdecalib_shift_ro,35.33,265.7,36.35
vegetation,VGGT-VGGT-1B,10,sf,64.5,265.7,60.43
vegetation,VGGT-VGGT-1B,10,sf_ro,48.93,265.7,47.68
vegetation,VGGT-VGGT-1B,10,sf_shift,53.95,265.7,48.28
vegetation,VGGT-VGGT-1B,10,sf_shift_ro,44.03,265.7,44.16
vegetation,VGGT-VGGT-1B,100,calib,84.39,265.7,76.22
vegetation,VGGT-VGGT-1B,100,calib_ro,58.54,265.7,38.27
vegetation,VGGT-VGGT-1B,100,calib_shift,86.71,265.7,76.46
vegetation,VGGT-VGGT-1B,100,calib_shift_ro,62.97,265.7,42.74
vegetation,VGGT-VGGT-1B,100,mdecalib,47.3,265.7,58.7
vegetation,VGGT-VGGT-1B,100,mdecalib_ro,35.38,265.7,35.01
vegetation,VGGT-VGGT-1B,100,mdecalib_shift,47.31,265.7,58.58
vegetation,VGGT-VGGT-1B,100,mdecalib_shift_ro,39.0,265.7,40.6
vegetation,VGGT-VGGT-1B,100,sf,75.07,265.7,74.04
vegetation,VGGT-VGGT-1B,100,sf_ro,52.82,265.7,51.09
vegetation,VGGT-VGGT-1B,100,sf_shift,74.1,265.7,71.69
vegetation,VGGT-VGGT-1B,100,sf_shift_ro,52.23,265.7,53.06
vegetation,VGGT-VGGT-1B,500,calib,86.34,265.7,77.89
vegetation,VGGT-VGGT-1B,500,calib_ro,58.96,265.7,38.31
vegetation,VGGT-VGGT-1B,500,calib_shift,88.77,265.7,78.43
vegetation,VGGT-VGGT-1B,500,calib_shift_ro,63.7,265.7,43.11
vegetation,VGGT-VGGT-1B,500,mdecalib,48.43,265.7,60.7
vegetation,VGGT-VGGT-1B,500,mdecalib_ro,35.77,265.7,35.11
vegetation,VGGT-VGGT-1B,500,mdecalib_shift,49.0,265.7,61.02
vegetation,VGGT-VGGT-1B,500,mdecalib_shift_ro,39.35,265.7,40.95
vegetation,VGGT-VGGT-1B,500,sf,77.3,265.7,76.88
vegetation,VGGT-VGGT-1B,500,sf_ro,53.38,265.7,51.46
vegetation,VGGT-VGGT-1B,500,sf_shift,78.62,265.7,77.15
vegetation,VGGT-VGGT-1B,500,sf_shift_ro,53.84,265.7,53.99
vegetation,VGGT-VGGT-1B,1000,calib,86.94,265.7,78.44
vegetation,VGGT-VGGT-1B,1000,calib_ro,59.2,265.7,38.3
vegetation,VGGT-VGGT-1B,1000,calib_shift,89.38,265.7,78.89
vegetation,VGGT-VGGT-1B,1000,calib_shift_ro,63.91,265.7,43.17
vegetation,VGGT-VGGT-1B,1000,mdecalib,48.79,265.7,61.36
vegetation,VGGT-VGGT-1B,1000,mdecalib_ro,35.88,265.7,35.12
vegetation,VGGT-VGGT-1B,1000,mdecalib_shift,49.37,265.7,61.8
vegetation,VGGT-VGGT-1B,1000,mdecalib_shift_ro,39.49,265.7,40.99
vegetation,VGGT-VGGT-1B,1000,sf,77.98,265.7,77.62
vegetation,VGGT-VGGT-1B,1000,sf_ro,53.47,265.7,51.54
vegetation,VGGT-VGGT-1B,1000,sf_shift,79.33,265.7,78.09
vegetation,VGGT-VGGT-1B,1000,sf_shift_ro,54.31,265.7,54.09
vegetation,gt,10,calib,96.81,0.0,79.18
vegetation,gt,10,calib_ro,99.0,0.0,99.99
vegetation,gt,10,calib_shift,96.43,0.0,79.33
vegetation,gt,10,calib_shift_ro,98.91,0.0,99.99
vegetation,gt,10,mdecalib,0.0,0.0,
vegetation,gt,10,mdecalib_ro,0.0,0.0,
vegetation,gt,10,mdecalib_shift,0.0,0.0,
vegetation,gt,10,mdecalib_shift_ro,0.0,0.0,
vegetation,gt,10,sf,94.85,0.0,79.74
vegetation,gt,10,sf_ro,98.3,0.0,100.0
vegetation,gt,10,sf_shift,94.46,0.0,79.95
vegetation,gt,10,sf_shift_ro,98.17,0.0,100.0
vegetation,gt,100,calib,96.8,0.0,79.23
vegetation,gt,100,calib_ro,99.0,0.0,99.99
vegetation,gt,100,calib_shift,96.42,0.0,79.39
vegetation,gt,100,calib_shift_ro,98.91,0.0,99.99
vegetation,gt,100,mdecalib,0.0,0.0,
vegetation,gt,100,mdecalib_ro,0.0,0.0,
vegetation,gt,100,mdecalib_shift,0.0,0.0,
vegetation,gt,100,mdecalib_shift_ro,0.0,0.0,
vegetation,gt,100,sf,94.89,0.0,79.81
vegetation,gt,100,sf_ro,98.3,0.0,100.0
vegetation,gt,100,sf_shift,94.49,0.0,79.99
vegetation,gt,100,sf_shift_ro,98.18,0.0,100.0
vegetation,gt,500,calib,96.74,0.0,79.25
vegetation,gt,500,calib_ro,99.0,0.0,99.99
vegetation,gt,500,calib_shift,96.32,0.0,79.4
vegetation,gt,500,calib_shift_ro,98.91,0.0,99.99
vegetation,gt,500,mdecalib,0.0,0.0,
vegetation,gt,500,mdecalib_ro,0.0,0.0,
vegetation,gt,500,mdecalib_shift,0.0,0.0,
vegetation,gt,500,mdecalib_shift_ro,0.0,0.0,
vegetation,gt,500,sf,94.84,0.0,79.83
vegetation,gt,500,sf_ro,98.3,0.0,100.0
vegetation,gt,500,sf_shift,94.42,0.0,80.01
vegetation,gt,500,sf_shift_ro,98.18,0.0,100.0
vegetation,gt,1000,calib,96.68,0.0,79.26
vegetation,gt,1000,calib_ro,99.0,0.0,99.99
vegetation,gt,1000,calib_shift,96.31,0.0,79.41
vegetation,gt,1000,calib_shift_ro,98.91,0.0,99.99
vegetation,gt,1000,mdecalib,0.0,0.0,
vegetation,gt,1000,mdecalib_ro,0.0,0.0,
vegetation,gt,1000,mdecalib_shift,0.0,0.0,
vegetation,gt,1000,mdecalib_shift_ro,0.0,0.0,
vegetation,gt,1000,sf,94.75,0.0,79.85
vegetation,gt,1000,sf_ro,98.3,0.0,100.0
vegetation,gt,1000,sf_shift,94.43,0.0,80.03
vegetation,gt,1000,sf_shift_ro,98.18,0.0,100.0
vegetation,none,10,baseline_calib,90.71,0.0,78.29
vegetation,none,10,baseline_sf,82.99,0.0,78.2
vegetation,none,100,baseline_calib,91.8,0.0,79.38
vegetation,none,100,baseline_sf,84.77,0.0,79.99
vegetation,none,500,baseline_calib,92.27,0.0,79.5
vegetation,none,500,baseline_sf,85.25,0.0,80.21
vegetation,none,1000,baseline_calib,92.36,0.0,79.51
vegetation,none,1000,baseline_sf,85.39,0.0,80.25
