group,dataset,mde,iters,solver,pose_mAA_10,mean_mde_runtime,mean_inliers
standard_benchmark,sintel,DepthAnythingV2-vitb,10,calib,51.75,86.86,73.84
standard_benchmark,sintel,DepthAnythingV2-vitb,10,sf,31.06,86.86,66.73
standard_benchmark,sintel,DepthAnythingV2-vitb,10,calib_shift,61.36,86.86,73.85
standard_benchmark,sintel,DepthAnythingV2-vitb,10,sf_shift,36.23,86.86,55.24
standard_benchmark,sintel,DepthAnythingV2-vitb,10,calib_ro,29.71,86.86,76.19
standard_benchmark,sintel,DepthAnythingV2-vitb,10,sf_ro,22.18,86.86,79.4
standard_benchmark,sintel,DepthAnythingV2-vitb,10,calib_shift_ro,46.22,86.86,85.87
standard_benchmark,sintel,DepthAnythingV2-vitb,10,sf_shift_ro,27.9,86.86,78.42
standard_benchmark,sintel,DepthAnythingV2-vitb,100,calib,58.2,86.86,77.82
standard_benchmark,sintel,DepthAnythingV2-vitb,100,sf,37.8,86.86,74.23
standard_benchmark,sintel,DepthAnythingV2-vitb,100,calib_shift,68.97,86.86,77.8
standard_benchmark,sintel,DepthAnythingV2-vitb,100,sf_shift,46.78,86.86,71.29
standard_benchmark,sintel,DepthAnythingV2-vitb,100,calib_ro,29.78,86.86,76.75
standard_benchmark,sintel,DepthAnythingV2-vitb,100,sf_ro,22.01,86.86,82.52
standard_benchmark,sintel,DepthAnythingV2-vitb,100,calib_shift_ro,48.7,86.86,87.59
standard_benchmark,sintel,DepthAnythingV2-vitb,100,sf_shift_ro,31.57,86.86,86.68
standard_benchmark,sintel,DepthAnythingV2-vitb,500,calib,59.69,86.86,78.61
standard_benchmark,sintel,DepthAnythingV2-vitb,500,sf,40.85,86.86,76.85
standard_benchmark,sintel,DepthAnythingV2-vitb,500,calib_shift,71.39,86.86,78.51
standard_benchmark,sintel,DepthAnythingV2-vitb,500,sf_shift,51.17,86.86,75.36
standard_benchmark,sintel,DepthAnythingV2-vitb,500,calib_ro,29.96,86.86,76.79
standard_benchmark,sintel,DepthAnythingV2-vitb,500,sf_ro,22.11,86.86,82.85
standard_benchmark,sintel,DepthAnythingV2-vitb,500,calib_shift_ro,48.95,86.86,87.72
standard_benchmark,sintel,DepthAnythingV2-vitb,500,sf_shift_ro,32.6,86.86,87.97
standard_benchmark,sintel,DepthAnythingV2-vitb,1000,calib,59.91,86.86,78.77
standard_benchmark,sintel,DepthAnythingV2-vitb,1000,sf,42.15,86.86,77.59
standard_benchmark,sintel,DepthAnythingV2-vitb,1000,calib_shift,72.0,86.86,78.67
standard_benchmark,sintel,DepthAnythingV2-vitb,1000,sf_shift,53.1,86.86,76.45
standard_benchmark,sintel,DepthAnythingV2-vitb,1000,calib_ro,29.91,86.86,76.79
standard_benchmark,sintel,DepthAnythingV2-vitb,1000,sf_ro,22.1,86.86,82.93
standard_benchmark,sintel,DepthAnythingV2-vitb,1000,calib_shift_ro,49.1,86.86,87.79
standard_benchmark,sintel,DepthAnythingV2-vitb,1000,sf_shift_ro,32.73,86.86,88.36
standard_benchmark,sintel,DepthAnythingV2-vitl,10,calib,35.88,213.14,39.09
standard_benchmark,sintel,DepthAnythingV2-vitl,10,sf,31.15,213.14,67.09
standard_benchmark,sintel,DepthAnythingV2-vitl,10,calib_shift,57.9,213.14,63.64
standard_benchmark,sintel,DepthAnythingV2-vitl,10,sf_shift,36.37,213.14,55.92
standard_benchmark,sintel,DepthAnythingV2-vitl,10,calib_ro,28.34,213.14,76.99
standard_benchmark,sintel,DepthAnythingV2-vitl,10,sf_ro,22.21,213.14,80.61
standard_benchmark,sintel,DepthAnythingV2-vitl,10,calib_shift_ro,46.71,213.14,87.24
standard_benchmark,sintel,DepthAnythingV2-vitl,10,sf_shift_ro,29.51,213.14,79.28
standard_benchmark,sintel,DepthAnythingV2-vitl,100,calib,42.27,213.14,46.96
standard_benchmark,sintel,DepthAnythingV2-vitl,100,sf,37.83,213.14,73.67
standard_benchmark,sintel,DepthAnythingV2-vitl,100,calib_shift,66.71,213.14,72.24
standard_benchmark,sintel,DepthAnythingV2-vitl,100,sf_shift,47.33,213.14,71.51
standard_benchmark,sintel,DepthAnythingV2-vitl,100,calib_ro,28.53,213.14,77.64
standard_benchmark,sintel,DepthAnythingV2-vitl,100,sf_ro,21.91,213.14,83.38
standard_benchmark,sintel,DepthAnythingV2-vitl,100,calib_shift_ro,48.46,213.14,88.53
standard_benchmark,sintel,DepthAnythingV2-vitl,100,sf_shift_ro,33.9,213.14,87.81
standard_benchmark,sintel,DepthAnythingV2-vitl,500,calib,45.67,213.14,51.7
standard_benchmark,sintel,DepthAnythingV2-vitl,500,sf,40.87,213.14,76.17
standard_benchmark,sintel,DepthAnythingV2-vitl,500,calib_shift,70.39,213.14,75.59
standard_benchmark,sintel,DepthAnythingV2-vitl,500,sf_shift,52.63,213.14,75.71
standard_benchmark,sintel,DepthAnythingV2-vitl,500,calib_ro,28.58,213.14,77.69
standard_benchmark,sintel,DepthAnythingV2-vitl,500,sf_ro,21.92,213.14,83.58
standard_benchmark,sintel,DepthAnythingV2-vitl,500,calib_shift_ro,48.39,213.14,88.69
standard_benchmark,sintel,DepthAnythingV2-vitl,500,sf_shift_ro,34.68,213.14,88.93
standard_benchmark,sintel,DepthAnythingV2-vitl,1000,calib,46.78,213.14,53.8
standard_benchmark,sintel,DepthAnythingV2-vitl,1000,sf,42.31,213.14,77.13
standard_benchmark,sintel,DepthAnythingV2-vitl,1000,calib_shift,71.2,213.14,76.45
standard_benchmark,sintel,DepthAnythingV2-vitl,1000,sf_shift,53.91,213.14,76.63
standard_benchmark,sintel,DepthAnythingV2-vitl,1000,calib_ro,28.53,213.14,77.69
standard_benchmark,sintel,DepthAnythingV2-vitl,1000,sf_ro,21.9,213.14,83.64
standard_benchmark,sintel,DepthAnythingV2-vitl,1000,calib_shift_ro,48.35,213.14,88.71
standard_benchmark,sintel,DepthAnythingV2-vitl,1000,sf_shift_ro,35.04,213.14,89.35
standard_benchmark,sintel,DepthAnythingV2-vits,10,calib,51.74,53.73,73.09
standard_benchmark,sintel,DepthAnythingV2-vits,10,sf,30.16,53.73,66.51
standard_benchmark,sintel,DepthAnythingV2-vits,10,calib_shift,61.37,53.73,73.68
standard_benchmark,sintel,DepthAnythingV2-vits,10,sf_shift,34.21,53.73,55.8
standard_benchmark,sintel,DepthAnythingV2-vits,10,calib_ro,28.28,53.73,76.28
standard_benchmark,sintel,DepthAnythingV2-vits,10,sf_ro,20.71,53.73,79.3
standard_benchmark,sintel,DepthAnythingV2-vits,10,calib_shift_ro,46.16,53.73,85.65
standard_benchmark,sintel,DepthAnythingV2-vits,10,sf_shift_ro,29.05,53.73,79.45
standard_benchmark,sintel,DepthAnythingV2-vits,100,calib,58.97,53.73,77.61
standard_benchmark,sintel,DepthAnythingV2-vits,100,sf,36.34,53.73,73.85
standard_benchmark,sintel,DepthAnythingV2-vits,100,calib_shift,68.37,53.73,77.7
standard_benchmark,sintel,DepthAnythingV2-vits,100,sf_shift,45.52,53.73,71.53
standard_benchmark,sintel,DepthAnythingV2-vits,100,calib_ro,28.19,53.73,76.93
standard_benchmark,sintel,DepthAnythingV2-vits,100,sf_ro,20.65,53.73,82.43
standard_benchmark,sintel,DepthAnythingV2-vits,100,calib_shift_ro,49.01,53.73,87.29
standard_benchmark,sintel,DepthAnythingV2-vits,100,sf_shift_ro,32.28,53.73,87.21
standard_benchmark,sintel,DepthAnythingV2-vits,500,calib,60.94,53.73,78.58
standard_benchmark,sintel,DepthAnythingV2-vits,500,sf,39.69,53.73,76.41
standard_benchmark,sintel,DepthAnythingV2-vits,500,calib_shift,71.33,53.73,78.55
standard_benchmark,sintel,DepthAnythingV2-vits,500,sf_shift,49.11,53.73,75.75
standard_benchmark,sintel,DepthAnythingV2-vits,500,calib_ro,28.24,53.73,76.96
standard_benchmark,sintel,DepthAnythingV2-vits,500,sf_ro,20.66,53.73,82.79
standard_benchmark,sintel,DepthAnythingV2-vits,500,calib_shift_ro,49.65,53.73,87.51
standard_benchmark,sintel,DepthAnythingV2-vits,500,sf_shift_ro,33.44,53.73,88.28
standard_benchmark,sintel,DepthAnythingV2-vits,1000,calib,60.78,53.73,78.72
standard_benchmark,sintel,DepthAnythingV2-vits,1000,sf,40.66,53.73,77.27
standard_benchmark,sintel,DepthAnythingV2-vits,1000,calib_shift,71.72,53.73,78.71
standard_benchmark,sintel,DepthAnythingV2-vits,1000,sf_shift,50.71,53.73,76.72
standard_benchmark,sintel,DepthAnythingV2-vits,1000,calib_ro,28.27,53.73,76.97
standard_benchmark,sintel,DepthAnythingV2-vits,1000,sf_ro,20.59,53.73,82.85
standard_benchmark,sintel,DepthAnythingV2-vits,1000,calib_shift_ro,49.73,53.73,87.56
standard_benchmark,sintel,DepthAnythingV2-vits,1000,sf_shift_ro,33.67,53.73,88.5
standard_benchmark,sintel,DepthAnythingV3-DA3METRIC-LARGE,10,calib,64.61,40.76,75.42
standard_benchmark,sintel,DepthAnythingV3-DA3METRIC-LARGE,10,sf,52.52,40.76,73.64
standard_benchmark,sintel,DepthAnythingV3-DA3METRIC-LARGE,10,calib_shift,60.99,40.76,73.69
standard_benchmark,sintel,DepthAnythingV3-DA3METRIC-LARGE,10,sf_shift,34.02,40.76,55.73
standard_benchmark,sintel,DepthAnythingV3-DA3METRIC-LARGE,10,calib_ro,42.24,40.76,84.62
standard_benchmark,sintel,DepthAnythingV3-DA3METRIC-LARGE,10,sf_ro,38.34,40.76,87.32
standard_benchmark,sintel,DepthAnythingV3-DA3METRIC-LARGE,10,calib_shift_ro,48.94,40.76,86.14
standard_benchmark,sintel,DepthAnythingV3-DA3METRIC-LARGE,10,sf_shift_ro,27.67,40.76,79.4
standard_benchmark,sintel,DepthAnythingV3-DA3METRIC-LARGE,100,calib,70.32,40.76,78.28
standard_benchmark,sintel,DepthAnythingV3-DA3METRIC-LARGE,100,sf,59.18,40.76,78.05
standard_benchmark,sintel,DepthAnythingV3-DA3METRIC-LARGE,100,calib_shift,69.55,40.76,78.21
standard_benchmark,sintel,DepthAnythingV3-DA3METRIC-LARGE,100,sf_shift,43.89,40.76,71.7
standard_benchmark,sintel,DepthAnythingV3-DA3METRIC-LARGE,100,calib_ro,42.87,40.76,84.93
standard_benchmark,sintel,DepthAnythingV3-DA3METRIC-LARGE,100,sf_ro,38.84,40.76,88.33
standard_benchmark,sintel,DepthAnythingV3-DA3METRIC-LARGE,100,calib_shift_ro,51.04,40.76,87.52
standard_benchmark,sintel,DepthAnythingV3-DA3METRIC-LARGE,100,sf_shift_ro,31.33,40.76,87.34
standard_benchmark,sintel,DepthAnythingV3-DA3METRIC-LARGE,500,calib,71.69,40.76,78.98
standard_benchmark,sintel,DepthAnythingV3-DA3METRIC-LARGE,500,sf,61.37,40.76,79.0
standard_benchmark,sintel,DepthAnythingV3-DA3METRIC-LARGE,500,calib_shift,72.68,40.76,79.05
standard_benchmark,sintel,DepthAnythingV3-DA3METRIC-LARGE,500,sf_shift,48.18,40.76,75.75
standard_benchmark,sintel,DepthAnythingV3-DA3METRIC-LARGE,500,calib_ro,42.8,40.76,84.95
standard_benchmark,sintel,DepthAnythingV3-DA3METRIC-LARGE,500,sf_ro,38.93,40.76,88.47
standard_benchmark,sintel,DepthAnythingV3-DA3METRIC-LARGE,500,calib_shift_ro,51.54,40.76,87.65
standard_benchmark,sintel,DepthAnythingV3-DA3METRIC-LARGE,500,sf_shift_ro,33.11,40.76,88.64
standard_benchmark,sintel,DepthAnythingV3-DA3METRIC-LARGE,1000,calib,71.94,40.76,79.08
standard_benchmark,sintel,DepthAnythingV3-DA3METRIC-LARGE,1000,sf,62.06,40.76,79.25
standard_benchmark,sintel,DepthAnythingV3-DA3METRIC-LARGE,1000,calib_shift,73.42,40.76,79.19
standard_benchmark,sintel,DepthAnythingV3-DA3METRIC-LARGE,1000,sf_shift,49.57,40.76,76.78
standard_benchmark,sintel,DepthAnythingV3-DA3METRIC-LARGE,1000,calib_ro,42.82,40.76,84.96
standard_benchmark,sintel,DepthAnythingV3-DA3METRIC-LARGE,1000,sf_ro,38.99,40.76,88.49
standard_benchmark,sintel,DepthAnythingV3-DA3METRIC-LARGE,1000,calib_shift_ro,51.6,40.76,87.67
standard_benchmark,sintel,DepthAnythingV3-DA3METRIC-LARGE,1000,sf_shift_ro,33.47,40.76,88.97
standard_benchmark,sintel,DepthAnythingV3-DA3MONO-LARGE,10,calib,53.31,40.46,74.48
standard_benchmark,sintel,DepthAnythingV3-DA3MONO-LARGE,10,sf,36.81,40.46,72.02
standard_benchmark,sintel,DepthAnythingV3-DA3MONO-LARGE,10,calib_shift,60.05,40.46,74.39
standard_benchmark,sintel,DepthAnythingV3-DA3MONO-LARGE,10,sf_shift,34.87,40.46,56.34
standard_benchmark,sintel,DepthAnythingV3-DA3MONO-LARGE,10,calib_ro,31.71,40.46,81.05
standard_benchmark,sintel,DepthAnythingV3-DA3MONO-LARGE,10,sf_ro,27.94,40.46,84.48
standard_benchmark,sintel,DepthAnythingV3-DA3MONO-LARGE,10,calib_shift_ro,50.19,40.46,87.42
standard_benchmark,sintel,DepthAnythingV3-DA3MONO-LARGE,10,sf_shift_ro,31.29,40.46,80.77
standard_benchmark,sintel,DepthAnythingV3-DA3MONO-LARGE,100,calib,60.24,40.46,78.09
standard_benchmark,sintel,DepthAnythingV3-DA3MONO-LARGE,100,sf,43.99,40.46,77.32
standard_benchmark,sintel,DepthAnythingV3-DA3MONO-LARGE,100,calib_shift,67.53,40.46,78.37
standard_benchmark,sintel,DepthAnythingV3-DA3MONO-LARGE,100,sf_shift,45.3,40.46,72.02
standard_benchmark,sintel,DepthAnythingV3-DA3MONO-LARGE,100,calib_ro,31.68,40.46,81.5
standard_benchmark,sintel,DepthAnythingV3-DA3MONO-LARGE,100,sf_ro,28.28,40.46,85.93
standard_benchmark,sintel,DepthAnythingV3-DA3MONO-LARGE,100,calib_shift_ro,52.06,40.46,88.79
standard_benchmark,sintel,DepthAnythingV3-DA3MONO-LARGE,100,sf_shift_ro,34.83,40.46,88.53
standard_benchmark,sintel,DepthAnythingV3-DA3MONO-LARGE,500,calib,62.08,40.46,78.89
standard_benchmark,sintel,DepthAnythingV3-DA3MONO-LARGE,500,sf,46.8,40.46,78.81
standard_benchmark,sintel,DepthAnythingV3-DA3MONO-LARGE,500,calib_shift,71.26,40.46,79.1
standard_benchmark,sintel,DepthAnythingV3-DA3MONO-LARGE,500,sf_shift,49.37,40.46,76.24
standard_benchmark,sintel,DepthAnythingV3-DA3MONO-LARGE,500,calib_ro,31.69,40.46,81.54
standard_benchmark,sintel,DepthAnythingV3-DA3MONO-LARGE,500,sf_ro,28.14,40.46,86.13
standard_benchmark,sintel,DepthAnythingV3-DA3MONO-LARGE,500,calib_shift_ro,52.18,40.46,88.87
standard_benchmark,sintel,DepthAnythingV3-DA3MONO-LARGE,500,sf_shift_ro,36.94,40.46,89.73
standard_benchmark,sintel,DepthAnythingV3-DA3MONO-LARGE,1000,calib,62.51,40.46,79.05
standard_benchmark,sintel,DepthAnythingV3-DA3MONO-LARGE,1000,sf,47.87,40.46,79.17
standard_benchmark,sintel,DepthAnythingV3-DA3MONO-LARGE,1000,calib_shift,72.37,40.46,79.27
standard_benchmark,sintel,DepthAnythingV3-DA3MONO-LARGE,1000,sf_shift,50.4,40.46,77.02
standard_benchmark,sintel,DepthAnythingV3-DA3MONO-LARGE,1000,calib_ro,31.73,40.46,81.56
standard_benchmark,sintel,DepthAnythingV3-DA3MONO-LARGE,1000,sf_ro,28.13,40.46,86.14
standard_benchmark,sintel,DepthAnythingV3-DA3MONO-LARGE,1000,calib_shift_ro,52.27,40.46,88.89
standard_benchmark,sintel,DepthAnythingV3-DA3MONO-LARGE,1000,sf_shift_ro,37.31,40.46,90.0
standard_benchmark,sintel,DepthAnythingV3Calib-DA3METRIC-LARGE,10,calib,64.61,46.75,75.42
standard_benchmark,sintel,DepthAnythingV3Calib-DA3METRIC-LARGE,10,calib_shift,60.99,46.75,73.69
standard_benchmark,sintel,DepthAnythingV3Calib-DA3METRIC-LARGE,10,calib_ro,42.24,46.75,84.62
standard_benchmark,sintel,DepthAnythingV3Calib-DA3METRIC-LARGE,10,calib_shift_ro,48.94,46.75,86.14
standard_benchmark,sintel,DepthAnythingV3Calib-DA3METRIC-LARGE,100,calib,70.32,46.75,78.28
standard_benchmark,sintel,DepthAnythingV3Calib-DA3METRIC-LARGE,100,calib_shift,69.55,46.75,78.21
standard_benchmark,sintel,DepthAnythingV3Calib-DA3METRIC-LARGE,100,calib_ro,42.87,46.75,84.93
standard_benchmark,sintel,DepthAnythingV3Calib-DA3METRIC-LARGE,100,calib_shift_ro,51.04,46.75,87.52
standard_benchmark,sintel,DepthAnythingV3Calib-DA3METRIC-LARGE,500,calib,71.69,46.75,78.98
standard_benchmark,sintel,DepthAnythingV3Calib-DA3METRIC-LARGE,500,calib_shift,72.68,46.75,79.05
standard_benchmark,sintel,DepthAnythingV3Calib-DA3METRIC-LARGE,500,calib_ro,42.8,46.75,84.95
standard_benchmark,sintel,DepthAnythingV3Calib-DA3METRIC-LARGE,500,calib_shift_ro,51.54,46.75,87.65
standard_benchmark,sintel,DepthAnythingV3Calib-DA3METRIC-LARGE,1000,calib,71.94,46.75,79.08
standard_benchmark,sintel,DepthAnythingV3Calib-DA3METRIC-LARGE,1000,calib_shift,73.43,46.75,79.19
standard_benchmark,sintel,DepthAnythingV3Calib-DA3METRIC-LARGE,1000,calib_ro,42.82,46.75,84.96
standard_benchmark,sintel,DepthAnythingV3Calib-DA3METRIC-LARGE,1000,calib_shift_ro,51.6,46.75,87.67
standard_benchmark,sintel,DepthAnythingV3Calib-DA3MONO-LARGE,10,calib,53.31,47.49,74.48
standard_benchmark,sintel,DepthAnythingV3Calib-DA3MONO-LARGE,10,calib_shift,60.04,47.49,74.39
standard_benchmark,sintel,DepthAnythingV3Calib-DA3MONO-LARGE,10,calib_ro,31.71,47.49,81.05
standard_benchmark,sintel,DepthAnythingV3Calib-DA3MONO-LARGE,10,calib_shift_ro,50.13,47.49,87.42
standard_benchmark,sintel,DepthAnythingV3Calib-DA3MONO-LARGE,100,calib,60.24,47.49,78.09
standard_benchmark,sintel,DepthAnythingV3Calib-DA3MONO-LARGE,100,calib_shift,67.54,47.49,78.37
standard_benchmark,sintel,DepthAnythingV3Calib-DA3MONO-LARGE,100,calib_ro,31.68,47.49,81.5
standard_benchmark,sintel,DepthAnythingV3Calib-DA3MONO-LARGE,100,calib_shift_ro,52.06,47.49,88.79
standard_benchmark,sintel,DepthAnythingV3Calib-DA3MONO-LARGE,500,calib,62.08,47.49,78.89
standard_benchmark,sintel,DepthAnythingV3Calib-DA3MONO-LARGE,500,calib_shift,71.26,47.49,79.1
standard_benchmark,sintel,DepthAnythingV3Calib-DA3MONO-LARGE,500,calib_ro,31.69,47.49,81.54
standard_benchmark,sintel,DepthAnythingV3Calib-DA3MONO-LARGE,500,calib_shift_ro,52.18,47.49,88.87
standard_benchmark,sintel,DepthAnythingV3Calib-DA3MONO-LARGE,1000,calib,62.51,47.49,79.05
standard_benchmark,sintel,DepthAnythingV3Calib-DA3MONO-LARGE,1000,calib_shift,72.38,47.49,79.27
standard_benchmark,sintel,DepthAnythingV3Calib-DA3MONO-LARGE,1000,calib_ro,31.73,47.49,81.56
standard_benchmark,sintel,DepthAnythingV3Calib-DA3MONO-LARGE,1000,calib_shift_ro,52.27,47.49,88.89
standard_benchmark,sintel,DepthPro-vitl,10,calib,62.25,120.22,76.06
standard_benchmark,sintel,DepthPro-vitl,10,mdecalib,19.02,120.22,63.8
standard_benchmark,sintel,DepthPro-vitl,10,sf,45.56,120.22,72.64
standard_benchmark,sintel,DepthPro-vitl,10,calib_shift,59.09,120.22,72.82
standard_benchmark,sintel,DepthPro-vitl,10,mdecalib_shift,20.34,120.22,63.16
standard_benchmark,sintel,DepthPro-vitl,10,sf_shift,36.04,120.22,54.94
standard_benchmark,sintel,DepthPro-vitl,10,calib_ro,37.62,120.22,83.84
standard_benchmark,sintel,DepthPro-vitl,10,mdecalib_ro,13.81,120.22,70.37
standard_benchmark,sintel,DepthPro-vitl,10,sf_ro,30.19,120.22,85.93
standard_benchmark,sintel,DepthPro-vitl,10,calib_shift_ro,50.71,120.22,85.18
standard_benchmark,sintel,DepthPro-vitl,10,mdecalib_shift_ro,19.32,120.22,81.16
standard_benchmark,sintel,DepthPro-vitl,10,sf_shift_ro,33.77,120.22,77.08
standard_benchmark,sintel,DepthPro-vitl,100,calib,68.09,120.22,78.71
standard_benchmark,sintel,DepthPro-vitl,100,mdecalib,19.99,120.22,67.45
standard_benchmark,sintel,DepthPro-vitl,100,sf,50.97,120.22,77.31
standard_benchmark,sintel,DepthPro-vitl,100,calib_shift,65.26,120.22,77.12
standard_benchmark,sintel,DepthPro-vitl,100,mdecalib_shift,21.72,120.22,67.68
standard_benchmark,sintel,DepthPro-vitl,100,sf_shift,46.29,120.22,71.41
standard_benchmark,sintel,DepthPro-vitl,100,calib_ro,37.75,120.22,84.2
standard_benchmark,sintel,DepthPro-vitl,100,mdecalib_ro,13.77,120.22,71.17
standard_benchmark,sintel,DepthPro-vitl,100,sf_ro,30.47,120.22,87.45
standard_benchmark,sintel,DepthPro-vitl,100,calib_shift_ro,53.08,120.22,87.56
standard_benchmark,sintel,DepthPro-vitl,100,mdecalib_shift_ro,20.3,120.22,83.91
standard_benchmark,sintel,DepthPro-vitl,100,sf_shift_ro,37.92,120.22,86.88
standard_benchmark,sintel,DepthPro-vitl,500,calib,69.68,120.22,79.13
standard_benchmark,sintel,DepthPro-vitl,500,mdecalib,20.3,120.22,68.8
standard_benchmark,sintel,DepthPro-vitl,500,sf,53.32,120.22,78.57
standard_benchmark,sintel,DepthPro-vitl,500,calib_shift,69.08,120.22,78.23
standard_benchmark,sintel,DepthPro-vitl,500,mdecalib_shift,22.15,120.22,69.06
standard_benchmark,sintel,DepthPro-vitl,500,sf_shift,50.92,120.22,75.35
standard_benchmark,sintel,DepthPro-vitl,500,calib_ro,37.71,120.22,84.27
standard_benchmark,sintel,DepthPro-vitl,500,mdecalib_ro,13.84,120.22,71.27
standard_benchmark,sintel,DepthPro-vitl,500,sf_ro,30.5,120.22,87.73
standard_benchmark,sintel,DepthPro-vitl,500,calib_shift_ro,53.49,120.22,87.85
standard_benchmark,sintel,DepthPro-vitl,500,mdecalib_shift_ro,20.69,120.22,84.29
standard_benchmark,sintel,DepthPro-vitl,500,sf_shift_ro,39.78,120.22,88.09
standard_benchmark,sintel,DepthPro-vitl,1000,calib,70.05,120.22,79.21
standard_benchmark,sintel,DepthPro-vitl,1000,mdecalib,20.38,120.22,69.19
standard_benchmark,sintel,DepthPro-vitl,1000,sf,54.09,120.22,78.95
standard_benchmark,sintel,DepthPro-vitl,1000,calib_shift,70.19,120.22,78.56
standard_benchmark,sintel,DepthPro-vitl,1000,mdecalib_shift,22.2,120.22,69.5
standard_benchmark,sintel,DepthPro-vitl,1000,sf_shift,52.5,120.22,76.33
standard_benchmark,sintel,DepthPro-vitl,1000,calib_ro,37.72,120.22,84.27
standard_benchmark,sintel,DepthPro-vitl,1000,mdecalib_ro,13.86,120.22,71.28
standard_benchmark,sintel,DepthPro-vitl,1000,sf_ro,30.53,120.22,87.83
standard_benchmark,sintel,DepthPro-vitl,1000,calib_shift_ro,53.55,120.22,87.86
standard_benchmark,sintel,DepthPro-vitl,1000,mdecalib_shift_ro,20.71,120.22,84.31
standard_benchmark,sintel,DepthPro-vitl,1000,sf_shift_ro,40.08,120.22,88.43
standard_benchmark,sintel,DepthProCalib-vitl,10,calib,62.08,120.33,76.04
standard_benchmark,sintel,DepthProCalib-vitl,10,calib_shift,58.84,120.33,72.81
standard_benchmark,sintel,DepthProCalib-vitl,10,calib_ro,37.66,120.33,83.84
standard_benchmark,sintel,DepthProCalib-vitl,10,calib_shift_ro,50.59,120.33,85.16
standard_benchmark,sintel,DepthProCalib-vitl,100,calib,67.93,120.33,78.69
standard_benchmark,sintel,DepthProCalib-vitl,100,calib_shift,65.07,120.33,77.09
standard_benchmark,sintel,DepthProCalib-vitl,100,calib_ro,37.74,120.33,84.2
standard_benchmark,sintel,DepthProCalib-vitl,100,calib_shift_ro,53.15,120.33,87.61
standard_benchmark,sintel,DepthProCalib-vitl,500,calib,69.65,120.33,79.11
standard_benchmark,sintel,DepthProCalib-vitl,500,calib_shift,69.12,120.33,78.23
standard_benchmark,sintel,DepthProCalib-vitl,500,calib_ro,37.71,120.33,84.27
standard_benchmark,sintel,DepthProCalib-vitl,500,calib_shift_ro,53.45,120.33,87.88
standard_benchmark,sintel,DepthProCalib-vitl,1000,calib,70.03,120.33,79.2
standard_benchmark,sintel,DepthProCalib-vitl,1000,calib_shift,70.47,120.33,78.54
standard_benchmark,sintel,DepthProCalib-vitl,1000,calib_ro,37.72,120.33,84.27
standard_benchmark,sintel,DepthProCalib-vitl,1000,calib_shift_ro,53.52,120.33,87.89
standard_benchmark,sintel,MapAnything-map-anything,10,calib,56.6,180.89,75.71
standard_benchmark,sintel,MapAnything-map-anything,10,mdecalib,23.18,180.89,68.69
standard_benchmark,sintel,MapAnything-map-anything,10,sf,43.29,180.89,72.17
standard_benchmark,sintel,MapAnything-map-anything,10,calib_shift,57.26,180.89,72.38
standard_benchmark,sintel,MapAnything-map-anything,10,mdecalib_shift,20.22,180.89,67.4
standard_benchmark,sintel,MapAnything-map-anything,10,sf_shift,31.76,180.89,53.73
standard_benchmark,sintel,MapAnything-map-anything,10,calib_ro,34.1,180.89,76.91
standard_benchmark,sintel,MapAnything-map-anything,10,mdecalib_ro,19.19,180.89,70.35
standard_benchmark,sintel,MapAnything-map-anything,10,sf_ro,24.68,180.89,81.44
standard_benchmark,sintel,MapAnything-map-anything,10,calib_shift_ro,34.22,180.89,80.15
standard_benchmark,sintel,MapAnything-map-anything,10,mdecalib_shift_ro,16.69,180.89,78.52
standard_benchmark,sintel,MapAnything-map-anything,10,sf_shift_ro,19.66,180.89,74.15
standard_benchmark,sintel,MapAnything-map-anything,100,calib,63.01,180.89,78.34
standard_benchmark,sintel,MapAnything-map-anything,100,mdecalib,25.32,180.89,72.09
standard_benchmark,sintel,MapAnything-map-anything,100,sf,48.32,180.89,77.59
standard_benchmark,sintel,MapAnything-map-anything,100,calib_shift,65.63,180.89,77.61
standard_benchmark,sintel,MapAnything-map-anything,100,mdecalib_shift,22.12,180.89,72.47
standard_benchmark,sintel,MapAnything-map-anything,100,sf_shift,41.18,180.89,70.32
standard_benchmark,sintel,MapAnything-map-anything,100,calib_ro,34.72,180.89,77.39
standard_benchmark,sintel,MapAnything-map-anything,100,mdecalib_ro,19.63,180.89,71.18
standard_benchmark,sintel,MapAnything-map-anything,100,sf_ro,26.46,180.89,83.83
standard_benchmark,sintel,MapAnything-map-anything,100,calib_shift_ro,36.86,180.89,82.36
standard_benchmark,sintel,MapAnything-map-anything,100,mdecalib_shift_ro,17.98,180.89,81.07
standard_benchmark,sintel,MapAnything-map-anything,100,sf_shift_ro,22.3,180.89,84.36
standard_benchmark,sintel,MapAnything-map-anything,500,calib,64.28,180.89,78.85
standard_benchmark,sintel,MapAnything-map-anything,500,mdecalib,25.96,180.89,73.31
standard_benchmark,sintel,MapAnything-map-anything,500,sf,51.26,180.89,78.92
standard_benchmark,sintel,MapAnything-map-anything,500,calib_shift,69.4,180.89,78.67
standard_benchmark,sintel,MapAnything-map-anything,500,mdecalib_shift,23.33,180.89,73.52
standard_benchmark,sintel,MapAnything-map-anything,500,sf_shift,46.32,180.89,74.93
standard_benchmark,sintel,MapAnything-map-anything,500,calib_ro,34.9,180.89,77.39
standard_benchmark,sintel,MapAnything-map-anything,500,mdecalib_ro,19.77,180.89,71.22
standard_benchmark,sintel,MapAnything-map-anything,500,sf_ro,26.78,180.89,84.06
standard_benchmark,sintel,MapAnything-map-anything,500,calib_shift_ro,37.43,180.89,82.48
standard_benchmark,sintel,MapAnything-map-anything,500,mdecalib_shift_ro,18.19,180.89,81.26
standard_benchmark,sintel,MapAnything-map-anything,500,sf_shift_ro,23.65,180.89,85.35
standard_benchmark,sintel,MapAnything-map-anything,1000,calib,64.56,180.89,78.95
standard_benchmark,sintel,MapAnything-map-anything,1000,mdecalib,26.08,180.89,73.72
standard_benchmark,sintel,MapAnything-map-anything,1000,sf,52.48,180.89,79.23
standard_benchmark,sintel,MapAnything-map-anything,1000,calib_shift,70.43,180.89,78.87
standard_benchmark,sintel,MapAnything-map-anything,1000,mdecalib_shift,23.68,180.89,73.83
standard_benchmark,sintel,MapAnything-map-anything,1000,sf_shift,47.67,180.89,76.16
standard_benchmark,sintel,MapAnything-map-anything,1000,calib_ro,34.94,180.89,77.4
standard_benchmark,sintel,MapAnything-map-anything,1000,mdecalib_ro,19.83,180.89,71.23
standard_benchmark,sintel,MapAnything-map-anything,1000,sf_ro,27.01,180.89,84.1
standard_benchmark,sintel,MapAnything-map-anything,1000,calib_shift_ro,37.64,180.89,82.53
standard_benchmark,sintel,MapAnything-map-anything,1000,mdecalib_shift_ro,18.25,180.89,81.3
standard_benchmark,sintel,MapAnything-map-anything,1000,sf_shift_ro,24.25,180.89,85.62
standard_benchmark,sintel,MapAnythingCalib-map-anything,10,calib,55.32,180.91,75.55
standard_benchmark,sintel,MapAnythingCalib-map-anything,10,calib_shift,57.48,180.91,72.48
standard_benchmark,sintel,MapAnythingCalib-map-anything,10,calib_ro,36.58,180.91,76.64
standard_benchmark,sintel,MapAnythingCalib-map-anything,10,calib_shift_ro,33.1,180.91,80.09
standard_benchmark,sintel,MapAnythingCalib-map-anything,100,calib,62.43,180.91,78.41
standard_benchmark,sintel,MapAnythingCalib-map-anything,100,calib_shift,66.31,180.91,77.81
standard_benchmark,sintel,MapAnythingCalib-map-anything,100,calib_ro,37.2,180.91,77.04
standard_benchmark,sintel,MapAnythingCalib-map-anything,100,calib_shift_ro,36.34,180.91,82.25
standard_benchmark,sintel,MapAnythingCalib-map-anything,500,calib,63.49,180.91,78.86
standard_benchmark,sintel,MapAnythingCalib-map-anything,500,calib_shift,69.34,180.91,78.63
standard_benchmark,sintel,MapAnythingCalib-map-anything,500,calib_ro,37.48,180.91,77.04
standard_benchmark,sintel,MapAnythingCalib-map-anything,500,calib_shift_ro,36.6,180.91,82.43
standard_benchmark,sintel,MapAnythingCalib-map-anything,1000,calib,63.4,180.91,79.0
standard_benchmark,sintel,MapAnythingCalib-map-anything,1000,calib_shift,70.08,180.91,78.83
standard_benchmark,sintel,MapAnythingCalib-map-anything,1000,calib_ro,37.55,180.91,77.02
standard_benchmark,sintel,MapAnythingCalib-map-anything,1000,calib_shift_ro,36.7,180.91,82.48
standard_benchmark,sintel,Metric3DV2-vit_giant2,10,calib,67.25,651.94,76.41
standard_benchmark,sintel,Metric3DV2-vit_giant2,10,sf,50.54,651.94,73.49
standard_benchmark,sintel,Metric3DV2-vit_giant2,10,calib_shift,62.57,651.94,74.17
standard_benchmark,sintel,Metric3DV2-vit_giant2,10,sf_shift,36.77,651.94,55.66
standard_benchmark,sintel,Metric3DV2-vit_giant2,10,calib_ro,46.5,651.94,86.01
standard_benchmark,sintel,Metric3DV2-vit_giant2,10,sf_ro,37.65,651.94,89.37
standard_benchmark,sintel,Metric3DV2-vit_giant2,10,calib_shift_ro,54.79,651.94,88.12
standard_benchmark,sintel,Metric3DV2-vit_giant2,10,sf_shift_ro,36.28,651.94,80.5
standard_benchmark,sintel,Metric3DV2-vit_giant2,100,calib,72.51,651.94,78.78
standard_benchmark,sintel,Metric3DV2-vit_giant2,100,sf,57.45,651.94,78.43
standard_benchmark,sintel,Metric3DV2-vit_giant2,100,calib_shift,70.58,651.94,78.3
standard_benchmark,sintel,Metric3DV2-vit_giant2,100,sf_shift,48.17,651.94,72.31
standard_benchmark,sintel,Metric3DV2-vit_giant2,100,calib_ro,47.12,651.94,86.22
standard_benchmark,sintel,Metric3DV2-vit_giant2,100,sf_ro,38.2,651.94,90.19
standard_benchmark,sintel,Metric3DV2-vit_giant2,100,calib_shift_ro,57.52,651.94,89.31
standard_benchmark,sintel,Metric3DV2-vit_giant2,100,sf_shift_ro,41.08,651.94,88.32
standard_benchmark,sintel,Metric3DV2-vit_giant2,500,calib,73.16,651.94,79.09
standard_benchmark,sintel,Metric3DV2-vit_giant2,500,sf,59.98,651.94,79.15
standard_benchmark,sintel,Metric3DV2-vit_giant2,500,calib_shift,73.83,651.94,79.11
standard_benchmark,sintel,Metric3DV2-vit_giant2,500,sf_shift,52.83,651.94,76.08
standard_benchmark,sintel,Metric3DV2-vit_giant2,500,calib_ro,47.3,651.94,86.23
standard_benchmark,sintel,Metric3DV2-vit_giant2,500,sf_ro,37.96,651.94,90.21
standard_benchmark,sintel,Metric3DV2-vit_giant2,500,calib_shift_ro,57.79,651.94,89.5
standard_benchmark,sintel,Metric3DV2-vit_giant2,500,sf_shift_ro,42.91,651.94,89.51
standard_benchmark,sintel,Metric3DV2-vit_giant2,1000,calib,73.33,651.94,79.17
standard_benchmark,sintel,Metric3DV2-vit_giant2,1000,sf,60.42,651.94,79.26
standard_benchmark,sintel,Metric3DV2-vit_giant2,1000,calib_shift,74.66,651.94,79.23
standard_benchmark,sintel,Metric3DV2-vit_giant2,1000,sf_shift,54.23,651.94,77.04
standard_benchmark,sintel,Metric3DV2-vit_giant2,1000,calib_ro,47.28,651.94,86.24
standard_benchmark,sintel,Metric3DV2-vit_giant2,1000,sf_ro,37.92,651.94,90.22
standard_benchmark,sintel,Metric3DV2-vit_giant2,1000,calib_shift_ro,57.85,651.94,89.52
standard_benchmark,sintel,Metric3DV2-vit_giant2,1000,sf_shift_ro,43.45,651.94,89.95
standard_benchmark,sintel,Metric3DV2-vit_large,10,calib,59.55,232.26,75.48
standard_benchmark,sintel,Metric3DV2-vit_large,10,sf,41.01,232.26,72.07
standard_benchmark,sintel,Metric3DV2-vit_large,10,calib_shift,60.38,232.26,73.47
standard_benchmark,sintel,Metric3DV2-vit_large,10,sf_shift,36.07,232.26,55.68
standard_benchmark,sintel,Metric3DV2-vit_large,10,calib_ro,34.67,232.26,82.03
standard_benchmark,sintel,Metric3DV2-vit_large,10,sf_ro,28.72,232.26,85.01
standard_benchmark,sintel,Metric3DV2-vit_large,10,calib_shift_ro,49.86,232.26,85.27
standard_benchmark,sintel,Metric3DV2-vit_large,10,sf_shift_ro,33.62,232.26,78.0
standard_benchmark,sintel,Metric3DV2-vit_large,100,calib,65.33,232.26,78.49
standard_benchmark,sintel,Metric3DV2-vit_large,100,sf,47.16,232.26,77.79
standard_benchmark,sintel,Metric3DV2-vit_large,100,calib_shift,68.75,232.26,78.26
standard_benchmark,sintel,Metric3DV2-vit_large,100,sf_shift,45.38,232.26,71.29
standard_benchmark,sintel,Metric3DV2-vit_large,100,calib_ro,34.82,232.26,82.65
standard_benchmark,sintel,Metric3DV2-vit_large,100,sf_ro,29.85,232.26,86.11
standard_benchmark,sintel,Metric3DV2-vit_large,100,calib_shift_ro,52.93,232.26,86.75
standard_benchmark,sintel,Metric3DV2-vit_large,100,sf_shift_ro,37.57,232.26,86.64
standard_benchmark,sintel,Metric3DV2-vit_large,500,calib,66.69,232.26,79.11
standard_benchmark,sintel,Metric3DV2-vit_large,500,sf,49.84,232.26,78.82
standard_benchmark,sintel,Metric3DV2-vit_large,500,calib_shift,71.6,232.26,79.06
standard_benchmark,sintel,Metric3DV2-vit_large,500,sf_shift,49.62,232.26,75.8
standard_benchmark,sintel,Metric3DV2-vit_large,500,calib_ro,34.77,232.26,82.73
standard_benchmark,sintel,Metric3DV2-vit_large,500,sf_ro,29.74,232.26,86.23
standard_benchmark,sintel,Metric3DV2-vit_large,500,calib_shift_ro,53.05,232.26,86.9
standard_benchmark,sintel,Metric3DV2-vit_large,500,sf_shift_ro,38.78,232.26,87.8
standard_benchmark,sintel,Metric3DV2-vit_large,1000,calib,67.02,232.26,79.21
standard_benchmark,sintel,Metric3DV2-vit_large,1000,sf,50.83,232.26,79.08
standard_benchmark,sintel,Metric3DV2-vit_large,1000,calib_shift,72.46,232.26,79.24
standard_benchmark,sintel,Metric3DV2-vit_large,1000,sf_shift,50.36,232.26,76.7
standard_benchmark,sintel,Metric3DV2-vit_large,1000,calib_ro,34.77,232.26,82.72
standard_benchmark,sintel,Metric3DV2-vit_large,1000,sf_ro,29.76,232.26,86.23
standard_benchmark,sintel,Metric3DV2-vit_large,1000,calib_shift_ro,53.13,232.26,86.92
standard_benchmark,sintel,Metric3DV2-vit_large,1000,sf_shift_ro,39.15,232.26,88.17
standard_benchmark,sintel,Metric3DV2-vit_small,10,calib,62.41,51.48,73.94
standard_benchmark,sintel,Metric3DV2-vit_small,10,sf,45.63,51.48,70.45
standard_benchmark,sintel,Metric3DV2-vit_small,10,calib_shift,57.21,51.48,72.34
standard_benchmark,sintel,Metric3DV2-vit_small,10,sf_shift,33.31,51.48,54.48
standard_benchmark,sintel,Metric3DV2-vit_small,10,calib_ro,38.68,51.48,80.74
standard_benchmark,sintel,Metric3DV2-vit_small,10,sf_ro,29.95,51.48,84.48
standard_benchmark,sintel,Metric3DV2-vit_small,10,calib_shift_ro,39.22,51.48,82.81
standard_benchmark,sintel,Metric3DV2-vit_small,10,sf_shift_ro,21.59,51.48,77.88
standard_benchmark,sintel,Metric3DV2-vit_small,100,calib,68.82,51.48,77.87
standard_benchmark,sintel,Metric3DV2-vit_small,100,sf,53.41,51.48,77.31
standard_benchmark,sintel,Metric3DV2-vit_small,100,calib_shift,66.46,51.48,77.72
standard_benchmark,sintel,Metric3DV2-vit_small,100,sf_shift,42.65,51.48,70.69
standard_benchmark,sintel,Metric3DV2-vit_small,100,calib_ro,38.93,51.48,81.23
standard_benchmark,sintel,Metric3DV2-vit_small,100,sf_ro,30.71,51.48,85.97
standard_benchmark,sintel,Metric3DV2-vit_small,100,calib_shift_ro,42.78,51.48,84.78
standard_benchmark,sintel,Metric3DV2-vit_small,100,sf_shift_ro,24.91,51.48,85.56
standard_benchmark,sintel,Metric3DV2-vit_small,500,calib,71.04,51.48,78.79
standard_benchmark,sintel,Metric3DV2-vit_small,500,sf,56.71,51.48,78.61
standard_benchmark,sintel,Metric3DV2-vit_small,500,calib_shift,70.2,51.48,78.81
standard_benchmark,sintel,Metric3DV2-vit_small,500,sf_shift,47.0,51.48,74.95
standard_benchmark,sintel,Metric3DV2-vit_small,500,calib_ro,39.01,51.48,81.28
standard_benchmark,sintel,Metric3DV2-vit_small,500,sf_ro,30.67,51.48,86.21
standard_benchmark,sintel,Metric3DV2-vit_small,500,calib_shift_ro,43.32,51.48,85.01
standard_benchmark,sintel,Metric3DV2-vit_small,500,sf_shift_ro,25.8,51.48,86.59
standard_benchmark,sintel,Metric3DV2-vit_small,1000,calib,71.64,51.48,78.97
standard_benchmark,sintel,Metric3DV2-vit_small,1000,sf,57.99,51.48,78.98
standard_benchmark,sintel,Metric3DV2-vit_small,1000,calib_shift,71.33,51.48,79.06
standard_benchmark,sintel,Metric3DV2-vit_small,1000,sf_shift,48.5,51.48,75.95
standard_benchmark,sintel,Metric3DV2-vit_small,1000,calib_ro,39.02,51.48,81.29
standard_benchmark,sintel,Metric3DV2-vit_small,1000,sf_ro,30.66,51.48,86.24
standard_benchmark,sintel,Metric3DV2-vit_small,1000,calib_shift_ro,43.51,51.48,85.02
standard_benchmark,sintel,Metric3DV2-vit_small,1000,sf_shift_ro,26.31,51.48,86.99
standard_benchmark,sintel,Metric3DV2Calib-vit_giant2,10,calib,67.22,654.11,76.42
standard_benchmark,sintel,Metric3DV2Calib-vit_giant2,10,calib_shift,62.64,654.11,74.19
standard_benchmark,sintel,Metric3DV2Calib-vit_giant2,10,calib_ro,46.49,654.11,86.01
standard_benchmark,sintel,Metric3DV2Calib-vit_giant2,10,calib_shift_ro,54.86,654.11,88.06
standard_benchmark,sintel,Metric3DV2Calib-vit_giant2,100,calib,72.53,654.11,78.78
standard_benchmark,sintel,Metric3DV2Calib-vit_giant2,100,calib_shift,70.58,654.11,78.29
standard_benchmark,sintel,Metric3DV2Calib-vit_giant2,100,calib_ro,47.12,654.11,86.22
standard_benchmark,sintel,Metric3DV2Calib-vit_giant2,100,calib_shift_ro,57.63,654.11,89.29
standard_benchmark,sintel,Metric3DV2Calib-vit_giant2,500,calib,73.23,654.11,79.1
standard_benchmark,sintel,Metric3DV2Calib-vit_giant2,500,calib_shift,73.53,654.11,79.12
standard_benchmark,sintel,Metric3DV2Calib-vit_giant2,500,calib_ro,47.32,654.11,86.23
standard_benchmark,sintel,Metric3DV2Calib-vit_giant2,500,calib_shift_ro,57.77,654.11,89.51
standard_benchmark,sintel,Metric3DV2Calib-vit_giant2,1000,calib,73.43,654.11,79.19
standard_benchmark,sintel,Metric3DV2Calib-vit_giant2,1000,calib_shift,74.27,654.11,79.23
standard_benchmark,sintel,Metric3DV2Calib-vit_giant2,1000,calib_ro,47.3,654.11,86.24
standard_benchmark,sintel,Metric3DV2Calib-vit_giant2,1000,calib_shift_ro,57.8,654.11,89.53
standard_benchmark,sintel,Metric3DV2Calib-vit_large,10,calib,59.49,248.96,75.46
standard_benchmark,sintel,Metric3DV2Calib-vit_large,10,calib_shift,60.38,248.96,73.63
standard_benchmark,sintel,Metric3DV2Calib-vit_large,10,calib_ro,34.74,248.96,82.01
standard_benchmark,sintel,Metric3DV2Calib-vit_large,10,calib_shift_ro,49.93,248.96,85.26
standard_benchmark,sintel,Metric3DV2Calib-vit_large,100,calib,65.34,248.96,78.5
standard_benchmark,sintel,Metric3DV2Calib-vit_large,100,calib_shift,68.78,248.96,78.29
standard_benchmark,sintel,Metric3DV2Calib-vit_large,100,calib_ro,34.82,248.96,82.64
standard_benchmark,sintel,Metric3DV2Calib-vit_large,100,calib_shift_ro,52.94,248.96,86.76
standard_benchmark,sintel,Metric3DV2Calib-vit_large,500,calib,66.66,248.96,79.11
standard_benchmark,sintel,Metric3DV2Calib-vit_large,500,calib_shift,71.77,248.96,79.06
standard_benchmark,sintel,Metric3DV2Calib-vit_large,500,calib_ro,34.77,248.96,82.73
standard_benchmark,sintel,Metric3DV2Calib-vit_large,500,calib_shift_ro,53.07,248.96,86.9
standard_benchmark,sintel,Metric3DV2Calib-vit_large,1000,calib,67.03,248.96,79.2
standard_benchmark,sintel,Metric3DV2Calib-vit_large,1000,calib_shift,72.68,248.96,79.24
standard_benchmark,sintel,Metric3DV2Calib-vit_large,1000,calib_ro,34.74,248.96,82.73
standard_benchmark,sintel,Metric3DV2Calib-vit_large,1000,calib_shift_ro,53.11,248.96,86.92
standard_benchmark,sintel,Metric3DV2Calib-vit_small,10,calib,62.42,60.44,73.96
standard_benchmark,sintel,Metric3DV2Calib-vit_small,10,calib_shift,57.23,60.44,72.34
standard_benchmark,sintel,Metric3DV2Calib-vit_small,10,calib_ro,38.71,60.44,80.74
standard_benchmark,sintel,Metric3DV2Calib-vit_small,10,calib_shift_ro,39.2,60.44,82.81
standard_benchmark,sintel,Metric3DV2Calib-vit_small,100,calib,69.01,60.44,77.89
standard_benchmark,sintel,Metric3DV2Calib-vit_small,100,calib_shift,66.41,60.44,77.77
standard_benchmark,sintel,Metric3DV2Calib-vit_small,100,calib_ro,38.93,60.44,81.23
standard_benchmark,sintel,Metric3DV2Calib-vit_small,100,calib_shift_ro,42.84,60.44,84.74
standard_benchmark,sintel,Metric3DV2Calib-vit_small,500,calib,71.2,60.44,78.79
standard_benchmark,sintel,Metric3DV2Calib-vit_small,500,calib_shift,70.17,60.44,78.84
standard_benchmark,sintel,Metric3DV2Calib-vit_small,500,calib_ro,39.03,60.44,81.28
standard_benchmark,sintel,Metric3DV2Calib-vit_small,500,calib_shift_ro,43.4,60.44,84.98
standard_benchmark,sintel,Metric3DV2Calib-vit_small,1000,calib,71.8,60.44,78.98
standard_benchmark,sintel,Metric3DV2Calib-vit_small,1000,calib_shift,71.14,60.44,79.09
standard_benchmark,sintel,Metric3DV2Calib-vit_small,1000,calib_ro,39.01,60.44,81.29
standard_benchmark,sintel,Metric3DV2Calib-vit_small,1000,calib_shift_ro,43.56,60.44,84.99
standard_benchmark,sintel,MoGeV1-moge-vitl,10,calib,63.02,94.59,76.0
standard_benchmark,sintel,MoGeV1-moge-vitl,10,mdecalib,34.46,94.59,70.05
standard_benchmark,sintel,MoGeV1-moge-vitl,10,sf,49.68,94.59,73.97
standard_benchmark,sintel,MoGeV1-moge-vitl,10,calib_shift,60.33,94.59,74.72
standard_benchmark,sintel,MoGeV1-moge-vitl,10,mdecalib_shift,35.35,94.59,70.34
standard_benchmark,sintel,MoGeV1-moge-vitl,10,sf_shift,37.55,94.59,56.33
standard_benchmark,sintel,MoGeV1-moge-vitl,10,calib_ro,45.93,94.59,88.16
standard_benchmark,sintel,MoGeV1-moge-vitl,10,mdecalib_ro,28.67,94.59,82.68
standard_benchmark,sintel,MoGeV1-moge-vitl,10,sf_ro,39.64,94.59,90.56
standard_benchmark,sintel,MoGeV1-moge-vitl,10,calib_shift_ro,53.42,94.59,90.17
standard_benchmark,sintel,MoGeV1-moge-vitl,10,mdecalib_shift_ro,32.15,94.59,88.29
standard_benchmark,sintel,MoGeV1-moge-vitl,10,sf_shift_ro,36.15,94.59,81.72
standard_benchmark,sintel,MoGeV1-moge-vitl,100,calib,67.86,94.59,78.16
standard_benchmark,sintel,MoGeV1-moge-vitl,100,mdecalib,36.95,94.59,72.66
standard_benchmark,sintel,MoGeV1-moge-vitl,100,sf,54.32,94.59,78.03
standard_benchmark,sintel,MoGeV1-moge-vitl,100,calib_shift,67.97,94.59,78.27
standard_benchmark,sintel,MoGeV1-moge-vitl,100,mdecalib_shift,38.99,94.59,73.71
standard_benchmark,sintel,MoGeV1-moge-vitl,100,sf_shift,46.45,94.59,72.26
standard_benchmark,sintel,MoGeV1-moge-vitl,100,calib_ro,46.0,94.59,88.35
standard_benchmark,sintel,MoGeV1-moge-vitl,100,mdecalib_ro,28.6,94.59,83.07
standard_benchmark,sintel,MoGeV1-moge-vitl,100,sf_ro,39.49,94.59,91.18
standard_benchmark,sintel,MoGeV1-moge-vitl,100,calib_shift_ro,54.19,94.59,91.26
standard_benchmark,sintel,MoGeV1-moge-vitl,100,mdecalib_shift_ro,32.5,94.59,89.48
standard_benchmark,sintel,MoGeV1-moge-vitl,100,sf_shift_ro,40.89,94.59,90.31
standard_benchmark,sintel,MoGeV1-moge-vitl,500,calib,69.03,94.59,78.69
standard_benchmark,sintel,MoGeV1-moge-vitl,500,mdecalib,37.55,94.59,73.61
standard_benchmark,sintel,MoGeV1-moge-vitl,500,sf,56.17,94.59,78.83
standard_benchmark,sintel,MoGeV1-moge-vitl,500,calib_shift,71.44,94.59,78.88
standard_benchmark,sintel,MoGeV1-moge-vitl,500,mdecalib_shift,40.64,94.59,74.5
standard_benchmark,sintel,MoGeV1-moge-vitl,500,sf_shift,49.9,94.59,75.89
standard_benchmark,sintel,MoGeV1-moge-vitl,500,calib_ro,46.06,94.59,88.35
standard_benchmark,sintel,MoGeV1-moge-vitl,500,mdecalib_ro,28.65,94.59,83.13
standard_benchmark,sintel,MoGeV1-moge-vitl,500,sf_ro,39.47,94.59,91.31
standard_benchmark,sintel,MoGeV1-moge-vitl,500,calib_shift_ro,54.28,94.59,91.37
standard_benchmark,sintel,MoGeV1-moge-vitl,500,mdecalib_shift_ro,32.54,94.59,89.54
standard_benchmark,sintel,MoGeV1-moge-vitl,500,sf_shift_ro,42.7,94.59,91.55
standard_benchmark,sintel,MoGeV1-moge-vitl,1000,calib,69.22,94.59,78.79
standard_benchmark,sintel,MoGeV1-moge-vitl,1000,mdecalib,37.64,94.59,74.01
standard_benchmark,sintel,MoGeV1-moge-vitl,1000,sf,56.84,94.59,79.03
standard_benchmark,sintel,MoGeV1-moge-vitl,1000,calib_shift,72.02,94.59,78.97
standard_benchmark,sintel,MoGeV1-moge-vitl,1000,mdecalib_shift,40.99,94.59,74.65
standard_benchmark,sintel,MoGeV1-moge-vitl,1000,sf_shift,50.56,94.59,76.9
standard_benchmark,sintel,MoGeV1-moge-vitl,1000,calib_ro,46.08,94.59,88.36
standard_benchmark,sintel,MoGeV1-moge-vitl,1000,mdecalib_ro,28.65,94.59,83.14
standard_benchmark,sintel,MoGeV1-moge-vitl,1000,sf_ro,39.38,94.59,91.33
standard_benchmark,sintel,MoGeV1-moge-vitl,1000,calib_shift_ro,54.38,94.59,91.39
standard_benchmark,sintel,MoGeV1-moge-vitl,1000,mdecalib_shift_ro,32.57,94.59,89.52
standard_benchmark,sintel,MoGeV1-moge-vitl,1000,sf_shift_ro,43.18,94.59,91.91
standard_benchmark,sintel,MoGeV1Calib-moge-vitl,10,calib,62.48,87.24,76.41
standard_benchmark,sintel,MoGeV1Calib-moge-vitl,10,calib_shift,60.29,87.24,74.71
standard_benchmark,sintel,MoGeV1Calib-moge-vitl,10,calib_ro,50.37,87.24,88.57
standard_benchmark,sintel,MoGeV1Calib-moge-vitl,10,calib_shift_ro,53.4,87.24,90.05
standard_benchmark,sintel,MoGeV1Calib-moge-vitl,100,calib,67.79,87.24,78.41
standard_benchmark,sintel,MoGeV1Calib-moge-vitl,100,calib_shift,68.27,87.24,78.26
standard_benchmark,sintel,MoGeV1Calib-moge-vitl,100,calib_ro,50.64,87.24,88.76
standard_benchmark,sintel,MoGeV1Calib-moge-vitl,100,calib_shift_ro,54.31,87.24,91.25
standard_benchmark,sintel,MoGeV1Calib-moge-vitl,500,calib,69.4,87.24,78.8
standard_benchmark,sintel,MoGeV1Calib-moge-vitl,500,calib_shift,71.5,87.24,78.88
standard_benchmark,sintel,MoGeV1Calib-moge-vitl,500,calib_ro,50.64,87.24,88.77
standard_benchmark,sintel,MoGeV1Calib-moge-vitl,500,calib_shift_ro,54.33,87.24,91.36
standard_benchmark,sintel,MoGeV1Calib-moge-vitl,1000,calib,69.51,87.24,78.89
standard_benchmark,sintel,MoGeV1Calib-moge-vitl,1000,calib_shift,72.22,87.24,78.98
standard_benchmark,sintel,MoGeV1Calib-moge-vitl,1000,calib_ro,50.65,87.24,88.78
standard_benchmark,sintel,MoGeV1Calib-moge-vitl,1000,calib_shift_ro,54.43,87.24,91.39
standard_benchmark,sintel,MoGeV2-moge-2-vitl,10,calib,64.11,70.95,76.18
standard_benchmark,sintel,MoGeV2-moge-2-vitl,10,mdecalib,36.19,70.95,69.72
standard_benchmark,sintel,MoGeV2-moge-2-vitl,10,sf,48.08,70.95,74.1
standard_benchmark,sintel,MoGeV2-moge-2-vitl,10,calib_shift,61.99,70.95,74.35
standard_benchmark,sintel,MoGeV2-moge-2-vitl,10,mdecalib_shift,38.91,70.95,69.87
standard_benchmark,sintel,MoGeV2-moge-2-vitl,10,sf_shift,36.97,70.95,55.12
standard_benchmark,sintel,MoGeV2-moge-2-vitl,10,calib_ro,49.03,70.95,87.35
standard_benchmark,sintel,MoGeV2-moge-2-vitl,10,mdecalib_ro,29.84,70.95,81.86
standard_benchmark,sintel,MoGeV2-moge-2-vitl,10,sf_ro,39.68,70.95,90.03
standard_benchmark,sintel,MoGeV2-moge-2-vitl,10,calib_shift_ro,56.63,70.95,89.23
standard_benchmark,sintel,MoGeV2-moge-2-vitl,10,mdecalib_shift_ro,36.22,70.95,87.93
standard_benchmark,sintel,MoGeV2-moge-2-vitl,10,sf_shift_ro,39.17,70.95,79.88
standard_benchmark,sintel,MoGeV2-moge-2-vitl,100,calib,68.86,70.95,78.16
standard_benchmark,sintel,MoGeV2-moge-2-vitl,100,mdecalib,37.75,70.95,72.07
standard_benchmark,sintel,MoGeV2-moge-2-vitl,100,sf,52.35,70.95,77.8
standard_benchmark,sintel,MoGeV2-moge-2-vitl,100,calib_shift,70.84,70.95,78.03
standard_benchmark,sintel,MoGeV2-moge-2-vitl,100,mdecalib_shift,41.85,70.95,73.1
standard_benchmark,sintel,MoGeV2-moge-2-vitl,100,sf_shift,47.93,70.95,71.48
standard_benchmark,sintel,MoGeV2-moge-2-vitl,100,calib_ro,49.36,70.95,87.6
standard_benchmark,sintel,MoGeV2-moge-2-vitl,100,mdecalib_ro,29.99,70.95,82.31
standard_benchmark,sintel,MoGeV2-moge-2-vitl,100,sf_ro,40.16,70.95,90.91
standard_benchmark,sintel,MoGeV2-moge-2-vitl,100,calib_shift_ro,58.23,70.95,90.41
standard_benchmark,sintel,MoGeV2-moge-2-vitl,100,mdecalib_shift_ro,36.76,70.95,89.17
standard_benchmark,sintel,MoGeV2-moge-2-vitl,100,sf_shift_ro,43.74,70.95,89.27
standard_benchmark,sintel,MoGeV2-moge-2-vitl,500,calib,69.73,70.95,78.58
standard_benchmark,sintel,MoGeV2-moge-2-vitl,500,mdecalib,37.96,70.95,72.92
standard_benchmark,sintel,MoGeV2-moge-2-vitl,500,sf,54.36,70.95,78.63
standard_benchmark,sintel,MoGeV2-moge-2-vitl,500,calib_shift,73.93,70.95,78.75
standard_benchmark,sintel,MoGeV2-moge-2-vitl,500,mdecalib_shift,43.0,70.95,73.79
standard_benchmark,sintel,MoGeV2-moge-2-vitl,500,sf_shift,52.94,70.95,75.75
standard_benchmark,sintel,MoGeV2-moge-2-vitl,500,calib_ro,49.36,70.95,87.62
standard_benchmark,sintel,MoGeV2-moge-2-vitl,500,mdecalib_ro,29.99,70.95,82.33
standard_benchmark,sintel,MoGeV2-moge-2-vitl,500,sf_ro,40.13,70.95,91.04
standard_benchmark,sintel,MoGeV2-moge-2-vitl,500,calib_shift_ro,58.23,70.95,90.53
standard_benchmark,sintel,MoGeV2-moge-2-vitl,500,mdecalib_shift_ro,36.74,70.95,89.32
standard_benchmark,sintel,MoGeV2-moge-2-vitl,500,sf_shift_ro,45.57,70.95,90.77
standard_benchmark,sintel,MoGeV2-moge-2-vitl,1000,calib,69.92,70.95,78.7
standard_benchmark,sintel,MoGeV2-moge-2-vitl,1000,mdecalib,38.34,70.95,73.25
standard_benchmark,sintel,MoGeV2-moge-2-vitl,1000,sf,55.0,70.95,78.87
standard_benchmark,sintel,MoGeV2-moge-2-vitl,1000,calib_shift,74.4,70.95,78.85
standard_benchmark,sintel,MoGeV2-moge-2-vitl,1000,mdecalib_shift,43.34,70.95,73.97
standard_benchmark,sintel,MoGeV2-moge-2-vitl,1000,sf_shift,53.86,70.95,76.83
standard_benchmark,sintel,MoGeV2-moge-2-vitl,1000,calib_ro,49.38,70.95,87.63
standard_benchmark,sintel,MoGeV2-moge-2-vitl,1000,mdecalib_ro,30.0,70.95,82.34
standard_benchmark,sintel,MoGeV2-moge-2-vitl,1000,sf_ro,40.11,70.95,91.06
standard_benchmark,sintel,MoGeV2-moge-2-vitl,1000,calib_shift_ro,58.26,70.95,90.57
standard_benchmark,sintel,MoGeV2-moge-2-vitl,1000,mdecalib_shift_ro,36.85,70.95,89.33
standard_benchmark,sintel,MoGeV2-moge-2-vitl,1000,sf_shift_ro,46.25,70.95,91.21
standard_benchmark,sintel,MoGeV2Calib-moge-2-vitl,10,calib,65.42,66.98,76.95
standard_benchmark,sintel,MoGeV2Calib-moge-2-vitl,10,calib_shift,61.92,66.98,74.29
standard_benchmark,sintel,MoGeV2Calib-moge-2-vitl,10,calib_ro,54.6,66.98,88.38
standard_benchmark,sintel,MoGeV2Calib-moge-2-vitl,10,calib_shift_ro,56.63,66.98,89.23
standard_benchmark,sintel,MoGeV2Calib-moge-2-vitl,100,calib,70.29,66.98,78.5
standard_benchmark,sintel,MoGeV2Calib-moge-2-vitl,100,calib_shift,70.81,66.98,78.03
standard_benchmark,sintel,MoGeV2Calib-moge-2-vitl,100,calib_ro,54.6,66.98,88.56
standard_benchmark,sintel,MoGeV2Calib-moge-2-vitl,100,calib_shift_ro,58.21,66.98,90.43
standard_benchmark,sintel,MoGeV2Calib-moge-2-vitl,500,calib,71.24,66.98,78.78
standard_benchmark,sintel,MoGeV2Calib-moge-2-vitl,500,calib_shift,74.0,66.98,78.74
standard_benchmark,sintel,MoGeV2Calib-moge-2-vitl,500,calib_ro,54.63,66.98,88.58
standard_benchmark,sintel,MoGeV2Calib-moge-2-vitl,500,calib_shift_ro,58.19,66.98,90.54
standard_benchmark,sintel,MoGeV2Calib-moge-2-vitl,1000,calib,71.4,66.98,78.85
standard_benchmark,sintel,MoGeV2Calib-moge-2-vitl,1000,calib_shift,74.43,66.98,78.86
standard_benchmark,sintel,MoGeV2Calib-moge-2-vitl,1000,calib_ro,54.65,66.98,88.59
standard_benchmark,sintel,MoGeV2Calib-moge-2-vitl,1000,calib_shift_ro,58.23,66.98,90.58
standard_benchmark,sintel,Pi3-Pi3X,10,calib,63.21,115.86,76.77
standard_benchmark,sintel,Pi3-Pi3X,10,mdecalib,28.95,115.86,67.82
standard_benchmark,sintel,Pi3-Pi3X,10,sf,45.15,115.86,73.22
standard_benchmark,sintel,Pi3-Pi3X,10,calib_shift,60.15,115.86,74.29
standard_benchmark,sintel,Pi3-Pi3X,10,mdecalib_shift,28.26,115.86,67.28
standard_benchmark,sintel,Pi3-Pi3X,10,sf_shift,35.92,115.86,55.1
standard_benchmark,sintel,Pi3-Pi3X,10,calib_ro,46.32,115.86,84.4
standard_benchmark,sintel,Pi3-Pi3X,10,mdecalib_ro,19.02,115.86,80.64
standard_benchmark,sintel,Pi3-Pi3X,10,sf_ro,37.84,115.86,87.45
standard_benchmark,sintel,Pi3-Pi3X,10,calib_shift_ro,56.27,115.86,87.84
standard_benchmark,sintel,Pi3-Pi3X,10,mdecalib_shift_ro,25.62,115.86,86.53
standard_benchmark,sintel,Pi3-Pi3X,10,sf_shift_ro,34.89,115.86,77.98
standard_benchmark,sintel,Pi3-Pi3X,100,calib,68.75,115.86,78.83
standard_benchmark,sintel,Pi3-Pi3X,100,mdecalib,30.77,115.86,70.74
standard_benchmark,sintel,Pi3-Pi3X,100,sf,52.18,115.86,78.19
standard_benchmark,sintel,Pi3-Pi3X,100,calib_shift,68.41,115.86,78.34
standard_benchmark,sintel,Pi3-Pi3X,100,mdecalib_shift,30.63,115.86,71.23
standard_benchmark,sintel,Pi3-Pi3X,100,sf_shift,46.44,115.86,70.61
standard_benchmark,sintel,Pi3-Pi3X,100,calib_ro,46.45,115.86,84.72
standard_benchmark,sintel,Pi3-Pi3X,100,mdecalib_ro,19.02,115.86,80.97
standard_benchmark,sintel,Pi3-Pi3X,100,sf_ro,38.26,115.86,88.59
standard_benchmark,sintel,Pi3-Pi3X,100,calib_shift_ro,58.1,115.86,89.32
standard_benchmark,sintel,Pi3-Pi3X,100,mdecalib_shift_ro,26.39,115.86,88.08
standard_benchmark,sintel,Pi3-Pi3X,100,sf_shift_ro,39.94,115.86,87.64
standard_benchmark,sintel,Pi3-Pi3X,500,calib,69.85,115.86,79.11
standard_benchmark,sintel,Pi3-Pi3X,500,mdecalib,30.74,115.86,71.67
standard_benchmark,sintel,Pi3-Pi3X,500,sf,54.62,115.86,79.15
standard_benchmark,sintel,Pi3-Pi3X,500,calib_shift,71.83,115.86,79.14
standard_benchmark,sintel,Pi3-Pi3X,500,mdecalib_shift,31.23,115.86,72.23
standard_benchmark,sintel,Pi3-Pi3X,500,sf_shift,51.71,115.86,75.37
standard_benchmark,sintel,Pi3-Pi3X,500,calib_ro,46.59,115.86,84.75
standard_benchmark,sintel,Pi3-Pi3X,500,mdecalib_ro,19.05,115.86,81.01
standard_benchmark,sintel,Pi3-Pi3X,500,sf_ro,38.35,115.86,88.71
standard_benchmark,sintel,Pi3-Pi3X,500,calib_shift_ro,58.43,115.86,89.39
standard_benchmark,sintel,Pi3-Pi3X,500,mdecalib_shift_ro,26.51,115.86,88.2
standard_benchmark,sintel,Pi3-Pi3X,500,sf_shift_ro,41.68,115.86,89.02
standard_benchmark,sintel,Pi3-Pi3X,1000,calib,69.91,115.86,79.2
standard_benchmark,sintel,Pi3-Pi3X,1000,mdecalib,30.79,115.86,72.03
standard_benchmark,sintel,Pi3-Pi3X,1000,sf,55.31,115.86,79.39
standard_benchmark,sintel,Pi3-Pi3X,1000,calib_shift,72.49,115.86,79.26
standard_benchmark,sintel,Pi3-Pi3X,1000,mdecalib_shift,31.67,115.86,72.51
standard_benchmark,sintel,Pi3-Pi3X,1000,sf_shift,53.11,115.86,76.56
standard_benchmark,sintel,Pi3-Pi3X,1000,calib_ro,46.64,115.86,84.74
standard_benchmark,sintel,Pi3-Pi3X,1000,mdecalib_ro,19.15,115.86,81.02
standard_benchmark,sintel,Pi3-Pi3X,1000,sf_ro,38.36,115.86,88.74
standard_benchmark,sintel,Pi3-Pi3X,1000,calib_shift_ro,58.37,115.86,89.41
standard_benchmark,sintel,Pi3-Pi3X,1000,mdecalib_shift_ro,26.57,115.86,88.24
standard_benchmark,sintel,Pi3-Pi3X,1000,sf_shift_ro,42.01,115.86,89.51
standard_benchmark,sintel,Pi3Calib-Pi3X,10,calib,63.39,121.95,77.14
standard_benchmark,sintel,Pi3Calib-Pi3X,10,calib_shift,60.34,121.95,74.42
standard_benchmark,sintel,Pi3Calib-Pi3X,10,calib_ro,46.16,121.95,84.64
standard_benchmark,sintel,Pi3Calib-Pi3X,10,calib_shift_ro,54.58,121.95,87.85
standard_benchmark,sintel,Pi3Calib-Pi3X,100,calib,68.55,121.95,78.86
standard_benchmark,sintel,Pi3Calib-Pi3X,100,calib_shift,68.09,121.95,78.41
standard_benchmark,sintel,Pi3Calib-Pi3X,100,calib_ro,46.29,121.95,84.93
standard_benchmark,sintel,Pi3Calib-Pi3X,100,calib_shift_ro,56.74,121.95,89.11
standard_benchmark,sintel,Pi3Calib-Pi3X,500,calib,69.65,121.95,79.09
standard_benchmark,sintel,Pi3Calib-Pi3X,500,calib_shift,71.49,121.95,79.13
standard_benchmark,sintel,Pi3Calib-Pi3X,500,calib_ro,46.66,121.95,84.93
standard_benchmark,sintel,Pi3Calib-Pi3X,500,calib_shift_ro,56.79,121.95,89.25
standard_benchmark,sintel,Pi3Calib-Pi3X,1000,calib,69.92,121.95,79.2
standard_benchmark,sintel,Pi3Calib-Pi3X,1000,calib_shift,72.29,121.95,79.27
standard_benchmark,sintel,Pi3Calib-Pi3X,1000,calib_ro,46.68,121.95,84.92
standard_benchmark,sintel,Pi3Calib-Pi3X,1000,calib_shift_ro,56.79,121.95,89.31
standard_benchmark,sintel,UniDepth1-cnvnxtl,10,calib,64.68,74.88,75.96
standard_benchmark,sintel,UniDepth1-cnvnxtl,10,mdecalib,28.05,74.88,68.41
standard_benchmark,sintel,UniDepth1-cnvnxtl,10,sf,46.2,74.88,70.11
standard_benchmark,sintel,UniDepth1-cnvnxtl,10,calib_shift,56.53,74.88,70.15
standard_benchmark,sintel,UniDepth1-cnvnxtl,10,mdecalib_shift,27.56,74.88,64.8
standard_benchmark,sintel,UniDepth1-cnvnxtl,10,sf_shift,32.47,74.88,52.07
standard_benchmark,sintel,UniDepth1-cnvnxtl,10,calib_ro,45.79,74.88,80.19
standard_benchmark,sintel,UniDepth1-cnvnxtl,10,mdecalib_ro,20.78,74.88,78.47
standard_benchmark,sintel,UniDepth1-cnvnxtl,10,sf_ro,27.82,74.88,82.32
standard_benchmark,sintel,UniDepth1-cnvnxtl,10,calib_shift_ro,38.63,74.88,80.48
standard_benchmark,sintel,UniDepth1-cnvnxtl,10,mdecalib_shift_ro,16.34,74.88,80.33
standard_benchmark,sintel,UniDepth1-cnvnxtl,10,sf_shift_ro,21.05,74.88,73.93
standard_benchmark,sintel,UniDepth1-cnvnxtl,100,calib,70.41,74.88,78.64
standard_benchmark,sintel,UniDepth1-cnvnxtl,100,mdecalib,28.93,74.88,71.47
standard_benchmark,sintel,UniDepth1-cnvnxtl,100,sf,52.98,74.88,77.56
standard_benchmark,sintel,UniDepth1-cnvnxtl,100,calib_shift,64.71,74.88,77.06
standard_benchmark,sintel,UniDepth1-cnvnxtl,100,mdecalib_shift,29.48,74.88,70.84
standard_benchmark,sintel,UniDepth1-cnvnxtl,100,sf_shift,43.11,74.88,70.1
standard_benchmark,sintel,UniDepth1-cnvnxtl,100,calib_ro,46.05,74.88,80.67
standard_benchmark,sintel,UniDepth1-cnvnxtl,100,mdecalib_ro,20.64,74.88,79.05
standard_benchmark,sintel,UniDepth1-cnvnxtl,100,sf_ro,28.45,74.88,84.62
standard_benchmark,sintel,UniDepth1-cnvnxtl,100,calib_shift_ro,42.66,74.88,83.23
standard_benchmark,sintel,UniDepth1-cnvnxtl,100,mdecalib_shift_ro,17.41,74.88,82.8
standard_benchmark,sintel,UniDepth1-cnvnxtl,100,sf_shift_ro,24.52,74.88,84.02
standard_benchmark,sintel,UniDepth1-cnvnxtl,500,calib,71.78,74.88,79.02
standard_benchmark,sintel,UniDepth1-cnvnxtl,500,mdecalib,29.29,74.88,72.24
standard_benchmark,sintel,UniDepth1-cnvnxtl,500,sf,55.75,74.88,78.82
standard_benchmark,sintel,UniDepth1-cnvnxtl,500,calib_shift,67.37,74.88,78.31
standard_benchmark,sintel,UniDepth1-cnvnxtl,500,mdecalib_shift,30.37,74.88,72.1
standard_benchmark,sintel,UniDepth1-cnvnxtl,500,sf_shift,47.77,74.88,74.6
standard_benchmark,sintel,UniDepth1-cnvnxtl,500,calib_ro,45.87,74.88,80.78
standard_benchmark,sintel,UniDepth1-cnvnxtl,500,mdecalib_ro,20.72,74.88,79.08
standard_benchmark,sintel,UniDepth1-cnvnxtl,500,sf_ro,28.58,74.88,84.98
standard_benchmark,sintel,UniDepth1-cnvnxtl,500,calib_shift_ro,43.54,74.88,83.47
standard_benchmark,sintel,UniDepth1-cnvnxtl,500,mdecalib_shift_ro,17.64,74.88,83.03
standard_benchmark,sintel,UniDepth1-cnvnxtl,500,sf_shift_ro,25.9,74.88,85.06
standard_benchmark,sintel,UniDepth1-cnvnxtl,1000,calib,72.25,74.88,79.15
standard_benchmark,sintel,UniDepth1-cnvnxtl,1000,mdecalib,29.41,74.88,72.51
standard_benchmark,sintel,UniDepth1-cnvnxtl,1000,sf,56.47,74.88,79.06
standard_benchmark,sintel,UniDepth1-cnvnxtl,1000,calib_shift,68.95,74.88,78.65
standard_benchmark,sintel,UniDepth1-cnvnxtl,1000,mdecalib_shift,30.49,74.88,72.4
standard_benchmark,sintel,UniDepth1-cnvnxtl,1000,sf_shift,48.68,74.88,75.61
standard_benchmark,sintel,UniDepth1-cnvnxtl,1000,calib_ro,46.02,74.88,80.77
standard_benchmark,sintel,UniDepth1-cnvnxtl,1000,mdecalib_ro,20.73,74.88,79.08
standard_benchmark,sintel,UniDepth1-cnvnxtl,1000,sf_ro,28.31,74.88,85.04
standard_benchmark,sintel,UniDepth1-cnvnxtl,1000,calib_shift_ro,43.8,74.88,83.49
standard_benchmark,sintel,UniDepth1-cnvnxtl,1000,mdecalib_shift_ro,17.73,74.88,83.08
standard_benchmark,sintel,UniDepth1-cnvnxtl,1000,sf_shift_ro,26.53,74.88,85.35
standard_benchmark,sintel,UniDepth1-vitl14,10,calib,62.05,123.0,74.83
standard_benchmark,sintel,UniDepth1-vitl14,10,mdecalib,23.18,123.0,67.31
standard_benchmark,sintel,UniDepth1-vitl14,10,sf,45.42,123.0,71.68
standard_benchmark,sintel,UniDepth1-vitl14,10,calib_shift,59.29,123.0,71.46
standard_benchmark,sintel,UniDepth1-vitl14,10,mdecalib_shift,25.35,123.0,65.02
standard_benchmark,sintel,UniDepth1-vitl14,10,sf_shift,31.78,123.0,52.68
standard_benchmark,sintel,UniDepth1-vitl14,10,calib_ro,39.98,123.0,81.56
standard_benchmark,sintel,UniDepth1-vitl14,10,mdecalib_ro,16.87,123.0,76.97
standard_benchmark,sintel,UniDepth1-vitl14,10,sf_ro,25.23,123.0,84.33
standard_benchmark,sintel,UniDepth1-vitl14,10,calib_shift_ro,45.24,123.0,81.88
standard_benchmark,sintel,UniDepth1-vitl14,10,mdecalib_shift_ro,20.67,123.0,80.37
standard_benchmark,sintel,UniDepth1-vitl14,10,sf_shift_ro,24.94,123.0,75.52
standard_benchmark,sintel,UniDepth1-vitl14,100,calib,68.64,123.0,78.3
standard_benchmark,sintel,UniDepth1-vitl14,100,mdecalib,24.98,123.0,71.24
standard_benchmark,sintel,UniDepth1-vitl14,100,sf,52.79,123.0,77.87
standard_benchmark,sintel,UniDepth1-vitl14,100,calib_shift,68.4,123.0,77.49
standard_benchmark,sintel,UniDepth1-vitl14,100,mdecalib_shift,27.8,123.0,71.37
standard_benchmark,sintel,UniDepth1-vitl14,100,sf_shift,41.66,123.0,69.83
standard_benchmark,sintel,UniDepth1-vitl14,100,calib_ro,39.79,123.0,82.13
standard_benchmark,sintel,UniDepth1-vitl14,100,mdecalib_ro,16.58,123.0,77.63
standard_benchmark,sintel,UniDepth1-vitl14,100,sf_ro,25.87,123.0,85.6
standard_benchmark,sintel,UniDepth1-vitl14,100,calib_shift_ro,48.44,123.0,83.59
standard_benchmark,sintel,UniDepth1-vitl14,100,mdecalib_shift_ro,21.77,123.0,82.21
standard_benchmark,sintel,UniDepth1-vitl14,100,sf_shift_ro,28.38,123.0,84.79
standard_benchmark,sintel,UniDepth1-vitl14,500,calib,70.47,123.0,78.91
standard_benchmark,sintel,UniDepth1-vitl14,500,mdecalib,25.18,123.0,72.44
standard_benchmark,sintel,UniDepth1-vitl14,500,sf,56.04,123.0,79.08
standard_benchmark,sintel,UniDepth1-vitl14,500,calib_shift,71.06,123.0,78.55
standard_benchmark,sintel,UniDepth1-vitl14,500,mdecalib_shift,28.23,123.0,72.71
standard_benchmark,sintel,UniDepth1-vitl14,500,sf_shift,46.59,123.0,74.89
standard_benchmark,sintel,UniDepth1-vitl14,500,calib_ro,39.65,123.0,82.22
standard_benchmark,sintel,UniDepth1-vitl14,500,mdecalib_ro,16.56,123.0,77.72
standard_benchmark,sintel,UniDepth1-vitl14,500,sf_ro,25.57,123.0,85.81
standard_benchmark,sintel,UniDepth1-vitl14,500,calib_shift_ro,49.2,123.0,83.75
standard_benchmark,sintel,UniDepth1-vitl14,500,mdecalib_shift_ro,21.89,123.0,82.39
standard_benchmark,sintel,UniDepth1-vitl14,500,sf_shift_ro,30.24,123.0,85.63
standard_benchmark,sintel,UniDepth1-vitl14,1000,calib,70.78,123.0,79.06
standard_benchmark,sintel,UniDepth1-vitl14,1000,mdecalib,25.34,123.0,72.83
standard_benchmark,sintel,UniDepth1-vitl14,1000,sf,56.55,123.0,79.3
standard_benchmark,sintel,UniDepth1-vitl14,1000,calib_shift,72.16,123.0,78.83
standard_benchmark,sintel,UniDepth1-vitl14,1000,mdecalib_shift,28.26,123.0,73.01
standard_benchmark,sintel,UniDepth1-vitl14,1000,sf_shift,48.29,123.0,75.92
standard_benchmark,sintel,UniDepth1-vitl14,1000,calib_ro,39.61,123.0,82.24
standard_benchmark,sintel,UniDepth1-vitl14,1000,mdecalib_ro,16.48,123.0,77.76
standard_benchmark,sintel,UniDepth1-vitl14,1000,sf_ro,25.51,123.0,85.86
standard_benchmark,sintel,UniDepth1-vitl14,1000,calib_shift_ro,49.49,123.0,83.73
standard_benchmark,sintel,UniDepth1-vitl14,1000,mdecalib_shift_ro,22.01,123.0,82.42
standard_benchmark,sintel,UniDepth1-vitl14,1000,sf_shift_ro,30.69,123.0,85.93
standard_benchmark,sintel,UniDepth1Calib-cnvnxtl,10,calib,64.97,71.85,75.97
standard_benchmark,sintel,UniDepth1Calib-cnvnxtl,10,calib_shift,56.8,71.85,69.92
standard_benchmark,sintel,UniDepth1Calib-cnvnxtl,10,calib_ro,46.94,71.85,80.36
standard_benchmark,sintel,UniDepth1Calib-cnvnxtl,10,calib_shift_ro,38.43,71.85,80.36
standard_benchmark,sintel,UniDepth1Calib-cnvnxtl,100,calib,70.54,71.85,78.68
standard_benchmark,sintel,UniDepth1Calib-cnvnxtl,100,calib_shift,64.74,71.85,77.1
standard_benchmark,sintel,UniDepth1Calib-cnvnxtl,100,calib_ro,47.18,71.85,80.77
standard_benchmark,sintel,UniDepth1Calib-cnvnxtl,100,calib_shift_ro,42.88,71.85,83.21
standard_benchmark,sintel,UniDepth1Calib-cnvnxtl,500,calib,71.73,71.85,79.05
standard_benchmark,sintel,UniDepth1Calib-cnvnxtl,500,calib_shift,68.42,71.85,78.28
standard_benchmark,sintel,UniDepth1Calib-cnvnxtl,500,calib_ro,47.18,71.85,80.87
standard_benchmark,sintel,UniDepth1Calib-cnvnxtl,500,calib_shift_ro,43.89,71.85,83.43
standard_benchmark,sintel,UniDepth1Calib-cnvnxtl,1000,calib,72.1,71.85,79.19
standard_benchmark,sintel,UniDepth1Calib-cnvnxtl,1000,calib_shift,69.51,71.85,78.67
standard_benchmark,sintel,UniDepth1Calib-cnvnxtl,1000,calib_ro,47.25,71.85,80.9
standard_benchmark,sintel,UniDepth1Calib-cnvnxtl,1000,calib_shift_ro,44.44,71.85,83.52
standard_benchmark,sintel,UniDepth1Calib-vitl14,10,calib,61.92,122.82,74.86
standard_benchmark,sintel,UniDepth1Calib-vitl14,10,calib_shift,58.88,122.82,71.32
standard_benchmark,sintel,UniDepth1Calib-vitl14,10,calib_ro,40.29,122.82,81.52
standard_benchmark,sintel,UniDepth1Calib-vitl14,10,calib_shift_ro,45.54,122.82,81.47
standard_benchmark,sintel,UniDepth1Calib-vitl14,100,calib,68.79,122.82,78.28
standard_benchmark,sintel,UniDepth1Calib-vitl14,100,calib_shift,67.99,122.82,77.33
standard_benchmark,sintel,UniDepth1Calib-vitl14,100,calib_ro,40.15,122.82,82.05
standard_benchmark,sintel,UniDepth1Calib-vitl14,100,calib_shift_ro,49.15,122.82,83.58
standard_benchmark,sintel,UniDepth1Calib-vitl14,500,calib,70.62,122.82,78.93
standard_benchmark,sintel,UniDepth1Calib-vitl14,500,calib_shift,71.7,122.82,78.57
standard_benchmark,sintel,UniDepth1Calib-vitl14,500,calib_ro,40.05,122.82,82.12
standard_benchmark,sintel,UniDepth1Calib-vitl14,500,calib_shift_ro,49.9,122.82,83.76
standard_benchmark,sintel,UniDepth1Calib-vitl14,1000,calib,71.01,122.82,79.07
standard_benchmark,sintel,UniDepth1Calib-vitl14,1000,calib_shift,72.64,122.82,78.78
standard_benchmark,sintel,UniDepth1Calib-vitl14,1000,calib_ro,40.02,122.82,82.13
standard_benchmark,sintel,UniDepth1Calib-vitl14,1000,calib_shift_ro,49.96,122.82,83.73
standard_benchmark,sintel,UniDepth2-vitb14,10,calib,63.19,44.18,76.97
standard_benchmark,sintel,UniDepth2-vitb14,10,mdecalib,24.02,44.18,66.86
standard_benchmark,sintel,UniDepth2-vitb14,10,sf,47.14,44.18,73.92
standard_benchmark,sintel,UniDepth2-vitb14,10,calib_shift,61.65,44.18,74.4
standard_benchmark,sintel,UniDepth2-vitb14,10,mdecalib_shift,25.4,44.18,66.38
standard_benchmark,sintel,UniDepth2-vitb14,10,sf_shift,38.29,44.18,55.97
standard_benchmark,sintel,UniDepth2-vitb14,10,calib_ro,50.57,44.18,86.73
standard_benchmark,sintel,UniDepth2-vitb14,10,mdecalib_ro,23.11,44.18,77.83
standard_benchmark,sintel,UniDepth2-vitb14,10,sf_ro,42.25,44.18,89.71
standard_benchmark,sintel,UniDepth2-vitb14,10,calib_shift_ro,57.2,44.18,88.34
standard_benchmark,sintel,UniDepth2-vitb14,10,mdecalib_shift_ro,27.67,44.18,85.03
standard_benchmark,sintel,UniDepth2-vitb14,10,sf_shift_ro,37.56,44.18,79.32
standard_benchmark,sintel,UniDepth2-vitb14,100,calib,67.74,44.18,78.93
standard_benchmark,sintel,UniDepth2-vitb14,100,mdecalib,25.39,44.18,69.57
standard_benchmark,sintel,UniDepth2-vitb14,100,sf,53.23,44.18,78.49
standard_benchmark,sintel,UniDepth2-vitb14,100,calib_shift,68.86,44.18,78.38
standard_benchmark,sintel,UniDepth2-vitb14,100,mdecalib_shift,26.33,44.18,70.21
standard_benchmark,sintel,UniDepth2-vitb14,100,sf_shift,50.3,44.18,72.0
standard_benchmark,sintel,UniDepth2-vitb14,100,calib_ro,50.81,44.18,86.98
standard_benchmark,sintel,UniDepth2-vitb14,100,mdecalib_ro,23.29,44.18,78.47
standard_benchmark,sintel,UniDepth2-vitb14,100,sf_ro,43.03,44.18,90.69
standard_benchmark,sintel,UniDepth2-vitb14,100,calib_shift_ro,59.51,44.18,89.97
standard_benchmark,sintel,UniDepth2-vitb14,100,mdecalib_shift_ro,28.26,44.18,86.48
standard_benchmark,sintel,UniDepth2-vitb14,100,sf_shift_ro,42.51,44.18,87.96
standard_benchmark,sintel,UniDepth2-vitb14,500,calib,68.7,44.18,79.27
standard_benchmark,sintel,UniDepth2-vitb14,500,mdecalib,25.68,44.18,70.36
standard_benchmark,sintel,UniDepth2-vitb14,500,sf,56.17,44.18,79.41
standard_benchmark,sintel,UniDepth2-vitb14,500,calib_shift,72.48,44.18,79.14
standard_benchmark,sintel,UniDepth2-vitb14,500,mdecalib_shift,26.65,44.18,70.97
standard_benchmark,sintel,UniDepth2-vitb14,500,sf_shift,54.22,44.18,75.72
standard_benchmark,sintel,UniDepth2-vitb14,500,calib_ro,50.83,44.18,87.0
standard_benchmark,sintel,UniDepth2-vitb14,500,mdecalib_ro,23.29,44.18,78.54
standard_benchmark,sintel,UniDepth2-vitb14,500,sf_ro,42.89,44.18,90.81
standard_benchmark,sintel,UniDepth2-vitb14,500,calib_shift_ro,60.18,44.18,90.07
standard_benchmark,sintel,UniDepth2-vitb14,500,mdecalib_shift_ro,28.39,44.18,86.62
standard_benchmark,sintel,UniDepth2-vitb14,500,sf_shift_ro,44.82,44.18,89.51
standard_benchmark,sintel,UniDepth2-vitb14,1000,calib,68.8,44.18,79.31
standard_benchmark,sintel,UniDepth2-vitb14,1000,mdecalib,25.72,44.18,70.63
standard_benchmark,sintel,UniDepth2-vitb14,1000,sf,57.11,44.18,79.59
standard_benchmark,sintel,UniDepth2-vitb14,1000,calib_shift,73.5,44.18,79.29
standard_benchmark,sintel,UniDepth2-vitb14,1000,mdecalib_shift,27.05,44.18,71.18
standard_benchmark,sintel,UniDepth2-vitb14,1000,sf_shift,55.85,44.18,77.02
standard_benchmark,sintel,UniDepth2-vitb14,1000,calib_ro,50.84,44.18,87.02
standard_benchmark,sintel,UniDepth2-vitb14,1000,mdecalib_ro,23.29,44.18,78.55
standard_benchmark,sintel,UniDepth2-vitb14,1000,sf_ro,42.74,44.18,90.86
standard_benchmark,sintel,UniDepth2-vitb14,1000,calib_shift_ro,60.22,44.18,90.09
standard_benchmark,sintel,UniDepth2-vitb14,1000,mdecalib_shift_ro,28.48,44.18,86.65
standard_benchmark,sintel,UniDepth2-vitb14,1000,sf_shift_ro,45.39,44.18,89.95
standard_benchmark,sintel,UniDepth2-vitl14,10,calib,65.27,38.33,76.97
standard_benchmark,sintel,UniDepth2-vitl14,10,mdecalib,25.15,38.33,66.67
standard_benchmark,sintel,UniDepth2-vitl14,10,sf,45.34,38.33,73.81
standard_benchmark,sintel,UniDepth2-vitl14,10,calib_shift,62.76,38.33,74.8
standard_benchmark,sintel,UniDepth2-vitl14,10,mdecalib_shift,25.27,38.33,66.05
standard_benchmark,sintel,UniDepth2-vitl14,10,sf_shift,37.8,38.33,56.18
standard_benchmark,sintel,UniDepth2-vitl14,10,calib_ro,52.15,38.33,86.15
standard_benchmark,sintel,UniDepth2-vitl14,10,mdecalib_ro,22.79,38.33,78.3
standard_benchmark,sintel,UniDepth2-vitl14,10,sf_ro,44.02,38.33,88.94
standard_benchmark,sintel,UniDepth2-vitl14,10,calib_shift_ro,62.19,38.33,90.74
standard_benchmark,sintel,UniDepth2-vitl14,10,mdecalib_shift_ro,28.05,38.33,87.04
standard_benchmark,sintel,UniDepth2-vitl14,10,sf_shift_ro,41.42,38.33,80.75
standard_benchmark,sintel,UniDepth2-vitl14,100,calib,70.01,38.33,78.98
standard_benchmark,sintel,UniDepth2-vitl14,100,mdecalib,26.7,38.33,69.32
standard_benchmark,sintel,UniDepth2-vitl14,100,sf,52.82,38.33,78.22
standard_benchmark,sintel,UniDepth2-vitl14,100,calib_shift,71.29,38.33,78.63
standard_benchmark,sintel,UniDepth2-vitl14,100,mdecalib_shift,26.84,38.33,69.75
standard_benchmark,sintel,UniDepth2-vitl14,100,sf_shift,50.66,38.33,72.15
standard_benchmark,sintel,UniDepth2-vitl14,100,calib_ro,52.6,38.33,86.37
standard_benchmark,sintel,UniDepth2-vitl14,100,mdecalib_ro,22.63,38.33,78.78
standard_benchmark,sintel,UniDepth2-vitl14,100,sf_ro,44.8,38.33,89.67
standard_benchmark,sintel,UniDepth2-vitl14,100,calib_shift_ro,63.92,38.33,92.01
standard_benchmark,sintel,UniDepth2-vitl14,100,mdecalib_shift_ro,28.4,38.33,88.27
standard_benchmark,sintel,UniDepth2-vitl14,100,sf_shift_ro,47.2,38.33,89.42
standard_benchmark,sintel,UniDepth2-vitl14,500,calib,70.69,38.33,79.28
standard_benchmark,sintel,UniDepth2-vitl14,500,mdecalib,27.16,38.33,70.19
standard_benchmark,sintel,UniDepth2-vitl14,500,sf,55.87,38.33,79.25
standard_benchmark,sintel,UniDepth2-vitl14,500,calib_shift,74.31,38.33,79.24
standard_benchmark,sintel,UniDepth2-vitl14,500,mdecalib_shift,27.15,38.33,70.56
standard_benchmark,sintel,UniDepth2-vitl14,500,sf_shift,56.46,38.33,76.23
standard_benchmark,sintel,UniDepth2-vitl14,500,calib_ro,52.75,38.33,86.37
standard_benchmark,sintel,UniDepth2-vitl14,500,mdecalib_ro,22.66,38.33,78.82
standard_benchmark,sintel,UniDepth2-vitl14,500,sf_ro,44.78,38.33,89.82
standard_benchmark,sintel,UniDepth2-vitl14,500,calib_shift_ro,64.37,38.33,92.08
standard_benchmark,sintel,UniDepth2-vitl14,500,mdecalib_shift_ro,28.45,38.33,88.41
standard_benchmark,sintel,UniDepth2-vitl14,500,sf_shift_ro,49.33,38.33,90.7
standard_benchmark,sintel,UniDepth2-vitl14,1000,calib,70.77,38.33,79.32
standard_benchmark,sintel,UniDepth2-vitl14,1000,mdecalib,27.28,38.33,70.43
standard_benchmark,sintel,UniDepth2-vitl14,1000,sf,56.65,38.33,79.47
standard_benchmark,sintel,UniDepth2-vitl14,1000,calib_shift,74.77,38.33,79.32
standard_benchmark,sintel,UniDepth2-vitl14,1000,mdecalib_shift,27.19,38.33,70.75
standard_benchmark,sintel,UniDepth2-vitl14,1000,sf_shift,57.39,38.33,77.09
standard_benchmark,sintel,UniDepth2-vitl14,1000,calib_ro,52.86,38.33,86.37
standard_benchmark,sintel,UniDepth2-vitl14,1000,mdecalib_ro,22.67,38.33,78.82
standard_benchmark,sintel,UniDepth2-vitl14,1000,sf_ro,44.74,38.33,89.82
standard_benchmark,sintel,UniDepth2-vitl14,1000,calib_shift_ro,64.38,38.33,92.11
standard_benchmark,sintel,UniDepth2-vitl14,1000,mdecalib_shift_ro,28.48,38.33,88.43
standard_benchmark,sintel,UniDepth2-vitl14,1000,sf_shift_ro,49.78,38.33,91.13
standard_benchmark,sintel,UniDepth2-vits14,10,calib,58.4,25.3,76.42
standard_benchmark,sintel,UniDepth2-vits14,10,mdecalib,17.31,25.3,62.42
standard_benchmark,sintel,UniDepth2-vits14,10,sf,42.11,25.3,71.96
standard_benchmark,sintel,UniDepth2-vits14,10,calib_shift,60.26,25.3,73.03
standard_benchmark,sintel,UniDepth2-vits14,10,mdecalib_shift,19.42,25.3,62.61
standard_benchmark,sintel,UniDepth2-vits14,10,sf_shift,36.83,25.3,54.86
standard_benchmark,sintel,UniDepth2-vits14,10,calib_ro,41.41,25.3,83.8
standard_benchmark,sintel,UniDepth2-vits14,10,mdecalib_ro,13.05,25.3,70.79
standard_benchmark,sintel,UniDepth2-vits14,10,sf_ro,32.23,25.3,86.5
standard_benchmark,sintel,UniDepth2-vits14,10,calib_shift_ro,45.34,25.3,84.72
standard_benchmark,sintel,UniDepth2-vits14,10,mdecalib_shift_ro,14.5,25.3,80.71
standard_benchmark,sintel,UniDepth2-vits14,10,sf_shift_ro,27.44,25.3,77.55
standard_benchmark,sintel,UniDepth2-vits14,100,calib,64.09,25.3,78.87
standard_benchmark,sintel,UniDepth2-vits14,100,mdecalib,18.33,25.3,66.87
standard_benchmark,sintel,UniDepth2-vits14,100,sf,48.47,25.3,78.0
standard_benchmark,sintel,UniDepth2-vits14,100,calib_shift,68.41,25.3,77.96
standard_benchmark,sintel,UniDepth2-vits14,100,mdecalib_shift,20.75,25.3,67.48
standard_benchmark,sintel,UniDepth2-vits14,100,sf_shift,47.5,25.3,71.01
standard_benchmark,sintel,UniDepth2-vits14,100,calib_ro,41.52,25.3,84.23
standard_benchmark,sintel,UniDepth2-vits14,100,mdecalib_ro,13.09,25.3,71.52
standard_benchmark,sintel,UniDepth2-vits14,100,sf_ro,32.71,25.3,88.16
standard_benchmark,sintel,UniDepth2-vits14,100,calib_shift_ro,48.48,25.3,86.84
standard_benchmark,sintel,UniDepth2-vits14,100,mdecalib_shift_ro,15.09,25.3,83.09
standard_benchmark,sintel,UniDepth2-vits14,100,sf_shift_ro,31.82,25.3,86.54
standard_benchmark,sintel,UniDepth2-vits14,500,calib,65.31,25.3,79.2
standard_benchmark,sintel,UniDepth2-vits14,500,mdecalib,18.55,25.3,68.32
standard_benchmark,sintel,UniDepth2-vits14,500,sf,50.95,25.3,79.21
standard_benchmark,sintel,UniDepth2-vits14,500,calib_shift,71.76,25.3,78.95
standard_benchmark,sintel,UniDepth2-vits14,500,mdecalib_shift,21.05,25.3,68.67
standard_benchmark,sintel,UniDepth2-vits14,500,sf_shift,51.37,25.3,75.31
standard_benchmark,sintel,UniDepth2-vits14,500,calib_ro,41.64,25.3,84.24
standard_benchmark,sintel,UniDepth2-vits14,500,mdecalib_ro,13.24,25.3,71.55
standard_benchmark,sintel,UniDepth2-vits14,500,sf_ro,32.71,25.3,88.39
standard_benchmark,sintel,UniDepth2-vits14,500,calib_shift_ro,49.65,25.3,87.1
standard_benchmark,sintel,UniDepth2-vits14,500,mdecalib_shift_ro,15.16,25.3,83.39
standard_benchmark,sintel,UniDepth2-vits14,500,sf_shift_ro,33.61,25.3,87.8
standard_benchmark,sintel,UniDepth2-vits14,1000,calib,65.64,25.3,79.3
standard_benchmark,sintel,UniDepth2-vits14,1000,mdecalib,18.51,25.3,68.79
standard_benchmark,sintel,UniDepth2-vits14,1000,sf,51.84,25.3,79.52
standard_benchmark,sintel,UniDepth2-vits14,1000,calib_shift,72.65,25.3,79.12
standard_benchmark,sintel,UniDepth2-vits14,1000,mdecalib_shift,21.09,25.3,68.99
standard_benchmark,sintel,UniDepth2-vits14,1000,sf_shift,52.44,25.3,76.47
standard_benchmark,sintel,UniDepth2-vits14,1000,calib_ro,41.64,25.3,84.25
standard_benchmark,sintel,UniDepth2-vits14,1000,mdecalib_ro,13.25,25.3,71.57
standard_benchmark,sintel,UniDepth2-vits14,1000,sf_ro,32.7,25.3,88.45
standard_benchmark,sintel,UniDepth2-vits14,1000,calib_shift_ro,49.8,25.3,87.13
standard_benchmark,sintel,UniDepth2-vits14,1000,mdecalib_shift_ro,15.23,25.3,83.43
standard_benchmark,sintel,UniDepth2-vits14,1000,sf_shift_ro,34.14,25.3,88.11
standard_benchmark,sintel,UniDepth2Calib-vitb14,10,calib,63.18,41.86,77.18
standard_benchmark,sintel,UniDepth2Calib-vitb14,10,calib_shift,61.95,41.86,74.5
standard_benchmark,sintel,UniDepth2Calib-vitb14,10,calib_ro,51.97,41.86,87.19
standard_benchmark,sintel,UniDepth2Calib-vitb14,10,calib_shift_ro,57.88,41.86,88.4
standard_benchmark,sintel,UniDepth2Calib-vitb14,100,calib,67.99,41.86,78.97
standard_benchmark,sintel,UniDepth2Calib-vitb14,100,calib_shift,69.49,41.86,78.42
standard_benchmark,sintel,UniDepth2Calib-vitb14,100,calib_ro,52.18,41.86,87.43
standard_benchmark,sintel,UniDepth2Calib-vitb14,100,calib_shift_ro,60.63,41.86,90.08
standard_benchmark,sintel,UniDepth2Calib-vitb14,500,calib,68.87,41.86,79.24
standard_benchmark,sintel,UniDepth2Calib-vitb14,500,calib_shift,72.56,41.86,79.16
standard_benchmark,sintel,UniDepth2Calib-vitb14,500,calib_ro,52.24,41.86,87.44
standard_benchmark,sintel,UniDepth2Calib-vitb14,500,calib_shift_ro,61.01,41.86,90.2
standard_benchmark,sintel,UniDepth2Calib-vitb14,1000,calib,69.03,41.86,79.29
standard_benchmark,sintel,UniDepth2Calib-vitb14,1000,calib_shift,73.67,41.86,79.29
standard_benchmark,sintel,UniDepth2Calib-vitb14,1000,calib_ro,52.26,41.86,87.45
standard_benchmark,sintel,UniDepth2Calib-vitb14,1000,calib_shift_ro,61.09,41.86,90.19
standard_benchmark,sintel,UniDepth2Calib-vitl14,10,calib,65.58,38.8,77.05
standard_benchmark,sintel,UniDepth2Calib-vitl14,10,calib_shift,62.38,38.8,74.84
standard_benchmark,sintel,UniDepth2Calib-vitl14,10,calib_ro,52.46,38.8,86.39
standard_benchmark,sintel,UniDepth2Calib-vitl14,10,calib_shift_ro,62.05,38.8,90.84
standard_benchmark,sintel,UniDepth2Calib-vitl14,100,calib,70.27,38.8,79.0
standard_benchmark,sintel,UniDepth2Calib-vitl14,100,calib_shift,71.04,38.8,78.63
standard_benchmark,sintel,UniDepth2Calib-vitl14,100,calib_ro,52.98,38.8,86.59
standard_benchmark,sintel,UniDepth2Calib-vitl14,100,calib_shift_ro,64.09,38.8,91.99
standard_benchmark,sintel,UniDepth2Calib-vitl14,500,calib,70.99,38.8,79.28
standard_benchmark,sintel,UniDepth2Calib-vitl14,500,calib_shift,73.9,38.8,79.23
standard_benchmark,sintel,UniDepth2Calib-vitl14,500,calib_ro,53.16,38.8,86.58
standard_benchmark,sintel,UniDepth2Calib-vitl14,500,calib_shift_ro,64.45,38.8,92.07
standard_benchmark,sintel,UniDepth2Calib-vitl14,1000,calib,71.02,38.8,79.34
standard_benchmark,sintel,UniDepth2Calib-vitl14,1000,calib_shift,74.75,38.8,79.35
standard_benchmark,sintel,UniDepth2Calib-vitl14,1000,calib_ro,53.14,38.8,86.59
standard_benchmark,sintel,UniDepth2Calib-vitl14,1000,calib_shift_ro,64.48,38.8,92.1
standard_benchmark,sintel,UniDepth2Calib-vits14,10,calib,57.84,23.39,76.42
standard_benchmark,sintel,UniDepth2Calib-vits14,10,calib_shift,60.24,23.39,73.07
standard_benchmark,sintel,UniDepth2Calib-vits14,10,calib_ro,42.98,23.39,84.09
standard_benchmark,sintel,UniDepth2Calib-vits14,10,calib_shift_ro,46.49,23.39,84.81
standard_benchmark,sintel,UniDepth2Calib-vits14,100,calib,63.96,23.39,78.88
standard_benchmark,sintel,UniDepth2Calib-vits14,100,calib_shift,68.12,23.39,78.03
standard_benchmark,sintel,UniDepth2Calib-vits14,100,calib_ro,43.24,23.39,84.51
standard_benchmark,sintel,UniDepth2Calib-vits14,100,calib_shift_ro,50.48,23.39,87.04
standard_benchmark,sintel,UniDepth2Calib-vits14,500,calib,65.07,23.39,79.21
standard_benchmark,sintel,UniDepth2Calib-vits14,500,calib_shift,71.8,23.39,78.9
standard_benchmark,sintel,UniDepth2Calib-vits14,500,calib_ro,43.27,23.39,84.58
standard_benchmark,sintel,UniDepth2Calib-vits14,500,calib_shift_ro,51.35,23.39,87.2
standard_benchmark,sintel,UniDepth2Calib-vits14,1000,calib,65.17,23.39,79.32
standard_benchmark,sintel,UniDepth2Calib-vits14,1000,calib_shift,72.77,23.39,79.13
standard_benchmark,sintel,UniDepth2Calib-vits14,1000,calib_ro,43.29,23.39,84.61
standard_benchmark,sintel,UniDepth2Calib-vits14,1000,calib_shift_ro,51.57,23.39,87.24
standard_benchmark,sintel,UniK3D-vitl,10,calib,63.23,46.05,76.76
standard_benchmark,sintel,UniK3D-vitl,10,sf,46.15,46.05,73.66
standard_benchmark,sintel,UniK3D-vitl,10,calib_shift,62.49,46.05,74.99
standard_benchmark,sintel,UniK3D-vitl,10,sf_shift,39.37,46.05,56.08
standard_benchmark,sintel,UniK3D-vitl,10,calib_ro,52.24,46.05,87.67
standard_benchmark,sintel,UniK3D-vitl,10,sf_ro,44.43,46.05,90.49
standard_benchmark,sintel,UniK3D-vitl,10,calib_shift_ro,60.07,46.05,90.44
standard_benchmark,sintel,UniK3D-vitl,10,sf_shift_ro,42.17,46.05,80.93
standard_benchmark,sintel,UniK3D-vitl,100,calib,67.75,46.05,78.9
standard_benchmark,sintel,UniK3D-vitl,100,sf,53.7,46.05,78.2
standard_benchmark,sintel,UniK3D-vitl,100,calib_shift,70.4,46.05,78.56
standard_benchmark,sintel,UniK3D-vitl,100,sf_shift,50.76,46.05,72.26
standard_benchmark,sintel,UniK3D-vitl,100,calib_ro,52.89,46.05,87.88
standard_benchmark,sintel,UniK3D-vitl,100,sf_ro,45.07,46.05,91.26
standard_benchmark,sintel,UniK3D-vitl,100,calib_shift_ro,62.27,46.05,91.94
standard_benchmark,sintel,UniK3D-vitl,100,sf_shift_ro,48.04,46.05,89.35
standard_benchmark,sintel,UniK3D-vitl,500,calib,68.85,46.05,79.16
standard_benchmark,sintel,UniK3D-vitl,500,sf,55.7,46.05,79.18
standard_benchmark,sintel,UniK3D-vitl,500,calib_shift,73.5,46.05,79.21
standard_benchmark,sintel,UniK3D-vitl,500,sf_shift,55.74,46.05,76.1
standard_benchmark,sintel,UniK3D-vitl,500,calib_ro,53.16,46.05,87.88
standard_benchmark,sintel,UniK3D-vitl,500,sf_ro,45.08,46.05,91.37
standard_benchmark,sintel,UniK3D-vitl,500,calib_shift_ro,62.56,46.05,92.04
standard_benchmark,sintel,UniK3D-vitl,500,sf_shift_ro,50.24,46.05,90.76
standard_benchmark,sintel,UniK3D-vitl,1000,calib,68.73,46.05,79.24
standard_benchmark,sintel,UniK3D-vitl,1000,sf,56.53,46.05,79.4
standard_benchmark,sintel,UniK3D-vitl,1000,calib_shift,74.38,46.05,79.32
standard_benchmark,sintel,UniK3D-vitl,1000,sf_shift,56.72,46.05,77.11
standard_benchmark,sintel,UniK3D-vitl,1000,calib_ro,53.18,46.05,87.87
standard_benchmark,sintel,UniK3D-vitl,1000,sf_ro,45.13,46.05,91.4
standard_benchmark,sintel,UniK3D-vitl,1000,calib_shift_ro,62.65,46.05,92.08
standard_benchmark,sintel,UniK3D-vitl,1000,sf_shift_ro,50.69,46.05,91.05
standard_benchmark,sintel,UniK3DCalib-vitl,10,calib,62.98,53.03,76.87
standard_benchmark,sintel,UniK3DCalib-vitl,10,calib_shift,61.94,53.03,74.93
standard_benchmark,sintel,UniK3DCalib-vitl,10,calib_ro,52.19,53.03,87.71
standard_benchmark,sintel,UniK3DCalib-vitl,10,calib_shift_ro,60.33,53.03,90.47
standard_benchmark,sintel,UniK3DCalib-vitl,100,calib,67.45,53.03,78.9
standard_benchmark,sintel,UniK3DCalib-vitl,100,calib_shift,70.47,53.03,78.56
standard_benchmark,sintel,UniK3DCalib-vitl,100,calib_ro,52.68,53.03,87.89
standard_benchmark,sintel,UniK3DCalib-vitl,100,calib_shift_ro,62.65,53.03,91.88
standard_benchmark,sintel,UniK3DCalib-vitl,500,calib,68.58,53.03,79.17
standard_benchmark,sintel,UniK3DCalib-vitl,500,calib_shift,73.5,53.03,79.2
standard_benchmark,sintel,UniK3DCalib-vitl,500,calib_ro,52.92,53.03,87.9
standard_benchmark,sintel,UniK3DCalib-vitl,500,calib_shift_ro,62.89,53.03,91.97
standard_benchmark,sintel,UniK3DCalib-vitl,1000,calib,68.55,53.03,79.24
standard_benchmark,sintel,UniK3DCalib-vitl,1000,calib_shift,74.32,53.03,79.33
standard_benchmark,sintel,UniK3DCalib-vitl,1000,calib_ro,52.92,53.03,87.91
standard_benchmark,sintel,UniK3DCalib-vitl,1000,calib_shift_ro,63.0,53.03,92.0
standard_benchmark,sintel,VGGT-VGGT-1B,10,calib,53.51,96.81,74.36
standard_benchmark,sintel,VGGT-VGGT-1B,10,mdecalib,29.85,96.81,71.22
standard_benchmark,sintel,VGGT-VGGT-1B,10,sf,41.17,96.81,72.62
standard_benchmark,sintel,VGGT-VGGT-1B,10,calib_shift,57.93,96.81,73.34
standard_benchmark,sintel,VGGT-VGGT-1B,10,mdecalib_shift,34.4,96.81,71.28
standard_benchmark,sintel,VGGT-VGGT-1B,10,sf_shift,35.19,96.81,55.16
standard_benchmark,sintel,VGGT-VGGT-1B,10,calib_ro,33.53,96.81,83.41
standard_benchmark,sintel,VGGT-VGGT-1B,10,mdecalib_ro,20.6,96.81,80.34
standard_benchmark,sintel,VGGT-VGGT-1B,10,sf_ro,28.76,96.81,86.31
standard_benchmark,sintel,VGGT-VGGT-1B,10,calib_shift_ro,45.49,96.81,84.62
standard_benchmark,sintel,VGGT-VGGT-1B,10,mdecalib_shift_ro,33.0,96.81,83.57
standard_benchmark,sintel,VGGT-VGGT-1B,10,sf_shift_ro,30.57,96.81,78.23
standard_benchmark,sintel,VGGT-VGGT-1B,100,calib,58.91,96.81,77.39
standard_benchmark,sintel,VGGT-VGGT-1B,100,mdecalib,32.67,96.81,74.51
standard_benchmark,sintel,VGGT-VGGT-1B,100,sf,44.74,96.81,76.88
standard_benchmark,sintel,VGGT-VGGT-1B,100,calib_shift,65.35,96.81,77.6
standard_benchmark,sintel,VGGT-VGGT-1B,100,mdecalib_shift,38.48,96.81,75.11
standard_benchmark,sintel,VGGT-VGGT-1B,100,sf_shift,43.26,96.81,70.92
standard_benchmark,sintel,VGGT-VGGT-1B,100,calib_ro,33.91,96.81,83.68
standard_benchmark,sintel,VGGT-VGGT-1B,100,mdecalib_ro,20.73,96.81,80.76
standard_benchmark,sintel,VGGT-VGGT-1B,100,sf_ro,29.58,96.81,87.71
standard_benchmark,sintel,VGGT-VGGT-1B,100,calib_shift_ro,47.04,96.81,86.47
standard_benchmark,sintel,VGGT-VGGT-1B,100,mdecalib_shift_ro,34.58,96.81,85.54
standard_benchmark,sintel,VGGT-VGGT-1B,100,sf_shift_ro,35.02,96.81,86.65
standard_benchmark,sintel,VGGT-VGGT-1B,500,calib,61.82,96.81,78.22
standard_benchmark,sintel,VGGT-VGGT-1B,500,mdecalib,34.13,96.81,75.57
standard_benchmark,sintel,VGGT-VGGT-1B,500,sf,46.69,96.81,77.78
standard_benchmark,sintel,VGGT-VGGT-1B,500,calib_shift,69.05,96.81,78.67
standard_benchmark,sintel,VGGT-VGGT-1B,500,mdecalib_shift,39.75,96.81,76.04
standard_benchmark,sintel,VGGT-VGGT-1B,500,sf_shift,46.96,96.81,75.12
standard_benchmark,sintel,VGGT-VGGT-1B,500,calib_ro,34.14,96.81,83.74
standard_benchmark,sintel,VGGT-VGGT-1B,500,mdecalib_ro,20.84,96.81,80.83
standard_benchmark,sintel,VGGT-VGGT-1B,500,sf_ro,30.02,96.81,87.99
standard_benchmark,sintel,VGGT-VGGT-1B,500,calib_shift_ro,47.32,96.81,86.59
standard_benchmark,sintel,VGGT-VGGT-1B,500,mdecalib_shift_ro,34.84,96.81,85.69
standard_benchmark,sintel,VGGT-VGGT-1B,500,sf_shift_ro,36.89,96.81,87.69
standard_benchmark,sintel,VGGT-VGGT-1B,1000,calib,62.88,96.81,78.52
standard_benchmark,sintel,VGGT-VGGT-1B,1000,mdecalib,34.65,96.81,75.89
standard_benchmark,sintel,VGGT-VGGT-1B,1000,sf,47.66,96.81,78.15
standard_benchmark,sintel,VGGT-VGGT-1B,1000,calib_shift,70.07,96.81,78.88
standard_benchmark,sintel,VGGT-VGGT-1B,1000,mdecalib_shift,40.39,96.81,76.34
standard_benchmark,sintel,VGGT-VGGT-1B,1000,sf_shift,48.17,96.81,76.53
standard_benchmark,sintel,VGGT-VGGT-1B,1000,calib_ro,34.18,96.81,83.75
standard_benchmark,sintel,VGGT-VGGT-1B,1000,mdecalib_ro,20.84,96.81,80.84
standard_benchmark,sintel,VGGT-VGGT-1B,1000,sf_ro,30.03,96.81,88.04
standard_benchmark,sintel,VGGT-VGGT-1B,1000,calib_shift_ro,47.39,96.81,86.63
standard_benchmark,sintel,VGGT-VGGT-1B,1000,mdecalib_shift_ro,34.77,96.81,85.72
standard_benchmark,sintel,VGGT-VGGT-1B,1000,sf_shift_ro,37.37,96.81,87.95
standard_benchmark,sintel,gt,10,calib,85.83,0.0,83.14
standard_benchmark,sintel,gt,10,sf,81.6,0.0,83.28
standard_benchmark,sintel,gt,10,calib_shift,83.95,0.0,83.3
standard_benchmark,sintel,gt,10,sf_shift,50.91,0.0,67.05
standard_benchmark,sintel,gt,10,calib_ro,94.9,0.0,98.96
standard_benchmark,sintel,gt,10,sf_ro,92.93,0.0,98.88
standard_benchmark,sintel,gt,10,calib_shift_ro,94.12,0.0,98.96
standard_benchmark,sintel,gt,10,sf_shift_ro,74.81,0.0,88.32
standard_benchmark,sintel,gt,100,calib,87.42,0.0,83.59
standard_benchmark,sintel,gt,100,sf,83.62,0.0,83.87
standard_benchmark,sintel,gt,100,calib_shift,85.83,0.0,83.74
standard_benchmark,sintel,gt,100,sf_shift,65.12,0.0,79.72
standard_benchmark,sintel,gt,100,calib_ro,94.88,0.0,98.96
standard_benchmark,sintel,gt,100,sf_ro,92.92,0.0,98.92
standard_benchmark,sintel,gt,100,calib_shift_ro,94.15,0.0,98.97
standard_benchmark,sintel,gt,100,sf_shift_ro,85.16,0.0,96.08
standard_benchmark,sintel,gt,500,calib,87.32,0.0,83.7
standard_benchmark,sintel,gt,500,sf,83.29,0.0,84.04
standard_benchmark,sintel,gt,500,calib_shift,85.54,0.0,83.81
standard_benchmark,sintel,gt,500,sf_shift,70.7,0.0,82.62
standard_benchmark,sintel,gt,500,calib_ro,94.88,0.0,98.96
standard_benchmark,sintel,gt,500,sf_ro,92.91,0.0,98.92
standard_benchmark,sintel,gt,500,calib_shift_ro,94.06,0.0,98.97
standard_benchmark,sintel,gt,500,sf_shift_ro,88.81,0.0,97.95
standard_benchmark,sintel,gt,1000,calib,87.22,0.0,83.74
standard_benchmark,sintel,gt,1000,sf,83.01,0.0,84.11
standard_benchmark,sintel,gt,1000,calib_shift,85.39,0.0,83.85
standard_benchmark,sintel,gt,1000,sf_shift,72.17,0.0,83.28
standard_benchmark,sintel,gt,1000,calib_ro,94.87,0.0,98.96
standard_benchmark,sintel,gt,1000,sf_ro,92.89,0.0,98.92
standard_benchmark,sintel,gt,1000,calib_shift_ro,94.02,0.0,98.97
standard_benchmark,sintel,gt,1000,sf_shift_ro,89.84,0.0,98.29
standard_benchmark,sintel,none,10,baseline_calib,67.73,0.0,76.68
standard_benchmark,sintel,none,10,baseline_sf,59.17,0.0,75.08
standard_benchmark,sintel,none,100,baseline_calib,75.97,0.0,79.13
standard_benchmark,sintel,none,100,baseline_sf,66.34,0.0,79.23
standard_benchmark,sintel,none,500,baseline_calib,77.21,0.0,79.48
standard_benchmark,sintel,none,500,baseline_sf,68.85,0.0,80.05
standard_benchmark,sintel,none,1000,baseline_calib,77.66,0.0,79.55
standard_benchmark,sintel,none,1000,baseline_sf,69.04,0.0,80.18
standard_benchmark,eth3d,DepthAnythingV2-vitb,10,calib,66.33,74.28,67.59
standard_benchmark,eth3d,DepthAnythingV2-vitb,10,sf,49.61,74.28,65.09
standard_benchmark,eth3d,DepthAnythingV2-vitb,10,calib_shift,83.98,74.28,80.9
standard_benchmark,eth3d,DepthAnythingV2-vitb,10,sf_shift,29.9,74.28,29.7
standard_benchmark,eth3d,DepthAnythingV2-vitb,10,calib_ro,38.48,74.28,39.99
standard_benchmark,eth3d,DepthAnythingV2-vitb,10,sf_ro,31.26,74.28,55.91
standard_benchmark,eth3d,DepthAnythingV2-vitb,10,calib_shift_ro,68.89,74.28,54.84
standard_benchmark,eth3d,DepthAnythingV2-vitb,10,sf_shift_ro,28.56,74.28,36.82
standard_benchmark,eth3d,DepthAnythingV2-vitb,100,calib,77.42,74.28,79.05
standard_benchmark,eth3d,DepthAnythingV2-vitb,100,sf,56.2,74.28,76.3
standard_benchmark,eth3d,DepthAnythingV2-vitb,100,calib_shift,88.93,74.28,84.69
standard_benchmark,eth3d,DepthAnythingV2-vitb,100,sf_shift,54.97,74.28,60.24
standard_benchmark,eth3d,DepthAnythingV2-vitb,100,calib_ro,39.86,74.28,41.04
standard_benchmark,eth3d,DepthAnythingV2-vitb,100,sf_ro,32.53,74.28,59.26
standard_benchmark,eth3d,DepthAnythingV2-vitb,100,calib_shift_ro,70.75,74.28,56.87
standard_benchmark,eth3d,DepthAnythingV2-vitb,100,sf_shift_ro,40.61,74.28,55.62
standard_benchmark,eth3d,DepthAnythingV2-vitb,500,calib,82.05,74.28,83.47
standard_benchmark,eth3d,DepthAnythingV2-vitb,500,sf,59.42,74.28,79.88
standard_benchmark,eth3d,DepthAnythingV2-vitb,500,calib_shift,90.46,74.28,85.32
standard_benchmark,eth3d,DepthAnythingV2-vitb,500,sf_shift,65.49,74.28,73.54
standard_benchmark,eth3d,DepthAnythingV2-vitb,500,calib_ro,40.29,74.28,41.14
standard_benchmark,eth3d,DepthAnythingV2-vitb,500,sf_ro,32.77,74.28,60.04
standard_benchmark,eth3d,DepthAnythingV2-vitb,500,calib_shift_ro,71.12,74.28,57.04
standard_benchmark,eth3d,DepthAnythingV2-vitb,500,sf_shift_ro,44.74,74.28,61.35
standard_benchmark,eth3d,DepthAnythingV2-vitb,1000,calib,83.25,74.28,84.47
standard_benchmark,eth3d,DepthAnythingV2-vitb,1000,sf,60.37,74.28,80.9
standard_benchmark,eth3d,DepthAnythingV2-vitb,1000,calib_shift,90.92,74.28,85.48
standard_benchmark,eth3d,DepthAnythingV2-vitb,1000,sf_shift,68.19,74.28,77.05
standard_benchmark,eth3d,DepthAnythingV2-vitb,1000,calib_ro,40.46,74.28,41.14
standard_benchmark,eth3d,DepthAnythingV2-vitb,1000,sf_ro,32.84,74.28,60.19
standard_benchmark,eth3d,DepthAnythingV2-vitb,1000,calib_shift_ro,71.13,74.28,57.06
standard_benchmark,eth3d,DepthAnythingV2-vitb,1000,sf_shift_ro,46.15,74.28,62.97
standard_benchmark,eth3d,DepthAnythingV2-vitl,10,calib,33.02,144.57,20.1
standard_benchmark,eth3d,DepthAnythingV2-vitl,10,sf,47.86,144.57,63.04
standard_benchmark,eth3d,DepthAnythingV2-vitl,10,calib_shift,67.77,144.57,47.14
standard_benchmark,eth3d,DepthAnythingV2-vitl,10,sf_shift,29.98,144.57,29.7
standard_benchmark,eth3d,DepthAnythingV2-vitl,10,calib_ro,37.51,144.57,38.64
standard_benchmark,eth3d,DepthAnythingV2-vitl,10,sf_ro,30.44,144.57,53.91
standard_benchmark,eth3d,DepthAnythingV2-vitl,10,calib_shift_ro,69.73,144.57,54.65
standard_benchmark,eth3d,DepthAnythingV2-vitl,10,sf_shift_ro,27.07,144.57,34.31
standard_benchmark,eth3d,DepthAnythingV2-vitl,100,calib,40.28,144.57,26.4
standard_benchmark,eth3d,DepthAnythingV2-vitl,100,sf,55.68,144.57,75.02
standard_benchmark,eth3d,DepthAnythingV2-vitl,100,calib_shift,76.5,144.57,57.49
standard_benchmark,eth3d,DepthAnythingV2-vitl,100,sf_shift,53.42,144.57,59.0
standard_benchmark,eth3d,DepthAnythingV2-vitl,100,calib_ro,39.25,144.57,39.71
standard_benchmark,eth3d,DepthAnythingV2-vitl,100,sf_ro,31.88,144.57,58.0
standard_benchmark,eth3d,DepthAnythingV2-vitl,100,calib_shift_ro,71.28,144.57,56.68
standard_benchmark,eth3d,DepthAnythingV2-vitl,100,sf_shift_ro,40.61,144.57,54.57
standard_benchmark,eth3d,DepthAnythingV2-vitl,500,calib,43.77,144.57,30.28
standard_benchmark,eth3d,DepthAnythingV2-vitl,500,sf,58.75,144.57,78.63
standard_benchmark,eth3d,DepthAnythingV2-vitl,500,calib_shift,81.38,144.57,64.07
standard_benchmark,eth3d,DepthAnythingV2-vitl,500,sf_shift,65.14,144.57,73.34
standard_benchmark,eth3d,DepthAnythingV2-vitl,500,calib_ro,39.95,144.57,39.75
standard_benchmark,eth3d,DepthAnythingV2-vitl,500,sf_ro,32.41,144.57,58.83
standard_benchmark,eth3d,DepthAnythingV2-vitl,500,calib_shift_ro,71.56,144.57,56.79
standard_benchmark,eth3d,DepthAnythingV2-vitl,500,sf_shift_ro,45.5,144.57,60.82
standard_benchmark,eth3d,DepthAnythingV2-vitl,1000,calib,45.77,144.57,32.0
standard_benchmark,eth3d,DepthAnythingV2-vitl,1000,sf,59.55,144.57,79.8
standard_benchmark,eth3d,DepthAnythingV2-vitl,1000,calib_shift,82.89,144.57,66.57
standard_benchmark,eth3d,DepthAnythingV2-vitl,1000,sf_shift,68.25,144.57,76.98
standard_benchmark,eth3d,DepthAnythingV2-vitl,1000,calib_ro,40.09,144.57,39.75
standard_benchmark,eth3d,DepthAnythingV2-vitl,1000,sf_ro,32.51,144.57,59.09
standard_benchmark,eth3d,DepthAnythingV2-vitl,1000,calib_shift_ro,71.6,144.57,56.81
standard_benchmark,eth3d,DepthAnythingV2-vitl,1000,sf_shift_ro,47.13,144.57,62.56
standard_benchmark,eth3d,DepthAnythingV2-vits,10,calib,67.05,46.43,68.69
standard_benchmark,eth3d,DepthAnythingV2-vits,10,sf,49.94,46.43,65.76
standard_benchmark,eth3d,DepthAnythingV2-vits,10,calib_shift,83.59,46.43,80.1
standard_benchmark,eth3d,DepthAnythingV2-vits,10,sf_shift,29.74,46.43,29.65
standard_benchmark,eth3d,DepthAnythingV2-vits,10,calib_ro,39.14,46.43,39.04
standard_benchmark,eth3d,DepthAnythingV2-vits,10,sf_ro,31.36,46.43,54.86
standard_benchmark,eth3d,DepthAnythingV2-vits,10,calib_shift_ro,66.97,46.43,52.22
standard_benchmark,eth3d,DepthAnythingV2-vits,10,sf_shift_ro,27.65,46.43,35.85
standard_benchmark,eth3d,DepthAnythingV2-vits,100,calib,78.52,46.43,79.86
standard_benchmark,eth3d,DepthAnythingV2-vits,100,sf,57.54,46.43,77.24
standard_benchmark,eth3d,DepthAnythingV2-vits,100,calib_shift,88.7,46.43,84.56
standard_benchmark,eth3d,DepthAnythingV2-vits,100,sf_shift,54.07,46.43,60.28
standard_benchmark,eth3d,DepthAnythingV2-vits,100,calib_ro,40.72,46.43,40.15
standard_benchmark,eth3d,DepthAnythingV2-vits,100,sf_ro,32.55,46.43,57.94
standard_benchmark,eth3d,DepthAnythingV2-vits,100,calib_shift_ro,69.23,46.43,54.32
standard_benchmark,eth3d,DepthAnythingV2-vits,100,sf_shift_ro,39.02,46.43,54.32
standard_benchmark,eth3d,DepthAnythingV2-vits,500,calib,82.92,46.43,83.87
standard_benchmark,eth3d,DepthAnythingV2-vits,500,sf,60.26,46.43,80.61
standard_benchmark,eth3d,DepthAnythingV2-vits,500,calib_shift,90.38,46.43,85.27
standard_benchmark,eth3d,DepthAnythingV2-vits,500,sf_shift,65.9,46.43,73.5
standard_benchmark,eth3d,DepthAnythingV2-vits,500,calib_ro,41.28,46.43,40.21
standard_benchmark,eth3d,DepthAnythingV2-vits,500,sf_ro,32.77,46.43,58.45
standard_benchmark,eth3d,DepthAnythingV2-vits,500,calib_shift_ro,69.55,46.43,54.55
standard_benchmark,eth3d,DepthAnythingV2-vits,500,sf_shift_ro,43.14,46.43,59.68
standard_benchmark,eth3d,DepthAnythingV2-vits,1000,calib,84.23,46.43,84.81
standard_benchmark,eth3d,DepthAnythingV2-vits,1000,sf,61.01,46.43,81.62
standard_benchmark,eth3d,DepthAnythingV2-vits,1000,calib_shift,90.94,46.43,85.42
standard_benchmark,eth3d,DepthAnythingV2-vits,1000,sf_shift,68.78,46.43,77.08
standard_benchmark,eth3d,DepthAnythingV2-vits,1000,calib_ro,41.39,46.43,40.23
standard_benchmark,eth3d,DepthAnythingV2-vits,1000,sf_ro,32.76,46.43,58.58
standard_benchmark,eth3d,DepthAnythingV2-vits,1000,calib_shift_ro,69.59,46.43,54.58
standard_benchmark,eth3d,DepthAnythingV2-vits,1000,sf_shift_ro,44.24,46.43,61.1
standard_benchmark,eth3d,DepthAnythingV3-DA3METRIC-LARGE,10,calib,85.06,63.5,81.92
standard_benchmark,eth3d,DepthAnythingV3-DA3METRIC-LARGE,10,sf,77.0,63.5,80.52
standard_benchmark,eth3d,DepthAnythingV3-DA3METRIC-LARGE,10,calib_shift,84.72,63.5,81.58
standard_benchmark,eth3d,DepthAnythingV3-DA3METRIC-LARGE,10,sf_shift,32.14,63.5,28.77
standard_benchmark,eth3d,DepthAnythingV3-DA3METRIC-LARGE,10,calib_ro,78.53,63.5,60.95
standard_benchmark,eth3d,DepthAnythingV3-DA3METRIC-LARGE,10,sf_ro,69.14,63.5,73.63
standard_benchmark,eth3d,DepthAnythingV3-DA3METRIC-LARGE,10,calib_shift_ro,79.73,63.5,64.24
standard_benchmark,eth3d,DepthAnythingV3-DA3METRIC-LARGE,10,sf_shift_ro,38.0,63.5,39.08
standard_benchmark,eth3d,DepthAnythingV3-DA3METRIC-LARGE,100,calib,89.18,63.5,84.38
standard_benchmark,eth3d,DepthAnythingV3-DA3METRIC-LARGE,100,sf,81.07,63.5,84.03
standard_benchmark,eth3d,DepthAnythingV3-DA3METRIC-LARGE,100,calib_shift,89.4,63.5,84.44
standard_benchmark,eth3d,DepthAnythingV3-DA3METRIC-LARGE,100,sf_shift,58.37,63.5,59.61
standard_benchmark,eth3d,DepthAnythingV3-DA3METRIC-LARGE,100,calib_ro,79.33,63.5,61.49
standard_benchmark,eth3d,DepthAnythingV3-DA3METRIC-LARGE,100,sf_ro,69.99,63.5,74.71
standard_benchmark,eth3d,DepthAnythingV3-DA3METRIC-LARGE,100,calib_shift_ro,81.04,63.5,65.58
standard_benchmark,eth3d,DepthAnythingV3-DA3METRIC-LARGE,100,sf_shift_ro,52.98,63.5,59.66
standard_benchmark,eth3d,DepthAnythingV3-DA3METRIC-LARGE,500,calib,90.72,63.5,85.02
standard_benchmark,eth3d,DepthAnythingV3-DA3METRIC-LARGE,500,sf,82.95,63.5,84.92
standard_benchmark,eth3d,DepthAnythingV3-DA3METRIC-LARGE,500,calib_shift,91.21,63.5,85.04
standard_benchmark,eth3d,DepthAnythingV3-DA3METRIC-LARGE,500,sf_shift,68.57,63.5,72.62
standard_benchmark,eth3d,DepthAnythingV3-DA3METRIC-LARGE,500,calib_ro,79.38,63.5,61.49
standard_benchmark,eth3d,DepthAnythingV3-DA3METRIC-LARGE,500,sf_ro,70.1,63.5,74.83
standard_benchmark,eth3d,DepthAnythingV3-DA3METRIC-LARGE,500,calib_shift_ro,81.21,63.5,65.65
standard_benchmark,eth3d,DepthAnythingV3-DA3METRIC-LARGE,500,sf_shift_ro,58.64,63.5,66.43
standard_benchmark,eth3d,DepthAnythingV3-DA3METRIC-LARGE,1000,calib,91.28,63.5,85.15
standard_benchmark,eth3d,DepthAnythingV3-DA3METRIC-LARGE,1000,sf,83.71,63.5,85.14
standard_benchmark,eth3d,DepthAnythingV3-DA3METRIC-LARGE,1000,calib_shift,91.68,63.5,85.2
standard_benchmark,eth3d,DepthAnythingV3-DA3METRIC-LARGE,1000,sf_shift,71.73,63.5,76.36
standard_benchmark,eth3d,DepthAnythingV3-DA3METRIC-LARGE,1000,calib_ro,79.41,63.5,61.48
standard_benchmark,eth3d,DepthAnythingV3-DA3METRIC-LARGE,1000,sf_ro,70.07,63.5,74.88
standard_benchmark,eth3d,DepthAnythingV3-DA3METRIC-LARGE,1000,calib_shift_ro,81.25,63.5,65.66
standard_benchmark,eth3d,DepthAnythingV3-DA3METRIC-LARGE,1000,sf_shift_ro,60.42,63.5,68.25
standard_benchmark,eth3d,DepthAnythingV3-DA3MONO-LARGE,10,calib,78.56,61.52,76.94
standard_benchmark,eth3d,DepthAnythingV3-DA3MONO-LARGE,10,sf,62.31,61.52,75.25
standard_benchmark,eth3d,DepthAnythingV3-DA3MONO-LARGE,10,calib_shift,84.76,61.52,81.73
standard_benchmark,eth3d,DepthAnythingV3-DA3MONO-LARGE,10,sf_shift,32.51,61.52,30.02
standard_benchmark,eth3d,DepthAnythingV3-DA3MONO-LARGE,10,calib_ro,60.77,61.52,49.13
standard_benchmark,eth3d,DepthAnythingV3-DA3MONO-LARGE,10,sf_ro,49.66,61.52,63.69
standard_benchmark,eth3d,DepthAnythingV3-DA3MONO-LARGE,10,calib_shift_ro,81.53,61.52,63.06
standard_benchmark,eth3d,DepthAnythingV3-DA3MONO-LARGE,10,sf_shift_ro,39.33,61.52,40.06
standard_benchmark,eth3d,DepthAnythingV3-DA3MONO-LARGE,100,calib,85.23,61.52,83.11
standard_benchmark,eth3d,DepthAnythingV3-DA3MONO-LARGE,100,sf,68.24,61.52,82.05
standard_benchmark,eth3d,DepthAnythingV3-DA3MONO-LARGE,100,calib_shift,89.78,61.52,84.5
standard_benchmark,eth3d,DepthAnythingV3-DA3MONO-LARGE,100,sf_shift,58.34,61.52,60.23
standard_benchmark,eth3d,DepthAnythingV3-DA3MONO-LARGE,100,calib_ro,62.43,61.52,49.89
standard_benchmark,eth3d,DepthAnythingV3-DA3MONO-LARGE,100,sf_ro,50.54,61.52,65.4
standard_benchmark,eth3d,DepthAnythingV3-DA3MONO-LARGE,100,calib_shift_ro,82.84,61.52,64.44
standard_benchmark,eth3d,DepthAnythingV3-DA3MONO-LARGE,100,sf_shift_ro,56.16,61.52,59.78
standard_benchmark,eth3d,DepthAnythingV3-DA3MONO-LARGE,500,calib,87.34,61.52,84.52
standard_benchmark,eth3d,DepthAnythingV3-DA3MONO-LARGE,500,sf,70.38,61.52,83.63
standard_benchmark,eth3d,DepthAnythingV3-DA3MONO-LARGE,500,calib_shift,91.46,61.52,85.07
standard_benchmark,eth3d,DepthAnythingV3-DA3MONO-LARGE,500,sf_shift,67.94,61.52,73.54
standard_benchmark,eth3d,DepthAnythingV3-DA3MONO-LARGE,500,calib_ro,62.99,61.52,49.95
standard_benchmark,eth3d,DepthAnythingV3-DA3MONO-LARGE,500,sf_ro,50.81,61.52,65.71
standard_benchmark,eth3d,DepthAnythingV3-DA3MONO-LARGE,500,calib_shift_ro,82.97,61.52,64.54
standard_benchmark,eth3d,DepthAnythingV3-DA3MONO-LARGE,500,sf_shift_ro,60.77,61.52,65.6
standard_benchmark,eth3d,DepthAnythingV3-DA3MONO-LARGE,1000,calib,87.98,61.52,84.85
standard_benchmark,eth3d,DepthAnythingV3-DA3MONO-LARGE,1000,sf,71.17,61.52,84.14
standard_benchmark,eth3d,DepthAnythingV3-DA3MONO-LARGE,1000,calib_shift,91.93,61.52,85.22
standard_benchmark,eth3d,DepthAnythingV3-DA3MONO-LARGE,1000,sf_shift,70.7,61.52,77.11
standard_benchmark,eth3d,DepthAnythingV3-DA3MONO-LARGE,1000,calib_ro,63.11,61.52,49.93
standard_benchmark,eth3d,DepthAnythingV3-DA3MONO-LARGE,1000,sf_ro,50.88,61.52,65.79
standard_benchmark,eth3d,DepthAnythingV3-DA3MONO-LARGE,1000,calib_shift_ro,83.01,61.52,64.54
standard_benchmark,eth3d,DepthAnythingV3-DA3MONO-LARGE,1000,sf_shift_ro,62.62,61.52,67.42
standard_benchmark,eth3d,DepthAnythingV3Calib-DA3METRIC-LARGE,10,calib,85.06,61.53,81.92
standard_benchmark,eth3d,DepthAnythingV3Calib-DA3METRIC-LARGE,10,calib_shift,84.74,61.53,81.58
standard_benchmark,eth3d,DepthAnythingV3Calib-DA3METRIC-LARGE,10,calib_ro,78.53,61.53,60.95
standard_benchmark,eth3d,DepthAnythingV3Calib-DA3METRIC-LARGE,10,calib_shift_ro,79.73,61.53,64.24
standard_benchmark,eth3d,DepthAnythingV3Calib-DA3METRIC-LARGE,100,calib,89.18,61.53,84.38
standard_benchmark,eth3d,DepthAnythingV3Calib-DA3METRIC-LARGE,100,calib_shift,89.4,61.53,84.44
standard_benchmark,eth3d,DepthAnythingV3Calib-DA3METRIC-LARGE,100,calib_ro,79.33,61.53,61.49
standard_benchmark,eth3d,DepthAnythingV3Calib-DA3METRIC-LARGE,100,calib_shift_ro,81.04,61.53,65.58
standard_benchmark,eth3d,DepthAnythingV3Calib-DA3METRIC-LARGE,500,calib,90.72,61.53,85.02
standard_benchmark,eth3d,DepthAnythingV3Calib-DA3METRIC-LARGE,500,calib_shift,91.21,61.53,85.04
standard_benchmark,eth3d,DepthAnythingV3Calib-DA3METRIC-LARGE,500,calib_ro,79.38,61.53,61.49
standard_benchmark,eth3d,DepthAnythingV3Calib-DA3METRIC-LARGE,500,calib_shift_ro,81.22,61.53,65.65
standard_benchmark,eth3d,DepthAnythingV3Calib-DA3METRIC-LARGE,1000,calib,91.28,61.53,85.15
standard_benchmark,eth3d,DepthAnythingV3Calib-DA3METRIC-LARGE,1000,calib_shift,91.68,61.53,85.2
standard_benchmark,eth3d,DepthAnythingV3Calib-DA3METRIC-LARGE,1000,calib_ro,79.41,61.53,61.48
standard_benchmark,eth3d,DepthAnythingV3Calib-DA3METRIC-LARGE,1000,calib_shift_ro,81.25,61.53,65.67
standard_benchmark,eth3d,DepthAnythingV3Calib-DA3MONO-LARGE,10,calib,78.56,61.29,76.95
standard_benchmark,eth3d,DepthAnythingV3Calib-DA3MONO-LARGE,10,calib_shift,84.78,61.29,81.73
standard_benchmark,eth3d,DepthAnythingV3Calib-DA3MONO-LARGE,10,calib_ro,60.77,61.29,49.13
standard_benchmark,eth3d,DepthAnythingV3Calib-DA3MONO-LARGE,10,calib_shift_ro,81.52,61.29,63.06
standard_benchmark,eth3d,DepthAnythingV3Calib-DA3MONO-LARGE,100,calib,85.25,61.29,83.11
standard_benchmark,eth3d,DepthAnythingV3Calib-DA3MONO-LARGE,100,calib_shift,89.8,61.29,84.5
standard_benchmark,eth3d,DepthAnythingV3Calib-DA3MONO-LARGE,100,calib_ro,62.43,61.29,49.89
standard_benchmark,eth3d,DepthAnythingV3Calib-DA3MONO-LARGE,100,calib_shift_ro,82.84,61.29,64.44
standard_benchmark,eth3d,DepthAnythingV3Calib-DA3MONO-LARGE,500,calib,87.34,61.29,84.52
standard_benchmark,eth3d,DepthAnythingV3Calib-DA3MONO-LARGE,500,calib_shift,91.46,61.29,85.07
standard_benchmark,eth3d,DepthAnythingV3Calib-DA3MONO-LARGE,500,calib_ro,62.99,61.29,49.95
standard_benchmark,eth3d,DepthAnythingV3Calib-DA3MONO-LARGE,500,calib_shift_ro,82.97,61.29,64.54
standard_benchmark,eth3d,DepthAnythingV3Calib-DA3MONO-LARGE,1000,calib,87.98,61.29,84.85
standard_benchmark,eth3d,DepthAnythingV3Calib-DA3MONO-LARGE,1000,calib_shift,91.94,61.29,85.22
standard_benchmark,eth3d,DepthAnythingV3Calib-DA3MONO-LARGE,1000,calib_ro,63.11,61.29,49.93
standard_benchmark,eth3d,DepthAnythingV3Calib-DA3MONO-LARGE,1000,calib_shift_ro,83.01,61.29,64.54
standard_benchmark,eth3d,DepthPro-vitl,10,calib,84.24,107.24,81.54
standard_benchmark,eth3d,DepthPro-vitl,10,mdecalib,26.46,107.24,53.61
standard_benchmark,eth3d,DepthPro-vitl,10,sf,74.68,107.24,79.25
standard_benchmark,eth3d,DepthPro-vitl,10,calib_shift,83.97,107.24,80.92
standard_benchmark,eth3d,DepthPro-vitl,10,mdecalib_shift,26.77,107.24,54.97
standard_benchmark,eth3d,DepthPro-vitl,10,sf_shift,31.4,107.24,28.67
standard_benchmark,eth3d,DepthPro-vitl,10,calib_ro,74.64,107.24,56.03
standard_benchmark,eth3d,DepthPro-vitl,10,mdecalib_ro,23.59,107.24,45.71
standard_benchmark,eth3d,DepthPro-vitl,10,sf_ro,63.95,107.24,69.19
standard_benchmark,eth3d,DepthPro-vitl,10,calib_shift_ro,77.03,107.24,60.16
standard_benchmark,eth3d,DepthPro-vitl,10,mdecalib_shift_ro,26.23,107.24,51.86
standard_benchmark,eth3d,DepthPro-vitl,10,sf_shift_ro,36.29,107.24,37.98
standard_benchmark,eth3d,DepthPro-vitl,100,calib,88.32,107.24,84.26
standard_benchmark,eth3d,DepthPro-vitl,100,mdecalib,28.54,107.24,59.2
standard_benchmark,eth3d,DepthPro-vitl,100,sf,79.71,107.24,83.71
standard_benchmark,eth3d,DepthPro-vitl,100,calib_shift,88.98,107.24,84.29
standard_benchmark,eth3d,DepthPro-vitl,100,mdecalib_shift,28.77,107.24,60.78
standard_benchmark,eth3d,DepthPro-vitl,100,sf_shift,57.14,107.24,58.94
standard_benchmark,eth3d,DepthPro-vitl,100,calib_ro,75.76,107.24,56.71
standard_benchmark,eth3d,DepthPro-vitl,100,mdecalib_ro,24.06,107.24,46.72
standard_benchmark,eth3d,DepthPro-vitl,100,sf_ro,65.57,107.24,70.66
standard_benchmark,eth3d,DepthPro-vitl,100,calib_shift_ro,79.03,107.24,61.87
standard_benchmark,eth3d,DepthPro-vitl,100,mdecalib_shift_ro,26.94,107.24,53.98
standard_benchmark,eth3d,DepthPro-vitl,100,sf_shift_ro,49.83,107.24,57.32
standard_benchmark,eth3d,DepthPro-vitl,500,calib,89.87,107.24,84.9
standard_benchmark,eth3d,DepthPro-vitl,500,mdecalib,29.35,107.24,61.06
standard_benchmark,eth3d,DepthPro-vitl,500,sf,81.61,107.24,84.76
standard_benchmark,eth3d,DepthPro-vitl,500,calib_shift,90.75,107.24,84.95
standard_benchmark,eth3d,DepthPro-vitl,500,mdecalib_shift,29.47,107.24,62.17
standard_benchmark,eth3d,DepthPro-vitl,500,sf_shift,68.64,107.24,72.81
standard_benchmark,eth3d,DepthPro-vitl,500,calib_ro,75.9,107.24,56.72
standard_benchmark,eth3d,DepthPro-vitl,500,mdecalib_ro,24.11,107.24,46.77
standard_benchmark,eth3d,DepthPro-vitl,500,sf_ro,65.57,107.24,70.79
standard_benchmark,eth3d,DepthPro-vitl,500,calib_shift_ro,79.23,107.24,61.97
standard_benchmark,eth3d,DepthPro-vitl,500,mdecalib_shift_ro,27.12,107.24,54.17
standard_benchmark,eth3d,DepthPro-vitl,500,sf_shift_ro,55.12,107.24,63.69
standard_benchmark,eth3d,DepthPro-vitl,1000,calib,90.46,107.24,85.05
standard_benchmark,eth3d,DepthPro-vitl,1000,mdecalib,29.56,107.24,61.63
standard_benchmark,eth3d,DepthPro-vitl,1000,sf,82.22,107.24,85.05
standard_benchmark,eth3d,DepthPro-vitl,1000,calib_shift,91.45,107.24,85.14
standard_benchmark,eth3d,DepthPro-vitl,1000,mdecalib_shift,29.64,107.24,62.54
standard_benchmark,eth3d,DepthPro-vitl,1000,sf_shift,71.8,107.24,76.5
standard_benchmark,eth3d,DepthPro-vitl,1000,calib_ro,75.97,107.24,56.71
standard_benchmark,eth3d,DepthPro-vitl,1000,mdecalib_ro,24.12,107.24,46.78
standard_benchmark,eth3d,DepthPro-vitl,1000,sf_ro,65.61,107.24,70.81
standard_benchmark,eth3d,DepthPro-vitl,1000,calib_shift_ro,79.28,107.24,62.0
standard_benchmark,eth3d,DepthPro-vitl,1000,mdecalib_shift_ro,27.1,107.24,54.2
standard_benchmark,eth3d,DepthPro-vitl,1000,sf_shift_ro,56.62,107.24,65.36
standard_benchmark,eth3d,DepthProCalib-vitl,10,calib,84.21,107.01,81.56
standard_benchmark,eth3d,DepthProCalib-vitl,10,calib_shift,84.01,107.01,80.93
standard_benchmark,eth3d,DepthProCalib-vitl,10,calib_ro,74.65,107.01,56.03
standard_benchmark,eth3d,DepthProCalib-vitl,10,calib_shift_ro,77.0,107.01,60.16
standard_benchmark,eth3d,DepthProCalib-vitl,100,calib,88.36,107.01,84.26
standard_benchmark,eth3d,DepthProCalib-vitl,100,calib_shift,88.93,107.01,84.29
standard_benchmark,eth3d,DepthProCalib-vitl,100,calib_ro,75.77,107.01,56.72
standard_benchmark,eth3d,DepthProCalib-vitl,100,calib_shift_ro,79.01,107.01,61.85
standard_benchmark,eth3d,DepthProCalib-vitl,500,calib,89.88,107.01,84.89
standard_benchmark,eth3d,DepthProCalib-vitl,500,calib_shift,90.79,107.01,84.96
standard_benchmark,eth3d,DepthProCalib-vitl,500,calib_ro,75.93,107.01,56.73
standard_benchmark,eth3d,DepthProCalib-vitl,500,calib_shift_ro,79.27,107.01,61.96
standard_benchmark,eth3d,DepthProCalib-vitl,1000,calib,90.47,107.01,85.05
standard_benchmark,eth3d,DepthProCalib-vitl,1000,calib_shift,91.42,107.01,85.14
standard_benchmark,eth3d,DepthProCalib-vitl,1000,calib_ro,75.97,107.01,56.72
standard_benchmark,eth3d,DepthProCalib-vitl,1000,calib_shift_ro,79.29,107.01,61.99
standard_benchmark,eth3d,MapAnything-map-anything,10,calib,85.32,247.31,83.65
standard_benchmark,eth3d,MapAnything-map-anything,10,mdecalib,53.67,247.31,71.53
standard_benchmark,eth3d,MapAnything-map-anything,10,sf,77.86,247.31,82.43
standard_benchmark,eth3d,MapAnything-map-anything,10,calib_shift,85.04,247.31,83.12
standard_benchmark,eth3d,MapAnything-map-anything,10,mdecalib_shift,53.4,247.31,71.98
standard_benchmark,eth3d,MapAnything-map-anything,10,sf_shift,31.28,247.31,29.71
standard_benchmark,eth3d,MapAnything-map-anything,10,calib_ro,80.85,247.31,61.99
standard_benchmark,eth3d,MapAnything-map-anything,10,mdecalib_ro,52.63,247.31,59.08
standard_benchmark,eth3d,MapAnything-map-anything,10,sf_ro,71.72,247.31,74.67
standard_benchmark,eth3d,MapAnything-map-anything,10,calib_shift_ro,80.99,247.31,64.66
standard_benchmark,eth3d,MapAnything-map-anything,10,mdecalib_shift_ro,53.48,247.31,62.26
standard_benchmark,eth3d,MapAnything-map-anything,10,sf_shift_ro,36.84,247.31,38.13
standard_benchmark,eth3d,MapAnything-map-anything,100,calib,89.51,247.31,86.14
standard_benchmark,eth3d,MapAnything-map-anything,100,mdecalib,57.05,247.31,75.13
standard_benchmark,eth3d,MapAnything-map-anything,100,sf,82.48,247.31,85.97
standard_benchmark,eth3d,MapAnything-map-anything,100,calib_shift,89.48,247.31,86.13
standard_benchmark,eth3d,MapAnything-map-anything,100,mdecalib_shift,57.13,247.31,75.91
standard_benchmark,eth3d,MapAnything-map-anything,100,sf_shift,57.35,247.31,61.07
standard_benchmark,eth3d,MapAnything-map-anything,100,calib_ro,81.37,247.31,62.43
standard_benchmark,eth3d,MapAnything-map-anything,100,mdecalib_ro,53.22,247.31,59.69
standard_benchmark,eth3d,MapAnything-map-anything,100,sf_ro,72.78,247.31,75.91
standard_benchmark,eth3d,MapAnything-map-anything,100,calib_shift_ro,82.49,247.31,66.29
standard_benchmark,eth3d,MapAnything-map-anything,100,mdecalib_shift_ro,54.65,247.31,63.91
standard_benchmark,eth3d,MapAnything-map-anything,100,sf_shift_ro,52.68,247.31,59.02
standard_benchmark,eth3d,MapAnything-map-anything,500,calib,91.18,247.31,86.73
standard_benchmark,eth3d,MapAnything-map-anything,500,mdecalib,58.43,247.31,76.38
standard_benchmark,eth3d,MapAnything-map-anything,500,sf,84.3,247.31,86.77
standard_benchmark,eth3d,MapAnything-map-anything,500,calib_shift,91.45,247.31,86.76
standard_benchmark,eth3d,MapAnything-map-anything,500,mdecalib_shift,58.46,247.31,76.78
standard_benchmark,eth3d,MapAnything-map-anything,500,sf_shift,68.01,247.31,74.44
standard_benchmark,eth3d,MapAnything-map-anything,500,calib_ro,81.52,247.31,62.45
standard_benchmark,eth3d,MapAnything-map-anything,500,mdecalib_ro,53.31,247.31,59.74
standard_benchmark,eth3d,MapAnything-map-anything,500,sf_ro,72.91,247.31,76.03
standard_benchmark,eth3d,MapAnything-map-anything,500,calib_shift_ro,82.69,247.31,66.41
standard_benchmark,eth3d,MapAnything-map-anything,500,mdecalib_shift_ro,54.87,247.31,64.03
standard_benchmark,eth3d,MapAnything-map-anything,500,sf_shift_ro,58.22,247.31,65.8
standard_benchmark,eth3d,MapAnything-map-anything,1000,calib,91.68,247.31,86.85
standard_benchmark,eth3d,MapAnything-map-anything,1000,mdecalib,58.9,247.31,76.65
standard_benchmark,eth3d,MapAnything-map-anything,1000,sf,84.8,247.31,86.94
standard_benchmark,eth3d,MapAnything-map-anything,1000,calib_shift,92.01,247.31,86.9
standard_benchmark,eth3d,MapAnything-map-anything,1000,mdecalib_shift,58.83,247.31,77.0
standard_benchmark,eth3d,MapAnything-map-anything,1000,sf_shift,71.34,247.31,77.99
standard_benchmark,eth3d,MapAnything-map-anything,1000,calib_ro,81.55,247.31,62.44
standard_benchmark,eth3d,MapAnything-map-anything,1000,mdecalib_ro,53.38,247.31,59.74
standard_benchmark,eth3d,MapAnything-map-anything,1000,sf_ro,72.93,247.31,76.08
standard_benchmark,eth3d,MapAnything-map-anything,1000,calib_shift_ro,82.68,247.31,66.42
standard_benchmark,eth3d,MapAnything-map-anything,1000,mdecalib_shift_ro,54.93,247.31,64.04
standard_benchmark,eth3d,MapAnything-map-anything,1000,sf_shift_ro,60.1,247.31,67.69
standard_benchmark,eth3d,MapAnythingCalib-map-anything,10,calib,85.49,242.64,83.8
standard_benchmark,eth3d,MapAnythingCalib-map-anything,10,calib_shift,84.95,242.64,83.09
standard_benchmark,eth3d,MapAnythingCalib-map-anything,10,calib_ro,81.24,242.64,62.33
standard_benchmark,eth3d,MapAnythingCalib-map-anything,10,calib_shift_ro,81.6,242.64,65.1
standard_benchmark,eth3d,MapAnythingCalib-map-anything,100,calib,89.67,242.64,86.03
standard_benchmark,eth3d,MapAnythingCalib-map-anything,100,calib_shift,89.67,242.64,86.1
standard_benchmark,eth3d,MapAnythingCalib-map-anything,100,calib_ro,82.13,242.64,62.88
standard_benchmark,eth3d,MapAnythingCalib-map-anything,100,calib_shift_ro,83.03,242.64,66.66
standard_benchmark,eth3d,MapAnythingCalib-map-anything,500,calib,91.36,242.64,86.71
standard_benchmark,eth3d,MapAnythingCalib-map-anything,500,calib_shift,91.42,242.64,86.71
standard_benchmark,eth3d,MapAnythingCalib-map-anything,500,calib_ro,82.28,242.64,62.89
standard_benchmark,eth3d,MapAnythingCalib-map-anything,500,calib_shift_ro,83.2,242.64,66.73
standard_benchmark,eth3d,MapAnythingCalib-map-anything,1000,calib,91.8,242.64,86.85
standard_benchmark,eth3d,MapAnythingCalib-map-anything,1000,calib_shift,91.94,242.64,86.88
standard_benchmark,eth3d,MapAnythingCalib-map-anything,1000,calib_ro,82.29,242.64,62.9
standard_benchmark,eth3d,MapAnythingCalib-map-anything,1000,calib_shift_ro,83.22,242.64,66.72
standard_benchmark,eth3d,Metric3DV2-vit_giant2,10,calib,85.06,647.86,81.85
standard_benchmark,eth3d,Metric3DV2-vit_giant2,10,sf,77.48,647.86,80.56
standard_benchmark,eth3d,Metric3DV2-vit_giant2,10,calib_shift,84.17,647.86,81.17
standard_benchmark,eth3d,Metric3DV2-vit_giant2,10,sf_shift,32.09,647.86,28.77
standard_benchmark,eth3d,Metric3DV2-vit_giant2,10,calib_ro,80.21,647.86,56.49
standard_benchmark,eth3d,Metric3DV2-vit_giant2,10,sf_ro,71.09,647.86,71.3
standard_benchmark,eth3d,Metric3DV2-vit_giant2,10,calib_shift_ro,81.44,647.86,59.97
standard_benchmark,eth3d,Metric3DV2-vit_giant2,10,sf_shift_ro,36.03,647.86,37.36
standard_benchmark,eth3d,Metric3DV2-vit_giant2,100,calib,89.01,647.86,84.29
standard_benchmark,eth3d,Metric3DV2-vit_giant2,100,sf,81.91,647.86,84.2
standard_benchmark,eth3d,Metric3DV2-vit_giant2,100,calib_shift,89.19,647.86,84.36
standard_benchmark,eth3d,Metric3DV2-vit_giant2,100,sf_shift,57.46,647.86,58.41
standard_benchmark,eth3d,Metric3DV2-vit_giant2,100,calib_ro,81.12,647.86,56.88
standard_benchmark,eth3d,Metric3DV2-vit_giant2,100,sf_ro,72.02,647.86,72.46
standard_benchmark,eth3d,Metric3DV2-vit_giant2,100,calib_shift_ro,82.59,647.86,61.29
standard_benchmark,eth3d,Metric3DV2-vit_giant2,100,sf_shift_ro,52.4,647.86,56.88
standard_benchmark,eth3d,Metric3DV2-vit_giant2,500,calib,90.71,647.86,84.94
standard_benchmark,eth3d,Metric3DV2-vit_giant2,500,sf,83.62,647.86,84.99
standard_benchmark,eth3d,Metric3DV2-vit_giant2,500,calib_shift,90.92,647.86,84.97
standard_benchmark,eth3d,Metric3DV2-vit_giant2,500,sf_shift,68.58,647.86,71.94
standard_benchmark,eth3d,Metric3DV2-vit_giant2,500,calib_ro,81.24,647.86,56.93
standard_benchmark,eth3d,Metric3DV2-vit_giant2,500,sf_ro,72.14,647.86,72.6
standard_benchmark,eth3d,Metric3DV2-vit_giant2,500,calib_shift_ro,82.72,647.86,61.42
standard_benchmark,eth3d,Metric3DV2-vit_giant2,500,sf_shift_ro,59.09,647.86,63.57
standard_benchmark,eth3d,Metric3DV2-vit_giant2,1000,calib,91.35,647.86,85.11
standard_benchmark,eth3d,Metric3DV2-vit_giant2,1000,sf,84.23,647.86,85.21
standard_benchmark,eth3d,Metric3DV2-vit_giant2,1000,calib_shift,91.5,647.86,85.14
standard_benchmark,eth3d,Metric3DV2-vit_giant2,1000,sf_shift,71.59,647.86,75.61
standard_benchmark,eth3d,Metric3DV2-vit_giant2,1000,calib_ro,81.33,647.86,56.91
standard_benchmark,eth3d,Metric3DV2-vit_giant2,1000,sf_ro,72.11,647.86,72.61
standard_benchmark,eth3d,Metric3DV2-vit_giant2,1000,calib_shift_ro,82.73,647.86,61.44
standard_benchmark,eth3d,Metric3DV2-vit_giant2,1000,sf_shift_ro,60.7,647.86,65.36
standard_benchmark,eth3d,Metric3DV2-vit_large,10,calib,85.09,225.1,81.77
standard_benchmark,eth3d,Metric3DV2-vit_large,10,sf,77.68,225.1,80.22
standard_benchmark,eth3d,Metric3DV2-vit_large,10,calib_shift,84.53,225.1,81.14
standard_benchmark,eth3d,Metric3DV2-vit_large,10,sf_shift,31.49,225.1,28.12
standard_benchmark,eth3d,Metric3DV2-vit_large,10,calib_ro,79.9,225.1,56.4
standard_benchmark,eth3d,Metric3DV2-vit_large,10,sf_ro,70.51,225.1,71.1
standard_benchmark,eth3d,Metric3DV2-vit_large,10,calib_shift_ro,80.65,225.1,59.44
standard_benchmark,eth3d,Metric3DV2-vit_large,10,sf_shift_ro,35.84,225.1,37.04
standard_benchmark,eth3d,Metric3DV2-vit_large,100,calib,88.84,225.1,84.25
standard_benchmark,eth3d,Metric3DV2-vit_large,100,sf,82.23,225.1,84.15
standard_benchmark,eth3d,Metric3DV2-vit_large,100,calib_shift,89.03,225.1,84.31
standard_benchmark,eth3d,Metric3DV2-vit_large,100,sf_shift,57.04,225.1,58.44
standard_benchmark,eth3d,Metric3DV2-vit_large,100,calib_ro,80.79,225.1,56.93
standard_benchmark,eth3d,Metric3DV2-vit_large,100,sf_ro,71.71,225.1,72.43
standard_benchmark,eth3d,Metric3DV2-vit_large,100,calib_shift_ro,81.76,225.1,60.71
standard_benchmark,eth3d,Metric3DV2-vit_large,100,sf_shift_ro,51.33,225.1,57.15
standard_benchmark,eth3d,Metric3DV2-vit_large,500,calib,90.69,225.1,84.92
standard_benchmark,eth3d,Metric3DV2-vit_large,500,sf,83.97,225.1,84.95
standard_benchmark,eth3d,Metric3DV2-vit_large,500,calib_shift,90.75,225.1,84.93
standard_benchmark,eth3d,Metric3DV2-vit_large,500,sf_shift,68.19,225.1,72.03
standard_benchmark,eth3d,Metric3DV2-vit_large,500,calib_ro,80.99,225.1,56.94
standard_benchmark,eth3d,Metric3DV2-vit_large,500,sf_ro,71.82,225.1,72.59
standard_benchmark,eth3d,Metric3DV2-vit_large,500,calib_shift_ro,81.86,225.1,60.84
standard_benchmark,eth3d,Metric3DV2-vit_large,500,sf_shift_ro,57.63,225.1,63.89
standard_benchmark,eth3d,Metric3DV2-vit_large,1000,calib,91.2,225.1,85.09
standard_benchmark,eth3d,Metric3DV2-vit_large,1000,sf,84.53,225.1,85.17
standard_benchmark,eth3d,Metric3DV2-vit_large,1000,calib_shift,91.48,225.1,85.13
standard_benchmark,eth3d,Metric3DV2-vit_large,1000,sf_shift,71.26,225.1,75.7
standard_benchmark,eth3d,Metric3DV2-vit_large,1000,calib_ro,81.07,225.1,56.94
standard_benchmark,eth3d,Metric3DV2-vit_large,1000,sf_ro,71.81,225.1,72.6
standard_benchmark,eth3d,Metric3DV2-vit_large,1000,calib_shift_ro,81.87,225.1,60.85
standard_benchmark,eth3d,Metric3DV2-vit_large,1000,sf_shift_ro,59.7,225.1,65.69
standard_benchmark,eth3d,Metric3DV2-vit_small,10,calib,83.68,53.88,80.13
standard_benchmark,eth3d,Metric3DV2-vit_small,10,sf,75.63,53.88,77.18
standard_benchmark,eth3d,Metric3DV2-vit_small,10,calib_shift,82.65,53.88,79.11
standard_benchmark,eth3d,Metric3DV2-vit_small,10,sf_shift,31.02,53.88,27.84
standard_benchmark,eth3d,Metric3DV2-vit_small,10,calib_ro,73.12,53.88,47.25
standard_benchmark,eth3d,Metric3DV2-vit_small,10,sf_ro,62.08,53.88,61.78
standard_benchmark,eth3d,Metric3DV2-vit_small,10,calib_shift_ro,74.33,53.88,49.75
standard_benchmark,eth3d,Metric3DV2-vit_small,10,sf_shift_ro,30.72,53.88,33.11
standard_benchmark,eth3d,Metric3DV2-vit_small,100,calib,88.18,53.88,84.0
standard_benchmark,eth3d,Metric3DV2-vit_small,100,sf,80.57,53.88,83.39
standard_benchmark,eth3d,Metric3DV2-vit_small,100,calib_shift,88.85,53.88,84.1
standard_benchmark,eth3d,Metric3DV2-vit_small,100,sf_shift,56.07,53.88,57.57
standard_benchmark,eth3d,Metric3DV2-vit_small,100,calib_ro,75.22,53.88,47.98
standard_benchmark,eth3d,Metric3DV2-vit_small,100,sf_ro,64.36,53.88,64.02
standard_benchmark,eth3d,Metric3DV2-vit_small,100,calib_shift_ro,77.31,53.88,52.12
standard_benchmark,eth3d,Metric3DV2-vit_small,100,sf_shift_ro,44.15,53.88,51.27
standard_benchmark,eth3d,Metric3DV2-vit_small,500,calib,90.0,53.88,84.84
standard_benchmark,eth3d,Metric3DV2-vit_small,500,sf,82.54,53.88,84.67
standard_benchmark,eth3d,Metric3DV2-vit_small,500,calib_shift,90.59,53.88,84.86
standard_benchmark,eth3d,Metric3DV2-vit_small,500,sf_shift,67.39,53.88,71.21
standard_benchmark,eth3d,Metric3DV2-vit_small,500,calib_ro,75.63,53.88,48.01
standard_benchmark,eth3d,Metric3DV2-vit_small,500,sf_ro,64.85,53.88,64.32
standard_benchmark,eth3d,Metric3DV2-vit_small,500,calib_shift_ro,77.75,53.88,52.43
standard_benchmark,eth3d,Metric3DV2-vit_small,500,sf_shift_ro,49.94,53.88,56.89
standard_benchmark,eth3d,Metric3DV2-vit_small,1000,calib,90.53,53.88,85.0
standard_benchmark,eth3d,Metric3DV2-vit_small,1000,sf,83.3,53.88,85.03
standard_benchmark,eth3d,Metric3DV2-vit_small,1000,calib_shift,91.13,53.88,85.05
standard_benchmark,eth3d,Metric3DV2-vit_small,1000,sf_shift,71.3,53.88,75.39
standard_benchmark,eth3d,Metric3DV2-vit_small,1000,calib_ro,75.71,53.88,47.99
standard_benchmark,eth3d,Metric3DV2-vit_small,1000,sf_ro,64.93,53.88,64.42
standard_benchmark,eth3d,Metric3DV2-vit_small,1000,calib_shift_ro,77.82,53.88,52.46
standard_benchmark,eth3d,Metric3DV2-vit_small,1000,sf_shift_ro,51.65,53.88,58.5
standard_benchmark,eth3d,Metric3DV2Calib-vit_giant2,10,calib,85.06,645.67,81.83
standard_benchmark,eth3d,Metric3DV2Calib-vit_giant2,10,calib_shift,84.12,645.67,81.14
standard_benchmark,eth3d,Metric3DV2Calib-vit_giant2,10,calib_ro,80.21,645.67,56.5
standard_benchmark,eth3d,Metric3DV2Calib-vit_giant2,10,calib_shift_ro,81.5,645.67,59.98
standard_benchmark,eth3d,Metric3DV2Calib-vit_giant2,100,calib,88.97,645.67,84.29
standard_benchmark,eth3d,Metric3DV2Calib-vit_giant2,100,calib_shift,89.14,645.67,84.36
standard_benchmark,eth3d,Metric3DV2Calib-vit_giant2,100,calib_ro,81.14,645.67,56.89
standard_benchmark,eth3d,Metric3DV2Calib-vit_giant2,100,calib_shift_ro,82.64,645.67,61.29
standard_benchmark,eth3d,Metric3DV2Calib-vit_giant2,500,calib,90.62,645.67,84.93
standard_benchmark,eth3d,Metric3DV2Calib-vit_giant2,500,calib_shift,90.9,645.67,84.97
standard_benchmark,eth3d,Metric3DV2Calib-vit_giant2,500,calib_ro,81.24,645.67,56.92
standard_benchmark,eth3d,Metric3DV2Calib-vit_giant2,500,calib_shift_ro,82.71,645.67,61.42
standard_benchmark,eth3d,Metric3DV2Calib-vit_giant2,1000,calib,91.27,645.67,85.1
standard_benchmark,eth3d,Metric3DV2Calib-vit_giant2,1000,calib_shift,91.49,645.67,85.14
standard_benchmark,eth3d,Metric3DV2Calib-vit_giant2,1000,calib_ro,81.32,645.67,56.91
standard_benchmark,eth3d,Metric3DV2Calib-vit_giant2,1000,calib_shift_ro,82.72,645.67,61.43
standard_benchmark,eth3d,Metric3DV2Calib-vit_large,10,calib,85.08,221.13,81.73
standard_benchmark,eth3d,Metric3DV2Calib-vit_large,10,calib_shift,84.53,221.13,81.13
standard_benchmark,eth3d,Metric3DV2Calib-vit_large,10,calib_ro,79.87,221.13,56.41
standard_benchmark,eth3d,Metric3DV2Calib-vit_large,10,calib_shift_ro,80.57,221.13,59.44
standard_benchmark,eth3d,Metric3DV2Calib-vit_large,100,calib,88.88,221.13,84.27
standard_benchmark,eth3d,Metric3DV2Calib-vit_large,100,calib_shift,89.02,221.13,84.31
standard_benchmark,eth3d,Metric3DV2Calib-vit_large,100,calib_ro,80.83,221.13,56.91
standard_benchmark,eth3d,Metric3DV2Calib-vit_large,100,calib_shift_ro,81.76,221.13,60.72
standard_benchmark,eth3d,Metric3DV2Calib-vit_large,500,calib,90.7,221.13,84.93
standard_benchmark,eth3d,Metric3DV2Calib-vit_large,500,calib_shift,90.73,221.13,84.93
standard_benchmark,eth3d,Metric3DV2Calib-vit_large,500,calib_ro,80.99,221.13,56.94
standard_benchmark,eth3d,Metric3DV2Calib-vit_large,500,calib_shift_ro,81.84,221.13,60.84
standard_benchmark,eth3d,Metric3DV2Calib-vit_large,1000,calib,91.22,221.13,85.08
standard_benchmark,eth3d,Metric3DV2Calib-vit_large,1000,calib_shift,91.47,221.13,85.12
standard_benchmark,eth3d,Metric3DV2Calib-vit_large,1000,calib_ro,81.07,221.13,56.94
standard_benchmark,eth3d,Metric3DV2Calib-vit_large,1000,calib_shift_ro,81.87,221.13,60.85
standard_benchmark,eth3d,Metric3DV2Calib-vit_small,10,calib,83.62,48.7,80.04
standard_benchmark,eth3d,Metric3DV2Calib-vit_small,10,calib_shift,82.72,48.7,79.11
standard_benchmark,eth3d,Metric3DV2Calib-vit_small,10,calib_ro,73.11,48.7,47.25
standard_benchmark,eth3d,Metric3DV2Calib-vit_small,10,calib_shift_ro,74.22,48.7,49.72
standard_benchmark,eth3d,Metric3DV2Calib-vit_small,100,calib,88.18,48.7,83.99
standard_benchmark,eth3d,Metric3DV2Calib-vit_small,100,calib_shift,88.79,48.7,84.1
standard_benchmark,eth3d,Metric3DV2Calib-vit_small,100,calib_ro,75.16,48.7,47.98
standard_benchmark,eth3d,Metric3DV2Calib-vit_small,100,calib_shift_ro,77.38,48.7,52.13
standard_benchmark,eth3d,Metric3DV2Calib-vit_small,500,calib,89.97,48.7,84.83
standard_benchmark,eth3d,Metric3DV2Calib-vit_small,500,calib_shift,90.51,48.7,84.85
standard_benchmark,eth3d,Metric3DV2Calib-vit_small,500,calib_ro,75.57,48.7,48.01
standard_benchmark,eth3d,Metric3DV2Calib-vit_small,500,calib_shift_ro,77.76,48.7,52.43
standard_benchmark,eth3d,Metric3DV2Calib-vit_small,1000,calib,90.57,48.7,85.0
standard_benchmark,eth3d,Metric3DV2Calib-vit_small,1000,calib_shift,91.07,48.7,85.05
standard_benchmark,eth3d,Metric3DV2Calib-vit_small,1000,calib_ro,75.68,48.7,47.99
standard_benchmark,eth3d,Metric3DV2Calib-vit_small,1000,calib_shift_ro,77.85,48.7,52.45
standard_benchmark,eth3d,MoGeV1-moge-vitl,10,calib,85.87,89.13,82.8
standard_benchmark,eth3d,MoGeV1-moge-vitl,10,mdecalib,57.18,89.13,70.55
standard_benchmark,eth3d,MoGeV1-moge-vitl,10,sf,79.7,89.13,81.61
standard_benchmark,eth3d,MoGeV1-moge-vitl,10,calib_shift,85.87,89.13,82.69
standard_benchmark,eth3d,MoGeV1-moge-vitl,10,mdecalib_shift,57.83,89.13,71.96
standard_benchmark,eth3d,MoGeV1-moge-vitl,10,sf_shift,33.76,89.13,30.77
standard_benchmark,eth3d,MoGeV1-moge-vitl,10,calib_ro,84.48,89.13,67.66
standard_benchmark,eth3d,MoGeV1-moge-vitl,10,mdecalib_ro,57.8,89.13,63.85
standard_benchmark,eth3d,MoGeV1-moge-vitl,10,sf_ro,77.2,89.13,78.93
standard_benchmark,eth3d,MoGeV1-moge-vitl,10,calib_shift_ro,84.83,89.13,70.42
standard_benchmark,eth3d,MoGeV1-moge-vitl,10,mdecalib_shift_ro,59.73,89.13,67.45
standard_benchmark,eth3d,MoGeV1-moge-vitl,10,sf_shift_ro,42.79,89.13,41.84
standard_benchmark,eth3d,MoGeV1-moge-vitl,100,calib,90.01,89.13,84.86
standard_benchmark,eth3d,MoGeV1-moge-vitl,100,mdecalib,60.52,89.13,73.74
standard_benchmark,eth3d,MoGeV1-moge-vitl,100,sf,84.3,89.13,84.72
standard_benchmark,eth3d,MoGeV1-moge-vitl,100,calib_shift,90.19,89.13,84.88
standard_benchmark,eth3d,MoGeV1-moge-vitl,100,mdecalib_shift,60.85,89.13,74.73
standard_benchmark,eth3d,MoGeV1-moge-vitl,100,sf_shift,59.74,89.13,60.84
standard_benchmark,eth3d,MoGeV1-moge-vitl,100,calib_ro,85.01,89.13,68.04
standard_benchmark,eth3d,MoGeV1-moge-vitl,100,mdecalib_ro,58.26,89.13,64.37
standard_benchmark,eth3d,MoGeV1-moge-vitl,100,sf_ro,78.0,89.13,79.62
standard_benchmark,eth3d,MoGeV1-moge-vitl,100,calib_shift_ro,85.75,89.13,71.38
standard_benchmark,eth3d,MoGeV1-moge-vitl,100,mdecalib_shift_ro,60.6,89.13,68.47
standard_benchmark,eth3d,MoGeV1-moge-vitl,100,sf_shift_ro,60.83,89.13,64.22
standard_benchmark,eth3d,MoGeV1-moge-vitl,500,calib,91.66,89.13,85.35
standard_benchmark,eth3d,MoGeV1-moge-vitl,500,mdecalib,61.68,89.13,74.85
standard_benchmark,eth3d,MoGeV1-moge-vitl,500,sf,86.04,89.13,85.49
standard_benchmark,eth3d,MoGeV1-moge-vitl,500,calib_shift,91.89,89.13,85.42
standard_benchmark,eth3d,MoGeV1-moge-vitl,500,mdecalib_shift,62.22,89.13,75.65
standard_benchmark,eth3d,MoGeV1-moge-vitl,500,sf_shift,69.85,89.13,73.48
standard_benchmark,eth3d,MoGeV1-moge-vitl,500,calib_ro,85.08,89.13,68.04
standard_benchmark,eth3d,MoGeV1-moge-vitl,500,mdecalib_ro,58.27,89.13,64.39
standard_benchmark,eth3d,MoGeV1-moge-vitl,500,sf_ro,77.99,89.13,79.72
standard_benchmark,eth3d,MoGeV1-moge-vitl,500,calib_shift_ro,85.93,89.13,71.45
standard_benchmark,eth3d,MoGeV1-moge-vitl,500,mdecalib_shift_ro,60.68,89.13,68.54
standard_benchmark,eth3d,MoGeV1-moge-vitl,500,sf_shift_ro,66.79,89.13,71.51
standard_benchmark,eth3d,MoGeV1-moge-vitl,1000,calib,92.2,89.13,85.48
standard_benchmark,eth3d,MoGeV1-moge-vitl,1000,mdecalib,62.06,89.13,75.14
standard_benchmark,eth3d,MoGeV1-moge-vitl,1000,sf,86.46,89.13,85.63
standard_benchmark,eth3d,MoGeV1-moge-vitl,1000,calib_shift,92.3,89.13,85.55
standard_benchmark,eth3d,MoGeV1-moge-vitl,1000,mdecalib_shift,62.63,89.13,75.86
standard_benchmark,eth3d,MoGeV1-moge-vitl,1000,sf_shift,72.2,89.13,76.87
standard_benchmark,eth3d,MoGeV1-moge-vitl,1000,calib_ro,85.08,89.13,68.04
standard_benchmark,eth3d,MoGeV1-moge-vitl,1000,mdecalib_ro,58.28,89.13,64.39
standard_benchmark,eth3d,MoGeV1-moge-vitl,1000,sf_ro,78.01,89.13,79.74
standard_benchmark,eth3d,MoGeV1-moge-vitl,1000,calib_shift_ro,85.9,89.13,71.45
standard_benchmark,eth3d,MoGeV1-moge-vitl,1000,mdecalib_shift_ro,60.69,89.13,68.55
standard_benchmark,eth3d,MoGeV1-moge-vitl,1000,sf_shift_ro,68.17,89.13,73.37
standard_benchmark,eth3d,MoGeV1Calib-moge-vitl,10,calib,85.67,87.88,82.64
standard_benchmark,eth3d,MoGeV1Calib-moge-vitl,10,calib_shift,85.86,87.88,82.69
standard_benchmark,eth3d,MoGeV1Calib-moge-vitl,10,calib_ro,83.73,87.88,66.66
standard_benchmark,eth3d,MoGeV1Calib-moge-vitl,10,calib_shift_ro,84.84,87.88,70.43
standard_benchmark,eth3d,MoGeV1Calib-moge-vitl,100,calib,89.95,87.88,84.82
standard_benchmark,eth3d,MoGeV1Calib-moge-vitl,100,calib_shift,90.19,87.88,84.87
standard_benchmark,eth3d,MoGeV1Calib-moge-vitl,100,calib_ro,84.51,87.88,67.05
standard_benchmark,eth3d,MoGeV1Calib-moge-vitl,100,calib_shift_ro,85.72,87.88,71.4
standard_benchmark,eth3d,MoGeV1Calib-moge-vitl,500,calib,91.53,87.88,85.34
standard_benchmark,eth3d,MoGeV1Calib-moge-vitl,500,calib_shift,91.93,87.88,85.42
standard_benchmark,eth3d,MoGeV1Calib-moge-vitl,500,calib_ro,84.53,87.88,67.05
standard_benchmark,eth3d,MoGeV1Calib-moge-vitl,500,calib_shift_ro,85.86,87.88,71.47
standard_benchmark,eth3d,MoGeV1Calib-moge-vitl,1000,calib,92.15,87.88,85.47
standard_benchmark,eth3d,MoGeV1Calib-moge-vitl,1000,calib_shift,92.34,87.88,85.55
standard_benchmark,eth3d,MoGeV1Calib-moge-vitl,1000,calib_ro,84.57,87.88,67.05
standard_benchmark,eth3d,MoGeV1Calib-moge-vitl,1000,calib_shift_ro,85.88,87.88,71.46
standard_benchmark,eth3d,MoGeV2-moge-2-vitl,10,calib,85.87,64.93,82.83
standard_benchmark,eth3d,MoGeV2-moge-2-vitl,10,mdecalib,58.08,64.93,69.87
standard_benchmark,eth3d,MoGeV2-moge-2-vitl,10,sf,79.57,64.93,81.46
standard_benchmark,eth3d,MoGeV2-moge-2-vitl,10,calib_shift,85.94,64.93,82.6
standard_benchmark,eth3d,MoGeV2-moge-2-vitl,10,mdecalib_shift,57.87,64.93,71.16
standard_benchmark,eth3d,MoGeV2-moge-2-vitl,10,sf_shift,33.44,64.93,29.68
standard_benchmark,eth3d,MoGeV2-moge-2-vitl,10,calib_ro,84.45,64.93,66.14
standard_benchmark,eth3d,MoGeV2-moge-2-vitl,10,mdecalib_ro,58.79,64.93,62.64
standard_benchmark,eth3d,MoGeV2-moge-2-vitl,10,sf_ro,76.26,64.93,77.59
standard_benchmark,eth3d,MoGeV2-moge-2-vitl,10,calib_shift_ro,84.81,64.93,69.0
standard_benchmark,eth3d,MoGeV2-moge-2-vitl,10,mdecalib_shift_ro,59.76,64.93,66.29
standard_benchmark,eth3d,MoGeV2-moge-2-vitl,10,sf_shift_ro,41.01,64.93,40.35
standard_benchmark,eth3d,MoGeV2-moge-2-vitl,100,calib,89.79,64.93,84.84
standard_benchmark,eth3d,MoGeV2-moge-2-vitl,100,mdecalib,61.31,64.93,73.1
standard_benchmark,eth3d,MoGeV2-moge-2-vitl,100,sf,83.85,64.93,84.77
standard_benchmark,eth3d,MoGeV2-moge-2-vitl,100,calib_shift,90.11,64.93,84.89
standard_benchmark,eth3d,MoGeV2-moge-2-vitl,100,mdecalib_shift,61.06,64.93,74.28
standard_benchmark,eth3d,MoGeV2-moge-2-vitl,100,sf_shift,59.36,64.93,59.59
standard_benchmark,eth3d,MoGeV2-moge-2-vitl,100,calib_ro,85.12,64.93,66.6
standard_benchmark,eth3d,MoGeV2-moge-2-vitl,100,mdecalib_ro,59.4,64.93,63.21
standard_benchmark,eth3d,MoGeV2-moge-2-vitl,100,sf_ro,77.39,64.93,78.52
standard_benchmark,eth3d,MoGeV2-moge-2-vitl,100,calib_shift_ro,85.72,64.93,70.03
standard_benchmark,eth3d,MoGeV2-moge-2-vitl,100,mdecalib_shift_ro,60.73,64.93,67.45
standard_benchmark,eth3d,MoGeV2-moge-2-vitl,100,sf_shift_ro,58.45,64.93,61.91
standard_benchmark,eth3d,MoGeV2-moge-2-vitl,500,calib,91.4,64.93,85.39
standard_benchmark,eth3d,MoGeV2-moge-2-vitl,500,mdecalib,62.5,64.93,74.33
standard_benchmark,eth3d,MoGeV2-moge-2-vitl,500,sf,85.56,64.93,85.46
standard_benchmark,eth3d,MoGeV2-moge-2-vitl,500,calib_shift,91.72,64.93,85.41
standard_benchmark,eth3d,MoGeV2-moge-2-vitl,500,mdecalib_shift,62.38,64.93,75.04
standard_benchmark,eth3d,MoGeV2-moge-2-vitl,500,sf_shift,70.31,64.93,72.86
standard_benchmark,eth3d,MoGeV2-moge-2-vitl,500,calib_ro,85.19,64.93,66.61
standard_benchmark,eth3d,MoGeV2-moge-2-vitl,500,mdecalib_ro,59.55,64.93,63.23
standard_benchmark,eth3d,MoGeV2-moge-2-vitl,500,sf_ro,77.36,64.93,78.6
standard_benchmark,eth3d,MoGeV2-moge-2-vitl,500,calib_shift_ro,85.86,64.93,70.1
standard_benchmark,eth3d,MoGeV2-moge-2-vitl,500,mdecalib_shift_ro,60.89,64.93,67.51
standard_benchmark,eth3d,MoGeV2-moge-2-vitl,500,sf_shift_ro,64.8,64.93,69.24
standard_benchmark,eth3d,MoGeV2-moge-2-vitl,1000,calib,91.98,64.93,85.51
standard_benchmark,eth3d,MoGeV2-moge-2-vitl,1000,mdecalib,62.89,64.93,74.64
standard_benchmark,eth3d,MoGeV2-moge-2-vitl,1000,sf,86.06,64.93,85.64
standard_benchmark,eth3d,MoGeV2-moge-2-vitl,1000,calib_shift,92.27,64.93,85.56
standard_benchmark,eth3d,MoGeV2-moge-2-vitl,1000,mdecalib_shift,62.71,64.93,75.23
standard_benchmark,eth3d,MoGeV2-moge-2-vitl,1000,sf_shift,73.83,64.93,76.81
standard_benchmark,eth3d,MoGeV2-moge-2-vitl,1000,calib_ro,85.23,64.93,66.61
standard_benchmark,eth3d,MoGeV2-moge-2-vitl,1000,mdecalib_ro,59.55,64.93,63.23
standard_benchmark,eth3d,MoGeV2-moge-2-vitl,1000,sf_ro,77.33,64.93,78.62
standard_benchmark,eth3d,MoGeV2-moge-2-vitl,1000,calib_shift_ro,85.89,64.93,70.1
standard_benchmark,eth3d,MoGeV2-moge-2-vitl,1000,mdecalib_shift_ro,60.86,64.93,67.51
standard_benchmark,eth3d,MoGeV2-moge-2-vitl,1000,sf_shift_ro,66.48,64.93,71.37
standard_benchmark,eth3d,MoGeV2Calib-moge-2-vitl,10,calib,85.84,64.32,82.59
standard_benchmark,eth3d,MoGeV2Calib-moge-2-vitl,10,calib_shift,85.94,64.32,82.6
standard_benchmark,eth3d,MoGeV2Calib-moge-2-vitl,10,calib_ro,83.77,64.32,64.94
standard_benchmark,eth3d,MoGeV2Calib-moge-2-vitl,10,calib_shift_ro,84.81,64.32,68.99
standard_benchmark,eth3d,MoGeV2Calib-moge-2-vitl,100,calib,89.85,64.32,84.78
standard_benchmark,eth3d,MoGeV2Calib-moge-2-vitl,100,calib_shift,90.22,64.32,84.92
standard_benchmark,eth3d,MoGeV2Calib-moge-2-vitl,100,calib_ro,84.8,64.32,65.46
standard_benchmark,eth3d,MoGeV2Calib-moge-2-vitl,100,calib_shift_ro,85.73,64.32,70.03
standard_benchmark,eth3d,MoGeV2Calib-moge-2-vitl,500,calib,91.48,64.32,85.36
standard_benchmark,eth3d,MoGeV2Calib-moge-2-vitl,500,calib_shift,91.73,64.32,85.43
standard_benchmark,eth3d,MoGeV2Calib-moge-2-vitl,500,calib_ro,84.87,64.32,65.47
standard_benchmark,eth3d,MoGeV2Calib-moge-2-vitl,500,calib_shift_ro,85.86,64.32,70.1
standard_benchmark,eth3d,MoGeV2Calib-moge-2-vitl,1000,calib,91.96,64.32,85.51
standard_benchmark,eth3d,MoGeV2Calib-moge-2-vitl,1000,calib_shift,92.26,64.32,85.57
standard_benchmark,eth3d,MoGeV2Calib-moge-2-vitl,1000,calib_ro,84.88,64.32,65.46
standard_benchmark,eth3d,MoGeV2Calib-moge-2-vitl,1000,calib_shift_ro,85.89,64.32,70.1
standard_benchmark,eth3d,Pi3-Pi3X,10,calib,85.89,134.75,82.46
standard_benchmark,eth3d,Pi3-Pi3X,10,mdecalib,56.28,134.75,69.25
standard_benchmark,eth3d,Pi3-Pi3X,10,sf,81.3,134.75,81.66
standard_benchmark,eth3d,Pi3-Pi3X,10,calib_shift,85.38,134.75,82.18
standard_benchmark,eth3d,Pi3-Pi3X,10,mdecalib_shift,56.31,134.75,70.38
standard_benchmark,eth3d,Pi3-Pi3X,10,sf_shift,33.96,134.75,30.44
standard_benchmark,eth3d,Pi3-Pi3X,10,calib_ro,86.46,134.75,69.35
standard_benchmark,eth3d,Pi3-Pi3X,10,mdecalib_ro,58.41,134.75,64.41
standard_benchmark,eth3d,Pi3-Pi3X,10,sf_ro,80.86,134.75,79.79
standard_benchmark,eth3d,Pi3-Pi3X,10,calib_shift_ro,86.49,134.75,71.45
standard_benchmark,eth3d,Pi3-Pi3X,10,mdecalib_shift_ro,59.95,134.75,68.01
standard_benchmark,eth3d,Pi3-Pi3X,10,sf_shift_ro,45.07,134.75,41.55
standard_benchmark,eth3d,Pi3-Pi3X,100,calib,89.92,134.75,84.49
standard_benchmark,eth3d,Pi3-Pi3X,100,mdecalib,59.7,134.75,72.84
standard_benchmark,eth3d,Pi3-Pi3X,100,sf,85.5,134.75,84.52
standard_benchmark,eth3d,Pi3-Pi3X,100,calib_shift,90.07,134.75,84.58
standard_benchmark,eth3d,Pi3-Pi3X,100,mdecalib_shift,60.11,134.75,73.79
standard_benchmark,eth3d,Pi3-Pi3X,100,sf_shift,59.85,134.75,60.26
standard_benchmark,eth3d,Pi3-Pi3X,100,calib_ro,87.06,134.75,69.71
standard_benchmark,eth3d,Pi3-Pi3X,100,mdecalib_ro,58.93,134.75,64.86
standard_benchmark,eth3d,Pi3-Pi3X,100,sf_ro,81.63,134.75,80.55
standard_benchmark,eth3d,Pi3-Pi3X,100,calib_shift_ro,87.32,134.75,72.42
standard_benchmark,eth3d,Pi3-Pi3X,100,mdecalib_shift_ro,60.56,134.75,69.0
standard_benchmark,eth3d,Pi3-Pi3X,100,sf_shift_ro,63.2,134.75,64.04
standard_benchmark,eth3d,Pi3-Pi3X,500,calib,91.64,134.75,85.05
standard_benchmark,eth3d,Pi3-Pi3X,500,mdecalib,61.11,134.75,73.98
standard_benchmark,eth3d,Pi3-Pi3X,500,sf,87.44,134.75,85.18
standard_benchmark,eth3d,Pi3-Pi3X,500,calib_shift,91.65,134.75,85.1
standard_benchmark,eth3d,Pi3-Pi3X,500,mdecalib_shift,61.31,134.75,74.55
standard_benchmark,eth3d,Pi3-Pi3X,500,sf_shift,70.75,134.75,73.07
standard_benchmark,eth3d,Pi3-Pi3X,500,calib_ro,87.14,134.75,69.74
standard_benchmark,eth3d,Pi3-Pi3X,500,mdecalib_ro,58.97,134.75,64.9
standard_benchmark,eth3d,Pi3-Pi3X,500,sf_ro,81.75,134.75,80.62
standard_benchmark,eth3d,Pi3-Pi3X,500,calib_shift_ro,87.27,134.75,72.46
standard_benchmark,eth3d,Pi3-Pi3X,500,mdecalib_shift_ro,60.48,134.75,69.06
standard_benchmark,eth3d,Pi3-Pi3X,500,sf_shift_ro,69.28,134.75,71.36
standard_benchmark,eth3d,Pi3-Pi3X,1000,calib,92.26,134.75,85.17
standard_benchmark,eth3d,Pi3-Pi3X,1000,mdecalib,61.66,134.75,74.31
standard_benchmark,eth3d,Pi3-Pi3X,1000,sf,87.98,134.75,85.35
standard_benchmark,eth3d,Pi3-Pi3X,1000,calib_shift,92.32,134.75,85.23
standard_benchmark,eth3d,Pi3-Pi3X,1000,mdecalib_shift,61.73,134.75,74.77
standard_benchmark,eth3d,Pi3-Pi3X,1000,sf_shift,73.8,134.75,76.62
standard_benchmark,eth3d,Pi3-Pi3X,1000,calib_ro,87.18,134.75,69.74
standard_benchmark,eth3d,Pi3-Pi3X,1000,mdecalib_ro,58.96,134.75,64.91
standard_benchmark,eth3d,Pi3-Pi3X,1000,sf_ro,81.79,134.75,80.63
standard_benchmark,eth3d,Pi3-Pi3X,1000,calib_shift_ro,87.27,134.75,72.48
standard_benchmark,eth3d,Pi3-Pi3X,1000,mdecalib_shift_ro,60.46,134.75,69.07
standard_benchmark,eth3d,Pi3-Pi3X,1000,sf_shift_ro,70.85,134.75,73.41
standard_benchmark,eth3d,Pi3Calib-Pi3X,10,calib,85.71,134.28,82.39
standard_benchmark,eth3d,Pi3Calib-Pi3X,10,calib_shift,85.47,134.28,82.17
standard_benchmark,eth3d,Pi3Calib-Pi3X,10,calib_ro,86.65,134.28,69.77
standard_benchmark,eth3d,Pi3Calib-Pi3X,10,calib_shift_ro,86.73,134.28,71.97
standard_benchmark,eth3d,Pi3Calib-Pi3X,100,calib,89.93,134.28,84.5
standard_benchmark,eth3d,Pi3Calib-Pi3X,100,calib_shift,90.1,134.28,84.58
standard_benchmark,eth3d,Pi3Calib-Pi3X,100,calib_ro,87.16,134.28,70.09
standard_benchmark,eth3d,Pi3Calib-Pi3X,100,calib_shift_ro,87.46,134.28,72.81
standard_benchmark,eth3d,Pi3Calib-Pi3X,500,calib,91.59,134.28,85.04
standard_benchmark,eth3d,Pi3Calib-Pi3X,500,calib_shift,91.86,134.28,85.12
standard_benchmark,eth3d,Pi3Calib-Pi3X,500,calib_ro,87.19,134.28,70.12
standard_benchmark,eth3d,Pi3Calib-Pi3X,500,calib_shift_ro,87.48,134.28,72.85
standard_benchmark,eth3d,Pi3Calib-Pi3X,1000,calib,92.19,134.28,85.17
standard_benchmark,eth3d,Pi3Calib-Pi3X,1000,calib_shift,92.43,134.28,85.25
standard_benchmark,eth3d,Pi3Calib-Pi3X,1000,calib_ro,87.19,134.28,70.12
standard_benchmark,eth3d,Pi3Calib-Pi3X,1000,calib_shift_ro,87.51,134.28,72.87
standard_benchmark,eth3d,UniDepth1-cnvnxtl,10,calib,82.85,75.98,79.82
standard_benchmark,eth3d,UniDepth1-cnvnxtl,10,mdecalib,8.05,75.98,35.08
standard_benchmark,eth3d,UniDepth1-cnvnxtl,10,sf,71.69,75.98,76.97
standard_benchmark,eth3d,UniDepth1-cnvnxtl,10,calib_shift,82.79,75.98,79.2
standard_benchmark,eth3d,UniDepth1-cnvnxtl,10,mdecalib_shift,9.37,75.98,34.62
standard_benchmark,eth3d,UniDepth1-cnvnxtl,10,sf_shift,29.9,75.98,28.07
standard_benchmark,eth3d,UniDepth1-cnvnxtl,10,calib_ro,66.03,75.98,44.42
standard_benchmark,eth3d,UniDepth1-cnvnxtl,10,mdecalib_ro,6.52,75.98,26.98
standard_benchmark,eth3d,UniDepth1-cnvnxtl,10,sf_ro,54.59,75.98,60.42
standard_benchmark,eth3d,UniDepth1-cnvnxtl,10,calib_shift_ro,68.61,75.98,48.61
standard_benchmark,eth3d,UniDepth1-cnvnxtl,10,mdecalib_shift_ro,9.79,75.98,30.68
standard_benchmark,eth3d,UniDepth1-cnvnxtl,10,sf_shift_ro,28.29,75.98,33.7
standard_benchmark,eth3d,UniDepth1-cnvnxtl,100,calib,87.89,75.98,83.93
standard_benchmark,eth3d,UniDepth1-cnvnxtl,100,mdecalib,8.24,75.98,46.25
standard_benchmark,eth3d,UniDepth1-cnvnxtl,100,sf,77.07,75.98,83.1
standard_benchmark,eth3d,UniDepth1-cnvnxtl,100,calib_shift,88.11,75.98,83.96
standard_benchmark,eth3d,UniDepth1-cnvnxtl,100,mdecalib_shift,9.31,75.98,46.43
standard_benchmark,eth3d,UniDepth1-cnvnxtl,100,sf_shift,54.21,75.98,57.54
standard_benchmark,eth3d,UniDepth1-cnvnxtl,100,calib_ro,68.26,75.98,45.11
standard_benchmark,eth3d,UniDepth1-cnvnxtl,100,mdecalib_ro,6.59,75.98,28.07
standard_benchmark,eth3d,UniDepth1-cnvnxtl,100,sf_ro,55.99,75.98,62.71
standard_benchmark,eth3d,UniDepth1-cnvnxtl,100,calib_shift_ro,70.84,75.98,50.79
standard_benchmark,eth3d,UniDepth1-cnvnxtl,100,mdecalib_shift_ro,10.16,75.98,34.83
standard_benchmark,eth3d,UniDepth1-cnvnxtl,100,sf_shift_ro,40.11,75.98,51.78
standard_benchmark,eth3d,UniDepth1-cnvnxtl,500,calib,89.4,75.98,84.76
standard_benchmark,eth3d,UniDepth1-cnvnxtl,500,mdecalib,8.2,75.98,52.78
standard_benchmark,eth3d,UniDepth1-cnvnxtl,500,sf,79.09,75.98,84.6
standard_benchmark,eth3d,UniDepth1-cnvnxtl,500,calib_shift,89.88,75.98,84.81
standard_benchmark,eth3d,UniDepth1-cnvnxtl,500,mdecalib_shift,8.79,75.98,52.27
standard_benchmark,eth3d,UniDepth1-cnvnxtl,500,sf_shift,65.19,75.98,71.03
standard_benchmark,eth3d,UniDepth1-cnvnxtl,500,calib_ro,68.76,75.98,45.14
standard_benchmark,eth3d,UniDepth1-cnvnxtl,500,mdecalib_ro,6.6,75.98,28.24
standard_benchmark,eth3d,UniDepth1-cnvnxtl,500,sf_ro,56.22,75.98,62.98
standard_benchmark,eth3d,UniDepth1-cnvnxtl,500,calib_shift_ro,71.24,75.98,51.02
standard_benchmark,eth3d,UniDepth1-cnvnxtl,500,mdecalib_shift_ro,10.15,75.98,35.39
standard_benchmark,eth3d,UniDepth1-cnvnxtl,500,sf_shift_ro,44.66,75.98,57.25
standard_benchmark,eth3d,UniDepth1-cnvnxtl,1000,calib,89.89,75.98,84.96
standard_benchmark,eth3d,UniDepth1-cnvnxtl,1000,mdecalib,8.21,75.98,54.9
standard_benchmark,eth3d,UniDepth1-cnvnxtl,1000,sf,79.66,75.98,84.91
standard_benchmark,eth3d,UniDepth1-cnvnxtl,1000,calib_shift,90.68,75.98,85.03
standard_benchmark,eth3d,UniDepth1-cnvnxtl,1000,mdecalib_shift,8.56,75.98,54.17
standard_benchmark,eth3d,UniDepth1-cnvnxtl,1000,sf_shift,68.55,75.98,75.23
standard_benchmark,eth3d,UniDepth1-cnvnxtl,1000,calib_ro,68.88,75.98,45.13
standard_benchmark,eth3d,UniDepth1-cnvnxtl,1000,mdecalib_ro,6.69,75.98,28.28
standard_benchmark,eth3d,UniDepth1-cnvnxtl,1000,sf_ro,56.25,75.98,63.04
standard_benchmark,eth3d,UniDepth1-cnvnxtl,1000,calib_shift_ro,71.23,75.98,51.05
standard_benchmark,eth3d,UniDepth1-cnvnxtl,1000,mdecalib_shift_ro,10.05,75.98,35.48
standard_benchmark,eth3d,UniDepth1-cnvnxtl,1000,sf_shift_ro,45.93,75.98,58.67
standard_benchmark,eth3d,UniDepth1-vitl14,10,calib,83.98,128.43,80.97
standard_benchmark,eth3d,UniDepth1-vitl14,10,mdecalib,10.7,128.43,37.99
standard_benchmark,eth3d,UniDepth1-vitl14,10,sf,74.18,128.43,78.54
standard_benchmark,eth3d,UniDepth1-vitl14,10,calib_shift,83.59,128.43,80.35
standard_benchmark,eth3d,UniDepth1-vitl14,10,mdecalib_shift,11.5,128.43,38.15
standard_benchmark,eth3d,UniDepth1-vitl14,10,sf_shift,30.77,128.43,28.03
standard_benchmark,eth3d,UniDepth1-vitl14,10,calib_ro,72.51,128.43,49.74
standard_benchmark,eth3d,UniDepth1-vitl14,10,mdecalib_ro,8.92,128.43,31.46
standard_benchmark,eth3d,UniDepth1-vitl14,10,sf_ro,60.37,128.43,65.17
standard_benchmark,eth3d,UniDepth1-vitl14,10,calib_shift_ro,74.09,128.43,52.93
standard_benchmark,eth3d,UniDepth1-vitl14,10,mdecalib_shift_ro,12.14,128.43,34.71
standard_benchmark,eth3d,UniDepth1-vitl14,10,sf_shift_ro,31.24,128.43,35.06
standard_benchmark,eth3d,UniDepth1-vitl14,100,calib,88.21,128.43,84.22
standard_benchmark,eth3d,UniDepth1-vitl14,100,mdecalib,10.78,128.43,48.56
standard_benchmark,eth3d,UniDepth1-vitl14,100,sf,79.41,128.43,83.88
standard_benchmark,eth3d,UniDepth1-vitl14,100,calib_shift,88.74,128.43,84.21
standard_benchmark,eth3d,UniDepth1-vitl14,100,mdecalib_shift,11.42,128.43,49.42
standard_benchmark,eth3d,UniDepth1-vitl14,100,sf_shift,56.07,128.43,58.66
standard_benchmark,eth3d,UniDepth1-vitl14,100,calib_ro,73.87,128.43,50.34
standard_benchmark,eth3d,UniDepth1-vitl14,100,mdecalib_ro,8.85,128.43,32.56
standard_benchmark,eth3d,UniDepth1-vitl14,100,sf_ro,61.47,128.43,66.88
standard_benchmark,eth3d,UniDepth1-vitl14,100,calib_shift_ro,76.16,128.43,54.79
standard_benchmark,eth3d,UniDepth1-vitl14,100,mdecalib_shift_ro,12.31,128.43,38.35
standard_benchmark,eth3d,UniDepth1-vitl14,100,sf_shift_ro,45.17,128.43,54.46
standard_benchmark,eth3d,UniDepth1-vitl14,500,calib,89.69,128.43,84.88
standard_benchmark,eth3d,UniDepth1-vitl14,500,mdecalib,10.65,128.43,53.79
standard_benchmark,eth3d,UniDepth1-vitl14,500,sf,80.87,128.43,84.82
standard_benchmark,eth3d,UniDepth1-vitl14,500,calib_shift,90.45,128.43,84.9
standard_benchmark,eth3d,UniDepth1-vitl14,500,mdecalib_shift,11.11,128.43,53.98
standard_benchmark,eth3d,UniDepth1-vitl14,500,sf_shift,67.22,128.43,72.31
standard_benchmark,eth3d,UniDepth1-vitl14,500,calib_ro,74.14,128.43,50.41
standard_benchmark,eth3d,UniDepth1-vitl14,500,mdecalib_ro,8.89,128.43,32.67
standard_benchmark,eth3d,UniDepth1-vitl14,500,sf_ro,61.64,128.43,67.15
standard_benchmark,eth3d,UniDepth1-vitl14,500,calib_shift_ro,76.42,128.43,54.95
standard_benchmark,eth3d,UniDepth1-vitl14,500,mdecalib_shift_ro,12.28,128.43,38.76
standard_benchmark,eth3d,UniDepth1-vitl14,500,sf_shift_ro,49.8,128.43,60.19
standard_benchmark,eth3d,UniDepth1-vitl14,1000,calib,90.17,128.43,85.05
standard_benchmark,eth3d,UniDepth1-vitl14,1000,mdecalib,10.74,128.43,55.4
standard_benchmark,eth3d,UniDepth1-vitl14,1000,sf,81.35,128.43,85.06
standard_benchmark,eth3d,UniDepth1-vitl14,1000,calib_shift,91.06,128.43,85.11
standard_benchmark,eth3d,UniDepth1-vitl14,1000,mdecalib_shift,10.96,128.43,55.5
standard_benchmark,eth3d,UniDepth1-vitl14,1000,sf_shift,70.5,128.43,75.94
standard_benchmark,eth3d,UniDepth1-vitl14,1000,calib_ro,74.28,128.43,50.41
standard_benchmark,eth3d,UniDepth1-vitl14,1000,mdecalib_ro,9.03,128.43,32.68
standard_benchmark,eth3d,UniDepth1-vitl14,1000,sf_ro,61.69,128.43,67.18
standard_benchmark,eth3d,UniDepth1-vitl14,1000,calib_shift_ro,76.48,128.43,54.99
standard_benchmark,eth3d,UniDepth1-vitl14,1000,mdecalib_shift_ro,12.3,128.43,38.78
standard_benchmark,eth3d,UniDepth1-vitl14,1000,sf_shift_ro,50.95,128.43,61.58
standard_benchmark,eth3d,UniDepth1Calib-cnvnxtl,10,calib,82.74,75.58,79.68
standard_benchmark,eth3d,UniDepth1Calib-cnvnxtl,10,calib_shift,82.41,75.58,78.68
standard_benchmark,eth3d,UniDepth1Calib-cnvnxtl,10,calib_ro,63.87,75.58,42.6
standard_benchmark,eth3d,UniDepth1Calib-cnvnxtl,10,calib_shift_ro,67.42,75.58,47.32
standard_benchmark,eth3d,UniDepth1Calib-cnvnxtl,100,calib,87.45,75.58,83.83
standard_benchmark,eth3d,UniDepth1Calib-cnvnxtl,100,calib_shift,87.99,75.58,83.85
standard_benchmark,eth3d,UniDepth1Calib-cnvnxtl,100,calib_ro,66.3,75.58,43.3
standard_benchmark,eth3d,UniDepth1Calib-cnvnxtl,100,calib_shift_ro,69.75,75.58,49.54
standard_benchmark,eth3d,UniDepth1Calib-cnvnxtl,500,calib,89.16,75.58,84.72
standard_benchmark,eth3d,UniDepth1Calib-cnvnxtl,500,calib_shift,89.96,75.58,84.79
standard_benchmark,eth3d,UniDepth1Calib-cnvnxtl,500,calib_ro,66.85,75.58,43.32
standard_benchmark,eth3d,UniDepth1Calib-cnvnxtl,500,calib_shift_ro,70.02,75.58,49.8
standard_benchmark,eth3d,UniDepth1Calib-cnvnxtl,1000,calib,89.84,75.58,84.95
standard_benchmark,eth3d,UniDepth1Calib-cnvnxtl,1000,calib_shift,90.85,75.58,85.04
standard_benchmark,eth3d,UniDepth1Calib-cnvnxtl,1000,calib_ro,67.06,75.58,43.31
standard_benchmark,eth3d,UniDepth1Calib-cnvnxtl,1000,calib_shift_ro,70.1,75.58,49.85
standard_benchmark,eth3d,UniDepth1Calib-vitl14,10,calib,84.03,123.91,81.11
standard_benchmark,eth3d,UniDepth1Calib-vitl14,10,calib_shift,83.7,123.91,80.31
standard_benchmark,eth3d,UniDepth1Calib-vitl14,10,calib_ro,73.19,123.91,49.69
standard_benchmark,eth3d,UniDepth1Calib-vitl14,10,calib_shift_ro,73.53,123.91,52.68
standard_benchmark,eth3d,UniDepth1Calib-vitl14,100,calib,88.18,123.91,84.19
standard_benchmark,eth3d,UniDepth1Calib-vitl14,100,calib_shift,88.86,123.91,84.28
standard_benchmark,eth3d,UniDepth1Calib-vitl14,100,calib_ro,74.52,123.91,50.29
standard_benchmark,eth3d,UniDepth1Calib-vitl14,100,calib_shift_ro,76.01,123.91,54.52
standard_benchmark,eth3d,UniDepth1Calib-vitl14,500,calib,89.8,123.91,84.86
standard_benchmark,eth3d,UniDepth1Calib-vitl14,500,calib_shift,90.52,123.91,84.93
standard_benchmark,eth3d,UniDepth1Calib-vitl14,500,calib_ro,74.73,123.91,50.32
standard_benchmark,eth3d,UniDepth1Calib-vitl14,500,calib_shift_ro,76.17,123.91,54.79
standard_benchmark,eth3d,UniDepth1Calib-vitl14,1000,calib,90.38,123.91,85.04
standard_benchmark,eth3d,UniDepth1Calib-vitl14,1000,calib_shift,90.93,123.91,85.1
standard_benchmark,eth3d,UniDepth1Calib-vitl14,1000,calib_ro,74.84,123.91,50.34
standard_benchmark,eth3d,UniDepth1Calib-vitl14,1000,calib_shift_ro,76.31,123.91,54.82
standard_benchmark,eth3d,UniDepth2-vitb14,10,calib,85.32,28.1,82.16
standard_benchmark,eth3d,UniDepth2-vitb14,10,mdecalib,31.92,28.1,54.63
standard_benchmark,eth3d,UniDepth2-vitb14,10,sf,77.83,28.1,80.18
standard_benchmark,eth3d,UniDepth2-vitb14,10,calib_shift,85.04,28.1,81.65
standard_benchmark,eth3d,UniDepth2-vitb14,10,mdecalib_shift,32.31,28.1,55.72
standard_benchmark,eth3d,UniDepth2-vitb14,10,sf_shift,32.61,28.1,28.55
standard_benchmark,eth3d,UniDepth2-vitb14,10,calib_ro,80.79,28.1,61.27
standard_benchmark,eth3d,UniDepth2-vitb14,10,mdecalib_ro,31.38,28.1,49.25
standard_benchmark,eth3d,UniDepth2-vitb14,10,sf_ro,71.15,28.1,74.46
standard_benchmark,eth3d,UniDepth2-vitb14,10,calib_shift_ro,81.35,28.1,65.51
standard_benchmark,eth3d,UniDepth2-vitb14,10,mdecalib_shift_ro,32.94,28.1,54.9
standard_benchmark,eth3d,UniDepth2-vitb14,10,sf_shift_ro,38.73,28.1,39.07
standard_benchmark,eth3d,UniDepth2-vitb14,100,calib,89.41,28.1,84.42
standard_benchmark,eth3d,UniDepth2-vitb14,100,mdecalib,34.22,28.1,60.46
standard_benchmark,eth3d,UniDepth2-vitb14,100,sf,82.55,28.1,84.27
standard_benchmark,eth3d,UniDepth2-vitb14,100,calib_shift,89.71,28.1,84.44
standard_benchmark,eth3d,UniDepth2-vitb14,100,mdecalib_shift,34.4,28.1,61.78
standard_benchmark,eth3d,UniDepth2-vitb14,100,sf_shift,58.91,28.1,58.74
standard_benchmark,eth3d,UniDepth2-vitb14,100,calib_ro,81.49,28.1,61.64
standard_benchmark,eth3d,UniDepth2-vitb14,100,mdecalib_ro,31.88,28.1,50.01
standard_benchmark,eth3d,UniDepth2-vitb14,100,sf_ro,72.01,28.1,75.63
standard_benchmark,eth3d,UniDepth2-vitb14,100,calib_shift_ro,82.58,28.1,66.88
standard_benchmark,eth3d,UniDepth2-vitb14,100,mdecalib_shift_ro,33.86,28.1,56.65
standard_benchmark,eth3d,UniDepth2-vitb14,100,sf_shift_ro,54.86,28.1,60.54
standard_benchmark,eth3d,UniDepth2-vitb14,500,calib,90.87,28.1,84.95
standard_benchmark,eth3d,UniDepth2-vitb14,500,mdecalib,34.9,28.1,62.59
standard_benchmark,eth3d,UniDepth2-vitb14,500,sf,84.13,28.1,85.04
standard_benchmark,eth3d,UniDepth2-vitb14,500,calib_shift,91.31,28.1,85.05
standard_benchmark,eth3d,UniDepth2-vitb14,500,mdecalib_shift,35.11,28.1,63.57
standard_benchmark,eth3d,UniDepth2-vitb14,500,sf_shift,69.28,28.1,72.24
standard_benchmark,eth3d,UniDepth2-vitb14,500,calib_ro,81.63,28.1,61.65
standard_benchmark,eth3d,UniDepth2-vitb14,500,mdecalib_ro,32.07,28.1,50.05
standard_benchmark,eth3d,UniDepth2-vitb14,500,sf_ro,72.22,28.1,75.75
standard_benchmark,eth3d,UniDepth2-vitb14,500,calib_shift_ro,82.76,28.1,66.98
standard_benchmark,eth3d,UniDepth2-vitb14,500,mdecalib_shift_ro,33.95,28.1,56.77
standard_benchmark,eth3d,UniDepth2-vitb14,500,sf_shift_ro,61.0,28.1,67.52
standard_benchmark,eth3d,UniDepth2-vitb14,1000,calib,91.37,28.1,85.1
standard_benchmark,eth3d,UniDepth2-vitb14,1000,mdecalib,35.22,28.1,63.27
standard_benchmark,eth3d,UniDepth2-vitb14,1000,sf,84.59,28.1,85.24
standard_benchmark,eth3d,UniDepth2-vitb14,1000,calib_shift,91.71,28.1,85.19
standard_benchmark,eth3d,UniDepth2-vitb14,1000,mdecalib_shift,35.29,28.1,64.02
standard_benchmark,eth3d,UniDepth2-vitb14,1000,sf_shift,72.66,28.1,76.24
standard_benchmark,eth3d,UniDepth2-vitb14,1000,calib_ro,81.67,28.1,61.63
standard_benchmark,eth3d,UniDepth2-vitb14,1000,mdecalib_ro,32.11,28.1,50.05
standard_benchmark,eth3d,UniDepth2-vitb14,1000,sf_ro,72.25,28.1,75.76
standard_benchmark,eth3d,UniDepth2-vitb14,1000,calib_shift_ro,82.81,28.1,66.99
standard_benchmark,eth3d,UniDepth2-vitb14,1000,mdecalib_shift_ro,33.95,28.1,56.78
standard_benchmark,eth3d,UniDepth2-vitb14,1000,sf_shift_ro,62.55,28.1,69.47
standard_benchmark,eth3d,UniDepth2-vitl14,10,calib,85.7,43.51,82.57
standard_benchmark,eth3d,UniDepth2-vitl14,10,mdecalib,44.59,43.51,62.12
standard_benchmark,eth3d,UniDepth2-vitl14,10,sf,78.85,43.51,81.63
standard_benchmark,eth3d,UniDepth2-vitl14,10,calib_shift,85.59,43.51,82.19
standard_benchmark,eth3d,UniDepth2-vitl14,10,mdecalib_shift,44.07,43.51,63.97
standard_benchmark,eth3d,UniDepth2-vitl14,10,sf_shift,33.57,43.51,29.33
standard_benchmark,eth3d,UniDepth2-vitl14,10,calib_ro,83.15,43.51,67.16
standard_benchmark,eth3d,UniDepth2-vitl14,10,mdecalib_ro,45.62,43.51,58.14
standard_benchmark,eth3d,UniDepth2-vitl14,10,sf_ro,75.24,43.51,79.06
standard_benchmark,eth3d,UniDepth2-vitl14,10,calib_shift_ro,85.19,43.51,71.04
standard_benchmark,eth3d,UniDepth2-vitl14,10,mdecalib_shift_ro,46.02,43.51,63.39
standard_benchmark,eth3d,UniDepth2-vitl14,10,sf_shift_ro,42.31,43.51,40.85
standard_benchmark,eth3d,UniDepth2-vitl14,100,calib,89.53,43.51,84.48
standard_benchmark,eth3d,UniDepth2-vitl14,100,mdecalib,47.22,43.51,66.38
standard_benchmark,eth3d,UniDepth2-vitl14,100,sf,82.97,43.51,84.43
standard_benchmark,eth3d,UniDepth2-vitl14,100,calib_shift,89.79,43.51,84.55
standard_benchmark,eth3d,UniDepth2-vitl14,100,mdecalib_shift,46.46,43.51,67.8
standard_benchmark,eth3d,UniDepth2-vitl14,100,sf_shift,59.0,43.51,59.24
standard_benchmark,eth3d,UniDepth2-vitl14,100,calib_ro,83.57,43.51,67.53
standard_benchmark,eth3d,UniDepth2-vitl14,100,mdecalib_ro,46.05,43.51,58.7
standard_benchmark,eth3d,UniDepth2-vitl14,100,sf_ro,75.81,43.51,79.87
standard_benchmark,eth3d,UniDepth2-vitl14,100,calib_shift_ro,85.97,43.51,71.97
standard_benchmark,eth3d,UniDepth2-vitl14,100,mdecalib_shift_ro,46.57,43.51,64.62
standard_benchmark,eth3d,UniDepth2-vitl14,100,sf_shift_ro,60.69,43.51,63.42
standard_benchmark,eth3d,UniDepth2-vitl14,500,calib,90.99,43.51,85.0
standard_benchmark,eth3d,UniDepth2-vitl14,500,mdecalib,48.04,43.51,68.06
standard_benchmark,eth3d,UniDepth2-vitl14,500,sf,84.55,43.51,85.08
standard_benchmark,eth3d,UniDepth2-vitl14,500,calib_shift,91.61,43.51,85.07
standard_benchmark,eth3d,UniDepth2-vitl14,500,mdecalib_shift,47.38,43.51,69.09
standard_benchmark,eth3d,UniDepth2-vitl14,500,sf_shift,69.78,43.51,72.41
standard_benchmark,eth3d,UniDepth2-vitl14,500,calib_ro,83.62,43.51,67.56
standard_benchmark,eth3d,UniDepth2-vitl14,500,mdecalib_ro,46.05,43.51,58.73
standard_benchmark,eth3d,UniDepth2-vitl14,500,sf_ro,75.95,43.51,79.93
standard_benchmark,eth3d,UniDepth2-vitl14,500,calib_shift_ro,86.02,43.51,72.02
standard_benchmark,eth3d,UniDepth2-vitl14,500,mdecalib_shift_ro,46.66,43.51,64.74
standard_benchmark,eth3d,UniDepth2-vitl14,500,sf_shift_ro,67.03,43.51,70.97
standard_benchmark,eth3d,UniDepth2-vitl14,1000,calib,91.63,43.51,85.14
standard_benchmark,eth3d,UniDepth2-vitl14,1000,mdecalib,48.49,43.51,68.6
standard_benchmark,eth3d,UniDepth2-vitl14,1000,sf,85.14,43.51,85.27
standard_benchmark,eth3d,UniDepth2-vitl14,1000,calib_shift,92.2,43.51,85.23
standard_benchmark,eth3d,UniDepth2-vitl14,1000,mdecalib_shift,47.76,43.51,69.46
standard_benchmark,eth3d,UniDepth2-vitl14,1000,sf_shift,73.02,43.51,76.29
standard_benchmark,eth3d,UniDepth2-vitl14,1000,calib_ro,83.68,43.51,67.56
standard_benchmark,eth3d,UniDepth2-vitl14,1000,mdecalib_ro,46.11,43.51,58.73
standard_benchmark,eth3d,UniDepth2-vitl14,1000,sf_ro,75.9,43.51,79.94
standard_benchmark,eth3d,UniDepth2-vitl14,1000,calib_shift_ro,86.04,43.51,72.02
standard_benchmark,eth3d,UniDepth2-vitl14,1000,mdecalib_shift_ro,46.68,43.51,64.76
standard_benchmark,eth3d,UniDepth2-vitl14,1000,sf_shift_ro,68.84,43.51,73.12
standard_benchmark,eth3d,UniDepth2-vits14,10,calib,83.98,21.04,81.09
standard_benchmark,eth3d,UniDepth2-vits14,10,mdecalib,24.96,21.04,49.06
standard_benchmark,eth3d,UniDepth2-vits14,10,sf,73.85,21.04,78.27
standard_benchmark,eth3d,UniDepth2-vits14,10,calib_shift,84.3,21.04,80.56
standard_benchmark,eth3d,UniDepth2-vits14,10,mdecalib_shift,24.62,21.04,50.16
standard_benchmark,eth3d,UniDepth2-vits14,10,sf_shift,30.8,21.04,27.43
standard_benchmark,eth3d,UniDepth2-vits14,10,calib_ro,72.68,21.04,52.97
standard_benchmark,eth3d,UniDepth2-vits14,10,mdecalib_ro,23.25,21.04,40.62
standard_benchmark,eth3d,UniDepth2-vits14,10,sf_ro,60.16,21.04,67.3
standard_benchmark,eth3d,UniDepth2-vits14,10,calib_shift_ro,76.6,21.04,57.87
standard_benchmark,eth3d,UniDepth2-vits14,10,mdecalib_shift_ro,24.34,21.04,46.35
standard_benchmark,eth3d,UniDepth2-vits14,10,sf_shift_ro,33.39,21.04,36.01
standard_benchmark,eth3d,UniDepth2-vits14,100,calib,88.34,21.04,84.23
standard_benchmark,eth3d,UniDepth2-vits14,100,mdecalib,26.57,21.04,56.06
standard_benchmark,eth3d,UniDepth2-vits14,100,sf,79.02,21.04,83.69
standard_benchmark,eth3d,UniDepth2-vits14,100,calib_shift,89.29,21.04,84.32
standard_benchmark,eth3d,UniDepth2-vits14,100,mdecalib_shift,26.34,21.04,57.39
standard_benchmark,eth3d,UniDepth2-vits14,100,sf_shift,58.01,21.04,58.28
standard_benchmark,eth3d,UniDepth2-vits14,100,calib_ro,73.83,21.04,53.6
standard_benchmark,eth3d,UniDepth2-vits14,100,mdecalib_ro,23.56,21.04,41.77
standard_benchmark,eth3d,UniDepth2-vits14,100,sf_ro,61.62,21.04,69.03
standard_benchmark,eth3d,UniDepth2-vits14,100,calib_shift_ro,78.82,21.04,60.05
standard_benchmark,eth3d,UniDepth2-vits14,100,mdecalib_shift_ro,25.06,21.04,48.9
standard_benchmark,eth3d,UniDepth2-vits14,100,sf_shift_ro,47.32,21.04,55.64
standard_benchmark,eth3d,UniDepth2-vits14,500,calib,89.83,21.04,84.89
standard_benchmark,eth3d,UniDepth2-vits14,500,mdecalib,26.97,21.04,58.49
standard_benchmark,eth3d,UniDepth2-vits14,500,sf,80.95,21.04,84.8
standard_benchmark,eth3d,UniDepth2-vits14,500,calib_shift,91.0,21.04,84.98
standard_benchmark,eth3d,UniDepth2-vits14,500,mdecalib_shift,26.87,21.04,59.5
standard_benchmark,eth3d,UniDepth2-vits14,500,sf_shift,67.87,21.04,72.23
standard_benchmark,eth3d,UniDepth2-vits14,500,calib_ro,74.12,21.04,53.61
standard_benchmark,eth3d,UniDepth2-vits14,500,mdecalib_ro,23.71,21.04,41.82
standard_benchmark,eth3d,UniDepth2-vits14,500,sf_ro,61.71,21.04,69.21
standard_benchmark,eth3d,UniDepth2-vits14,500,calib_shift_ro,79.09,21.04,60.22
standard_benchmark,eth3d,UniDepth2-vits14,500,mdecalib_shift_ro,25.21,21.04,49.15
standard_benchmark,eth3d,UniDepth2-vits14,500,sf_shift_ro,53.35,21.04,62.03
standard_benchmark,eth3d,UniDepth2-vits14,1000,calib,90.34,21.04,85.05
standard_benchmark,eth3d,UniDepth2-vits14,1000,mdecalib,27.21,21.04,59.28
standard_benchmark,eth3d,UniDepth2-vits14,1000,sf,81.54,21.04,85.05
standard_benchmark,eth3d,UniDepth2-vits14,1000,calib_shift,91.5,21.04,85.14
standard_benchmark,eth3d,UniDepth2-vits14,1000,mdecalib_shift,27.13,21.04,60.12
standard_benchmark,eth3d,UniDepth2-vits14,1000,sf_shift,70.98,21.04,75.93
standard_benchmark,eth3d,UniDepth2-vits14,1000,calib_ro,74.22,21.04,53.6
standard_benchmark,eth3d,UniDepth2-vits14,1000,mdecalib_ro,23.72,21.04,41.81
standard_benchmark,eth3d,UniDepth2-vits14,1000,sf_ro,61.78,21.04,69.25
standard_benchmark,eth3d,UniDepth2-vits14,1000,calib_shift_ro,79.21,21.04,60.24
standard_benchmark,eth3d,UniDepth2-vits14,1000,mdecalib_shift_ro,25.27,21.04,49.17
standard_benchmark,eth3d,UniDepth2-vits14,1000,sf_shift_ro,55.18,21.04,63.95
standard_benchmark,eth3d,UniDepth2Calib-vitb14,10,calib,85.22,29.13,82.18
standard_benchmark,eth3d,UniDepth2Calib-vitb14,10,calib_shift,84.86,29.13,81.55
standard_benchmark,eth3d,UniDepth2Calib-vitb14,10,calib_ro,80.24,29.13,61.69
standard_benchmark,eth3d,UniDepth2Calib-vitb14,10,calib_shift_ro,81.57,29.13,65.78
standard_benchmark,eth3d,UniDepth2Calib-vitb14,100,calib,89.23,29.13,84.38
standard_benchmark,eth3d,UniDepth2Calib-vitb14,100,calib_shift,89.68,29.13,84.46
standard_benchmark,eth3d,UniDepth2Calib-vitb14,100,calib_ro,80.97,29.13,62.08
standard_benchmark,eth3d,UniDepth2Calib-vitb14,100,calib_shift_ro,82.78,29.13,67.14
standard_benchmark,eth3d,UniDepth2Calib-vitb14,500,calib,90.63,29.13,84.95
standard_benchmark,eth3d,UniDepth2Calib-vitb14,500,calib_shift,91.28,29.13,85.04
standard_benchmark,eth3d,UniDepth2Calib-vitb14,500,calib_ro,81.09,29.13,62.07
standard_benchmark,eth3d,UniDepth2Calib-vitb14,500,calib_shift_ro,82.9,29.13,67.25
standard_benchmark,eth3d,UniDepth2Calib-vitb14,1000,calib,91.23,29.13,85.09
standard_benchmark,eth3d,UniDepth2Calib-vitb14,1000,calib_shift,91.7,29.13,85.18
standard_benchmark,eth3d,UniDepth2Calib-vitb14,1000,calib_ro,81.15,29.13,62.05
standard_benchmark,eth3d,UniDepth2Calib-vitb14,1000,calib_shift_ro,82.91,29.13,67.26
standard_benchmark,eth3d,UniDepth2Calib-vitl14,10,calib,85.59,45.71,82.57
standard_benchmark,eth3d,UniDepth2Calib-vitl14,10,calib_shift,85.46,45.71,82.17
standard_benchmark,eth3d,UniDepth2Calib-vitl14,10,calib_ro,82.99,45.71,67.2
standard_benchmark,eth3d,UniDepth2Calib-vitl14,10,calib_shift_ro,84.5,45.71,70.77
standard_benchmark,eth3d,UniDepth2Calib-vitl14,100,calib,89.6,45.71,84.49
standard_benchmark,eth3d,UniDepth2Calib-vitl14,100,calib_shift,89.82,45.71,84.6
standard_benchmark,eth3d,UniDepth2Calib-vitl14,100,calib_ro,83.43,45.71,67.53
standard_benchmark,eth3d,UniDepth2Calib-vitl14,100,calib_shift_ro,85.32,45.71,71.78
standard_benchmark,eth3d,UniDepth2Calib-vitl14,500,calib,90.93,45.71,84.99
standard_benchmark,eth3d,UniDepth2Calib-vitl14,500,calib_shift,91.53,45.71,85.08
standard_benchmark,eth3d,UniDepth2Calib-vitl14,500,calib_ro,83.51,45.71,67.56
standard_benchmark,eth3d,UniDepth2Calib-vitl14,500,calib_shift_ro,85.49,45.71,71.82
standard_benchmark,eth3d,UniDepth2Calib-vitl14,1000,calib,91.45,45.71,85.12
standard_benchmark,eth3d,UniDepth2Calib-vitl14,1000,calib_shift,92.08,45.71,85.23
standard_benchmark,eth3d,UniDepth2Calib-vitl14,1000,calib_ro,83.56,45.71,67.56
standard_benchmark,eth3d,UniDepth2Calib-vitl14,1000,calib_shift_ro,85.5,45.71,71.83
standard_benchmark,eth3d,UniDepth2Calib-vits14,10,calib,84.24,21.51,81.07
standard_benchmark,eth3d,UniDepth2Calib-vits14,10,calib_shift,84.28,21.51,80.71
standard_benchmark,eth3d,UniDepth2Calib-vits14,10,calib_ro,73.57,21.51,53.69
standard_benchmark,eth3d,UniDepth2Calib-vits14,10,calib_shift_ro,76.87,21.51,58.14
standard_benchmark,eth3d,UniDepth2Calib-vits14,100,calib,88.65,21.51,84.29
standard_benchmark,eth3d,UniDepth2Calib-vits14,100,calib_shift,89.43,21.51,84.37
standard_benchmark,eth3d,UniDepth2Calib-vits14,100,calib_ro,74.75,21.51,54.39
standard_benchmark,eth3d,UniDepth2Calib-vits14,100,calib_shift_ro,79.0,21.51,60.26
standard_benchmark,eth3d,UniDepth2Calib-vits14,500,calib,89.9,21.51,84.9
standard_benchmark,eth3d,UniDepth2Calib-vits14,500,calib_shift,91.06,21.51,85.01
standard_benchmark,eth3d,UniDepth2Calib-vits14,500,calib_ro,75.05,21.51,54.39
standard_benchmark,eth3d,UniDepth2Calib-vits14,500,calib_shift_ro,79.3,21.51,60.38
standard_benchmark,eth3d,UniDepth2Calib-vits14,1000,calib,90.49,21.51,85.05
standard_benchmark,eth3d,UniDepth2Calib-vits14,1000,calib_shift,91.51,21.51,85.16
standard_benchmark,eth3d,UniDepth2Calib-vits14,1000,calib_ro,75.15,21.51,54.37
standard_benchmark,eth3d,UniDepth2Calib-vits14,1000,calib_shift_ro,79.42,21.51,60.38
standard_benchmark,eth3d,UniK3D-vitl,10,calib,85.69,52.02,82.54
standard_benchmark,eth3d,UniK3D-vitl,10,sf,79.13,52.02,81.68
standard_benchmark,eth3d,UniK3D-vitl,10,calib_shift,85.39,52.02,82.12
standard_benchmark,eth3d,UniK3D-vitl,10,sf_shift,33.12,52.02,29.44
standard_benchmark,eth3d,UniK3D-vitl,10,calib_ro,83.62,52.02,67.42
standard_benchmark,eth3d,UniK3D-vitl,10,sf_ro,75.1,52.02,79.39
standard_benchmark,eth3d,UniK3D-vitl,10,calib_shift_ro,84.23,52.02,71.38
standard_benchmark,eth3d,UniK3D-vitl,10,sf_shift_ro,41.34,52.02,40.94
standard_benchmark,eth3d,UniK3D-vitl,100,calib,89.66,52.02,84.46
standard_benchmark,eth3d,UniK3D-vitl,100,sf,82.87,52.02,84.38
standard_benchmark,eth3d,UniK3D-vitl,100,calib_shift,89.83,52.02,84.47
standard_benchmark,eth3d,UniK3D-vitl,100,sf_shift,58.86,52.02,59.8
standard_benchmark,eth3d,UniK3D-vitl,100,calib_ro,84.08,52.02,67.79
standard_benchmark,eth3d,UniK3D-vitl,100,sf_ro,75.83,52.02,80.24
standard_benchmark,eth3d,UniK3D-vitl,100,calib_shift_ro,84.94,52.02,72.18
standard_benchmark,eth3d,UniK3D-vitl,100,sf_shift_ro,59.13,52.02,63.53
standard_benchmark,eth3d,UniK3D-vitl,500,calib,91.11,52.02,84.98
standard_benchmark,eth3d,UniK3D-vitl,500,sf,84.55,52.02,85.08
standard_benchmark,eth3d,UniK3D-vitl,500,calib_shift,91.52,52.02,85.09
standard_benchmark,eth3d,UniK3D-vitl,500,sf_shift,69.58,52.02,72.76
standard_benchmark,eth3d,UniK3D-vitl,500,calib_ro,84.2,52.02,67.81
standard_benchmark,eth3d,UniK3D-vitl,500,sf_ro,75.95,52.02,80.32
standard_benchmark,eth3d,UniK3D-vitl,500,calib_shift_ro,84.96,52.02,72.21
standard_benchmark,eth3d,UniK3D-vitl,500,sf_shift_ro,65.19,52.02,71.15
standard_benchmark,eth3d,UniK3D-vitl,1000,calib,91.58,52.02,85.11
standard_benchmark,eth3d,UniK3D-vitl,1000,sf,85.11,52.02,85.27
standard_benchmark,eth3d,UniK3D-vitl,1000,calib_shift,92.07,52.02,85.22
standard_benchmark,eth3d,UniK3D-vitl,1000,sf_shift,72.6,52.02,76.32
standard_benchmark,eth3d,UniK3D-vitl,1000,calib_ro,84.21,52.02,67.82
standard_benchmark,eth3d,UniK3D-vitl,1000,sf_ro,75.96,52.02,80.36
standard_benchmark,eth3d,UniK3D-vitl,1000,calib_shift_ro,84.96,52.02,72.22
standard_benchmark,eth3d,UniK3D-vitl,1000,sf_shift_ro,66.86,52.02,73.19
standard_benchmark,eth3d,UniK3DCalib-vitl,10,calib,85.54,55.52,82.54
standard_benchmark,eth3d,UniK3DCalib-vitl,10,calib_shift,85.3,55.52,82.08
standard_benchmark,eth3d,UniK3DCalib-vitl,10,calib_ro,82.99,55.52,67.15
standard_benchmark,eth3d,UniK3DCalib-vitl,10,calib_shift_ro,83.75,55.52,71.09
standard_benchmark,eth3d,UniK3DCalib-vitl,100,calib,89.58,55.52,84.46
standard_benchmark,eth3d,UniK3DCalib-vitl,100,calib_shift,89.75,55.52,84.48
standard_benchmark,eth3d,UniK3DCalib-vitl,100,calib_ro,83.39,55.52,67.49
standard_benchmark,eth3d,UniK3DCalib-vitl,100,calib_shift_ro,84.42,55.52,71.97
standard_benchmark,eth3d,UniK3DCalib-vitl,500,calib,91.05,55.52,84.98
standard_benchmark,eth3d,UniK3DCalib-vitl,500,calib_shift,91.4,55.52,85.08
standard_benchmark,eth3d,UniK3DCalib-vitl,500,calib_ro,83.5,55.52,67.53
standard_benchmark,eth3d,UniK3DCalib-vitl,500,calib_shift_ro,84.37,55.52,72.03
standard_benchmark,eth3d,UniK3DCalib-vitl,1000,calib,91.54,55.52,85.11
standard_benchmark,eth3d,UniK3DCalib-vitl,1000,calib_shift,92.01,55.52,85.2
standard_benchmark,eth3d,UniK3DCalib-vitl,1000,calib_ro,83.53,55.52,67.55
standard_benchmark,eth3d,UniK3DCalib-vitl,1000,calib_shift_ro,84.42,55.52,72.03
standard_benchmark,eth3d,VGGT-VGGT-1B,10,calib,85.25,105.12,82.0
standard_benchmark,eth3d,VGGT-VGGT-1B,10,mdecalib,44.92,105.12,64.23
standard_benchmark,eth3d,VGGT-VGGT-1B,10,sf,78.26,105.12,80.61
standard_benchmark,eth3d,VGGT-VGGT-1B,10,calib_shift,84.91,105.12,81.82
standard_benchmark,eth3d,VGGT-VGGT-1B,10,mdecalib_shift,44.77,105.12,65.6
standard_benchmark,eth3d,VGGT-VGGT-1B,10,sf_shift,32.8,105.12,30.96
standard_benchmark,eth3d,VGGT-VGGT-1B,10,calib_ro,83.23,105.12,64.13
standard_benchmark,eth3d,VGGT-VGGT-1B,10,mdecalib_ro,44.76,105.12,58.85
standard_benchmark,eth3d,VGGT-VGGT-1B,10,sf_ro,76.12,105.12,75.9
standard_benchmark,eth3d,VGGT-VGGT-1B,10,calib_shift_ro,83.59,105.12,66.99
standard_benchmark,eth3d,VGGT-VGGT-1B,10,mdecalib_shift_ro,46.48,105.12,62.79
standard_benchmark,eth3d,VGGT-VGGT-1B,10,sf_shift_ro,42.5,105.12,41.08
standard_benchmark,eth3d,VGGT-VGGT-1B,100,calib,89.75,105.12,84.39
standard_benchmark,eth3d,VGGT-VGGT-1B,100,mdecalib,47.77,105.12,68.24
standard_benchmark,eth3d,VGGT-VGGT-1B,100,sf,82.97,105.12,84.16
standard_benchmark,eth3d,VGGT-VGGT-1B,100,calib_shift,89.63,105.12,84.51
standard_benchmark,eth3d,VGGT-VGGT-1B,100,mdecalib_shift,47.65,105.12,69.39
standard_benchmark,eth3d,VGGT-VGGT-1B,100,sf_shift,57.78,105.12,60.95
standard_benchmark,eth3d,VGGT-VGGT-1B,100,calib_ro,83.81,105.12,64.59
standard_benchmark,eth3d,VGGT-VGGT-1B,100,mdecalib_ro,45.19,105.12,59.44
standard_benchmark,eth3d,VGGT-VGGT-1B,100,sf_ro,77.15,105.12,76.85
standard_benchmark,eth3d,VGGT-VGGT-1B,100,calib_shift_ro,84.75,105.12,68.04
standard_benchmark,eth3d,VGGT-VGGT-1B,100,mdecalib_shift_ro,47.33,105.12,63.98
standard_benchmark,eth3d,VGGT-VGGT-1B,100,sf_shift_ro,60.52,105.12,63.25
standard_benchmark,eth3d,VGGT-VGGT-1B,500,calib,91.27,105.12,85.0
standard_benchmark,eth3d,VGGT-VGGT-1B,500,mdecalib,48.92,105.12,69.71
standard_benchmark,eth3d,VGGT-VGGT-1B,500,sf,84.71,105.12,85.02
standard_benchmark,eth3d,VGGT-VGGT-1B,500,calib_shift,91.4,105.12,85.06
standard_benchmark,eth3d,VGGT-VGGT-1B,500,mdecalib_shift,48.89,105.12,70.4
standard_benchmark,eth3d,VGGT-VGGT-1B,500,sf_shift,67.77,105.12,73.65
standard_benchmark,eth3d,VGGT-VGGT-1B,500,calib_ro,83.9,105.12,64.61
standard_benchmark,eth3d,VGGT-VGGT-1B,500,mdecalib_ro,45.23,105.12,59.48
standard_benchmark,eth3d,VGGT-VGGT-1B,500,sf_ro,77.24,105.12,76.96
standard_benchmark,eth3d,VGGT-VGGT-1B,500,calib_shift_ro,84.86,105.12,68.12
standard_benchmark,eth3d,VGGT-VGGT-1B,500,mdecalib_shift_ro,47.52,105.12,64.07
standard_benchmark,eth3d,VGGT-VGGT-1B,500,sf_shift_ro,66.04,105.12,69.61
standard_benchmark,eth3d,VGGT-VGGT-1B,1000,calib,91.82,105.12,85.12
standard_benchmark,eth3d,VGGT-VGGT-1B,1000,mdecalib,49.39,105.12,70.1
standard_benchmark,eth3d,VGGT-VGGT-1B,1000,sf,85.3,105.12,85.24
standard_benchmark,eth3d,VGGT-VGGT-1B,1000,calib_shift,92.07,105.12,85.2
standard_benchmark,eth3d,VGGT-VGGT-1B,1000,mdecalib_shift,49.24,105.12,70.69
standard_benchmark,eth3d,VGGT-VGGT-1B,1000,sf_shift,70.78,105.12,77.28
standard_benchmark,eth3d,VGGT-VGGT-1B,1000,calib_ro,83.92,105.12,64.61
standard_benchmark,eth3d,VGGT-VGGT-1B,1000,mdecalib_ro,45.27,105.12,59.48
standard_benchmark,eth3d,VGGT-VGGT-1B,1000,sf_ro,77.28,105.12,76.99
standard_benchmark,eth3d,VGGT-VGGT-1B,1000,calib_shift_ro,84.88,105.12,68.12
standard_benchmark,eth3d,VGGT-VGGT-1B,1000,mdecalib_shift_ro,47.56,105.12,64.07
standard_benchmark,eth3d,VGGT-VGGT-1B,1000,sf_shift_ro,67.97,105.12,71.45
standard_benchmark,eth3d,gt,10,calib,95.02,0.0,87.8
standard_benchmark,eth3d,gt,10,sf,94.23,0.0,87.98
standard_benchmark,eth3d,gt,10,calib_shift,94.55,0.0,87.86
standard_benchmark,eth3d,gt,10,sf_shift,39.06,0.0,33.25
standard_benchmark,eth3d,gt,10,calib_ro,97.85,0.0,99.97
standard_benchmark,eth3d,gt,10,sf_ro,95.8,0.0,99.95
standard_benchmark,eth3d,gt,10,calib_shift_ro,97.66,0.0,99.97
standard_benchmark,eth3d,gt,10,sf_shift_ro,57.74,0.0,51.39
standard_benchmark,eth3d,gt,100,calib,95.67,0.0,88.02
standard_benchmark,eth3d,gt,100,sf,94.8,0.0,88.19
standard_benchmark,eth3d,gt,100,calib_shift,95.33,0.0,88.08
standard_benchmark,eth3d,gt,100,sf_shift,66.36,0.0,64.57
standard_benchmark,eth3d,gt,100,calib_ro,97.85,0.0,99.97
standard_benchmark,eth3d,gt,100,sf_ro,95.82,0.0,99.95
standard_benchmark,eth3d,gt,100,calib_shift_ro,97.66,0.0,99.97
standard_benchmark,eth3d,gt,100,sf_shift_ro,79.43,0.0,77.91
standard_benchmark,eth3d,gt,500,calib,95.67,0.0,88.04
standard_benchmark,eth3d,gt,500,sf,94.85,0.0,88.21
standard_benchmark,eth3d,gt,500,calib_shift,95.42,0.0,88.11
standard_benchmark,eth3d,gt,500,sf_shift,77.8,0.0,78.37
standard_benchmark,eth3d,gt,500,calib_ro,97.85,0.0,99.97
standard_benchmark,eth3d,gt,500,sf_ro,95.82,0.0,99.95
standard_benchmark,eth3d,gt,500,calib_shift_ro,97.66,0.0,99.97
standard_benchmark,eth3d,gt,500,sf_shift_ro,86.44,0.0,87.26
standard_benchmark,eth3d,gt,1000,calib,95.7,0.0,88.05
standard_benchmark,eth3d,gt,1000,sf,94.87,0.0,88.23
standard_benchmark,eth3d,gt,1000,calib_shift,95.35,0.0,88.12
standard_benchmark,eth3d,gt,1000,sf_shift,80.38,0.0,81.56
standard_benchmark,eth3d,gt,1000,calib_ro,97.85,0.0,99.97
standard_benchmark,eth3d,gt,1000,sf_ro,95.82,0.0,99.95
standard_benchmark,eth3d,gt,1000,calib_shift_ro,97.66,0.0,99.97
standard_benchmark,eth3d,gt,1000,sf_shift_ro,88.17,0.0,90.07
standard_benchmark,eth3d,none,10,baseline_calib,86.45,0.0,83.47
standard_benchmark,eth3d,none,10,baseline_sf,82.66,0.0,83.38
standard_benchmark,eth3d,none,100,baseline_calib,89.38,0.0,84.71
standard_benchmark,eth3d,none,100,baseline_sf,85.44,0.0,84.77
standard_benchmark,eth3d,none,500,baseline_calib,91.04,0.0,85.18
standard_benchmark,eth3d,none,500,baseline_sf,86.86,0.0,85.33
standard_benchmark,eth3d,none,1000,baseline_calib,91.67,0.0,85.29
standard_benchmark,eth3d,none,1000,baseline_sf,87.32,0.0,85.5
standard_benchmark,scannetpp,DepthAnythingV2-vitb,10,calib,38.71,75.65,60.78
standard_benchmark,scannetpp,DepthAnythingV2-vitb,10,sf,26.56,75.65,55.71
standard_benchmark,scannetpp,DepthAnythingV2-vitb,10,calib_shift,82.34,75.65,87.46
standard_benchmark,scannetpp,DepthAnythingV2-vitb,10,sf_shift,30.26,75.65,37.49
standard_benchmark,scannetpp,DepthAnythingV2-vitb,10,calib_ro,13.42,75.65,52.69
standard_benchmark,scannetpp,DepthAnythingV2-vitb,10,sf_ro,14.29,75.65,63.92
standard_benchmark,scannetpp,DepthAnythingV2-vitb,10,calib_shift_ro,47.35,75.65,65.36
standard_benchmark,scannetpp,DepthAnythingV2-vitb,10,sf_shift_ro,24.37,75.65,51.24
standard_benchmark,scannetpp,DepthAnythingV2-vitb,100,calib,52.0,75.65,75.16
standard_benchmark,scannetpp,DepthAnythingV2-vitb,100,sf,32.39,75.65,66.82
standard_benchmark,scannetpp,DepthAnythingV2-vitb,100,calib_shift,84.23,75.65,89.71
standard_benchmark,scannetpp,DepthAnythingV2-vitb,100,sf_shift,52.74,75.65,65.81
standard_benchmark,scannetpp,DepthAnythingV2-vitb,100,calib_ro,13.68,75.65,53.57
standard_benchmark,scannetpp,DepthAnythingV2-vitb,100,sf_ro,14.51,75.65,66.6
standard_benchmark,scannetpp,DepthAnythingV2-vitb,100,calib_shift_ro,48.29,75.65,67.13
standard_benchmark,scannetpp,DepthAnythingV2-vitb,100,sf_shift_ro,31.24,75.65,65.75
standard_benchmark,scannetpp,DepthAnythingV2-vitb,500,calib,58.33,75.65,82.9
standard_benchmark,scannetpp,DepthAnythingV2-vitb,500,sf,35.7,75.65,72.38
standard_benchmark,scannetpp,DepthAnythingV2-vitb,500,calib_shift,84.51,75.65,89.94
standard_benchmark,scannetpp,DepthAnythingV2-vitb,500,sf_shift,61.85,75.65,77.51
standard_benchmark,scannetpp,DepthAnythingV2-vitb,500,calib_ro,13.74,75.65,53.66
standard_benchmark,scannetpp,DepthAnythingV2-vitb,500,sf_ro,14.57,75.65,67.14
standard_benchmark,scannetpp,DepthAnythingV2-vitb,500,calib_shift_ro,48.38,75.65,67.33
standard_benchmark,scannetpp,DepthAnythingV2-vitb,500,sf_shift_ro,33.36,75.65,69.32
standard_benchmark,scannetpp,DepthAnythingV2-vitb,1000,calib,60.34,75.65,85.47
standard_benchmark,scannetpp,DepthAnythingV2-vitb,1000,sf,37.13,75.65,74.48
standard_benchmark,scannetpp,DepthAnythingV2-vitb,1000,calib_shift,84.6,75.65,90.0
standard_benchmark,scannetpp,DepthAnythingV2-vitb,1000,sf_shift,64.18,75.65,80.8
standard_benchmark,scannetpp,DepthAnythingV2-vitb,1000,calib_ro,13.79,75.65,53.68
standard_benchmark,scannetpp,DepthAnythingV2-vitb,1000,sf_ro,14.54,75.65,67.25
standard_benchmark,scannetpp,DepthAnythingV2-vitb,1000,calib_shift_ro,48.34,75.65,67.38
standard_benchmark,scannetpp,DepthAnythingV2-vitb,1000,sf_shift_ro,34.02,75.65,70.28
standard_benchmark,scannetpp,DepthAnythingV2-vitl,10,calib,10.49,137.52,21.76
standard_benchmark,scannetpp,DepthAnythingV2-vitl,10,sf,24.15,137.52,52.63
standard_benchmark,scannetpp,DepthAnythingV2-vitl,10,calib_shift,74.25,137.52,68.75
standard_benchmark,scannetpp,DepthAnythingV2-vitl,10,sf_shift,28.55,137.52,36.28
standard_benchmark,scannetpp,DepthAnythingV2-vitl,10,calib_ro,11.96,137.52,50.84
standard_benchmark,scannetpp,DepthAnythingV2-vitl,10,sf_ro,12.76,137.52,61.73
standard_benchmark,scannetpp,DepthAnythingV2-vitl,10,calib_shift_ro,44.88,137.52,64.23
standard_benchmark,scannetpp,DepthAnythingV2-vitl,10,sf_shift_ro,20.54,137.52,47.88
standard_benchmark,scannetpp,DepthAnythingV2-vitl,100,calib,17.31,137.52,31.73
standard_benchmark,scannetpp,DepthAnythingV2-vitl,100,sf,29.96,137.52,64.03
standard_benchmark,scannetpp,DepthAnythingV2-vitl,100,calib_shift,80.41,137.52,78.94
standard_benchmark,scannetpp,DepthAnythingV2-vitl,100,sf_shift,50.25,137.52,64.32
standard_benchmark,scannetpp,DepthAnythingV2-vitl,100,calib_ro,12.22,137.52,51.79
standard_benchmark,scannetpp,DepthAnythingV2-vitl,100,sf_ro,13.1,137.52,64.82
standard_benchmark,scannetpp,DepthAnythingV2-vitl,100,calib_shift_ro,46.0,137.52,66.03
standard_benchmark,scannetpp,DepthAnythingV2-vitl,100,sf_shift_ro,27.86,137.52,64.08
standard_benchmark,scannetpp,DepthAnythingV2-vitl,500,calib,22.63,137.52,38.66
standard_benchmark,scannetpp,DepthAnythingV2-vitl,500,sf,33.83,137.52,70.03
standard_benchmark,scannetpp,DepthAnythingV2-vitl,500,calib_shift,82.29,137.52,83.0
standard_benchmark,scannetpp,DepthAnythingV2-vitl,500,sf_shift,60.17,137.52,76.75
standard_benchmark,scannetpp,DepthAnythingV2-vitl,500,calib_ro,12.28,137.52,51.9
standard_benchmark,scannetpp,DepthAnythingV2-vitl,500,sf_ro,13.17,137.52,65.4
standard_benchmark,scannetpp,DepthAnythingV2-vitl,500,calib_shift_ro,45.99,137.52,66.25
standard_benchmark,scannetpp,DepthAnythingV2-vitl,500,sf_shift_ro,30.36,137.52,68.12
standard_benchmark,scannetpp,DepthAnythingV2-vitl,1000,calib,25.33,137.52,41.84
standard_benchmark,scannetpp,DepthAnythingV2-vitl,1000,sf,35.16,137.52,72.41
standard_benchmark,scannetpp,DepthAnythingV2-vitl,1000,calib_shift,82.79,137.52,84.2
standard_benchmark,scannetpp,DepthAnythingV2-vitl,1000,sf_shift,63.14,137.52,80.22
standard_benchmark,scannetpp,DepthAnythingV2-vitl,1000,calib_ro,12.28,137.52,51.91
standard_benchmark,scannetpp,DepthAnythingV2-vitl,1000,sf_ro,13.12,137.52,65.58
standard_benchmark,scannetpp,DepthAnythingV2-vitl,1000,calib_shift_ro,45.98,137.52,66.28
standard_benchmark,scannetpp,DepthAnythingV2-vitl,1000,sf_shift_ro,31.04,137.52,69.21
standard_benchmark,scannetpp,DepthAnythingV2-vits,10,calib,39.73,49.04,61.65
standard_benchmark,scannetpp,DepthAnythingV2-vits,10,sf,27.17,49.04,56.33
standard_benchmark,scannetpp,DepthAnythingV2-vits,10,calib_shift,82.64,49.04,87.11
standard_benchmark,scannetpp,DepthAnythingV2-vits,10,sf_shift,30.63,49.04,37.21
standard_benchmark,scannetpp,DepthAnythingV2-vits,10,calib_ro,13.23,49.04,51.85
standard_benchmark,scannetpp,DepthAnythingV2-vits,10,sf_ro,14.01,49.04,63.11
standard_benchmark,scannetpp,DepthAnythingV2-vits,10,calib_shift_ro,45.39,49.04,63.57
standard_benchmark,scannetpp,DepthAnythingV2-vits,10,sf_shift_ro,22.23,49.04,50.11
standard_benchmark,scannetpp,DepthAnythingV2-vits,100,calib,52.78,49.04,75.98
standard_benchmark,scannetpp,DepthAnythingV2-vits,100,sf,32.89,49.04,67.6
standard_benchmark,scannetpp,DepthAnythingV2-vits,100,calib_shift,84.56,49.04,89.69
standard_benchmark,scannetpp,DepthAnythingV2-vits,100,sf_shift,52.27,49.04,65.41
standard_benchmark,scannetpp,DepthAnythingV2-vits,100,calib_ro,13.56,49.04,52.77
standard_benchmark,scannetpp,DepthAnythingV2-vits,100,sf_ro,14.19,49.04,65.8
standard_benchmark,scannetpp,DepthAnythingV2-vits,100,calib_shift_ro,46.47,49.04,65.43
standard_benchmark,scannetpp,DepthAnythingV2-vits,100,sf_shift_ro,29.11,49.04,64.63
standard_benchmark,scannetpp,DepthAnythingV2-vits,500,calib,59.08,49.04,83.87
standard_benchmark,scannetpp,DepthAnythingV2-vits,500,sf,36.34,49.04,73.35
standard_benchmark,scannetpp,DepthAnythingV2-vits,500,calib_shift,84.87,49.04,89.95
standard_benchmark,scannetpp,DepthAnythingV2-vits,500,sf_shift,61.67,49.04,77.34
standard_benchmark,scannetpp,DepthAnythingV2-vits,500,calib_ro,13.66,49.04,52.88
standard_benchmark,scannetpp,DepthAnythingV2-vits,500,sf_ro,14.22,49.04,66.34
standard_benchmark,scannetpp,DepthAnythingV2-vits,500,calib_shift_ro,46.45,49.04,65.62
standard_benchmark,scannetpp,DepthAnythingV2-vits,500,sf_shift_ro,31.55,49.04,68.36
standard_benchmark,scannetpp,DepthAnythingV2-vits,1000,calib,60.82,49.04,86.24
standard_benchmark,scannetpp,DepthAnythingV2-vits,1000,sf,37.55,49.04,75.4
standard_benchmark,scannetpp,DepthAnythingV2-vits,1000,calib_shift,84.96,49.04,90.0
standard_benchmark,scannetpp,DepthAnythingV2-vits,1000,sf_shift,64.38,49.04,80.68
standard_benchmark,scannetpp,DepthAnythingV2-vits,1000,calib_ro,13.69,49.04,52.88
standard_benchmark,scannetpp,DepthAnythingV2-vits,1000,sf_ro,14.28,49.04,66.47
standard_benchmark,scannetpp,DepthAnythingV2-vits,1000,calib_shift_ro,46.42,49.04,65.64
standard_benchmark,scannetpp,DepthAnythingV2-vits,1000,sf_shift_ro,32.13,49.04,69.32
standard_benchmark,scannetpp,DepthAnythingV3-DA3METRIC-LARGE,10,calib,87.87,60.02,88.8
standard_benchmark,scannetpp,DepthAnythingV3-DA3METRIC-LARGE,10,sf,81.32,60.02,86.49
standard_benchmark,scannetpp,DepthAnythingV3-DA3METRIC-LARGE,10,calib_shift,88.12,60.02,89.22
standard_benchmark,scannetpp,DepthAnythingV3-DA3METRIC-LARGE,10,sf_shift,37.04,60.02,38.9
standard_benchmark,scannetpp,DepthAnythingV3-DA3METRIC-LARGE,10,calib_ro,74.94,60.02,75.39
standard_benchmark,scannetpp,DepthAnythingV3-DA3METRIC-LARGE,10,sf_ro,69.64,60.02,82.7
standard_benchmark,scannetpp,DepthAnythingV3-DA3METRIC-LARGE,10,calib_shift_ro,74.61,60.02,77.45
standard_benchmark,scannetpp,DepthAnythingV3-DA3METRIC-LARGE,10,sf_shift_ro,44.07,60.02,55.86
standard_benchmark,scannetpp,DepthAnythingV3-DA3METRIC-LARGE,100,calib,88.41,60.02,89.5
standard_benchmark,scannetpp,DepthAnythingV3-DA3METRIC-LARGE,100,sf,82.17,60.02,87.78
standard_benchmark,scannetpp,DepthAnythingV3-DA3METRIC-LARGE,100,calib_shift,88.69,60.02,89.93
standard_benchmark,scannetpp,DepthAnythingV3-DA3METRIC-LARGE,100,sf_shift,61.95,60.02,67.71
standard_benchmark,scannetpp,DepthAnythingV3-DA3METRIC-LARGE,100,calib_ro,75.4,60.02,75.77
standard_benchmark,scannetpp,DepthAnythingV3-DA3METRIC-LARGE,100,sf_ro,70.4,60.02,83.44
standard_benchmark,scannetpp,DepthAnythingV3-DA3METRIC-LARGE,100,calib_shift_ro,75.39,60.02,78.27
standard_benchmark,scannetpp,DepthAnythingV3-DA3METRIC-LARGE,100,sf_shift_ro,57.72,60.02,73.21
standard_benchmark,scannetpp,DepthAnythingV3-DA3METRIC-LARGE,500,calib,88.49,60.02,89.68
standard_benchmark,scannetpp,DepthAnythingV3-DA3METRIC-LARGE,500,sf,82.32,60.02,88.01
standard_benchmark,scannetpp,DepthAnythingV3-DA3METRIC-LARGE,500,calib_shift,88.73,60.02,90.0
standard_benchmark,scannetpp,DepthAnythingV3-DA3METRIC-LARGE,500,sf_shift,71.12,60.02,79.39
standard_benchmark,scannetpp,DepthAnythingV3-DA3METRIC-LARGE,500,calib_ro,75.45,60.02,75.78
standard_benchmark,scannetpp,DepthAnythingV3-DA3METRIC-LARGE,500,sf_ro,70.52,60.02,83.51
standard_benchmark,scannetpp,DepthAnythingV3-DA3METRIC-LARGE,500,calib_shift_ro,75.57,60.02,78.33
standard_benchmark,scannetpp,DepthAnythingV3-DA3METRIC-LARGE,500,sf_shift_ro,62.09,60.02,78.02
standard_benchmark,scannetpp,DepthAnythingV3-DA3METRIC-LARGE,1000,calib,88.54,60.02,89.75
standard_benchmark,scannetpp,DepthAnythingV3-DA3METRIC-LARGE,1000,sf,82.37,60.02,88.09
standard_benchmark,scannetpp,DepthAnythingV3-DA3METRIC-LARGE,1000,calib_shift,88.74,60.02,90.03
standard_benchmark,scannetpp,DepthAnythingV3-DA3METRIC-LARGE,1000,sf_shift,73.62,60.02,82.43
standard_benchmark,scannetpp,DepthAnythingV3-DA3METRIC-LARGE,1000,calib_ro,75.49,60.02,75.78
standard_benchmark,scannetpp,DepthAnythingV3-DA3METRIC-LARGE,1000,sf_ro,70.54,60.02,83.53
standard_benchmark,scannetpp,DepthAnythingV3-DA3METRIC-LARGE,1000,calib_shift_ro,75.61,60.02,78.34
standard_benchmark,scannetpp,DepthAnythingV3-DA3METRIC-LARGE,1000,sf_shift_ro,63.04,60.02,79.2
standard_benchmark,scannetpp,DepthAnythingV3-DA3MONO-LARGE,10,calib,67.92,59.99,80.92
standard_benchmark,scannetpp,DepthAnythingV3-DA3MONO-LARGE,10,sf,57.63,59.99,78.57
standard_benchmark,scannetpp,DepthAnythingV3-DA3MONO-LARGE,10,calib_shift,88.23,59.99,89.34
standard_benchmark,scannetpp,DepthAnythingV3-DA3MONO-LARGE,10,sf_shift,37.25,59.99,39.05
standard_benchmark,scannetpp,DepthAnythingV3-DA3MONO-LARGE,10,calib_ro,40.43,59.99,62.88
standard_benchmark,scannetpp,DepthAnythingV3-DA3MONO-LARGE,10,sf_ro,40.47,59.99,72.53
standard_benchmark,scannetpp,DepthAnythingV3-DA3MONO-LARGE,10,calib_shift_ro,75.89,59.99,78.97
standard_benchmark,scannetpp,DepthAnythingV3-DA3MONO-LARGE,10,sf_shift_ro,44.94,59.99,56.43
standard_benchmark,scannetpp,DepthAnythingV3-DA3MONO-LARGE,100,calib,71.83,59.99,86.22
standard_benchmark,scannetpp,DepthAnythingV3-DA3MONO-LARGE,100,sf,60.06,59.99,83.27
standard_benchmark,scannetpp,DepthAnythingV3-DA3MONO-LARGE,100,calib_shift,88.71,59.99,89.92
standard_benchmark,scannetpp,DepthAnythingV3-DA3MONO-LARGE,100,sf_shift,61.83,59.99,67.87
standard_benchmark,scannetpp,DepthAnythingV3-DA3MONO-LARGE,100,calib_ro,41.24,59.99,63.52
standard_benchmark,scannetpp,DepthAnythingV3-DA3MONO-LARGE,100,sf_ro,41.43,59.99,73.61
standard_benchmark,scannetpp,DepthAnythingV3-DA3MONO-LARGE,100,calib_shift_ro,76.7,59.99,79.73
standard_benchmark,scannetpp,DepthAnythingV3-DA3MONO-LARGE,100,sf_shift_ro,58.5,59.99,73.89
standard_benchmark,scannetpp,DepthAnythingV3-DA3MONO-LARGE,500,calib,73.15,59.99,88.19
standard_benchmark,scannetpp,DepthAnythingV3-DA3MONO-LARGE,500,sf,60.78,59.99,84.69
standard_benchmark,scannetpp,DepthAnythingV3-DA3MONO-LARGE,500,calib_shift,88.78,59.99,90.0
standard_benchmark,scannetpp,DepthAnythingV3-DA3MONO-LARGE,500,sf_shift,71.08,59.99,79.21
standard_benchmark,scannetpp,DepthAnythingV3-DA3MONO-LARGE,500,calib_ro,41.49,59.99,63.55
standard_benchmark,scannetpp,DepthAnythingV3-DA3MONO-LARGE,500,sf_ro,41.57,59.99,73.84
standard_benchmark,scannetpp,DepthAnythingV3-DA3MONO-LARGE,500,calib_shift_ro,76.82,59.99,79.79
standard_benchmark,scannetpp,DepthAnythingV3-DA3MONO-LARGE,500,sf_shift_ro,62.61,59.99,78.43
standard_benchmark,scannetpp,DepthAnythingV3-DA3MONO-LARGE,1000,calib,73.54,59.99,88.69
standard_benchmark,scannetpp,DepthAnythingV3-DA3MONO-LARGE,1000,sf,61.02,59.99,85.08
standard_benchmark,scannetpp,DepthAnythingV3-DA3MONO-LARGE,1000,calib_shift,88.78,59.99,90.01
standard_benchmark,scannetpp,DepthAnythingV3-DA3MONO-LARGE,1000,sf_shift,73.49,59.99,82.33
standard_benchmark,scannetpp,DepthAnythingV3-DA3MONO-LARGE,1000,calib_ro,41.5,59.99,63.56
standard_benchmark,scannetpp,DepthAnythingV3-DA3MONO-LARGE,1000,sf_ro,41.56,59.99,73.91
standard_benchmark,scannetpp,DepthAnythingV3-DA3MONO-LARGE,1000,calib_shift_ro,76.85,59.99,79.79
standard_benchmark,scannetpp,DepthAnythingV3-DA3MONO-LARGE,1000,sf_shift_ro,63.65,59.99,79.73
standard_benchmark,scannetpp,DepthAnythingV3Calib-DA3METRIC-LARGE,10,calib,87.87,60.06,88.8
standard_benchmark,scannetpp,DepthAnythingV3Calib-DA3METRIC-LARGE,10,calib_shift,88.12,60.06,89.22
standard_benchmark,scannetpp,DepthAnythingV3Calib-DA3METRIC-LARGE,10,calib_ro,74.94,60.06,75.39
standard_benchmark,scannetpp,DepthAnythingV3Calib-DA3METRIC-LARGE,10,calib_shift_ro,74.6,60.06,77.45
standard_benchmark,scannetpp,DepthAnythingV3Calib-DA3METRIC-LARGE,100,calib,88.41,60.06,89.5
standard_benchmark,scannetpp,DepthAnythingV3Calib-DA3METRIC-LARGE,100,calib_shift,88.69,60.06,89.93
standard_benchmark,scannetpp,DepthAnythingV3Calib-DA3METRIC-LARGE,100,calib_ro,75.4,60.06,75.77
standard_benchmark,scannetpp,DepthAnythingV3Calib-DA3METRIC-LARGE,100,calib_shift_ro,75.39,60.06,78.27
standard_benchmark,scannetpp,DepthAnythingV3Calib-DA3METRIC-LARGE,500,calib,88.49,60.06,89.68
standard_benchmark,scannetpp,DepthAnythingV3Calib-DA3METRIC-LARGE,500,calib_shift,88.73,60.06,90.0
standard_benchmark,scannetpp,DepthAnythingV3Calib-DA3METRIC-LARGE,500,calib_ro,75.45,60.06,75.78
standard_benchmark,scannetpp,DepthAnythingV3Calib-DA3METRIC-LARGE,500,calib_shift_ro,75.57,60.06,78.33
standard_benchmark,scannetpp,DepthAnythingV3Calib-DA3METRIC-LARGE,1000,calib,88.54,60.06,89.75
standard_benchmark,scannetpp,DepthAnythingV3Calib-DA3METRIC-LARGE,1000,calib_shift,88.74,60.06,90.03
standard_benchmark,scannetpp,DepthAnythingV3Calib-DA3METRIC-LARGE,1000,calib_ro,75.49,60.06,75.78
standard_benchmark,scannetpp,DepthAnythingV3Calib-DA3METRIC-LARGE,1000,calib_shift_ro,75.61,60.06,78.34
standard_benchmark,scannetpp,DepthAnythingV3Calib-DA3MONO-LARGE,10,calib,67.92,60.35,80.92
standard_benchmark,scannetpp,DepthAnythingV3Calib-DA3MONO-LARGE,10,calib_shift,88.23,60.35,89.34
standard_benchmark,scannetpp,DepthAnythingV3Calib-DA3MONO-LARGE,10,calib_ro,40.43,60.35,62.88
standard_benchmark,scannetpp,DepthAnythingV3Calib-DA3MONO-LARGE,10,calib_shift_ro,75.89,60.35,78.97
standard_benchmark,scannetpp,DepthAnythingV3Calib-DA3MONO-LARGE,100,calib,71.83,60.35,86.22
standard_benchmark,scannetpp,DepthAnythingV3Calib-DA3MONO-LARGE,100,calib_shift,88.71,60.35,89.92
standard_benchmark,scannetpp,DepthAnythingV3Calib-DA3MONO-LARGE,100,calib_ro,41.24,60.35,63.52
standard_benchmark,scannetpp,DepthAnythingV3Calib-DA3MONO-LARGE,100,calib_shift_ro,76.7,60.35,79.73
standard_benchmark,scannetpp,DepthAnythingV3Calib-DA3MONO-LARGE,500,calib,73.15,60.35,88.19
standard_benchmark,scannetpp,DepthAnythingV3Calib-DA3MONO-LARGE,500,calib_shift,88.78,60.35,90.0
standard_benchmark,scannetpp,DepthAnythingV3Calib-DA3MONO-LARGE,500,calib_ro,41.49,60.35,63.55
standard_benchmark,scannetpp,DepthAnythingV3Calib-DA3MONO-LARGE,500,calib_shift_ro,76.82,60.35,79.79
standard_benchmark,scannetpp,DepthAnythingV3Calib-DA3MONO-LARGE,1000,calib,73.54,60.35,88.69
standard_benchmark,scannetpp,DepthAnythingV3Calib-DA3MONO-LARGE,1000,calib_shift,88.78,60.35,90.01
standard_benchmark,scannetpp,DepthAnythingV3Calib-DA3MONO-LARGE,1000,calib_ro,41.5,60.35,63.56
standard_benchmark,scannetpp,DepthAnythingV3Calib-DA3MONO-LARGE,1000,calib_shift_ro,76.85,60.35,79.79
standard_benchmark,scannetpp,DepthPro-vitl,10,calib,86.59,106.22,88.11
standard_benchmark,scannetpp,DepthPro-vitl,10,mdecalib,14.02,106.22,43.34
standard_benchmark,scannetpp,DepthPro-vitl,10,sf,78.73,106.22,85.27
standard_benchmark,scannetpp,DepthPro-vitl,10,calib_shift,87.34,106.22,88.57
standard_benchmark,scannetpp,DepthPro-vitl,10,mdecalib_shift,16.07,106.22,45.3
standard_benchmark,scannetpp,DepthPro-vitl,10,sf_shift,35.92,106.22,37.93
standard_benchmark,scannetpp,DepthPro-vitl,10,calib_ro,70.41,106.22,71.98
standard_benchmark,scannetpp,DepthPro-vitl,10,mdecalib_ro,11.89,106.22,53.78
standard_benchmark,scannetpp,DepthPro-vitl,10,sf_ro,64.43,106.22,80.42
standard_benchmark,scannetpp,DepthPro-vitl,10,calib_shift_ro,71.21,106.22,75.25
standard_benchmark,scannetpp,DepthPro-vitl,10,mdecalib_shift_ro,15.6,106.22,60.25
standard_benchmark,scannetpp,DepthPro-vitl,10,sf_shift_ro,41.26,106.22,54.58
standard_benchmark,scannetpp,DepthPro-vitl,100,calib,87.47,106.22,89.33
standard_benchmark,scannetpp,DepthPro-vitl,100,mdecalib,14.03,106.22,49.53
standard_benchmark,scannetpp,DepthPro-vitl,100,sf,80.11,106.22,87.35
standard_benchmark,scannetpp,DepthPro-vitl,100,calib_shift,88.38,106.22,89.86
standard_benchmark,scannetpp,DepthPro-vitl,100,mdecalib_shift,15.59,106.22,51.83
standard_benchmark,scannetpp,DepthPro-vitl,100,sf_shift,61.05,106.22,67.01
standard_benchmark,scannetpp,DepthPro-vitl,100,calib_ro,70.89,106.22,72.38
standard_benchmark,scannetpp,DepthPro-vitl,100,mdecalib_ro,11.94,106.22,54.44
standard_benchmark,scannetpp,DepthPro-vitl,100,sf_ro,65.26,106.22,81.28
standard_benchmark,scannetpp,DepthPro-vitl,100,calib_shift_ro,72.18,106.22,76.33
standard_benchmark,scannetpp,DepthPro-vitl,100,mdecalib_shift_ro,15.94,106.22,62.36
standard_benchmark,scannetpp,DepthPro-vitl,100,sf_shift_ro,53.58,106.22,71.57
standard_benchmark,scannetpp,DepthPro-vitl,500,calib,87.64,106.22,89.62
standard_benchmark,scannetpp,DepthPro-vitl,500,mdecalib,13.96,106.22,53.18
standard_benchmark,scannetpp,DepthPro-vitl,500,sf,80.49,106.22,87.76
standard_benchmark,scannetpp,DepthPro-vitl,500,calib_shift,88.44,106.22,90.0
standard_benchmark,scannetpp,DepthPro-vitl,500,mdecalib_shift,15.15,106.22,54.65
standard_benchmark,scannetpp,DepthPro-vitl,500,sf_shift,70.7,106.22,78.75
standard_benchmark,scannetpp,DepthPro-vitl,500,calib_ro,70.99,106.22,72.41
standard_benchmark,scannetpp,DepthPro-vitl,500,mdecalib_ro,11.95,106.22,54.49
standard_benchmark,scannetpp,DepthPro-vitl,500,sf_ro,65.4,106.22,81.37
standard_benchmark,scannetpp,DepthPro-vitl,500,calib_shift_ro,72.32,106.22,76.41
standard_benchmark,scannetpp,DepthPro-vitl,500,mdecalib_shift_ro,15.88,106.22,62.55
standard_benchmark,scannetpp,DepthPro-vitl,500,sf_shift_ro,57.51,106.22,76.12
standard_benchmark,scannetpp,DepthPro-vitl,1000,calib,87.69,106.22,89.7
standard_benchmark,scannetpp,DepthPro-vitl,1000,mdecalib,13.92,106.22,54.55
standard_benchmark,scannetpp,DepthPro-vitl,1000,sf,80.57,106.22,87.87
standard_benchmark,scannetpp,DepthPro-vitl,1000,calib_shift,88.47,106.22,90.02
standard_benchmark,scannetpp,DepthPro-vitl,1000,mdecalib_shift,15.03,106.22,55.73
standard_benchmark,scannetpp,DepthPro-vitl,1000,sf_shift,73.02,106.22,81.96
standard_benchmark,scannetpp,DepthPro-vitl,1000,calib_ro,71.04,106.22,72.4
standard_benchmark,scannetpp,DepthPro-vitl,1000,mdecalib_ro,11.95,106.22,54.49
standard_benchmark,scannetpp,DepthPro-vitl,1000,sf_ro,65.38,106.22,81.39
standard_benchmark,scannetpp,DepthPro-vitl,1000,calib_shift_ro,72.32,106.22,76.42
standard_benchmark,scannetpp,DepthPro-vitl,1000,mdecalib_shift_ro,15.89,106.22,62.59
standard_benchmark,scannetpp,DepthPro-vitl,1000,sf_shift_ro,58.65,106.22,77.47
standard_benchmark,scannetpp,DepthProCalib-vitl,10,calib,86.59,106.15,88.12
standard_benchmark,scannetpp,DepthProCalib-vitl,10,calib_shift,87.33,106.15,88.57
standard_benchmark,scannetpp,DepthProCalib-vitl,10,calib_ro,70.36,106.15,71.98
standard_benchmark,scannetpp,DepthProCalib-vitl,10,calib_shift_ro,71.21,106.15,75.26
standard_benchmark,scannetpp,DepthProCalib-vitl,100,calib,87.5,106.15,89.34
standard_benchmark,scannetpp,DepthProCalib-vitl,100,calib_shift,88.38,106.15,89.89
standard_benchmark,scannetpp,DepthProCalib-vitl,100,calib_ro,70.9,106.15,72.4
standard_benchmark,scannetpp,DepthProCalib-vitl,100,calib_shift_ro,72.2,106.15,76.35
standard_benchmark,scannetpp,DepthProCalib-vitl,500,calib,87.66,106.15,89.63
standard_benchmark,scannetpp,DepthProCalib-vitl,500,calib_shift,88.42,106.15,90.0
standard_benchmark,scannetpp,DepthProCalib-vitl,500,calib_ro,70.96,106.15,72.41
standard_benchmark,scannetpp,DepthProCalib-vitl,500,calib_shift_ro,72.3,106.15,76.43
standard_benchmark,scannetpp,DepthProCalib-vitl,1000,calib,87.71,106.15,89.71
standard_benchmark,scannetpp,DepthProCalib-vitl,1000,calib_shift,88.45,106.15,90.03
standard_benchmark,scannetpp,DepthProCalib-vitl,1000,calib_ro,71.01,106.15,72.4
standard_benchmark,scannetpp,DepthProCalib-vitl,1000,calib_shift_ro,72.33,106.15,76.43
standard_benchmark,scannetpp,MapAnything-map-anything,10,calib,87.48,229.69,89.79
standard_benchmark,scannetpp,MapAnything-map-anything,10,mdecalib,37.77,229.69,63.14
standard_benchmark,scannetpp,MapAnything-map-anything,10,sf,81.7,229.69,87.75
standard_benchmark,scannetpp,MapAnything-map-anything,10,calib_shift,87.92,229.69,90.27
standard_benchmark,scannetpp,MapAnything-map-anything,10,mdecalib_shift,39.34,229.69,65.91
standard_benchmark,scannetpp,MapAnything-map-anything,10,sf_shift,35.68,229.69,38.5
standard_benchmark,scannetpp,MapAnything-map-anything,10,calib_ro,74.57,229.69,75.87
standard_benchmark,scannetpp,MapAnything-map-anything,10,mdecalib_ro,32.66,229.69,69.2
standard_benchmark,scannetpp,MapAnything-map-anything,10,sf_ro,69.93,229.69,83.49
standard_benchmark,scannetpp,MapAnything-map-anything,10,calib_shift_ro,74.54,229.69,78.17
standard_benchmark,scannetpp,MapAnything-map-anything,10,mdecalib_shift_ro,34.8,229.69,73.69
standard_benchmark,scannetpp,MapAnything-map-anything,10,sf_shift_ro,40.73,229.69,53.6
standard_benchmark,scannetpp,MapAnything-map-anything,100,calib,88.0,229.69,90.45
standard_benchmark,scannetpp,MapAnything-map-anything,100,mdecalib,38.35,229.69,66.06
standard_benchmark,scannetpp,MapAnything-map-anything,100,sf,82.36,229.69,88.83
standard_benchmark,scannetpp,MapAnything-map-anything,100,calib_shift,88.51,229.69,90.91
standard_benchmark,scannetpp,MapAnything-map-anything,100,mdecalib_shift,39.55,229.69,68.43
standard_benchmark,scannetpp,MapAnything-map-anything,100,sf_shift,60.15,229.69,67.28
standard_benchmark,scannetpp,MapAnything-map-anything,100,calib_ro,75.01,229.69,76.22
standard_benchmark,scannetpp,MapAnything-map-anything,100,mdecalib_ro,32.89,229.69,69.66
standard_benchmark,scannetpp,MapAnything-map-anything,100,sf_ro,70.7,229.69,84.27
standard_benchmark,scannetpp,MapAnything-map-anything,100,calib_shift_ro,75.52,229.69,79.1
standard_benchmark,scannetpp,MapAnything-map-anything,100,mdecalib_shift_ro,35.61,229.69,74.78
standard_benchmark,scannetpp,MapAnything-map-anything,100,sf_shift_ro,54.79,229.69,71.58
standard_benchmark,scannetpp,MapAnything-map-anything,500,calib,88.06,229.69,90.62
standard_benchmark,scannetpp,MapAnything-map-anything,500,mdecalib,38.64,229.69,67.67
standard_benchmark,scannetpp,MapAnything-map-anything,500,sf,82.47,229.69,89.03
standard_benchmark,scannetpp,MapAnything-map-anything,500,calib_shift,88.56,229.69,91.0
standard_benchmark,scannetpp,MapAnything-map-anything,500,mdecalib_shift,39.35,229.69,69.32
standard_benchmark,scannetpp,MapAnything-map-anything,500,sf_shift,70.25,229.69,78.98
standard_benchmark,scannetpp,MapAnything-map-anything,500,calib_ro,75.14,229.69,76.24
standard_benchmark,scannetpp,MapAnything-map-anything,500,mdecalib_ro,32.99,229.69,69.7
standard_benchmark,scannetpp,MapAnything-map-anything,500,sf_ro,70.86,229.69,84.42
standard_benchmark,scannetpp,MapAnything-map-anything,500,calib_shift_ro,75.73,229.69,79.18
standard_benchmark,scannetpp,MapAnything-map-anything,500,mdecalib_shift_ro,35.75,229.69,74.88
standard_benchmark,scannetpp,MapAnything-map-anything,500,sf_shift_ro,59.27,229.69,76.52
standard_benchmark,scannetpp,MapAnything-map-anything,1000,calib,88.1,229.69,90.69
standard_benchmark,scannetpp,MapAnything-map-anything,1000,mdecalib,38.7,229.69,68.25
standard_benchmark,scannetpp,MapAnything-map-anything,1000,sf,82.5,229.69,89.09
standard_benchmark,scannetpp,MapAnything-map-anything,1000,calib_shift,88.56,229.69,91.01
standard_benchmark,scannetpp,MapAnything-map-anything,1000,mdecalib_shift,39.31,229.69,69.63
standard_benchmark,scannetpp,MapAnything-map-anything,1000,sf_shift,72.65,229.69,82.02
standard_benchmark,scannetpp,MapAnything-map-anything,1000,calib_ro,75.18,229.69,76.25
standard_benchmark,scannetpp,MapAnything-map-anything,1000,mdecalib_ro,33.04,229.69,69.7
standard_benchmark,scannetpp,MapAnything-map-anything,1000,sf_ro,70.86,229.69,84.46
standard_benchmark,scannetpp,MapAnything-map-anything,1000,calib_shift_ro,75.77,229.69,79.18
standard_benchmark,scannetpp,MapAnything-map-anything,1000,mdecalib_shift_ro,35.79,229.69,74.89
standard_benchmark,scannetpp,MapAnything-map-anything,1000,sf_shift_ro,60.51,229.69,77.91
standard_benchmark,scannetpp,MapAnythingCalib-map-anything,10,calib,87.42,230.44,89.72
standard_benchmark,scannetpp,MapAnythingCalib-map-anything,10,calib_shift,88.12,230.44,90.34
standard_benchmark,scannetpp,MapAnythingCalib-map-anything,10,calib_ro,74.68,230.44,76.07
standard_benchmark,scannetpp,MapAnythingCalib-map-anything,10,calib_shift_ro,74.63,230.44,78.18
standard_benchmark,scannetpp,MapAnythingCalib-map-anything,100,calib,87.98,230.44,90.39
standard_benchmark,scannetpp,MapAnythingCalib-map-anything,100,calib_shift,88.61,230.44,90.91
standard_benchmark,scannetpp,MapAnythingCalib-map-anything,100,calib_ro,75.33,230.44,76.44
standard_benchmark,scannetpp,MapAnythingCalib-map-anything,100,calib_shift_ro,75.79,230.44,79.17
standard_benchmark,scannetpp,MapAnythingCalib-map-anything,500,calib,88.03,230.44,90.59
standard_benchmark,scannetpp,MapAnythingCalib-map-anything,500,calib_shift,88.64,230.44,90.98
standard_benchmark,scannetpp,MapAnythingCalib-map-anything,500,calib_ro,75.47,230.44,76.45
standard_benchmark,scannetpp,MapAnythingCalib-map-anything,500,calib_shift_ro,75.99,230.44,79.24
standard_benchmark,scannetpp,MapAnythingCalib-map-anything,1000,calib,88.06,230.44,90.66
standard_benchmark,scannetpp,MapAnythingCalib-map-anything,1000,calib_shift,88.62,230.44,91.0
standard_benchmark,scannetpp,MapAnythingCalib-map-anything,1000,calib_ro,75.49,230.44,76.45
standard_benchmark,scannetpp,MapAnythingCalib-map-anything,1000,calib_shift_ro,76.04,230.44,79.24
standard_benchmark,scannetpp,Metric3DV2-vit_giant2,10,calib,86.55,645.99,88.38
standard_benchmark,scannetpp,Metric3DV2-vit_giant2,10,sf,78.4,645.99,85.92
standard_benchmark,scannetpp,Metric3DV2-vit_giant2,10,calib_shift,88.02,645.99,89.15
standard_benchmark,scannetpp,Metric3DV2-vit_giant2,10,sf_shift,36.54,645.99,38.24
standard_benchmark,scannetpp,Metric3DV2-vit_giant2,10,calib_ro,71.58,645.99,71.03
standard_benchmark,scannetpp,Metric3DV2-vit_giant2,10,sf_ro,66.18,645.99,80.59
standard_benchmark,scannetpp,Metric3DV2-vit_giant2,10,calib_shift_ro,74.06,645.99,74.26
standard_benchmark,scannetpp,Metric3DV2-vit_giant2,10,sf_shift_ro,42.38,645.99,54.69
standard_benchmark,scannetpp,Metric3DV2-vit_giant2,100,calib,87.24,645.99,89.38
standard_benchmark,scannetpp,Metric3DV2-vit_giant2,100,sf,79.25,645.99,87.35
standard_benchmark,scannetpp,Metric3DV2-vit_giant2,100,calib_shift,88.74,645.99,89.99
standard_benchmark,scannetpp,Metric3DV2-vit_giant2,100,sf_shift,61.58,645.99,66.94
standard_benchmark,scannetpp,Metric3DV2-vit_giant2,100,calib_ro,72.21,645.99,71.36
standard_benchmark,scannetpp,Metric3DV2-vit_giant2,100,sf_ro,66.8,645.99,81.28
standard_benchmark,scannetpp,Metric3DV2-vit_giant2,100,calib_shift_ro,74.98,645.99,75.11
standard_benchmark,scannetpp,Metric3DV2-vit_giant2,100,sf_shift_ro,56.83,645.99,72.17
standard_benchmark,scannetpp,Metric3DV2-vit_giant2,500,calib,87.34,645.99,89.6
standard_benchmark,scannetpp,Metric3DV2-vit_giant2,500,sf,79.47,645.99,87.69
standard_benchmark,scannetpp,Metric3DV2-vit_giant2,500,calib_shift,88.79,645.99,90.05
standard_benchmark,scannetpp,Metric3DV2-vit_giant2,500,sf_shift,71.64,645.99,78.88
standard_benchmark,scannetpp,Metric3DV2-vit_giant2,500,calib_ro,72.27,645.99,71.38
standard_benchmark,scannetpp,Metric3DV2-vit_giant2,500,sf_ro,66.89,645.99,81.35
standard_benchmark,scannetpp,Metric3DV2-vit_giant2,500,calib_shift_ro,75.03,645.99,75.21
standard_benchmark,scannetpp,Metric3DV2-vit_giant2,500,sf_shift_ro,60.84,645.99,76.54
standard_benchmark,scannetpp,Metric3DV2-vit_giant2,1000,calib,87.39,645.99,89.68
standard_benchmark,scannetpp,Metric3DV2-vit_giant2,1000,sf,79.55,645.99,87.81
standard_benchmark,scannetpp,Metric3DV2-vit_giant2,1000,calib_shift,88.78,645.99,90.06
standard_benchmark,scannetpp,Metric3DV2-vit_giant2,1000,sf_shift,73.83,645.99,81.87
standard_benchmark,scannetpp,Metric3DV2-vit_giant2,1000,calib_ro,72.3,645.99,71.38
standard_benchmark,scannetpp,Metric3DV2-vit_giant2,1000,sf_ro,66.9,645.99,81.37
standard_benchmark,scannetpp,Metric3DV2-vit_giant2,1000,calib_shift_ro,75.07,645.99,75.22
standard_benchmark,scannetpp,Metric3DV2-vit_giant2,1000,sf_shift_ro,62.08,645.99,77.79
standard_benchmark,scannetpp,Metric3DV2-vit_large,10,calib,87.35,220.92,88.64
standard_benchmark,scannetpp,Metric3DV2-vit_large,10,sf,80.29,220.92,86.21
standard_benchmark,scannetpp,Metric3DV2-vit_large,10,calib_shift,88.22,220.92,89.24
standard_benchmark,scannetpp,Metric3DV2-vit_large,10,sf_shift,37.32,220.92,38.4
standard_benchmark,scannetpp,Metric3DV2-vit_large,10,calib_ro,73.53,220.92,73.29
standard_benchmark,scannetpp,Metric3DV2-vit_large,10,sf_ro,68.74,220.92,81.8
standard_benchmark,scannetpp,Metric3DV2-vit_large,10,calib_shift_ro,75.0,220.92,75.93
standard_benchmark,scannetpp,Metric3DV2-vit_large,10,sf_shift_ro,43.11,220.92,54.81
standard_benchmark,scannetpp,Metric3DV2-vit_large,100,calib,87.9,220.92,89.38
standard_benchmark,scannetpp,Metric3DV2-vit_large,100,sf,81.1,220.92,87.52
standard_benchmark,scannetpp,Metric3DV2-vit_large,100,calib_shift,88.89,220.92,89.97
standard_benchmark,scannetpp,Metric3DV2-vit_large,100,sf_shift,61.88,220.92,67.11
standard_benchmark,scannetpp,Metric3DV2-vit_large,100,calib_ro,73.98,220.92,73.64
standard_benchmark,scannetpp,Metric3DV2-vit_large,100,sf_ro,69.44,220.92,82.52
standard_benchmark,scannetpp,Metric3DV2-vit_large,100,calib_shift_ro,75.9,220.92,76.82
standard_benchmark,scannetpp,Metric3DV2-vit_large,100,sf_shift_ro,57.31,220.92,72.25
standard_benchmark,scannetpp,Metric3DV2-vit_large,500,calib,87.98,220.92,89.6
standard_benchmark,scannetpp,Metric3DV2-vit_large,500,sf,81.27,220.92,87.78
standard_benchmark,scannetpp,Metric3DV2-vit_large,500,calib_shift,88.91,220.92,90.03
standard_benchmark,scannetpp,Metric3DV2-vit_large,500,sf_shift,71.42,220.92,78.59
standard_benchmark,scannetpp,Metric3DV2-vit_large,500,calib_ro,74.13,220.92,73.66
standard_benchmark,scannetpp,Metric3DV2-vit_large,500,sf_ro,69.53,220.92,82.59
standard_benchmark,scannetpp,Metric3DV2-vit_large,500,calib_shift_ro,75.99,220.92,76.91
standard_benchmark,scannetpp,Metric3DV2-vit_large,500,sf_shift_ro,61.7,220.92,76.75
standard_benchmark,scannetpp,Metric3DV2-vit_large,1000,calib,88.01,220.92,89.68
standard_benchmark,scannetpp,Metric3DV2-vit_large,1000,sf,81.31,220.92,87.86
standard_benchmark,scannetpp,Metric3DV2-vit_large,1000,calib_shift,88.87,220.92,90.04
standard_benchmark,scannetpp,Metric3DV2-vit_large,1000,sf_shift,74.36,220.92,81.93
standard_benchmark,scannetpp,Metric3DV2-vit_large,1000,calib_ro,74.14,220.92,73.66
standard_benchmark,scannetpp,Metric3DV2-vit_large,1000,sf_ro,69.59,220.92,82.61
standard_benchmark,scannetpp,Metric3DV2-vit_large,1000,calib_shift_ro,76.01,220.92,76.93
standard_benchmark,scannetpp,Metric3DV2-vit_large,1000,sf_shift_ro,62.76,220.92,77.95
standard_benchmark,scannetpp,Metric3DV2-vit_small,10,calib,86.39,45.7,88.07
standard_benchmark,scannetpp,Metric3DV2-vit_small,10,sf,77.65,45.7,84.92
standard_benchmark,scannetpp,Metric3DV2-vit_small,10,calib_shift,87.48,45.7,88.73
standard_benchmark,scannetpp,Metric3DV2-vit_small,10,sf_shift,35.69,45.7,38.08
standard_benchmark,scannetpp,Metric3DV2-vit_small,10,calib_ro,69.87,45.7,70.82
standard_benchmark,scannetpp,Metric3DV2-vit_small,10,sf_ro,63.64,45.7,79.25
standard_benchmark,scannetpp,Metric3DV2-vit_small,10,calib_shift_ro,71.34,45.7,73.69
standard_benchmark,scannetpp,Metric3DV2-vit_small,10,sf_shift_ro,40.42,45.7,53.47
standard_benchmark,scannetpp,Metric3DV2-vit_small,100,calib,87.28,45.7,89.4
standard_benchmark,scannetpp,Metric3DV2-vit_small,100,sf,79.11,45.7,87.12
standard_benchmark,scannetpp,Metric3DV2-vit_small,100,calib_shift,88.4,45.7,89.91
standard_benchmark,scannetpp,Metric3DV2-vit_small,100,sf_shift,60.5,45.7,66.67
standard_benchmark,scannetpp,Metric3DV2-vit_small,100,calib_ro,70.47,45.7,71.32
standard_benchmark,scannetpp,Metric3DV2-vit_small,100,sf_ro,64.6,45.7,80.14
standard_benchmark,scannetpp,Metric3DV2-vit_small,100,calib_shift_ro,72.66,45.7,74.69
standard_benchmark,scannetpp,Metric3DV2-vit_small,100,sf_shift_ro,53.65,45.7,70.72
standard_benchmark,scannetpp,Metric3DV2-vit_small,500,calib,87.42,45.7,89.65
standard_benchmark,scannetpp,Metric3DV2-vit_small,500,sf,79.48,45.7,87.6
standard_benchmark,scannetpp,Metric3DV2-vit_small,500,calib_shift,88.49,45.7,90.03
standard_benchmark,scannetpp,Metric3DV2-vit_small,500,sf_shift,70.53,45.7,78.47
standard_benchmark,scannetpp,Metric3DV2-vit_small,500,calib_ro,70.67,45.7,71.33
standard_benchmark,scannetpp,Metric3DV2-vit_small,500,sf_ro,64.72,45.7,80.28
standard_benchmark,scannetpp,Metric3DV2-vit_small,500,calib_shift_ro,72.91,45.7,74.78
standard_benchmark,scannetpp,Metric3DV2-vit_small,500,sf_shift_ro,57.73,45.7,75.13
standard_benchmark,scannetpp,Metric3DV2-vit_small,1000,calib,87.46,45.7,89.72
standard_benchmark,scannetpp,Metric3DV2-vit_small,1000,sf,79.53,45.7,87.76
standard_benchmark,scannetpp,Metric3DV2-vit_small,1000,calib_shift,88.51,45.7,90.06
standard_benchmark,scannetpp,Metric3DV2-vit_small,1000,sf_shift,73.17,45.7,81.64
standard_benchmark,scannetpp,Metric3DV2-vit_small,1000,calib_ro,70.73,45.7,71.33
standard_benchmark,scannetpp,Metric3DV2-vit_small,1000,sf_ro,64.73,45.7,80.3
standard_benchmark,scannetpp,Metric3DV2-vit_small,1000,calib_shift_ro,72.95,45.7,74.79
standard_benchmark,scannetpp,Metric3DV2-vit_small,1000,sf_shift_ro,58.8,45.7,76.29
standard_benchmark,scannetpp,Metric3DV2Calib-vit_giant2,10,calib,86.56,646.04,88.36
standard_benchmark,scannetpp,Metric3DV2Calib-vit_giant2,10,calib_shift,88.06,646.04,89.12
standard_benchmark,scannetpp,Metric3DV2Calib-vit_giant2,10,calib_ro,71.63,646.04,71.03
standard_benchmark,scannetpp,Metric3DV2Calib-vit_giant2,10,calib_shift_ro,74.03,646.04,74.24
standard_benchmark,scannetpp,Metric3DV2Calib-vit_giant2,100,calib,87.23,646.04,89.37
standard_benchmark,scannetpp,Metric3DV2Calib-vit_giant2,100,calib_shift,88.77,646.04,89.98
standard_benchmark,scannetpp,Metric3DV2Calib-vit_giant2,100,calib_ro,72.22,646.04,71.36
standard_benchmark,scannetpp,Metric3DV2Calib-vit_giant2,100,calib_shift_ro,74.99,646.04,75.11
standard_benchmark,scannetpp,Metric3DV2Calib-vit_giant2,500,calib,87.33,646.04,89.6
standard_benchmark,scannetpp,Metric3DV2Calib-vit_giant2,500,calib_shift,88.82,646.04,90.05
standard_benchmark,scannetpp,Metric3DV2Calib-vit_giant2,500,calib_ro,72.28,646.04,71.39
standard_benchmark,scannetpp,Metric3DV2Calib-vit_giant2,500,calib_shift_ro,75.04,646.04,75.2
standard_benchmark,scannetpp,Metric3DV2Calib-vit_giant2,1000,calib,87.39,646.04,89.68
standard_benchmark,scannetpp,Metric3DV2Calib-vit_giant2,1000,calib_shift,88.82,646.04,90.06
standard_benchmark,scannetpp,Metric3DV2Calib-vit_giant2,1000,calib_ro,72.3,646.04,71.39
standard_benchmark,scannetpp,Metric3DV2Calib-vit_giant2,1000,calib_shift_ro,75.08,646.04,75.22
standard_benchmark,scannetpp,Metric3DV2Calib-vit_large,10,calib,87.35,220.97,88.63
standard_benchmark,scannetpp,Metric3DV2Calib-vit_large,10,calib_shift,88.25,220.97,89.22
standard_benchmark,scannetpp,Metric3DV2Calib-vit_large,10,calib_ro,73.5,220.97,73.29
standard_benchmark,scannetpp,Metric3DV2Calib-vit_large,10,calib_shift_ro,74.96,220.97,75.89
standard_benchmark,scannetpp,Metric3DV2Calib-vit_large,100,calib,87.9,220.97,89.37
standard_benchmark,scannetpp,Metric3DV2Calib-vit_large,100,calib_shift,88.9,220.97,89.97
standard_benchmark,scannetpp,Metric3DV2Calib-vit_large,100,calib_ro,73.97,220.97,73.64
standard_benchmark,scannetpp,Metric3DV2Calib-vit_large,100,calib_shift_ro,75.92,220.97,76.81
standard_benchmark,scannetpp,Metric3DV2Calib-vit_large,500,calib,87.98,220.97,89.6
standard_benchmark,scannetpp,Metric3DV2Calib-vit_large,500,calib_shift,88.87,220.97,90.03
standard_benchmark,scannetpp,Metric3DV2Calib-vit_large,500,calib_ro,74.12,220.97,73.66
standard_benchmark,scannetpp,Metric3DV2Calib-vit_large,500,calib_shift_ro,76.0,220.97,76.9
standard_benchmark,scannetpp,Metric3DV2Calib-vit_large,1000,calib,88.01,220.97,89.68
standard_benchmark,scannetpp,Metric3DV2Calib-vit_large,1000,calib_shift,88.87,220.97,90.05
standard_benchmark,scannetpp,Metric3DV2Calib-vit_large,1000,calib_ro,74.13,220.97,73.66
standard_benchmark,scannetpp,Metric3DV2Calib-vit_large,1000,calib_shift_ro,75.98,220.97,76.91
standard_benchmark,scannetpp,Metric3DV2Calib-vit_small,10,calib,86.37,44.54,88.03
standard_benchmark,scannetpp,Metric3DV2Calib-vit_small,10,calib_shift,87.48,44.54,88.69
standard_benchmark,scannetpp,Metric3DV2Calib-vit_small,10,calib_ro,69.85,44.54,70.83
standard_benchmark,scannetpp,Metric3DV2Calib-vit_small,10,calib_shift_ro,71.34,44.54,73.66
standard_benchmark,scannetpp,Metric3DV2Calib-vit_small,100,calib,87.28,44.54,89.39
standard_benchmark,scannetpp,Metric3DV2Calib-vit_small,100,calib_shift,88.44,44.54,89.9
standard_benchmark,scannetpp,Metric3DV2Calib-vit_small,100,calib_ro,70.44,44.54,71.32
standard_benchmark,scannetpp,Metric3DV2Calib-vit_small,100,calib_shift_ro,72.65,44.54,74.68
standard_benchmark,scannetpp,Metric3DV2Calib-vit_small,500,calib,87.41,44.54,89.66
standard_benchmark,scannetpp,Metric3DV2Calib-vit_small,500,calib_shift,88.56,44.54,90.03
standard_benchmark,scannetpp,Metric3DV2Calib-vit_small,500,calib_ro,70.68,44.54,71.33
standard_benchmark,scannetpp,Metric3DV2Calib-vit_small,500,calib_shift_ro,72.91,44.54,74.77
standard_benchmark,scannetpp,Metric3DV2Calib-vit_small,1000,calib,87.46,44.54,89.74
standard_benchmark,scannetpp,Metric3DV2Calib-vit_small,1000,calib_shift,88.56,44.54,90.05
standard_benchmark,scannetpp,Metric3DV2Calib-vit_small,1000,calib_ro,70.74,44.54,71.33
standard_benchmark,scannetpp,Metric3DV2Calib-vit_small,1000,calib_shift_ro,72.95,44.54,74.78
standard_benchmark,scannetpp,MoGeV1-moge-vitl,10,calib,87.87,87.59,88.77
standard_benchmark,scannetpp,MoGeV1-moge-vitl,10,mdecalib,49.34,87.59,69.19
standard_benchmark,scannetpp,MoGeV1-moge-vitl,10,sf,81.08,87.59,86.4
standard_benchmark,scannetpp,MoGeV1-moge-vitl,10,calib_shift,88.56,87.59,89.33
standard_benchmark,scannetpp,MoGeV1-moge-vitl,10,mdecalib_shift,50.21,87.59,71.25
standard_benchmark,scannetpp,MoGeV1-moge-vitl,10,sf_shift,37.44,87.59,38.96
standard_benchmark,scannetpp,MoGeV1-moge-vitl,10,calib_ro,76.51,87.59,77.5
standard_benchmark,scannetpp,MoGeV1-moge-vitl,10,mdecalib_ro,44.36,87.59,74.67
standard_benchmark,scannetpp,MoGeV1-moge-vitl,10,sf_ro,71.43,87.59,84.42
standard_benchmark,scannetpp,MoGeV1-moge-vitl,10,calib_shift_ro,76.97,87.59,79.63
standard_benchmark,scannetpp,MoGeV1-moge-vitl,10,mdecalib_shift_ro,45.29,87.59,76.98
standard_benchmark,scannetpp,MoGeV1-moge-vitl,10,sf_shift_ro,45.51,87.59,56.02
standard_benchmark,scannetpp,MoGeV1-moge-vitl,100,calib,88.41,87.59,89.46
standard_benchmark,scannetpp,MoGeV1-moge-vitl,100,mdecalib,49.7,87.59,71.13
standard_benchmark,scannetpp,MoGeV1-moge-vitl,100,sf,81.89,87.59,87.55
standard_benchmark,scannetpp,MoGeV1-moge-vitl,100,calib_shift,89.08,87.59,89.97
standard_benchmark,scannetpp,MoGeV1-moge-vitl,100,mdecalib_shift,50.64,87.59,73.18
standard_benchmark,scannetpp,MoGeV1-moge-vitl,100,sf_shift,62.69,87.59,67.77
standard_benchmark,scannetpp,MoGeV1-moge-vitl,100,calib_ro,77.25,87.59,77.9
standard_benchmark,scannetpp,MoGeV1-moge-vitl,100,mdecalib_ro,44.9,87.59,75.05
standard_benchmark,scannetpp,MoGeV1-moge-vitl,100,sf_ro,72.36,87.59,85.12
standard_benchmark,scannetpp,MoGeV1-moge-vitl,100,calib_shift_ro,78.04,87.59,80.42
standard_benchmark,scannetpp,MoGeV1-moge-vitl,100,mdecalib_shift_ro,46.2,87.59,77.92
standard_benchmark,scannetpp,MoGeV1-moge-vitl,100,sf_shift_ro,59.9,87.59,74.33
standard_benchmark,scannetpp,MoGeV1-moge-vitl,500,calib,88.52,87.59,89.64
standard_benchmark,scannetpp,MoGeV1-moge-vitl,500,mdecalib,49.99,87.59,72.3
standard_benchmark,scannetpp,MoGeV1-moge-vitl,500,sf,82.09,87.59,87.81
standard_benchmark,scannetpp,MoGeV1-moge-vitl,500,calib_shift,89.09,87.59,90.02
standard_benchmark,scannetpp,MoGeV1-moge-vitl,500,mdecalib_shift,50.53,87.59,73.75
standard_benchmark,scannetpp,MoGeV1-moge-vitl,500,sf_shift,71.85,87.59,79.28
standard_benchmark,scannetpp,MoGeV1-moge-vitl,500,calib_ro,77.29,87.59,77.9
standard_benchmark,scannetpp,MoGeV1-moge-vitl,500,mdecalib_ro,44.96,87.59,75.08
standard_benchmark,scannetpp,MoGeV1-moge-vitl,500,sf_ro,72.44,87.59,85.2
standard_benchmark,scannetpp,MoGeV1-moge-vitl,500,calib_shift_ro,78.26,87.59,80.5
standard_benchmark,scannetpp,MoGeV1-moge-vitl,500,mdecalib_shift_ro,46.32,87.59,78.03
standard_benchmark,scannetpp,MoGeV1-moge-vitl,500,sf_shift_ro,64.45,87.59,78.88
standard_benchmark,scannetpp,MoGeV1-moge-vitl,1000,calib,88.54,87.59,89.7
standard_benchmark,scannetpp,MoGeV1-moge-vitl,1000,mdecalib,50.05,87.59,72.73
standard_benchmark,scannetpp,MoGeV1-moge-vitl,1000,sf,82.14,87.59,87.89
standard_benchmark,scannetpp,MoGeV1-moge-vitl,1000,calib_shift,89.08,87.59,90.04
standard_benchmark,scannetpp,MoGeV1-moge-vitl,1000,mdecalib_shift,50.55,87.59,73.98
standard_benchmark,scannetpp,MoGeV1-moge-vitl,1000,sf_shift,73.97,87.59,82.32
standard_benchmark,scannetpp,MoGeV1-moge-vitl,1000,calib_ro,77.32,87.59,77.89
standard_benchmark,scannetpp,MoGeV1-moge-vitl,1000,mdecalib_ro,44.97,87.59,75.08
standard_benchmark,scannetpp,MoGeV1-moge-vitl,1000,sf_ro,72.46,87.59,85.21
standard_benchmark,scannetpp,MoGeV1-moge-vitl,1000,calib_shift_ro,78.27,87.59,80.5
standard_benchmark,scannetpp,MoGeV1-moge-vitl,1000,mdecalib_shift_ro,46.34,87.59,78.03
standard_benchmark,scannetpp,MoGeV1-moge-vitl,1000,sf_shift_ro,65.6,87.59,80.27
standard_benchmark,scannetpp,MoGeV1Calib-moge-vitl,10,calib,88.17,87.35,88.94
standard_benchmark,scannetpp,MoGeV1Calib-moge-vitl,10,calib_shift,88.52,87.35,89.34
standard_benchmark,scannetpp,MoGeV1Calib-moge-vitl,10,calib_ro,76.88,87.35,77.63
standard_benchmark,scannetpp,MoGeV1Calib-moge-vitl,10,calib_shift_ro,76.99,87.35,79.63
standard_benchmark,scannetpp,MoGeV1Calib-moge-vitl,100,calib,88.7,87.35,89.53
standard_benchmark,scannetpp,MoGeV1Calib-moge-vitl,100,calib_shift,89.06,87.35,89.97
standard_benchmark,scannetpp,MoGeV1Calib-moge-vitl,100,calib_ro,77.77,87.35,77.97
standard_benchmark,scannetpp,MoGeV1Calib-moge-vitl,100,calib_shift_ro,78.07,87.35,80.44
standard_benchmark,scannetpp,MoGeV1Calib-moge-vitl,500,calib,88.79,87.35,89.7
standard_benchmark,scannetpp,MoGeV1Calib-moge-vitl,500,calib_shift,89.07,87.35,90.02
standard_benchmark,scannetpp,MoGeV1Calib-moge-vitl,500,calib_ro,77.86,87.35,77.99
standard_benchmark,scannetpp,MoGeV1Calib-moge-vitl,500,calib_shift_ro,78.24,87.35,80.51
standard_benchmark,scannetpp,MoGeV1Calib-moge-vitl,1000,calib,88.82,87.35,89.76
standard_benchmark,scannetpp,MoGeV1Calib-moge-vitl,1000,calib_shift,89.06,87.35,90.04
standard_benchmark,scannetpp,MoGeV1Calib-moge-vitl,1000,calib_ro,77.89,87.35,77.99
standard_benchmark,scannetpp,MoGeV1Calib-moge-vitl,1000,calib_shift_ro,78.24,87.35,80.51
standard_benchmark,scannetpp,MoGeV2-moge-2-vitl,10,calib,89.11,65.86,89.23
standard_benchmark,scannetpp,MoGeV2-moge-2-vitl,10,mdecalib,57.18,65.86,77.07
standard_benchmark,scannetpp,MoGeV2-moge-2-vitl,10,sf,83.98,65.86,87.37
standard_benchmark,scannetpp,MoGeV2-moge-2-vitl,10,calib_shift,89.01,65.86,89.58
standard_benchmark,scannetpp,MoGeV2-moge-2-vitl,10,mdecalib_shift,59.4,65.86,79.11
standard_benchmark,scannetpp,MoGeV2-moge-2-vitl,10,sf_shift,38.04,65.86,39.12
standard_benchmark,scannetpp,MoGeV2-moge-2-vitl,10,calib_ro,79.68,65.86,80.72
standard_benchmark,scannetpp,MoGeV2-moge-2-vitl,10,mdecalib_ro,51.52,65.86,78.74
standard_benchmark,scannetpp,MoGeV2-moge-2-vitl,10,sf_ro,75.85,65.86,86.89
standard_benchmark,scannetpp,MoGeV2-moge-2-vitl,10,calib_shift_ro,79.33,65.86,82.36
standard_benchmark,scannetpp,MoGeV2-moge-2-vitl,10,mdecalib_shift_ro,53.84,65.86,80.89
standard_benchmark,scannetpp,MoGeV2-moge-2-vitl,10,sf_shift_ro,47.75,65.86,57.43
standard_benchmark,scannetpp,MoGeV2-moge-2-vitl,100,calib,89.4,65.86,89.59
standard_benchmark,scannetpp,MoGeV2-moge-2-vitl,100,mdecalib,57.6,65.86,78.21
standard_benchmark,scannetpp,MoGeV2-moge-2-vitl,100,sf,84.45,65.86,88.06
standard_benchmark,scannetpp,MoGeV2-moge-2-vitl,100,calib_shift,89.39,65.86,89.98
standard_benchmark,scannetpp,MoGeV2-moge-2-vitl,100,mdecalib_shift,59.82,65.86,79.95
standard_benchmark,scannetpp,MoGeV2-moge-2-vitl,100,sf_shift,63.39,65.86,67.73
standard_benchmark,scannetpp,MoGeV2-moge-2-vitl,100,calib_ro,80.09,65.86,80.94
standard_benchmark,scannetpp,MoGeV2-moge-2-vitl,100,mdecalib_ro,51.89,65.86,79.02
standard_benchmark,scannetpp,MoGeV2-moge-2-vitl,100,sf_ro,76.36,65.86,87.34
standard_benchmark,scannetpp,MoGeV2-moge-2-vitl,100,calib_shift_ro,80.09,65.86,82.97
standard_benchmark,scannetpp,MoGeV2-moge-2-vitl,100,mdecalib_shift_ro,54.36,65.86,81.54
standard_benchmark,scannetpp,MoGeV2-moge-2-vitl,100,sf_shift_ro,62.79,65.86,75.96
standard_benchmark,scannetpp,MoGeV2-moge-2-vitl,500,calib,89.45,65.86,89.7
standard_benchmark,scannetpp,MoGeV2-moge-2-vitl,500,mdecalib,57.95,65.86,78.82
standard_benchmark,scannetpp,MoGeV2-moge-2-vitl,500,sf,84.52,65.86,88.17
standard_benchmark,scannetpp,MoGeV2-moge-2-vitl,500,calib_shift,89.42,65.86,90.03
standard_benchmark,scannetpp,MoGeV2-moge-2-vitl,500,mdecalib_shift,59.97,65.86,80.2
standard_benchmark,scannetpp,MoGeV2-moge-2-vitl,500,sf_shift,73.04,65.86,79.51
standard_benchmark,scannetpp,MoGeV2-moge-2-vitl,500,calib_ro,80.16,65.86,80.95
standard_benchmark,scannetpp,MoGeV2-moge-2-vitl,500,mdecalib_ro,51.93,65.86,79.04
standard_benchmark,scannetpp,MoGeV2-moge-2-vitl,500,sf_ro,76.46,65.86,87.38
standard_benchmark,scannetpp,MoGeV2-moge-2-vitl,500,calib_shift_ro,80.13,65.86,83.01
standard_benchmark,scannetpp,MoGeV2-moge-2-vitl,500,mdecalib_shift_ro,54.46,65.86,81.6
standard_benchmark,scannetpp,MoGeV2-moge-2-vitl,500,sf_shift_ro,67.24,65.86,80.72
standard_benchmark,scannetpp,MoGeV2-moge-2-vitl,1000,calib,89.46,65.86,89.75
standard_benchmark,scannetpp,MoGeV2-moge-2-vitl,1000,mdecalib,58.11,65.86,79.11
standard_benchmark,scannetpp,MoGeV2-moge-2-vitl,1000,sf,84.52,65.86,88.21
standard_benchmark,scannetpp,MoGeV2-moge-2-vitl,1000,calib_shift,89.42,65.86,90.04
standard_benchmark,scannetpp,MoGeV2-moge-2-vitl,1000,mdecalib_shift,60.08,65.86,80.28
standard_benchmark,scannetpp,MoGeV2-moge-2-vitl,1000,sf_shift,75.52,65.86,82.47
standard_benchmark,scannetpp,MoGeV2-moge-2-vitl,1000,calib_ro,80.18,65.86,80.95
standard_benchmark,scannetpp,MoGeV2-moge-2-vitl,1000,mdecalib_ro,51.93,65.86,79.03
standard_benchmark,scannetpp,MoGeV2-moge-2-vitl,1000,sf_ro,76.5,65.86,87.39
standard_benchmark,scannetpp,MoGeV2-moge-2-vitl,1000,calib_shift_ro,80.15,65.86,83.02
standard_benchmark,scannetpp,MoGeV2-moge-2-vitl,1000,mdecalib_shift_ro,54.49,65.86,81.6
standard_benchmark,scannetpp,MoGeV2-moge-2-vitl,1000,sf_shift_ro,68.22,65.86,81.95
standard_benchmark,scannetpp,MoGeV2Calib-moge-2-vitl,10,calib,89.18,65.65,89.26
standard_benchmark,scannetpp,MoGeV2Calib-moge-2-vitl,10,calib_shift,89.01,65.65,89.57
standard_benchmark,scannetpp,MoGeV2Calib-moge-2-vitl,10,calib_ro,80.07,65.65,80.69
standard_benchmark,scannetpp,MoGeV2Calib-moge-2-vitl,10,calib_shift_ro,79.29,65.65,82.36
standard_benchmark,scannetpp,MoGeV2Calib-moge-2-vitl,100,calib,89.46,65.65,89.62
standard_benchmark,scannetpp,MoGeV2Calib-moge-2-vitl,100,calib_shift,89.43,65.65,89.98
standard_benchmark,scannetpp,MoGeV2Calib-moge-2-vitl,100,calib_ro,80.59,65.65,80.92
standard_benchmark,scannetpp,MoGeV2Calib-moge-2-vitl,100,calib_shift_ro,80.08,65.65,82.97
standard_benchmark,scannetpp,MoGeV2Calib-moge-2-vitl,500,calib,89.52,65.65,89.72
standard_benchmark,scannetpp,MoGeV2Calib-moge-2-vitl,500,calib_shift,89.43,65.65,90.03
standard_benchmark,scannetpp,MoGeV2Calib-moge-2-vitl,500,calib_ro,80.64,65.65,80.94
standard_benchmark,scannetpp,MoGeV2Calib-moge-2-vitl,500,calib_shift_ro,80.11,65.65,83.01
standard_benchmark,scannetpp,MoGeV2Calib-moge-2-vitl,1000,calib,89.52,65.65,89.78
standard_benchmark,scannetpp,MoGeV2Calib-moge-2-vitl,1000,calib_shift,89.44,65.65,90.04
standard_benchmark,scannetpp,MoGeV2Calib-moge-2-vitl,1000,calib_ro,80.64,65.65,80.93
standard_benchmark,scannetpp,MoGeV2Calib-moge-2-vitl,1000,calib_shift_ro,80.13,65.65,83.01
standard_benchmark,scannetpp,Pi3-Pi3X,10,calib,88.68,115.63,89.06
standard_benchmark,scannetpp,Pi3-Pi3X,10,mdecalib,50.35,115.63,73.33
standard_benchmark,scannetpp,Pi3-Pi3X,10,sf,82.68,115.63,86.94
standard_benchmark,scannetpp,Pi3-Pi3X,10,calib_shift,88.64,115.63,89.43
standard_benchmark,scannetpp,Pi3-Pi3X,10,mdecalib_shift,52.39,115.63,75.51
standard_benchmark,scannetpp,Pi3-Pi3X,10,sf_shift,37.89,115.63,38.69
standard_benchmark,scannetpp,Pi3-Pi3X,10,calib_ro,78.87,115.63,79.46
standard_benchmark,scannetpp,Pi3-Pi3X,10,mdecalib_ro,44.65,115.63,76.36
standard_benchmark,scannetpp,Pi3-Pi3X,10,sf_ro,74.62,115.63,85.96
standard_benchmark,scannetpp,Pi3-Pi3X,10,calib_shift_ro,78.44,115.63,81.41
standard_benchmark,scannetpp,Pi3-Pi3X,10,mdecalib_shift_ro,46.95,115.63,79.16
standard_benchmark,scannetpp,Pi3-Pi3X,10,sf_shift_ro,46.83,115.63,56.81
standard_benchmark,scannetpp,Pi3-Pi3X,100,calib,89.02,115.63,89.55
standard_benchmark,scannetpp,Pi3-Pi3X,100,mdecalib,50.92,115.63,74.8
standard_benchmark,scannetpp,Pi3-Pi3X,100,sf,83.32,115.63,87.83
standard_benchmark,scannetpp,Pi3-Pi3X,100,calib_shift,89.15,115.63,89.96
standard_benchmark,scannetpp,Pi3-Pi3X,100,mdecalib_shift,53.02,115.63,76.78
standard_benchmark,scannetpp,Pi3-Pi3X,100,sf_shift,63.22,115.63,67.66
standard_benchmark,scannetpp,Pi3-Pi3X,100,calib_ro,79.34,115.63,79.79
standard_benchmark,scannetpp,Pi3-Pi3X,100,mdecalib_ro,44.96,115.63,76.69
standard_benchmark,scannetpp,Pi3-Pi3X,100,sf_ro,75.12,115.63,86.55
standard_benchmark,scannetpp,Pi3-Pi3X,100,calib_shift_ro,79.23,115.63,82.04
standard_benchmark,scannetpp,Pi3-Pi3X,100,mdecalib_shift_ro,47.58,115.63,79.87
standard_benchmark,scannetpp,Pi3-Pi3X,100,sf_shift_ro,61.74,115.63,74.85
standard_benchmark,scannetpp,Pi3-Pi3X,500,calib,89.09,115.63,89.7
standard_benchmark,scannetpp,Pi3-Pi3X,500,mdecalib,51.38,115.63,75.65
standard_benchmark,scannetpp,Pi3-Pi3X,500,sf,83.42,115.63,88.0
standard_benchmark,scannetpp,Pi3-Pi3X,500,calib_shift,89.18,115.63,90.01
standard_benchmark,scannetpp,Pi3-Pi3X,500,mdecalib_shift,53.21,115.63,77.15
standard_benchmark,scannetpp,Pi3-Pi3X,500,sf_shift,72.21,115.63,79.23
standard_benchmark,scannetpp,Pi3-Pi3X,500,calib_ro,79.38,115.63,79.81
standard_benchmark,scannetpp,Pi3-Pi3X,500,mdecalib_ro,44.98,115.63,76.71
standard_benchmark,scannetpp,Pi3-Pi3X,500,sf_ro,75.14,115.63,86.63
standard_benchmark,scannetpp,Pi3-Pi3X,500,calib_shift_ro,79.37,115.63,82.12
standard_benchmark,scannetpp,Pi3-Pi3X,500,mdecalib_shift_ro,47.7,115.63,79.95
standard_benchmark,scannetpp,Pi3-Pi3X,500,sf_shift_ro,66.19,115.63,79.91
standard_benchmark,scannetpp,Pi3-Pi3X,1000,calib,89.09,115.63,89.75
standard_benchmark,scannetpp,Pi3-Pi3X,1000,mdecalib,51.54,115.63,76.03
standard_benchmark,scannetpp,Pi3-Pi3X,1000,sf,83.41,115.63,88.05
standard_benchmark,scannetpp,Pi3-Pi3X,1000,calib_shift,89.18,115.63,90.03
standard_benchmark,scannetpp,Pi3-Pi3X,1000,mdecalib_shift,53.28,115.63,77.27
standard_benchmark,scannetpp,Pi3-Pi3X,1000,sf_shift,74.44,115.63,82.28
standard_benchmark,scannetpp,Pi3-Pi3X,1000,calib_ro,79.4,115.63,79.82
standard_benchmark,scannetpp,Pi3-Pi3X,1000,mdecalib_ro,45.0,115.63,76.7
standard_benchmark,scannetpp,Pi3-Pi3X,1000,sf_ro,75.16,115.63,86.63
standard_benchmark,scannetpp,Pi3-Pi3X,1000,calib_shift_ro,79.39,115.63,82.11
standard_benchmark,scannetpp,Pi3-Pi3X,1000,mdecalib_shift_ro,47.72,115.63,79.95
standard_benchmark,scannetpp,Pi3-Pi3X,1000,sf_shift_ro,67.49,115.63,81.25
standard_benchmark,scannetpp,Pi3Calib-Pi3X,10,calib,88.91,118.48,89.15
standard_benchmark,scannetpp,Pi3Calib-Pi3X,10,calib_shift,88.59,118.48,89.44
standard_benchmark,scannetpp,Pi3Calib-Pi3X,10,calib_ro,79.65,118.48,80.07
standard_benchmark,scannetpp,Pi3Calib-Pi3X,10,calib_shift_ro,78.63,118.48,81.6
standard_benchmark,scannetpp,Pi3Calib-Pi3X,100,calib,89.29,118.48,89.62
standard_benchmark,scannetpp,Pi3Calib-Pi3X,100,calib_shift,89.13,118.48,89.95
standard_benchmark,scannetpp,Pi3Calib-Pi3X,100,calib_ro,80.1,118.48,80.38
standard_benchmark,scannetpp,Pi3Calib-Pi3X,100,calib_shift_ro,79.31,118.48,82.22
standard_benchmark,scannetpp,Pi3Calib-Pi3X,500,calib,89.33,118.48,89.74
standard_benchmark,scannetpp,Pi3Calib-Pi3X,500,calib_shift,89.17,118.48,90.02
standard_benchmark,scannetpp,Pi3Calib-Pi3X,500,calib_ro,80.14,118.48,80.39
standard_benchmark,scannetpp,Pi3Calib-Pi3X,500,calib_shift_ro,79.37,118.48,82.27
standard_benchmark,scannetpp,Pi3Calib-Pi3X,1000,calib,89.33,118.48,89.78
standard_benchmark,scannetpp,Pi3Calib-Pi3X,1000,calib_shift,89.19,118.48,90.03
standard_benchmark,scannetpp,Pi3Calib-Pi3X,1000,calib_ro,80.17,118.48,80.39
standard_benchmark,scannetpp,Pi3Calib-Pi3X,1000,calib_shift_ro,79.42,118.48,82.28
standard_benchmark,scannetpp,UniDepth1-cnvnxtl,10,calib,85.53,75.12,87.69
standard_benchmark,scannetpp,UniDepth1-cnvnxtl,10,mdecalib,41.33,75.12,56.35
standard_benchmark,scannetpp,UniDepth1-cnvnxtl,10,sf,75.99,75.12,84.13
standard_benchmark,scannetpp,UniDepth1-cnvnxtl,10,calib_shift,86.86,75.12,88.05
standard_benchmark,scannetpp,UniDepth1-cnvnxtl,10,mdecalib_shift,38.74,75.12,57.81
standard_benchmark,scannetpp,UniDepth1-cnvnxtl,10,sf_shift,35.12,75.12,38.44
standard_benchmark,scannetpp,UniDepth1-cnvnxtl,10,calib_ro,63.81,75.12,66.36
standard_benchmark,scannetpp,UniDepth1-cnvnxtl,10,mdecalib_ro,36.91,75.12,61.37
standard_benchmark,scannetpp,UniDepth1-cnvnxtl,10,sf_ro,57.19,75.12,75.71
standard_benchmark,scannetpp,UniDepth1-cnvnxtl,10,calib_shift_ro,64.94,75.12,68.99
standard_benchmark,scannetpp,UniDepth1-cnvnxtl,10,mdecalib_shift_ro,35.03,75.12,64.03
standard_benchmark,scannetpp,UniDepth1-cnvnxtl,10,sf_shift_ro,36.55,75.12,52.79
standard_benchmark,scannetpp,UniDepth1-cnvnxtl,100,calib,86.86,75.12,89.37
standard_benchmark,scannetpp,UniDepth1-cnvnxtl,100,mdecalib,40.98,75.12,60.9
standard_benchmark,scannetpp,UniDepth1-cnvnxtl,100,sf,77.84,75.12,87.02
standard_benchmark,scannetpp,UniDepth1-cnvnxtl,100,calib_shift,88.14,75.12,89.87
standard_benchmark,scannetpp,UniDepth1-cnvnxtl,100,mdecalib_shift,38.32,75.12,62.93
standard_benchmark,scannetpp,UniDepth1-cnvnxtl,100,sf_shift,59.28,75.12,66.75
standard_benchmark,scannetpp,UniDepth1-cnvnxtl,100,calib_ro,64.58,75.12,66.87
standard_benchmark,scannetpp,UniDepth1-cnvnxtl,100,mdecalib_ro,37.52,75.12,61.95
standard_benchmark,scannetpp,UniDepth1-cnvnxtl,100,sf_ro,58.23,75.12,76.84
standard_benchmark,scannetpp,UniDepth1-cnvnxtl,100,calib_shift_ro,66.31,75.12,70.23
standard_benchmark,scannetpp,UniDepth1-cnvnxtl,100,mdecalib_shift_ro,35.89,75.12,65.77
standard_benchmark,scannetpp,UniDepth1-cnvnxtl,100,sf_shift_ro,47.97,75.12,68.54
standard_benchmark,scannetpp,UniDepth1-cnvnxtl,500,calib,87.03,75.12,89.67
standard_benchmark,scannetpp,UniDepth1-cnvnxtl,500,mdecalib,40.19,75.12,63.1
standard_benchmark,scannetpp,UniDepth1-cnvnxtl,500,sf,78.24,75.12,87.58
standard_benchmark,scannetpp,UniDepth1-cnvnxtl,500,calib_shift,88.26,75.12,89.99
standard_benchmark,scannetpp,UniDepth1-cnvnxtl,500,mdecalib_shift,37.59,75.12,64.56
standard_benchmark,scannetpp,UniDepth1-cnvnxtl,500,sf_shift,69.19,75.12,78.58
standard_benchmark,scannetpp,UniDepth1-cnvnxtl,500,calib_ro,64.76,75.12,66.91
standard_benchmark,scannetpp,UniDepth1-cnvnxtl,500,mdecalib_ro,37.63,75.12,61.99
standard_benchmark,scannetpp,UniDepth1-cnvnxtl,500,sf_ro,58.41,75.12,77.0
standard_benchmark,scannetpp,UniDepth1-cnvnxtl,500,calib_shift_ro,66.55,75.12,70.35
standard_benchmark,scannetpp,UniDepth1-cnvnxtl,500,mdecalib_shift_ro,36.07,75.12,65.98
standard_benchmark,scannetpp,UniDepth1-cnvnxtl,500,sf_shift_ro,51.51,75.12,72.66
standard_benchmark,scannetpp,UniDepth1-cnvnxtl,1000,calib,87.08,75.12,89.75
standard_benchmark,scannetpp,UniDepth1-cnvnxtl,1000,mdecalib,39.82,75.12,63.94
standard_benchmark,scannetpp,UniDepth1-cnvnxtl,1000,sf,78.34,75.12,87.77
standard_benchmark,scannetpp,UniDepth1-cnvnxtl,1000,calib_shift,88.26,75.12,90.02
standard_benchmark,scannetpp,UniDepth1-cnvnxtl,1000,mdecalib_shift,37.24,75.12,65.07
standard_benchmark,scannetpp,UniDepth1-cnvnxtl,1000,sf_shift,71.76,75.12,81.67
standard_benchmark,scannetpp,UniDepth1-cnvnxtl,1000,calib_ro,64.79,75.12,66.9
standard_benchmark,scannetpp,UniDepth1-cnvnxtl,1000,mdecalib_ro,37.71,75.12,61.97
standard_benchmark,scannetpp,UniDepth1-cnvnxtl,1000,sf_ro,58.46,75.12,77.03
standard_benchmark,scannetpp,UniDepth1-cnvnxtl,1000,calib_shift_ro,66.62,75.12,70.38
standard_benchmark,scannetpp,UniDepth1-cnvnxtl,1000,mdecalib_shift_ro,36.12,75.12,65.99
standard_benchmark,scannetpp,UniDepth1-cnvnxtl,1000,sf_shift_ro,52.57,75.12,73.8
standard_benchmark,scannetpp,UniDepth1-vitl14,10,calib,85.54,122.42,87.85
standard_benchmark,scannetpp,UniDepth1-vitl14,10,mdecalib,35.03,122.42,51.46
standard_benchmark,scannetpp,UniDepth1-vitl14,10,sf,76.65,122.42,84.87
standard_benchmark,scannetpp,UniDepth1-vitl14,10,calib_shift,87.66,122.42,88.88
standard_benchmark,scannetpp,UniDepth1-vitl14,10,mdecalib_shift,32.35,122.42,53.41
standard_benchmark,scannetpp,UniDepth1-vitl14,10,sf_shift,36.66,122.42,38.78
standard_benchmark,scannetpp,UniDepth1-vitl14,10,calib_ro,68.5,122.42,70.5
standard_benchmark,scannetpp,UniDepth1-vitl14,10,mdecalib_ro,33.79,122.42,60.03
standard_benchmark,scannetpp,UniDepth1-vitl14,10,sf_ro,62.74,122.42,79.66
standard_benchmark,scannetpp,UniDepth1-vitl14,10,calib_shift_ro,70.83,122.42,73.42
standard_benchmark,scannetpp,UniDepth1-vitl14,10,mdecalib_shift_ro,31.68,122.42,63.21
standard_benchmark,scannetpp,UniDepth1-vitl14,10,sf_shift_ro,41.06,122.42,54.6
standard_benchmark,scannetpp,UniDepth1-vitl14,100,calib,86.36,122.42,89.13
standard_benchmark,scannetpp,UniDepth1-vitl14,100,mdecalib,34.37,122.42,56.84
standard_benchmark,scannetpp,UniDepth1-vitl14,100,sf,77.8,122.42,86.81
standard_benchmark,scannetpp,UniDepth1-vitl14,100,calib_shift,88.48,122.42,89.95
standard_benchmark,scannetpp,UniDepth1-vitl14,100,mdecalib_shift,31.57,122.42,59.22
standard_benchmark,scannetpp,UniDepth1-vitl14,100,sf_shift,61.32,122.42,67.27
standard_benchmark,scannetpp,UniDepth1-vitl14,100,calib_ro,69.16,122.42,70.92
standard_benchmark,scannetpp,UniDepth1-vitl14,100,mdecalib_ro,34.15,122.42,60.58
standard_benchmark,scannetpp,UniDepth1-vitl14,100,sf_ro,63.48,122.42,80.54
standard_benchmark,scannetpp,UniDepth1-vitl14,100,calib_shift_ro,71.65,122.42,74.41
standard_benchmark,scannetpp,UniDepth1-vitl14,100,mdecalib_shift_ro,32.21,122.42,65.0
standard_benchmark,scannetpp,UniDepth1-vitl14,100,sf_shift_ro,54.32,122.42,71.66
standard_benchmark,scannetpp,UniDepth1-vitl14,500,calib,86.48,122.42,89.48
standard_benchmark,scannetpp,UniDepth1-vitl14,500,mdecalib,33.44,122.42,59.66
standard_benchmark,scannetpp,UniDepth1-vitl14,500,sf,78.06,122.42,87.23
standard_benchmark,scannetpp,UniDepth1-vitl14,500,calib_shift,88.49,122.42,90.01
standard_benchmark,scannetpp,UniDepth1-vitl14,500,mdecalib_shift,30.76,122.42,61.12
standard_benchmark,scannetpp,UniDepth1-vitl14,500,sf_shift,70.89,122.42,79.06
standard_benchmark,scannetpp,UniDepth1-vitl14,500,calib_ro,69.24,122.42,70.93
standard_benchmark,scannetpp,UniDepth1-vitl14,500,mdecalib_ro,34.21,122.42,60.64
standard_benchmark,scannetpp,UniDepth1-vitl14,500,sf_ro,63.57,122.42,80.63
standard_benchmark,scannetpp,UniDepth1-vitl14,500,calib_shift_ro,71.77,122.42,74.49
standard_benchmark,scannetpp,UniDepth1-vitl14,500,mdecalib_shift_ro,32.25,122.42,65.17
standard_benchmark,scannetpp,UniDepth1-vitl14,500,sf_shift_ro,58.03,122.42,75.75
standard_benchmark,scannetpp,UniDepth1-vitl14,1000,calib,86.54,122.42,89.57
standard_benchmark,scannetpp,UniDepth1-vitl14,1000,mdecalib,33.03,122.42,60.55
standard_benchmark,scannetpp,UniDepth1-vitl14,1000,sf,78.1,122.42,87.37
standard_benchmark,scannetpp,UniDepth1-vitl14,1000,calib_shift,88.47,122.42,90.03
standard_benchmark,scannetpp,UniDepth1-vitl14,1000,mdecalib_shift,30.56,122.42,61.71
standard_benchmark,scannetpp,UniDepth1-vitl14,1000,sf_shift,73.55,122.42,82.31
standard_benchmark,scannetpp,UniDepth1-vitl14,1000,calib_ro,69.3,122.42,70.92
standard_benchmark,scannetpp,UniDepth1-vitl14,1000,mdecalib_ro,34.22,122.42,60.64
standard_benchmark,scannetpp,UniDepth1-vitl14,1000,sf_ro,63.6,122.42,80.65
standard_benchmark,scannetpp,UniDepth1-vitl14,1000,calib_shift_ro,71.85,122.42,74.5
standard_benchmark,scannetpp,UniDepth1-vitl14,1000,mdecalib_shift_ro,32.3,122.42,65.17
standard_benchmark,scannetpp,UniDepth1-vitl14,1000,sf_shift_ro,59.11,122.42,76.98
standard_benchmark,scannetpp,UniDepth1Calib-cnvnxtl,10,calib,85.94,71.48,87.84
standard_benchmark,scannetpp,UniDepth1Calib-cnvnxtl,10,calib_shift,86.87,71.48,87.98
standard_benchmark,scannetpp,UniDepth1Calib-cnvnxtl,10,calib_ro,64.38,71.48,66.51
standard_benchmark,scannetpp,UniDepth1Calib-cnvnxtl,10,calib_shift_ro,64.81,71.48,68.79
standard_benchmark,scannetpp,UniDepth1Calib-cnvnxtl,100,calib,87.18,71.48,89.44
standard_benchmark,scannetpp,UniDepth1Calib-cnvnxtl,100,calib_shift,88.21,71.48,89.9
standard_benchmark,scannetpp,UniDepth1Calib-cnvnxtl,100,calib_ro,65.26,71.48,67.01
standard_benchmark,scannetpp,UniDepth1Calib-cnvnxtl,100,calib_shift_ro,66.43,71.48,70.11
standard_benchmark,scannetpp,UniDepth1Calib-cnvnxtl,500,calib,87.35,71.48,89.7
standard_benchmark,scannetpp,UniDepth1Calib-cnvnxtl,500,calib_shift,88.34,71.48,90.02
standard_benchmark,scannetpp,UniDepth1Calib-cnvnxtl,500,calib_ro,65.46,71.48,67.05
standard_benchmark,scannetpp,UniDepth1Calib-cnvnxtl,500,calib_shift_ro,66.61,71.48,70.23
standard_benchmark,scannetpp,UniDepth1Calib-cnvnxtl,1000,calib,87.39,71.48,89.77
standard_benchmark,scannetpp,UniDepth1Calib-cnvnxtl,1000,calib_shift,88.36,71.48,90.04
standard_benchmark,scannetpp,UniDepth1Calib-cnvnxtl,1000,calib_ro,65.53,71.48,67.06
standard_benchmark,scannetpp,UniDepth1Calib-cnvnxtl,1000,calib_shift_ro,66.7,71.48,70.24
standard_benchmark,scannetpp,UniDepth1Calib-vitl14,10,calib,85.95,121.53,88.05
standard_benchmark,scannetpp,UniDepth1Calib-vitl14,10,calib_shift,87.53,121.53,88.82
standard_benchmark,scannetpp,UniDepth1Calib-vitl14,10,calib_ro,69.24,121.53,70.58
standard_benchmark,scannetpp,UniDepth1Calib-vitl14,10,calib_shift_ro,70.34,121.53,73.16
standard_benchmark,scannetpp,UniDepth1Calib-vitl14,100,calib,86.7,121.53,89.25
standard_benchmark,scannetpp,UniDepth1Calib-vitl14,100,calib_shift,88.43,121.53,89.92
standard_benchmark,scannetpp,UniDepth1Calib-vitl14,100,calib_ro,69.87,121.53,71.0
standard_benchmark,scannetpp,UniDepth1Calib-vitl14,100,calib_shift_ro,71.3,121.53,74.18
standard_benchmark,scannetpp,UniDepth1Calib-vitl14,500,calib,86.86,121.53,89.54
standard_benchmark,scannetpp,UniDepth1Calib-vitl14,500,calib_shift,88.49,121.53,90.01
standard_benchmark,scannetpp,UniDepth1Calib-vitl14,500,calib_ro,69.99,121.53,71.0
standard_benchmark,scannetpp,UniDepth1Calib-vitl14,500,calib_shift_ro,71.47,121.53,74.24
standard_benchmark,scannetpp,UniDepth1Calib-vitl14,1000,calib,86.89,121.53,89.63
standard_benchmark,scannetpp,UniDepth1Calib-vitl14,1000,calib_shift,88.49,121.53,90.03
standard_benchmark,scannetpp,UniDepth1Calib-vitl14,1000,calib_ro,70.03,121.53,71.0
standard_benchmark,scannetpp,UniDepth1Calib-vitl14,1000,calib_shift_ro,71.52,121.53,74.26
standard_benchmark,scannetpp,UniDepth2-vitb14,10,calib,88.39,28.3,88.97
standard_benchmark,scannetpp,UniDepth2-vitb14,10,mdecalib,67.88,28.3,81.22
standard_benchmark,scannetpp,UniDepth2-vitb14,10,sf,82.15,28.3,86.82
standard_benchmark,scannetpp,UniDepth2-vitb14,10,calib_shift,88.52,28.3,89.3
standard_benchmark,scannetpp,UniDepth2-vitb14,10,mdecalib_shift,69.2,28.3,82.5
standard_benchmark,scannetpp,UniDepth2-vitb14,10,sf_shift,37.64,28.3,39.04
standard_benchmark,scannetpp,UniDepth2-vitb14,10,calib_ro,76.72,28.3,76.69
standard_benchmark,scannetpp,UniDepth2-vitb14,10,mdecalib_ro,59.74,28.3,75.81
standard_benchmark,scannetpp,UniDepth2-vitb14,10,sf_ro,71.86,28.3,83.68
standard_benchmark,scannetpp,UniDepth2-vitb14,10,calib_shift_ro,76.2,28.3,78.65
standard_benchmark,scannetpp,UniDepth2-vitb14,10,mdecalib_shift_ro,60.72,28.3,77.96
standard_benchmark,scannetpp,UniDepth2-vitb14,10,sf_shift_ro,44.92,28.3,56.08
standard_benchmark,scannetpp,UniDepth2-vitb14,100,calib,88.86,28.3,89.57
standard_benchmark,scannetpp,UniDepth2-vitb14,100,mdecalib,68.34,28.3,82.23
standard_benchmark,scannetpp,UniDepth2-vitb14,100,sf,82.89,28.3,87.93
standard_benchmark,scannetpp,UniDepth2-vitb14,100,calib_shift,89.05,28.3,89.97
standard_benchmark,scannetpp,UniDepth2-vitb14,100,mdecalib_shift,69.67,28.3,83.41
standard_benchmark,scannetpp,UniDepth2-vitb14,100,sf_shift,62.52,28.3,67.63
standard_benchmark,scannetpp,UniDepth2-vitb14,100,calib_ro,77.2,28.3,77.03
standard_benchmark,scannetpp,UniDepth2-vitb14,100,mdecalib_ro,60.03,28.3,76.21
standard_benchmark,scannetpp,UniDepth2-vitb14,100,sf_ro,72.56,28.3,84.36
standard_benchmark,scannetpp,UniDepth2-vitb14,100,calib_shift_ro,77.05,28.3,79.38
standard_benchmark,scannetpp,UniDepth2-vitb14,100,mdecalib_shift_ro,61.56,28.3,78.72
standard_benchmark,scannetpp,UniDepth2-vitb14,100,sf_shift_ro,59.16,28.3,73.65
standard_benchmark,scannetpp,UniDepth2-vitb14,500,calib,88.92,28.3,89.71
standard_benchmark,scannetpp,UniDepth2-vitb14,500,mdecalib,68.45,28.3,82.64
standard_benchmark,scannetpp,UniDepth2-vitb14,500,sf,83.01,28.3,88.11
standard_benchmark,scannetpp,UniDepth2-vitb14,500,calib_shift,89.08,28.3,90.04
standard_benchmark,scannetpp,UniDepth2-vitb14,500,mdecalib_shift,69.72,28.3,83.59
standard_benchmark,scannetpp,UniDepth2-vitb14,500,sf_shift,72.03,28.3,79.32
standard_benchmark,scannetpp,UniDepth2-vitb14,500,calib_ro,77.29,28.3,77.03
standard_benchmark,scannetpp,UniDepth2-vitb14,500,mdecalib_ro,60.18,28.3,76.22
standard_benchmark,scannetpp,UniDepth2-vitb14,500,sf_ro,72.74,28.3,84.41
standard_benchmark,scannetpp,UniDepth2-vitb14,500,calib_shift_ro,77.21,28.3,79.43
standard_benchmark,scannetpp,UniDepth2-vitb14,500,mdecalib_shift_ro,61.75,28.3,78.78
standard_benchmark,scannetpp,UniDepth2-vitb14,500,sf_shift_ro,63.36,28.3,78.24
standard_benchmark,scannetpp,UniDepth2-vitb14,1000,calib,88.96,28.3,89.77
standard_benchmark,scannetpp,UniDepth2-vitb14,1000,mdecalib,68.5,28.3,82.82
standard_benchmark,scannetpp,UniDepth2-vitb14,1000,sf,83.05,28.3,88.17
standard_benchmark,scannetpp,UniDepth2-vitb14,1000,calib_shift,89.09,28.3,90.05
standard_benchmark,scannetpp,UniDepth2-vitb14,1000,mdecalib_shift,69.71,28.3,83.64
standard_benchmark,scannetpp,UniDepth2-vitb14,1000,sf_shift,74.34,28.3,82.37
standard_benchmark,scannetpp,UniDepth2-vitb14,1000,calib_ro,77.33,28.3,77.02
standard_benchmark,scannetpp,UniDepth2-vitb14,1000,mdecalib_ro,60.18,28.3,76.22
standard_benchmark,scannetpp,UniDepth2-vitb14,1000,sf_ro,72.75,28.3,84.43
standard_benchmark,scannetpp,UniDepth2-vitb14,1000,calib_shift_ro,77.2,28.3,79.43
standard_benchmark,scannetpp,UniDepth2-vitb14,1000,mdecalib_shift_ro,61.73,28.3,78.79
standard_benchmark,scannetpp,UniDepth2-vitb14,1000,sf_shift_ro,64.62,28.3,79.59
standard_benchmark,scannetpp,UniDepth2-vitl14,10,calib,89.0,40.54,89.14
standard_benchmark,scannetpp,UniDepth2-vitl14,10,mdecalib,75.55,40.54,84.62
standard_benchmark,scannetpp,UniDepth2-vitl14,10,sf,83.48,40.54,87.29
standard_benchmark,scannetpp,UniDepth2-vitl14,10,calib_shift,88.85,40.54,89.51
standard_benchmark,scannetpp,UniDepth2-vitl14,10,mdecalib_shift,76.24,40.54,85.67
standard_benchmark,scannetpp,UniDepth2-vitl14,10,sf_shift,37.58,40.54,39.15
standard_benchmark,scannetpp,UniDepth2-vitl14,10,calib_ro,79.14,40.54,79.87
standard_benchmark,scannetpp,UniDepth2-vitl14,10,mdecalib_ro,68.33,40.54,79.3
standard_benchmark,scannetpp,UniDepth2-vitl14,10,sf_ro,75.06,40.54,86.17
standard_benchmark,scannetpp,UniDepth2-vitl14,10,calib_shift_ro,78.77,40.54,81.65
standard_benchmark,scannetpp,UniDepth2-vitl14,10,mdecalib_shift_ro,69.19,40.54,81.23
standard_benchmark,scannetpp,UniDepth2-vitl14,10,sf_shift_ro,46.79,40.54,56.76
standard_benchmark,scannetpp,UniDepth2-vitl14,100,calib,89.34,40.54,89.63
standard_benchmark,scannetpp,UniDepth2-vitl14,100,mdecalib,75.85,40.54,85.33
standard_benchmark,scannetpp,UniDepth2-vitl14,100,sf,83.95,40.54,88.01
standard_benchmark,scannetpp,UniDepth2-vitl14,100,calib_shift,89.24,40.54,89.96
standard_benchmark,scannetpp,UniDepth2-vitl14,100,mdecalib_shift,76.57,40.54,86.26
standard_benchmark,scannetpp,UniDepth2-vitl14,100,sf_shift,63.36,40.54,68.03
standard_benchmark,scannetpp,UniDepth2-vitl14,100,calib_ro,79.61,40.54,80.17
standard_benchmark,scannetpp,UniDepth2-vitl14,100,mdecalib_ro,68.78,40.54,79.62
standard_benchmark,scannetpp,UniDepth2-vitl14,100,sf_ro,75.61,40.54,86.7
standard_benchmark,scannetpp,UniDepth2-vitl14,100,calib_shift_ro,79.47,40.54,82.24
standard_benchmark,scannetpp,UniDepth2-vitl14,100,mdecalib_shift_ro,69.91,40.54,81.83
standard_benchmark,scannetpp,UniDepth2-vitl14,100,sf_shift_ro,61.83,40.54,75.02
standard_benchmark,scannetpp,UniDepth2-vitl14,500,calib,89.38,40.54,89.73
standard_benchmark,scannetpp,UniDepth2-vitl14,500,mdecalib,75.88,40.54,85.61
standard_benchmark,scannetpp,UniDepth2-vitl14,500,sf,84.04,40.54,88.15
standard_benchmark,scannetpp,UniDepth2-vitl14,500,calib_shift,89.25,40.54,90.02
standard_benchmark,scannetpp,UniDepth2-vitl14,500,mdecalib_shift,76.53,40.54,86.36
standard_benchmark,scannetpp,UniDepth2-vitl14,500,sf_shift,72.91,40.54,79.39
standard_benchmark,scannetpp,UniDepth2-vitl14,500,calib_ro,79.67,40.54,80.17
standard_benchmark,scannetpp,UniDepth2-vitl14,500,mdecalib_ro,68.87,40.54,79.63
standard_benchmark,scannetpp,UniDepth2-vitl14,500,sf_ro,75.65,40.54,86.77
standard_benchmark,scannetpp,UniDepth2-vitl14,500,calib_shift_ro,79.56,40.54,82.29
standard_benchmark,scannetpp,UniDepth2-vitl14,500,mdecalib_shift_ro,70.01,40.54,81.89
standard_benchmark,scannetpp,UniDepth2-vitl14,500,sf_shift_ro,66.59,40.54,80.18
standard_benchmark,scannetpp,UniDepth2-vitl14,1000,calib,89.41,40.54,89.78
standard_benchmark,scannetpp,UniDepth2-vitl14,1000,mdecalib,75.93,40.54,85.76
standard_benchmark,scannetpp,UniDepth2-vitl14,1000,sf,84.03,40.54,88.2
standard_benchmark,scannetpp,UniDepth2-vitl14,1000,calib_shift,89.27,40.54,90.04
standard_benchmark,scannetpp,UniDepth2-vitl14,1000,mdecalib_shift,76.57,40.54,86.4
standard_benchmark,scannetpp,UniDepth2-vitl14,1000,sf_shift,74.91,40.54,82.22
standard_benchmark,scannetpp,UniDepth2-vitl14,1000,calib_ro,79.7,40.54,80.17
standard_benchmark,scannetpp,UniDepth2-vitl14,1000,mdecalib_ro,68.86,40.54,79.62
standard_benchmark,scannetpp,UniDepth2-vitl14,1000,sf_ro,75.68,40.54,86.79
standard_benchmark,scannetpp,UniDepth2-vitl14,1000,calib_shift_ro,79.56,40.54,82.3
standard_benchmark,scannetpp,UniDepth2-vitl14,1000,mdecalib_shift_ro,70.02,40.54,81.89
standard_benchmark,scannetpp,UniDepth2-vitl14,1000,sf_shift_ro,67.76,40.54,81.53
standard_benchmark,scannetpp,UniDepth2-vits14,10,calib,87.39,19.56,88.6
standard_benchmark,scannetpp,UniDepth2-vits14,10,mdecalib,61.0,19.56,76.52
standard_benchmark,scannetpp,UniDepth2-vits14,10,sf,80.04,19.56,86.06
standard_benchmark,scannetpp,UniDepth2-vits14,10,calib_shift,87.76,19.56,88.89
standard_benchmark,scannetpp,UniDepth2-vits14,10,mdecalib_shift,61.66,19.56,77.73
standard_benchmark,scannetpp,UniDepth2-vits14,10,sf_shift,35.58,19.56,38.03
standard_benchmark,scannetpp,UniDepth2-vits14,10,calib_ro,71.78,19.56,71.77
standard_benchmark,scannetpp,UniDepth2-vits14,10,mdecalib_ro,51.67,19.56,70.01
standard_benchmark,scannetpp,UniDepth2-vits14,10,sf_ro,66.2,19.56,80.23
standard_benchmark,scannetpp,UniDepth2-vits14,10,calib_shift_ro,72.0,19.56,74.1
standard_benchmark,scannetpp,UniDepth2-vits14,10,mdecalib_shift_ro,52.74,19.56,72.59
standard_benchmark,scannetpp,UniDepth2-vits14,10,sf_shift_ro,41.42,19.56,54.46
standard_benchmark,scannetpp,UniDepth2-vits14,100,calib,88.01,19.56,89.52
standard_benchmark,scannetpp,UniDepth2-vits14,100,mdecalib,61.54,19.56,78.08
standard_benchmark,scannetpp,UniDepth2-vits14,100,sf,81.02,19.56,87.69
standard_benchmark,scannetpp,UniDepth2-vits14,100,calib_shift,88.65,19.56,89.97
standard_benchmark,scannetpp,UniDepth2-vits14,100,mdecalib_shift,62.49,19.56,79.4
standard_benchmark,scannetpp,UniDepth2-vits14,100,sf_shift,60.92,19.56,67.28
standard_benchmark,scannetpp,UniDepth2-vits14,100,calib_ro,72.41,19.56,72.15
standard_benchmark,scannetpp,UniDepth2-vits14,100,mdecalib_ro,52.3,19.56,70.41
standard_benchmark,scannetpp,UniDepth2-vits14,100,sf_ro,67.0,19.56,81.04
standard_benchmark,scannetpp,UniDepth2-vits14,100,calib_shift_ro,73.21,19.56,75.17
standard_benchmark,scannetpp,UniDepth2-vits14,100,mdecalib_shift_ro,53.9,19.56,73.74
standard_benchmark,scannetpp,UniDepth2-vits14,100,sf_shift_ro,54.77,19.56,71.5
standard_benchmark,scannetpp,UniDepth2-vits14,500,calib,88.14,19.56,89.72
standard_benchmark,scannetpp,UniDepth2-vits14,500,mdecalib,61.73,19.56,78.72
standard_benchmark,scannetpp,UniDepth2-vits14,500,sf,81.22,19.56,87.99
standard_benchmark,scannetpp,UniDepth2-vits14,500,calib_shift,88.7,19.56,90.04
standard_benchmark,scannetpp,UniDepth2-vits14,500,mdecalib_shift,62.51,19.56,79.74
standard_benchmark,scannetpp,UniDepth2-vits14,500,sf_shift,70.19,19.56,78.87
standard_benchmark,scannetpp,UniDepth2-vits14,500,calib_ro,72.56,19.56,72.16
standard_benchmark,scannetpp,UniDepth2-vits14,500,mdecalib_ro,52.41,19.56,70.45
standard_benchmark,scannetpp,UniDepth2-vits14,500,sf_ro,67.08,19.56,81.15
standard_benchmark,scannetpp,UniDepth2-vits14,500,calib_shift_ro,73.42,19.56,75.26
standard_benchmark,scannetpp,UniDepth2-vits14,500,mdecalib_shift_ro,54.08,19.56,73.84
standard_benchmark,scannetpp,UniDepth2-vits14,500,sf_shift_ro,58.72,19.56,75.95
standard_benchmark,scannetpp,UniDepth2-vits14,1000,calib,88.18,19.56,89.78
standard_benchmark,scannetpp,UniDepth2-vits14,1000,mdecalib,61.81,19.56,78.94
standard_benchmark,scannetpp,UniDepth2-vits14,1000,sf,81.28,19.56,88.08
standard_benchmark,scannetpp,UniDepth2-vits14,1000,calib_shift,88.69,19.56,90.07
standard_benchmark,scannetpp,UniDepth2-vits14,1000,mdecalib_shift,62.56,19.56,79.84
standard_benchmark,scannetpp,UniDepth2-vits14,1000,sf_shift,72.72,19.56,82.02
standard_benchmark,scannetpp,UniDepth2-vits14,1000,calib_ro,72.6,19.56,72.15
standard_benchmark,scannetpp,UniDepth2-vits14,1000,mdecalib_ro,52.43,19.56,70.46
standard_benchmark,scannetpp,UniDepth2-vits14,1000,sf_ro,67.13,19.56,81.18
standard_benchmark,scannetpp,UniDepth2-vits14,1000,calib_shift_ro,73.48,19.56,75.26
standard_benchmark,scannetpp,UniDepth2-vits14,1000,mdecalib_shift_ro,54.13,19.56,73.85
standard_benchmark,scannetpp,UniDepth2-vits14,1000,sf_shift_ro,59.65,19.56,77.11
standard_benchmark,scannetpp,UniDepth2Calib-vitb14,10,calib,88.4,29.13,88.98
standard_benchmark,scannetpp,UniDepth2Calib-vitb14,10,calib_shift,88.58,29.13,89.35
standard_benchmark,scannetpp,UniDepth2Calib-vitb14,10,calib_ro,76.72,29.13,76.73
standard_benchmark,scannetpp,UniDepth2Calib-vitb14,10,calib_shift_ro,76.1,29.13,78.64
standard_benchmark,scannetpp,UniDepth2Calib-vitb14,100,calib,88.84,29.13,89.56
standard_benchmark,scannetpp,UniDepth2Calib-vitb14,100,calib_shift,89.06,29.13,89.97
standard_benchmark,scannetpp,UniDepth2Calib-vitb14,100,calib_ro,77.2,29.13,77.06
standard_benchmark,scannetpp,UniDepth2Calib-vitb14,100,calib_shift_ro,77.06,29.13,79.37
standard_benchmark,scannetpp,UniDepth2Calib-vitb14,500,calib,88.9,29.13,89.71
standard_benchmark,scannetpp,UniDepth2Calib-vitb14,500,calib_shift,89.12,29.13,90.03
standard_benchmark,scannetpp,UniDepth2Calib-vitb14,500,calib_ro,77.27,29.13,77.04
standard_benchmark,scannetpp,UniDepth2Calib-vitb14,500,calib_shift_ro,77.2,29.13,79.43
standard_benchmark,scannetpp,UniDepth2Calib-vitb14,1000,calib,88.94,29.13,89.77
standard_benchmark,scannetpp,UniDepth2Calib-vitb14,1000,calib_shift,89.13,29.13,90.05
standard_benchmark,scannetpp,UniDepth2Calib-vitb14,1000,calib_ro,77.3,29.13,77.04
standard_benchmark,scannetpp,UniDepth2Calib-vitb14,1000,calib_shift_ro,77.17,29.13,79.44
standard_benchmark,scannetpp,UniDepth2Calib-vitl14,10,calib,89.02,41.66,89.15
standard_benchmark,scannetpp,UniDepth2Calib-vitl14,10,calib_shift,88.85,41.66,89.49
standard_benchmark,scannetpp,UniDepth2Calib-vitl14,10,calib_ro,79.31,41.66,79.96
standard_benchmark,scannetpp,UniDepth2Calib-vitl14,10,calib_shift_ro,78.79,41.66,81.69
standard_benchmark,scannetpp,UniDepth2Calib-vitl14,100,calib,89.38,41.66,89.63
standard_benchmark,scannetpp,UniDepth2Calib-vitl14,100,calib_shift,89.22,41.66,89.97
standard_benchmark,scannetpp,UniDepth2Calib-vitl14,100,calib_ro,79.8,41.66,80.27
standard_benchmark,scannetpp,UniDepth2Calib-vitl14,100,calib_shift_ro,79.48,41.66,82.28
standard_benchmark,scannetpp,UniDepth2Calib-vitl14,500,calib,89.41,41.66,89.74
standard_benchmark,scannetpp,UniDepth2Calib-vitl14,500,calib_shift,89.26,41.66,90.03
standard_benchmark,scannetpp,UniDepth2Calib-vitl14,500,calib_ro,79.87,41.66,80.27
standard_benchmark,scannetpp,UniDepth2Calib-vitl14,500,calib_shift_ro,79.62,41.66,82.33
standard_benchmark,scannetpp,UniDepth2Calib-vitl14,1000,calib,89.41,41.66,89.78
standard_benchmark,scannetpp,UniDepth2Calib-vitl14,1000,calib_shift,89.3,41.66,90.05
standard_benchmark,scannetpp,UniDepth2Calib-vitl14,1000,calib_ro,79.88,41.66,80.25
standard_benchmark,scannetpp,UniDepth2Calib-vitl14,1000,calib_shift_ro,79.6,41.66,82.34
standard_benchmark,scannetpp,UniDepth2Calib-vits14,10,calib,87.4,20.8,88.61
standard_benchmark,scannetpp,UniDepth2Calib-vits14,10,calib_shift,87.75,20.8,88.91
standard_benchmark,scannetpp,UniDepth2Calib-vits14,10,calib_ro,71.87,20.8,71.81
standard_benchmark,scannetpp,UniDepth2Calib-vits14,10,calib_shift_ro,71.99,20.8,74.1
standard_benchmark,scannetpp,UniDepth2Calib-vits14,100,calib,88.03,20.8,89.53
standard_benchmark,scannetpp,UniDepth2Calib-vits14,100,calib_shift,88.6,20.8,89.96
standard_benchmark,scannetpp,UniDepth2Calib-vits14,100,calib_ro,72.53,20.8,72.17
standard_benchmark,scannetpp,UniDepth2Calib-vits14,100,calib_shift_ro,73.2,20.8,75.13
standard_benchmark,scannetpp,UniDepth2Calib-vits14,500,calib,88.14,20.8,89.72
standard_benchmark,scannetpp,UniDepth2Calib-vits14,500,calib_shift,88.62,20.8,90.04
standard_benchmark,scannetpp,UniDepth2Calib-vits14,500,calib_ro,72.66,20.8,72.19
standard_benchmark,scannetpp,UniDepth2Calib-vits14,500,calib_shift_ro,73.4,20.8,75.22
standard_benchmark,scannetpp,UniDepth2Calib-vits14,1000,calib,88.17,20.8,89.78
standard_benchmark,scannetpp,UniDepth2Calib-vits14,1000,calib_shift,88.59,20.8,90.07
standard_benchmark,scannetpp,UniDepth2Calib-vits14,1000,calib_ro,72.68,20.8,72.18
standard_benchmark,scannetpp,UniDepth2Calib-vits14,1000,calib_shift_ro,73.43,20.8,75.23
standard_benchmark,scannetpp,UniK3D-vitl,10,calib,89.1,42.98,89.23
standard_benchmark,scannetpp,UniK3D-vitl,10,sf,83.31,42.98,87.2
standard_benchmark,scannetpp,UniK3D-vitl,10,calib_shift,88.95,42.98,89.58
standard_benchmark,scannetpp,UniK3D-vitl,10,sf_shift,37.42,42.98,38.86
standard_benchmark,scannetpp,UniK3D-vitl,10,calib_ro,79.47,42.98,80.13
standard_benchmark,scannetpp,UniK3D-vitl,10,sf_ro,75.01,42.98,86.24
standard_benchmark,scannetpp,UniK3D-vitl,10,calib_shift_ro,79.13,42.98,81.95
standard_benchmark,scannetpp,UniK3D-vitl,10,sf_shift_ro,46.74,42.98,56.9
standard_benchmark,scannetpp,UniK3D-vitl,100,calib,89.38,42.98,89.63
standard_benchmark,scannetpp,UniK3D-vitl,100,sf,83.89,42.98,87.94
standard_benchmark,scannetpp,UniK3D-vitl,100,calib_shift,89.3,42.98,90.0
standard_benchmark,scannetpp,UniK3D-vitl,100,sf_shift,63.13,42.98,67.73
standard_benchmark,scannetpp,UniK3D-vitl,100,calib_ro,79.84,42.98,80.41
standard_benchmark,scannetpp,UniK3D-vitl,100,sf_ro,75.6,42.98,86.8
standard_benchmark,scannetpp,UniK3D-vitl,100,calib_shift_ro,79.72,42.98,82.55
standard_benchmark,scannetpp,UniK3D-vitl,100,sf_shift_ro,61.79,42.98,75.22
standard_benchmark,scannetpp,UniK3D-vitl,500,calib,89.43,42.98,89.75
standard_benchmark,scannetpp,UniK3D-vitl,500,sf,84.01,42.98,88.11
standard_benchmark,scannetpp,UniK3D-vitl,500,calib_shift,89.33,42.98,90.03
standard_benchmark,scannetpp,UniK3D-vitl,500,sf_shift,72.52,42.98,79.14
standard_benchmark,scannetpp,UniK3D-vitl,500,calib_ro,79.95,42.98,80.44
standard_benchmark,scannetpp,UniK3D-vitl,500,sf_ro,75.67,42.98,86.88
standard_benchmark,scannetpp,UniK3D-vitl,500,calib_shift_ro,79.85,42.98,82.58
standard_benchmark,scannetpp,UniK3D-vitl,500,sf_shift_ro,66.27,42.98,80.23
standard_benchmark,scannetpp,UniK3D-vitl,1000,calib,89.45,42.98,89.79
standard_benchmark,scannetpp,UniK3D-vitl,1000,sf,84.01,42.98,88.15
standard_benchmark,scannetpp,UniK3D-vitl,1000,calib_shift,89.35,42.98,90.05
standard_benchmark,scannetpp,UniK3D-vitl,1000,sf_shift,74.81,42.98,82.29
standard_benchmark,scannetpp,UniK3D-vitl,1000,calib_ro,79.95,42.98,80.43
standard_benchmark,scannetpp,UniK3D-vitl,1000,sf_ro,75.68,42.98,86.88
standard_benchmark,scannetpp,UniK3D-vitl,1000,calib_shift_ro,79.86,42.98,82.59
standard_benchmark,scannetpp,UniK3D-vitl,1000,sf_shift_ro,67.63,42.98,81.68
standard_benchmark,scannetpp,UniK3DCalib-vitl,10,calib,89.15,44.38,89.25
standard_benchmark,scannetpp,UniK3DCalib-vitl,10,calib_shift,88.93,44.38,89.54
standard_benchmark,scannetpp,UniK3DCalib-vitl,10,calib_ro,79.69,44.38,80.26
standard_benchmark,scannetpp,UniK3DCalib-vitl,10,calib_shift_ro,79.18,44.38,81.99
standard_benchmark,scannetpp,UniK3DCalib-vitl,100,calib,89.43,44.38,89.64
standard_benchmark,scannetpp,UniK3DCalib-vitl,100,calib_shift,89.33,44.38,89.99
standard_benchmark,scannetpp,UniK3DCalib-vitl,100,calib_ro,80.01,44.38,80.57
standard_benchmark,scannetpp,UniK3DCalib-vitl,100,calib_shift_ro,79.82,44.38,82.57
standard_benchmark,scannetpp,UniK3DCalib-vitl,500,calib,89.48,44.38,89.76
standard_benchmark,scannetpp,UniK3DCalib-vitl,500,calib_shift,89.33,44.38,90.04
standard_benchmark,scannetpp,UniK3DCalib-vitl,500,calib_ro,80.11,44.38,80.58
standard_benchmark,scannetpp,UniK3DCalib-vitl,500,calib_shift_ro,79.89,44.38,82.61
standard_benchmark,scannetpp,UniK3DCalib-vitl,1000,calib,89.51,44.38,89.8
standard_benchmark,scannetpp,UniK3DCalib-vitl,1000,calib_shift,89.33,44.38,90.05
standard_benchmark,scannetpp,UniK3DCalib-vitl,1000,calib_ro,80.16,44.38,80.58
standard_benchmark,scannetpp,UniK3DCalib-vitl,1000,calib_shift_ro,79.93,44.38,82.61
standard_benchmark,scannetpp,VGGT-VGGT-1B,10,calib,87.92,91.41,88.84
standard_benchmark,scannetpp,VGGT-VGGT-1B,10,mdecalib,47.97,91.41,69.29
standard_benchmark,scannetpp,VGGT-VGGT-1B,10,sf,81.31,91.41,86.43
standard_benchmark,scannetpp,VGGT-VGGT-1B,10,calib_shift,88.56,91.41,89.3
standard_benchmark,scannetpp,VGGT-VGGT-1B,10,mdecalib_shift,49.36,91.41,71.07
standard_benchmark,scannetpp,VGGT-VGGT-1B,10,sf_shift,37.54,91.41,39.21
standard_benchmark,scannetpp,VGGT-VGGT-1B,10,calib_ro,77.42,91.41,77.33
standard_benchmark,scannetpp,VGGT-VGGT-1B,10,mdecalib_ro,43.07,91.41,73.44
standard_benchmark,scannetpp,VGGT-VGGT-1B,10,sf_ro,72.11,91.41,84.71
standard_benchmark,scannetpp,VGGT-VGGT-1B,10,calib_shift_ro,77.87,91.41,79.7
standard_benchmark,scannetpp,VGGT-VGGT-1B,10,mdecalib_shift_ro,44.77,91.41,76.59
standard_benchmark,scannetpp,VGGT-VGGT-1B,10,sf_shift_ro,46.31,91.41,56.67
standard_benchmark,scannetpp,VGGT-VGGT-1B,100,calib,88.39,91.41,89.47
standard_benchmark,scannetpp,VGGT-VGGT-1B,100,mdecalib,48.29,91.41,71.02
standard_benchmark,scannetpp,VGGT-VGGT-1B,100,sf,81.95,91.41,87.52
standard_benchmark,scannetpp,VGGT-VGGT-1B,100,calib_shift,89.04,91.41,89.95
standard_benchmark,scannetpp,VGGT-VGGT-1B,100,mdecalib_shift,49.68,91.41,72.83
standard_benchmark,scannetpp,VGGT-VGGT-1B,100,sf_shift,62.66,91.41,67.97
standard_benchmark,scannetpp,VGGT-VGGT-1B,100,calib_ro,77.74,91.41,77.66
standard_benchmark,scannetpp,VGGT-VGGT-1B,100,mdecalib_ro,43.42,91.41,73.86
standard_benchmark,scannetpp,VGGT-VGGT-1B,100,sf_ro,72.81,91.41,85.36
standard_benchmark,scannetpp,VGGT-VGGT-1B,100,calib_shift_ro,78.7,91.41,80.41
standard_benchmark,scannetpp,VGGT-VGGT-1B,100,mdecalib_shift_ro,45.27,91.41,77.43
standard_benchmark,scannetpp,VGGT-VGGT-1B,100,sf_shift_ro,61.09,91.41,74.88
standard_benchmark,scannetpp,VGGT-VGGT-1B,500,calib,88.43,91.41,89.66
standard_benchmark,scannetpp,VGGT-VGGT-1B,500,mdecalib,48.52,91.41,72.02
standard_benchmark,scannetpp,VGGT-VGGT-1B,500,sf,82.08,91.41,87.73
standard_benchmark,scannetpp,VGGT-VGGT-1B,500,calib_shift,89.1,91.41,90.02
standard_benchmark,scannetpp,VGGT-VGGT-1B,500,mdecalib_shift,49.73,91.41,73.41
standard_benchmark,scannetpp,VGGT-VGGT-1B,500,sf_shift,71.75,91.41,79.55
standard_benchmark,scannetpp,VGGT-VGGT-1B,500,calib_ro,77.8,91.41,77.67
standard_benchmark,scannetpp,VGGT-VGGT-1B,500,mdecalib_ro,43.5,91.41,73.87
standard_benchmark,scannetpp,VGGT-VGGT-1B,500,sf_ro,72.91,91.41,85.44
standard_benchmark,scannetpp,VGGT-VGGT-1B,500,calib_shift_ro,78.82,91.41,80.47
standard_benchmark,scannetpp,VGGT-VGGT-1B,500,mdecalib_shift_ro,45.36,91.41,77.51
standard_benchmark,scannetpp,VGGT-VGGT-1B,500,sf_shift_ro,65.53,91.41,79.59
standard_benchmark,scannetpp,VGGT-VGGT-1B,1000,calib,88.45,91.41,89.71
standard_benchmark,scannetpp,VGGT-VGGT-1B,1000,mdecalib,48.66,91.41,72.45
standard_benchmark,scannetpp,VGGT-VGGT-1B,1000,sf,82.1,91.41,87.8
standard_benchmark,scannetpp,VGGT-VGGT-1B,1000,calib_shift,89.11,91.41,90.04
standard_benchmark,scannetpp,VGGT-VGGT-1B,1000,mdecalib_shift,49.76,91.41,73.59
standard_benchmark,scannetpp,VGGT-VGGT-1B,1000,sf_shift,73.83,91.41,82.38
standard_benchmark,scannetpp,VGGT-VGGT-1B,1000,calib_ro,77.81,91.41,77.68
standard_benchmark,scannetpp,VGGT-VGGT-1B,1000,mdecalib_ro,43.51,91.41,73.87
standard_benchmark,scannetpp,VGGT-VGGT-1B,1000,sf_ro,72.92,91.41,85.46
standard_benchmark,scannetpp,VGGT-VGGT-1B,1000,calib_shift_ro,78.85,91.41,80.48
standard_benchmark,scannetpp,VGGT-VGGT-1B,1000,mdecalib_shift_ro,45.44,91.41,77.53
standard_benchmark,scannetpp,VGGT-VGGT-1B,1000,sf_shift_ro,66.72,91.41,80.85
standard_benchmark,scannetpp,gt,10,calib,91.26,0.0,89.56
standard_benchmark,scannetpp,gt,10,sf,88.19,0.0,87.94
standard_benchmark,scannetpp,gt,10,calib_shift,90.87,0.0,89.96
standard_benchmark,scannetpp,gt,10,sf_shift,41.51,0.0,40.27
standard_benchmark,scannetpp,gt,10,calib_ro,91.65,0.0,99.79
standard_benchmark,scannetpp,gt,10,sf_ro,95.01,0.0,99.82
standard_benchmark,scannetpp,gt,10,calib_shift_ro,90.43,0.0,99.8
standard_benchmark,scannetpp,gt,10,sf_shift_ro,62.1,0.0,62.01
standard_benchmark,scannetpp,gt,100,calib,91.25,0.0,89.62
standard_benchmark,scannetpp,gt,100,sf,88.19,0.0,87.96
standard_benchmark,scannetpp,gt,100,calib_shift,90.84,0.0,89.99
standard_benchmark,scannetpp,gt,100,sf_shift,68.4,0.0,69.41
standard_benchmark,scannetpp,gt,100,calib_ro,91.71,0.0,99.8
standard_benchmark,scannetpp,gt,100,sf_ro,95.03,0.0,99.82
standard_benchmark,scannetpp,gt,100,calib_shift_ro,90.47,0.0,99.8
standard_benchmark,scannetpp,gt,100,sf_shift_ro,82.06,0.0,84.47
standard_benchmark,scannetpp,gt,500,calib,91.23,0.0,89.69
standard_benchmark,scannetpp,gt,500,sf,88.09,0.0,88.0
standard_benchmark,scannetpp,gt,500,calib_shift,90.8,0.0,90.02
standard_benchmark,scannetpp,gt,500,sf_shift,77.53,0.0,80.56
standard_benchmark,scannetpp,gt,500,calib_ro,91.72,0.0,99.8
standard_benchmark,scannetpp,gt,500,sf_ro,95.03,0.0,99.82
standard_benchmark,scannetpp,gt,500,calib_shift_ro,90.47,0.0,99.8
standard_benchmark,scannetpp,gt,500,sf_shift_ro,87.6,0.0,90.86
standard_benchmark,scannetpp,gt,1000,calib,91.21,0.0,89.73
standard_benchmark,scannetpp,gt,1000,sf,88.04,0.0,88.02
standard_benchmark,scannetpp,gt,1000,calib_shift,90.76,0.0,90.04
standard_benchmark,scannetpp,gt,1000,sf_shift,79.35,0.0,83.32
standard_benchmark,scannetpp,gt,1000,calib_ro,91.72,0.0,99.8
standard_benchmark,scannetpp,gt,1000,sf_ro,95.03,0.0,99.82
standard_benchmark,scannetpp,gt,1000,calib_shift_ro,90.47,0.0,99.8
standard_benchmark,scannetpp,gt,1000,sf_shift_ro,89.21,0.0,92.86
standard_benchmark,scannetpp,none,10,baseline_calib,88.15,0.0,89.86
standard_benchmark,scannetpp,none,10,baseline_sf,78.49,0.0,88.25
standard_benchmark,scannetpp,none,100,baseline_calib,88.42,0.0,90.15
standard_benchmark,scannetpp,none,100,baseline_sf,79.28,0.0,89.06
standard_benchmark,scannetpp,none,500,baseline_calib,88.49,0.0,90.18
standard_benchmark,scannetpp,none,500,baseline_sf,79.41,0.0,89.12
standard_benchmark,scannetpp,none,1000,baseline_calib,88.49,0.0,90.18
standard_benchmark,scannetpp,none,1000,baseline_sf,79.41,0.0,89.13
standard_benchmark,lamar,DepthAnythingV2-vitb,10,calib,82.89,77.69,74.35
standard_benchmark,lamar,DepthAnythingV2-vitb,10,sf,60.54,77.69,64.66
standard_benchmark,lamar,DepthAnythingV2-vitb,10,calib_shift,85.05,77.69,76.17
standard_benchmark,lamar,DepthAnythingV2-vitb,10,sf_shift,37.72,77.69,33.55
standard_benchmark,lamar,DepthAnythingV2-vitb,10,calib_ro,58.9,77.69,42.05
standard_benchmark,lamar,DepthAnythingV2-vitb,10,sf_ro,34.93,77.69,63.9
standard_benchmark,lamar,DepthAnythingV2-vitb,10,calib_shift_ro,71.63,77.69,54.89
standard_benchmark,lamar,DepthAnythingV2-vitb,10,sf_shift_ro,34.82,77.69,52.59
standard_benchmark,lamar,DepthAnythingV2-vitb,100,calib,90.45,77.69,81.16
standard_benchmark,lamar,DepthAnythingV2-vitb,100,sf,72.15,77.69,77.82
standard_benchmark,lamar,DepthAnythingV2-vitb,100,calib_shift,91.83,77.69,82.16
standard_benchmark,lamar,DepthAnythingV2-vitb,100,sf_shift,59.68,77.69,62.81
standard_benchmark,lamar,DepthAnythingV2-vitb,100,calib_ro,59.6,77.69,42.83
standard_benchmark,lamar,DepthAnythingV2-vitb,100,sf_ro,36.37,77.69,66.86
standard_benchmark,lamar,DepthAnythingV2-vitb,100,calib_shift_ro,73.43,77.69,56.99
standard_benchmark,lamar,DepthAnythingV2-vitb,100,sf_shift_ro,42.63,77.69,67.94
standard_benchmark,lamar,DepthAnythingV2-vitb,500,calib,92.1,77.69,82.46
standard_benchmark,lamar,DepthAnythingV2-vitb,500,sf,75.26,77.69,80.86
standard_benchmark,lamar,DepthAnythingV2-vitb,500,calib_shift,92.87,77.69,82.89
standard_benchmark,lamar,DepthAnythingV2-vitb,500,sf_shift,67.9,77.69,72.58
standard_benchmark,lamar,DepthAnythingV2-vitb,500,calib_ro,59.76,77.69,42.87
standard_benchmark,lamar,DepthAnythingV2-vitb,500,sf_ro,36.36,77.69,67.29
standard_benchmark,lamar,DepthAnythingV2-vitb,500,calib_shift_ro,73.67,77.69,57.24
standard_benchmark,lamar,DepthAnythingV2-vitb,500,sf_shift_ro,44.89,77.69,71.18
standard_benchmark,lamar,DepthAnythingV2-vitb,1000,calib,92.56,77.69,82.75
standard_benchmark,lamar,DepthAnythingV2-vitb,1000,sf,76.09,77.69,81.51
standard_benchmark,lamar,DepthAnythingV2-vitb,1000,calib_shift,93.08,77.69,83.0
standard_benchmark,lamar,DepthAnythingV2-vitb,1000,sf_shift,69.95,77.69,75.01
standard_benchmark,lamar,DepthAnythingV2-vitb,1000,calib_ro,59.82,77.69,42.86
standard_benchmark,lamar,DepthAnythingV2-vitb,1000,sf_ro,36.31,77.69,67.38
standard_benchmark,lamar,DepthAnythingV2-vitb,1000,calib_shift_ro,73.75,77.69,57.25
standard_benchmark,lamar,DepthAnythingV2-vitb,1000,sf_shift_ro,45.31,77.69,72.01
standard_benchmark,lamar,DepthAnythingV2-vitl,10,calib,68.03,156.59,29.13
standard_benchmark,lamar,DepthAnythingV2-vitl,10,sf,60.25,156.59,64.58
standard_benchmark,lamar,DepthAnythingV2-vitl,10,calib_shift,78.43,156.59,48.03
standard_benchmark,lamar,DepthAnythingV2-vitl,10,sf_shift,36.61,156.59,33.25
standard_benchmark,lamar,DepthAnythingV2-vitl,10,calib_ro,58.23,156.59,41.93
standard_benchmark,lamar,DepthAnythingV2-vitl,10,sf_ro,34.47,156.59,63.65
standard_benchmark,lamar,DepthAnythingV2-vitl,10,calib_shift_ro,70.22,156.59,55.29
standard_benchmark,lamar,DepthAnythingV2-vitl,10,sf_shift_ro,33.25,156.59,51.14
standard_benchmark,lamar,DepthAnythingV2-vitl,100,calib,76.2,156.59,36.35
standard_benchmark,lamar,DepthAnythingV2-vitl,100,sf,71.7,156.59,77.3
standard_benchmark,lamar,DepthAnythingV2-vitl,100,calib_shift,86.03,156.59,59.58
standard_benchmark,lamar,DepthAnythingV2-vitl,100,sf_shift,59.62,156.59,63.02
standard_benchmark,lamar,DepthAnythingV2-vitl,100,calib_ro,58.72,156.59,42.82
standard_benchmark,lamar,DepthAnythingV2-vitl,100,sf_ro,35.54,156.59,66.74
standard_benchmark,lamar,DepthAnythingV2-vitl,100,calib_shift_ro,72.05,156.59,57.05
standard_benchmark,lamar,DepthAnythingV2-vitl,100,sf_shift_ro,42.15,156.59,68.25
standard_benchmark,lamar,DepthAnythingV2-vitl,500,calib,79.27,156.59,39.59
standard_benchmark,lamar,DepthAnythingV2-vitl,500,sf,74.89,156.59,80.61
standard_benchmark,lamar,DepthAnythingV2-vitl,500,calib_shift,88.36,156.59,65.25
standard_benchmark,lamar,DepthAnythingV2-vitl,500,sf_shift,68.16,156.59,73.09
standard_benchmark,lamar,DepthAnythingV2-vitl,500,calib_ro,58.88,156.59,42.86
standard_benchmark,lamar,DepthAnythingV2-vitl,500,sf_ro,35.46,156.59,67.19
standard_benchmark,lamar,DepthAnythingV2-vitl,500,calib_shift_ro,72.24,156.59,57.28
standard_benchmark,lamar,DepthAnythingV2-vitl,500,sf_shift_ro,44.4,156.59,71.62
standard_benchmark,lamar,DepthAnythingV2-vitl,1000,calib,80.21,156.59,40.95
standard_benchmark,lamar,DepthAnythingV2-vitl,1000,sf,75.83,156.59,81.39
standard_benchmark,lamar,DepthAnythingV2-vitl,1000,calib_shift,89.27,156.59,67.6
standard_benchmark,lamar,DepthAnythingV2-vitl,1000,sf_shift,70.03,156.59,75.36
standard_benchmark,lamar,DepthAnythingV2-vitl,1000,calib_ro,58.9,156.59,42.85
standard_benchmark,lamar,DepthAnythingV2-vitl,1000,sf_ro,35.47,156.59,67.31
standard_benchmark,lamar,DepthAnythingV2-vitl,1000,calib_shift_ro,72.32,156.59,57.3
standard_benchmark,lamar,DepthAnythingV2-vitl,1000,sf_shift_ro,44.99,156.59,72.44
standard_benchmark,lamar,DepthAnythingV2-vits,10,calib,83.08,53.46,74.63
standard_benchmark,lamar,DepthAnythingV2-vits,10,sf,60.83,53.46,64.17
standard_benchmark,lamar,DepthAnythingV2-vits,10,calib_shift,84.52,53.46,75.59
standard_benchmark,lamar,DepthAnythingV2-vits,10,sf_shift,36.94,53.46,31.52
standard_benchmark,lamar,DepthAnythingV2-vits,10,calib_ro,59.17,53.46,40.39
standard_benchmark,lamar,DepthAnythingV2-vits,10,sf_ro,34.6,53.46,62.95
standard_benchmark,lamar,DepthAnythingV2-vits,10,calib_shift_ro,70.62,53.46,52.81
standard_benchmark,lamar,DepthAnythingV2-vits,10,sf_shift_ro,34.01,53.46,51.59
standard_benchmark,lamar,DepthAnythingV2-vits,100,calib,90.48,53.46,81.21
standard_benchmark,lamar,DepthAnythingV2-vits,100,sf,72.55,53.46,77.75
standard_benchmark,lamar,DepthAnythingV2-vits,100,calib_shift,91.67,53.46,82.04
standard_benchmark,lamar,DepthAnythingV2-vits,100,sf_shift,59.9,53.46,61.94
standard_benchmark,lamar,DepthAnythingV2-vits,100,calib_ro,59.89,53.46,41.24
standard_benchmark,lamar,DepthAnythingV2-vits,100,sf_ro,36.04,53.46,66.17
standard_benchmark,lamar,DepthAnythingV2-vits,100,calib_shift_ro,72.87,53.46,55.11
standard_benchmark,lamar,DepthAnythingV2-vits,100,sf_shift_ro,42.04,53.46,66.86
standard_benchmark,lamar,DepthAnythingV2-vits,500,calib,92.19,53.46,82.5
standard_benchmark,lamar,DepthAnythingV2-vits,500,sf,75.59,53.46,80.81
standard_benchmark,lamar,DepthAnythingV2-vits,500,calib_shift,92.97,53.46,82.87
standard_benchmark,lamar,DepthAnythingV2-vits,500,sf_shift,68.21,53.46,72.1
standard_benchmark,lamar,DepthAnythingV2-vits,500,calib_ro,60.13,53.46,41.28
standard_benchmark,lamar,DepthAnythingV2-vits,500,sf_ro,36.13,53.46,66.64
standard_benchmark,lamar,DepthAnythingV2-vits,500,calib_shift_ro,73.41,53.46,55.33
standard_benchmark,lamar,DepthAnythingV2-vits,500,sf_shift_ro,44.53,53.46,70.08
standard_benchmark,lamar,DepthAnythingV2-vits,1000,calib,92.49,53.46,82.74
standard_benchmark,lamar,DepthAnythingV2-vits,1000,sf,76.52,53.46,81.6
standard_benchmark,lamar,DepthAnythingV2-vits,1000,calib_shift,93.16,53.46,82.98
standard_benchmark,lamar,DepthAnythingV2-vits,1000,sf_shift,70.78,53.46,74.74
standard_benchmark,lamar,DepthAnythingV2-vits,1000,calib_ro,60.19,53.46,41.27
standard_benchmark,lamar,DepthAnythingV2-vits,1000,sf_ro,36.05,53.46,66.73
standard_benchmark,lamar,DepthAnythingV2-vits,1000,calib_shift_ro,73.41,53.46,55.37
standard_benchmark,lamar,DepthAnythingV2-vits,1000,sf_shift_ro,45.12,53.46,70.85
standard_benchmark,lamar,DepthAnythingV3-DA3METRIC-LARGE,10,calib,88.31,76.72,78.03
standard_benchmark,lamar,DepthAnythingV3-DA3METRIC-LARGE,10,sf,74.57,76.72,74.56
standard_benchmark,lamar,DepthAnythingV3-DA3METRIC-LARGE,10,calib_shift,85.86,76.72,75.99
standard_benchmark,lamar,DepthAnythingV3-DA3METRIC-LARGE,10,sf_shift,38.89,76.72,31.57
standard_benchmark,lamar,DepthAnythingV3-DA3METRIC-LARGE,10,calib_ro,83.17,76.72,62.64
standard_benchmark,lamar,DepthAnythingV3-DA3METRIC-LARGE,10,sf_ro,64.73,76.72,79.32
standard_benchmark,lamar,DepthAnythingV3-DA3METRIC-LARGE,10,calib_shift_ro,83.27,76.72,65.69
standard_benchmark,lamar,DepthAnythingV3-DA3METRIC-LARGE,10,sf_shift_ro,45.26,76.72,55.81
standard_benchmark,lamar,DepthAnythingV3-DA3METRIC-LARGE,100,calib,93.17,76.72,81.42
standard_benchmark,lamar,DepthAnythingV3-DA3METRIC-LARGE,100,sf,81.36,76.72,80.82
standard_benchmark,lamar,DepthAnythingV3-DA3METRIC-LARGE,100,calib_shift,92.51,76.72,81.12
standard_benchmark,lamar,DepthAnythingV3-DA3METRIC-LARGE,100,sf_shift,61.74,76.72,61.26
standard_benchmark,lamar,DepthAnythingV3-DA3METRIC-LARGE,100,calib_ro,83.87,76.72,63.06
standard_benchmark,lamar,DepthAnythingV3-DA3METRIC-LARGE,100,sf_ro,65.97,76.72,80.57
standard_benchmark,lamar,DepthAnythingV3-DA3METRIC-LARGE,100,calib_shift_ro,85.24,76.72,67.38
standard_benchmark,lamar,DepthAnythingV3-DA3METRIC-LARGE,100,sf_shift_ro,56.9,76.72,73.4
standard_benchmark,lamar,DepthAnythingV3-DA3METRIC-LARGE,500,calib,93.8,76.72,81.82
standard_benchmark,lamar,DepthAnythingV3-DA3METRIC-LARGE,500,sf,82.86,76.72,81.76
standard_benchmark,lamar,DepthAnythingV3-DA3METRIC-LARGE,500,calib_shift,93.64,76.72,81.77
standard_benchmark,lamar,DepthAnythingV3-DA3METRIC-LARGE,500,sf_shift,69.88,76.72,70.99
standard_benchmark,lamar,DepthAnythingV3-DA3METRIC-LARGE,500,calib_ro,83.98,76.72,63.05
standard_benchmark,lamar,DepthAnythingV3-DA3METRIC-LARGE,500,sf_ro,66.0,76.72,80.66
standard_benchmark,lamar,DepthAnythingV3-DA3METRIC-LARGE,500,calib_shift_ro,85.44,76.72,67.53
standard_benchmark,lamar,DepthAnythingV3-DA3METRIC-LARGE,500,sf_shift_ro,60.26,76.72,77.67
standard_benchmark,lamar,DepthAnythingV3-DA3METRIC-LARGE,1000,calib,93.95,76.72,81.88
standard_benchmark,lamar,DepthAnythingV3-DA3METRIC-LARGE,1000,sf,83.11,76.72,81.96
standard_benchmark,lamar,DepthAnythingV3-DA3METRIC-LARGE,1000,calib_shift,93.84,76.72,81.88
standard_benchmark,lamar,DepthAnythingV3-DA3METRIC-LARGE,1000,sf_shift,71.89,76.72,73.26
standard_benchmark,lamar,DepthAnythingV3-DA3METRIC-LARGE,1000,calib_ro,83.98,76.72,63.05
standard_benchmark,lamar,DepthAnythingV3-DA3METRIC-LARGE,1000,sf_ro,65.97,76.72,80.68
standard_benchmark,lamar,DepthAnythingV3-DA3METRIC-LARGE,1000,calib_shift_ro,85.54,76.72,67.56
standard_benchmark,lamar,DepthAnythingV3-DA3METRIC-LARGE,1000,sf_shift_ro,61.2,76.72,78.67
standard_benchmark,lamar,DepthAnythingV3-DA3MONO-LARGE,10,calib,87.53,76.35,77.2
standard_benchmark,lamar,DepthAnythingV3-DA3MONO-LARGE,10,sf,70.14,76.35,71.51
standard_benchmark,lamar,DepthAnythingV3-DA3MONO-LARGE,10,calib_shift,85.18,76.35,75.65
standard_benchmark,lamar,DepthAnythingV3-DA3MONO-LARGE,10,sf_shift,38.3,76.35,32.51
standard_benchmark,lamar,DepthAnythingV3-DA3MONO-LARGE,10,calib_ro,79.33,76.35,52.77
standard_benchmark,lamar,DepthAnythingV3-DA3MONO-LARGE,10,sf_ro,54.7,76.35,69.58
standard_benchmark,lamar,DepthAnythingV3-DA3MONO-LARGE,10,calib_shift_ro,81.83,76.35,61.62
standard_benchmark,lamar,DepthAnythingV3-DA3MONO-LARGE,10,sf_shift_ro,41.98,76.35,55.84
standard_benchmark,lamar,DepthAnythingV3-DA3MONO-LARGE,100,calib,92.98,76.35,81.12
standard_benchmark,lamar,DepthAnythingV3-DA3MONO-LARGE,100,sf,78.81,76.35,80.02
standard_benchmark,lamar,DepthAnythingV3-DA3MONO-LARGE,100,calib_shift,92.02,76.35,80.87
standard_benchmark,lamar,DepthAnythingV3-DA3MONO-LARGE,100,sf_shift,60.42,76.35,61.69
standard_benchmark,lamar,DepthAnythingV3-DA3MONO-LARGE,100,calib_ro,80.32,76.35,53.27
standard_benchmark,lamar,DepthAnythingV3-DA3MONO-LARGE,100,sf_ro,56.71,76.35,71.38
standard_benchmark,lamar,DepthAnythingV3-DA3MONO-LARGE,100,calib_shift_ro,83.94,76.35,63.44
standard_benchmark,lamar,DepthAnythingV3-DA3MONO-LARGE,100,sf_shift_ro,52.65,76.35,73.62
standard_benchmark,lamar,DepthAnythingV3-DA3MONO-LARGE,500,calib,93.76,76.35,81.74
standard_benchmark,lamar,DepthAnythingV3-DA3MONO-LARGE,500,sf,80.74,76.35,81.45
standard_benchmark,lamar,DepthAnythingV3-DA3MONO-LARGE,500,calib_shift,93.53,76.35,81.75
standard_benchmark,lamar,DepthAnythingV3-DA3MONO-LARGE,500,sf_shift,68.25,76.35,71.53
standard_benchmark,lamar,DepthAnythingV3-DA3MONO-LARGE,500,calib_ro,80.45,76.35,53.29
standard_benchmark,lamar,DepthAnythingV3-DA3MONO-LARGE,500,sf_ro,57.02,76.35,71.59
standard_benchmark,lamar,DepthAnythingV3-DA3MONO-LARGE,500,calib_shift_ro,84.36,76.35,63.61
standard_benchmark,lamar,DepthAnythingV3-DA3MONO-LARGE,500,sf_shift_ro,55.67,76.35,77.65
standard_benchmark,lamar,DepthAnythingV3-DA3MONO-LARGE,1000,calib,93.9,76.35,81.84
standard_benchmark,lamar,DepthAnythingV3-DA3MONO-LARGE,1000,sf,81.02,76.35,81.76
standard_benchmark,lamar,DepthAnythingV3-DA3MONO-LARGE,1000,calib_shift,93.73,76.35,81.87
standard_benchmark,lamar,DepthAnythingV3-DA3MONO-LARGE,1000,sf_shift,70.36,76.35,73.92
standard_benchmark,lamar,DepthAnythingV3-DA3MONO-LARGE,1000,calib_ro,80.48,76.35,53.28
standard_benchmark,lamar,DepthAnythingV3-DA3MONO-LARGE,1000,sf_ro,57.15,76.35,71.64
standard_benchmark,lamar,DepthAnythingV3-DA3MONO-LARGE,1000,calib_shift_ro,84.37,76.35,63.64
standard_benchmark,lamar,DepthAnythingV3-DA3MONO-LARGE,1000,sf_shift_ro,56.54,76.35,78.53
standard_benchmark,lamar,DepthAnythingV3Calib-DA3METRIC-LARGE,10,calib,88.28,56.59,78.03
standard_benchmark,lamar,DepthAnythingV3Calib-DA3METRIC-LARGE,10,calib_shift,85.84,56.59,75.99
standard_benchmark,lamar,DepthAnythingV3Calib-DA3METRIC-LARGE,10,calib_ro,83.17,56.59,62.64
standard_benchmark,lamar,DepthAnythingV3Calib-DA3METRIC-LARGE,10,calib_shift_ro,83.26,56.59,65.68
standard_benchmark,lamar,DepthAnythingV3Calib-DA3METRIC-LARGE,100,calib,93.17,56.59,81.42
standard_benchmark,lamar,DepthAnythingV3Calib-DA3METRIC-LARGE,100,calib_shift,92.52,56.59,81.12
standard_benchmark,lamar,DepthAnythingV3Calib-DA3METRIC-LARGE,100,calib_ro,83.87,56.59,63.05
standard_benchmark,lamar,DepthAnythingV3Calib-DA3METRIC-LARGE,100,calib_shift_ro,85.25,56.59,67.38
standard_benchmark,lamar,DepthAnythingV3Calib-DA3METRIC-LARGE,500,calib,93.8,56.59,81.82
standard_benchmark,lamar,DepthAnythingV3Calib-DA3METRIC-LARGE,500,calib_shift,93.63,56.59,81.77
standard_benchmark,lamar,DepthAnythingV3Calib-DA3METRIC-LARGE,500,calib_ro,83.98,56.59,63.05
standard_benchmark,lamar,DepthAnythingV3Calib-DA3METRIC-LARGE,500,calib_shift_ro,85.43,56.59,67.53
standard_benchmark,lamar,DepthAnythingV3Calib-DA3METRIC-LARGE,1000,calib,93.95,56.59,81.88
standard_benchmark,lamar,DepthAnythingV3Calib-DA3METRIC-LARGE,1000,calib_shift,93.82,56.59,81.88
standard_benchmark,lamar,DepthAnythingV3Calib-DA3METRIC-LARGE,1000,calib_ro,83.98,56.59,63.05
standard_benchmark,lamar,DepthAnythingV3Calib-DA3METRIC-LARGE,1000,calib_shift_ro,85.53,56.59,67.56
standard_benchmark,lamar,DepthAnythingV3Calib-DA3MONO-LARGE,10,calib,87.55,56.14,77.21
standard_benchmark,lamar,DepthAnythingV3Calib-DA3MONO-LARGE,10,calib_shift,85.19,56.14,75.66
standard_benchmark,lamar,DepthAnythingV3Calib-DA3MONO-LARGE,10,calib_ro,79.33,56.14,52.77
standard_benchmark,lamar,DepthAnythingV3Calib-DA3MONO-LARGE,10,calib_shift_ro,81.82,56.14,61.62
standard_benchmark,lamar,DepthAnythingV3Calib-DA3MONO-LARGE,100,calib,92.99,56.14,81.12
standard_benchmark,lamar,DepthAnythingV3Calib-DA3MONO-LARGE,100,calib_shift,92.01,56.14,80.87
standard_benchmark,lamar,DepthAnythingV3Calib-DA3MONO-LARGE,100,calib_ro,80.32,56.14,53.27
standard_benchmark,lamar,DepthAnythingV3Calib-DA3MONO-LARGE,100,calib_shift_ro,83.95,56.14,63.44
standard_benchmark,lamar,DepthAnythingV3Calib-DA3MONO-LARGE,500,calib,93.76,56.14,81.74
standard_benchmark,lamar,DepthAnythingV3Calib-DA3MONO-LARGE,500,calib_shift,93.53,56.14,81.75
standard_benchmark,lamar,DepthAnythingV3Calib-DA3MONO-LARGE,500,calib_ro,80.46,56.14,53.29
standard_benchmark,lamar,DepthAnythingV3Calib-DA3MONO-LARGE,500,calib_shift_ro,84.37,56.14,63.61
standard_benchmark,lamar,DepthAnythingV3Calib-DA3MONO-LARGE,1000,calib,93.9,56.14,81.84
standard_benchmark,lamar,DepthAnythingV3Calib-DA3MONO-LARGE,1000,calib_shift,93.72,56.14,81.87
standard_benchmark,lamar,DepthAnythingV3Calib-DA3MONO-LARGE,1000,calib_ro,80.48,56.14,53.28
standard_benchmark,lamar,DepthAnythingV3Calib-DA3MONO-LARGE,1000,calib_shift_ro,84.39,56.14,63.64
standard_benchmark,lamar,DepthPro-vitl,10,calib,88.98,106.75,78.49
standard_benchmark,lamar,DepthPro-vitl,10,mdecalib,57.78,106.75,62.14
standard_benchmark,lamar,DepthPro-vitl,10,sf,75.77,106.75,75.08
standard_benchmark,lamar,DepthPro-vitl,10,calib_shift,85.93,106.75,75.78
standard_benchmark,lamar,DepthPro-vitl,10,mdecalib_shift,56.72,106.75,61.36
standard_benchmark,lamar,DepthPro-vitl,10,sf_shift,39.8,106.75,32.02
standard_benchmark,lamar,DepthPro-vitl,10,calib_ro,84.95,106.75,63.35
standard_benchmark,lamar,DepthPro-vitl,10,mdecalib_ro,53.17,106.75,51.57
standard_benchmark,lamar,DepthPro-vitl,10,sf_ro,66.91,106.75,81.17
standard_benchmark,lamar,DepthPro-vitl,10,calib_shift_ro,84.9,106.75,65.75
standard_benchmark,lamar,DepthPro-vitl,10,mdecalib_shift_ro,57.96,106.75,59.18
standard_benchmark,lamar,DepthPro-vitl,10,sf_shift_ro,47.1,106.75,55.37
standard_benchmark,lamar,DepthPro-vitl,100,calib,93.53,106.75,81.48
standard_benchmark,lamar,DepthPro-vitl,100,mdecalib,61.9,106.75,67.03
standard_benchmark,lamar,DepthPro-vitl,100,sf,82.38,106.75,81.05
standard_benchmark,lamar,DepthPro-vitl,100,calib_shift,93.0,106.75,81.1
standard_benchmark,lamar,DepthPro-vitl,100,mdecalib_shift,61.83,106.75,67.47
standard_benchmark,lamar,DepthPro-vitl,100,sf_shift,61.77,106.75,61.13
standard_benchmark,lamar,DepthPro-vitl,100,calib_ro,85.55,106.75,63.69
standard_benchmark,lamar,DepthPro-vitl,100,mdecalib_ro,53.5,106.75,52.1
standard_benchmark,lamar,DepthPro-vitl,100,sf_ro,67.95,106.75,82.35
standard_benchmark,lamar,DepthPro-vitl,100,calib_shift_ro,87.07,106.75,67.64
standard_benchmark,lamar,DepthPro-vitl,100,mdecalib_shift_ro,59.59,106.75,61.22
standard_benchmark,lamar,DepthPro-vitl,100,sf_shift_ro,59.11,106.75,73.28
standard_benchmark,lamar,DepthPro-vitl,500,calib,94.09,106.75,81.83
standard_benchmark,lamar,DepthPro-vitl,500,mdecalib,62.51,106.75,68.22
standard_benchmark,lamar,DepthPro-vitl,500,sf,83.8,106.75,81.85
standard_benchmark,lamar,DepthPro-vitl,500,calib_shift,94.07,106.75,81.77
standard_benchmark,lamar,DepthPro-vitl,500,mdecalib_shift,62.76,106.75,68.64
standard_benchmark,lamar,DepthPro-vitl,500,sf_shift,69.55,106.75,70.5
standard_benchmark,lamar,DepthPro-vitl,500,calib_ro,85.64,106.75,63.68
standard_benchmark,lamar,DepthPro-vitl,500,mdecalib_ro,53.67,106.75,52.13
standard_benchmark,lamar,DepthPro-vitl,500,sf_ro,68.06,106.75,82.45
standard_benchmark,lamar,DepthPro-vitl,500,calib_shift_ro,87.29,106.75,67.78
standard_benchmark,lamar,DepthPro-vitl,500,mdecalib_shift_ro,59.94,106.75,61.43
standard_benchmark,lamar,DepthPro-vitl,500,sf_shift_ro,61.89,106.75,77.43
standard_benchmark,lamar,DepthPro-vitl,1000,calib,94.23,106.75,81.9
standard_benchmark,lamar,DepthPro-vitl,1000,mdecalib,62.6,106.75,68.59
standard_benchmark,lamar,DepthPro-vitl,1000,sf,84.09,106.75,82.0
standard_benchmark,lamar,DepthPro-vitl,1000,calib_shift,94.29,106.75,81.89
standard_benchmark,lamar,DepthPro-vitl,1000,mdecalib_shift,62.79,106.75,68.88
standard_benchmark,lamar,DepthPro-vitl,1000,sf_shift,71.65,106.75,72.76
standard_benchmark,lamar,DepthPro-vitl,1000,calib_ro,85.67,106.75,63.68
standard_benchmark,lamar,DepthPro-vitl,1000,mdecalib_ro,53.69,106.75,52.12
standard_benchmark,lamar,DepthPro-vitl,1000,sf_ro,68.07,106.75,82.46
standard_benchmark,lamar,DepthPro-vitl,1000,calib_shift_ro,87.33,106.75,67.82
standard_benchmark,lamar,DepthPro-vitl,1000,mdecalib_shift_ro,59.99,106.75,61.47
standard_benchmark,lamar,DepthPro-vitl,1000,sf_shift_ro,63.03,106.75,78.42
standard_benchmark,lamar,DepthProCalib-vitl,10,calib,89.03,106.81,78.51
standard_benchmark,lamar,DepthProCalib-vitl,10,calib_shift,85.91,106.81,75.78
standard_benchmark,lamar,DepthProCalib-vitl,10,calib_ro,84.98,106.81,63.36
standard_benchmark,lamar,DepthProCalib-vitl,10,calib_shift_ro,84.98,106.81,65.78
standard_benchmark,lamar,DepthProCalib-vitl,100,calib,93.54,106.81,81.49
standard_benchmark,lamar,DepthProCalib-vitl,100,calib_shift,93.02,106.81,81.09
standard_benchmark,lamar,DepthProCalib-vitl,100,calib_ro,85.54,106.81,63.68
standard_benchmark,lamar,DepthProCalib-vitl,100,calib_shift_ro,87.16,106.81,67.64
standard_benchmark,lamar,DepthProCalib-vitl,500,calib,94.09,106.81,81.83
standard_benchmark,lamar,DepthProCalib-vitl,500,calib_shift,94.09,106.81,81.78
standard_benchmark,lamar,DepthProCalib-vitl,500,calib_ro,85.63,106.81,63.68
standard_benchmark,lamar,DepthProCalib-vitl,500,calib_shift_ro,87.33,106.81,67.78
standard_benchmark,lamar,DepthProCalib-vitl,1000,calib,94.24,106.81,81.9
standard_benchmark,lamar,DepthProCalib-vitl,1000,calib_shift,94.29,106.81,81.88
standard_benchmark,lamar,DepthProCalib-vitl,1000,calib_ro,85.66,106.81,63.67
standard_benchmark,lamar,DepthProCalib-vitl,1000,calib_shift_ro,87.36,106.81,67.83
standard_benchmark,lamar,MapAnything-map-anything,10,calib,88.13,208.54,80.11
standard_benchmark,lamar,MapAnything-map-anything,10,mdecalib,64.77,208.54,69.33
standard_benchmark,lamar,MapAnything-map-anything,10,sf,75.14,208.54,76.08
standard_benchmark,lamar,MapAnything-map-anything,10,calib_shift,85.56,208.54,77.54
standard_benchmark,lamar,MapAnything-map-anything,10,mdecalib_shift,62.95,208.54,67.84
standard_benchmark,lamar,MapAnything-map-anything,10,sf_shift,37.31,208.54,31.59
standard_benchmark,lamar,MapAnything-map-anything,10,calib_ro,85.71,208.54,62.9
standard_benchmark,lamar,MapAnything-map-anything,10,mdecalib_ro,62.84,208.54,57.0
standard_benchmark,lamar,MapAnything-map-anything,10,sf_ro,68.92,208.54,81.71
standard_benchmark,lamar,MapAnything-map-anything,10,calib_shift_ro,85.11,208.54,64.23
standard_benchmark,lamar,MapAnything-map-anything,10,mdecalib_shift_ro,65.05,208.54,60.6
standard_benchmark,lamar,MapAnything-map-anything,10,sf_shift_ro,43.02,208.54,52.06
standard_benchmark,lamar,MapAnything-map-anything,100,calib,92.96,208.54,83.44
standard_benchmark,lamar,MapAnything-map-anything,100,mdecalib,69.06,208.54,74.06
standard_benchmark,lamar,MapAnything-map-anything,100,sf,82.36,208.54,82.85
standard_benchmark,lamar,MapAnything-map-anything,100,calib_shift,92.71,208.54,83.29
standard_benchmark,lamar,MapAnything-map-anything,100,mdecalib_shift,68.99,208.54,74.41
standard_benchmark,lamar,MapAnything-map-anything,100,sf_shift,59.6,208.54,60.01
standard_benchmark,lamar,MapAnything-map-anything,100,calib_ro,86.43,208.54,63.32
standard_benchmark,lamar,MapAnything-map-anything,100,mdecalib_ro,63.45,208.54,57.57
standard_benchmark,lamar,MapAnything-map-anything,100,sf_ro,70.79,208.54,83.7
standard_benchmark,lamar,MapAnything-map-anything,100,calib_shift_ro,87.82,208.54,66.39
standard_benchmark,lamar,MapAnything-map-anything,100,mdecalib_shift_ro,67.36,208.54,63.05
standard_benchmark,lamar,MapAnything-map-anything,100,sf_shift_ro,55.75,208.54,70.43
standard_benchmark,lamar,MapAnything-map-anything,500,calib,93.81,208.54,83.95
standard_benchmark,lamar,MapAnything-map-anything,500,mdecalib,69.89,208.54,75.17
standard_benchmark,lamar,MapAnything-map-anything,500,sf,84.07,208.54,83.95
standard_benchmark,lamar,MapAnything-map-anything,500,calib_shift,93.83,208.54,83.97
standard_benchmark,lamar,MapAnything-map-anything,500,mdecalib_shift,69.99,208.54,75.54
standard_benchmark,lamar,MapAnything-map-anything,500,sf_shift,68.3,208.54,70.54
standard_benchmark,lamar,MapAnything-map-anything,500,calib_ro,86.54,208.54,63.34
standard_benchmark,lamar,MapAnything-map-anything,500,mdecalib_ro,63.56,208.54,57.58
standard_benchmark,lamar,MapAnything-map-anything,500,sf_ro,70.95,208.54,83.86
standard_benchmark,lamar,MapAnything-map-anything,500,calib_shift_ro,88.14,208.54,66.57
standard_benchmark,lamar,MapAnything-map-anything,500,mdecalib_shift_ro,67.87,208.54,63.26
standard_benchmark,lamar,MapAnything-map-anything,500,sf_shift_ro,59.46,208.54,75.06
standard_benchmark,lamar,MapAnything-map-anything,1000,calib,93.95,208.54,84.02
standard_benchmark,lamar,MapAnything-map-anything,1000,mdecalib,70.01,208.54,75.43
standard_benchmark,lamar,MapAnything-map-anything,1000,sf,84.43,208.54,84.11
standard_benchmark,lamar,MapAnything-map-anything,1000,calib_shift,94.0,208.54,84.07
standard_benchmark,lamar,MapAnything-map-anything,1000,mdecalib_shift,70.19,208.54,75.79
standard_benchmark,lamar,MapAnything-map-anything,1000,sf_shift,70.8,208.54,73.49
standard_benchmark,lamar,MapAnything-map-anything,1000,calib_ro,86.55,208.54,63.34
standard_benchmark,lamar,MapAnything-map-anything,1000,mdecalib_ro,63.61,208.54,57.59
standard_benchmark,lamar,MapAnything-map-anything,1000,sf_ro,71.01,208.54,83.88
standard_benchmark,lamar,MapAnything-map-anything,1000,calib_shift_ro,88.26,208.54,66.62
standard_benchmark,lamar,MapAnything-map-anything,1000,mdecalib_shift_ro,67.99,208.54,63.31
standard_benchmark,lamar,MapAnything-map-anything,1000,sf_shift_ro,60.66,208.54,76.35
standard_benchmark,lamar,MapAnythingCalib-map-anything,10,calib,88.87,210.93,80.27
standard_benchmark,lamar,MapAnythingCalib-map-anything,10,calib_shift,85.94,210.93,77.92
standard_benchmark,lamar,MapAnythingCalib-map-anything,10,calib_ro,86.69,210.93,63.17
standard_benchmark,lamar,MapAnythingCalib-map-anything,10,calib_shift_ro,85.24,210.93,64.64
standard_benchmark,lamar,MapAnythingCalib-map-anything,100,calib,93.21,210.93,83.46
standard_benchmark,lamar,MapAnythingCalib-map-anything,100,calib_shift,92.58,210.93,83.23
standard_benchmark,lamar,MapAnythingCalib-map-anything,100,calib_ro,87.5,210.93,63.61
standard_benchmark,lamar,MapAnythingCalib-map-anything,100,calib_shift_ro,88.22,210.93,66.71
standard_benchmark,lamar,MapAnythingCalib-map-anything,500,calib,94.08,210.93,83.96
standard_benchmark,lamar,MapAnythingCalib-map-anything,500,calib_shift,93.86,210.93,83.95
standard_benchmark,lamar,MapAnythingCalib-map-anything,500,calib_ro,87.63,210.93,63.63
standard_benchmark,lamar,MapAnythingCalib-map-anything,500,calib_shift_ro,88.6,210.93,66.89
standard_benchmark,lamar,MapAnythingCalib-map-anything,1000,calib,94.23,210.93,84.04
standard_benchmark,lamar,MapAnythingCalib-map-anything,1000,calib_shift,94.09,210.93,84.07
standard_benchmark,lamar,MapAnythingCalib-map-anything,1000,calib_ro,87.62,210.93,63.62
standard_benchmark,lamar,MapAnythingCalib-map-anything,1000,calib_shift_ro,88.62,210.93,66.92
standard_benchmark,lamar,Metric3DV2-vit_giant2,10,calib,89.38,652.09,78.59
standard_benchmark,lamar,Metric3DV2-vit_giant2,10,sf,76.71,652.09,75.69
standard_benchmark,lamar,Metric3DV2-vit_giant2,10,calib_shift,85.9,652.09,75.74
standard_benchmark,lamar,Metric3DV2-vit_giant2,10,sf_shift,39.24,652.09,30.78
standard_benchmark,lamar,Metric3DV2-vit_giant2,10,calib_ro,87.1,652.09,64.58
standard_benchmark,lamar,Metric3DV2-vit_giant2,10,sf_ro,70.13,652.09,82.88
standard_benchmark,lamar,Metric3DV2-vit_giant2,10,calib_shift_ro,85.75,652.09,66.3
standard_benchmark,lamar,Metric3DV2-vit_giant2,10,sf_shift_ro,46.88,652.09,55.23
standard_benchmark,lamar,Metric3DV2-vit_giant2,100,calib,93.7,652.09,81.45
standard_benchmark,lamar,Metric3DV2-vit_giant2,100,sf,82.85,652.09,80.96
standard_benchmark,lamar,Metric3DV2-vit_giant2,100,calib_shift,92.51,652.09,80.93
standard_benchmark,lamar,Metric3DV2-vit_giant2,100,sf_shift,62.5,652.09,60.69
standard_benchmark,lamar,Metric3DV2-vit_giant2,100,calib_ro,87.55,652.09,64.86
standard_benchmark,lamar,Metric3DV2-vit_giant2,100,sf_ro,71.29,652.09,83.99
standard_benchmark,lamar,Metric3DV2-vit_giant2,100,calib_shift_ro,87.8,652.09,68.11
standard_benchmark,lamar,Metric3DV2-vit_giant2,100,sf_shift_ro,59.23,652.09,73.67
standard_benchmark,lamar,Metric3DV2-vit_giant2,500,calib,94.28,652.09,81.83
standard_benchmark,lamar,Metric3DV2-vit_giant2,500,sf,84.3,652.09,81.88
standard_benchmark,lamar,Metric3DV2-vit_giant2,500,calib_shift,94.02,652.09,81.76
standard_benchmark,lamar,Metric3DV2-vit_giant2,500,sf_shift,70.77,652.09,70.65
standard_benchmark,lamar,Metric3DV2-vit_giant2,500,calib_ro,87.63,652.09,64.87
standard_benchmark,lamar,Metric3DV2-vit_giant2,500,sf_ro,71.44,652.09,84.07
standard_benchmark,lamar,Metric3DV2-vit_giant2,500,calib_shift_ro,88.08,652.09,68.29
standard_benchmark,lamar,Metric3DV2-vit_giant2,500,sf_shift_ro,63.24,652.09,78.45
standard_benchmark,lamar,Metric3DV2-vit_giant2,1000,calib,94.38,652.09,81.88
standard_benchmark,lamar,Metric3DV2-vit_giant2,1000,sf,84.62,652.09,82.03
standard_benchmark,lamar,Metric3DV2-vit_giant2,1000,calib_shift,94.22,652.09,81.87
standard_benchmark,lamar,Metric3DV2-vit_giant2,1000,sf_shift,72.77,652.09,73.04
standard_benchmark,lamar,Metric3DV2-vit_giant2,1000,calib_ro,87.62,652.09,64.87
standard_benchmark,lamar,Metric3DV2-vit_giant2,1000,sf_ro,71.4,652.09,84.08
standard_benchmark,lamar,Metric3DV2-vit_giant2,1000,calib_shift_ro,88.16,652.09,68.31
standard_benchmark,lamar,Metric3DV2-vit_giant2,1000,sf_shift_ro,64.33,652.09,79.69
standard_benchmark,lamar,Metric3DV2-vit_large,10,calib,89.29,224.26,78.62
standard_benchmark,lamar,Metric3DV2-vit_large,10,sf,77.98,224.26,75.88
standard_benchmark,lamar,Metric3DV2-vit_large,10,calib_shift,86.38,224.26,76.14
standard_benchmark,lamar,Metric3DV2-vit_large,10,sf_shift,40.03,224.26,31.46
standard_benchmark,lamar,Metric3DV2-vit_large,10,calib_ro,87.27,224.26,65.31
standard_benchmark,lamar,Metric3DV2-vit_large,10,sf_ro,71.25,224.26,83.08
standard_benchmark,lamar,Metric3DV2-vit_large,10,calib_shift_ro,86.27,224.26,66.79
standard_benchmark,lamar,Metric3DV2-vit_large,10,sf_shift_ro,48.44,224.26,55.48
standard_benchmark,lamar,Metric3DV2-vit_large,100,calib,93.89,224.26,81.49
standard_benchmark,lamar,Metric3DV2-vit_large,100,sf,83.95,224.26,81.22
standard_benchmark,lamar,Metric3DV2-vit_large,100,calib_shift,92.96,224.26,81.08
standard_benchmark,lamar,Metric3DV2-vit_large,100,sf_shift,63.17,224.26,60.63
standard_benchmark,lamar,Metric3DV2-vit_large,100,calib_ro,87.73,224.26,65.54
standard_benchmark,lamar,Metric3DV2-vit_large,100,sf_ro,72.48,224.26,84.08
standard_benchmark,lamar,Metric3DV2-vit_large,100,calib_shift_ro,88.5,224.26,68.64
standard_benchmark,lamar,Metric3DV2-vit_large,100,sf_shift_ro,61.29,224.26,73.88
standard_benchmark,lamar,Metric3DV2-vit_large,500,calib,94.49,224.26,81.84
standard_benchmark,lamar,Metric3DV2-vit_large,500,sf,85.11,224.26,81.92
standard_benchmark,lamar,Metric3DV2-vit_large,500,calib_shift,94.16,224.26,81.81
standard_benchmark,lamar,Metric3DV2-vit_large,500,sf_shift,71.03,224.26,70.36
standard_benchmark,lamar,Metric3DV2-vit_large,500,calib_ro,87.74,224.26,65.55
standard_benchmark,lamar,Metric3DV2-vit_large,500,sf_ro,72.49,224.26,84.16
standard_benchmark,lamar,Metric3DV2-vit_large,500,calib_shift_ro,88.81,224.26,68.84
standard_benchmark,lamar,Metric3DV2-vit_large,500,sf_shift_ro,64.98,224.26,78.46
standard_benchmark,lamar,Metric3DV2-vit_large,1000,calib,94.55,224.26,81.89
standard_benchmark,lamar,Metric3DV2-vit_large,1000,sf,85.31,224.26,82.07
standard_benchmark,lamar,Metric3DV2-vit_large,1000,calib_shift,94.38,224.26,81.89
standard_benchmark,lamar,Metric3DV2-vit_large,1000,sf_shift,73.14,224.26,72.77
standard_benchmark,lamar,Metric3DV2-vit_large,1000,calib_ro,87.77,224.26,65.55
standard_benchmark,lamar,Metric3DV2-vit_large,1000,sf_ro,72.47,224.26,84.16
standard_benchmark,lamar,Metric3DV2-vit_large,1000,calib_shift_ro,88.86,224.26,68.86
standard_benchmark,lamar,Metric3DV2-vit_large,1000,sf_shift_ro,65.95,224.26,79.65
standard_benchmark,lamar,Metric3DV2-vit_small,10,calib,88.32,56.58,77.63
standard_benchmark,lamar,Metric3DV2-vit_small,10,sf,75.2,56.58,73.07
standard_benchmark,lamar,Metric3DV2-vit_small,10,calib_shift,83.7,56.58,73.42
standard_benchmark,lamar,Metric3DV2-vit_small,10,sf_shift,38.28,56.58,29.93
standard_benchmark,lamar,Metric3DV2-vit_small,10,calib_ro,84.2,56.58,56.91
standard_benchmark,lamar,Metric3DV2-vit_small,10,sf_ro,65.9,56.58,76.8
standard_benchmark,lamar,Metric3DV2-vit_small,10,calib_shift_ro,82.27,56.58,58.69
standard_benchmark,lamar,Metric3DV2-vit_small,10,sf_shift_ro,43.98,56.58,51.53
standard_benchmark,lamar,Metric3DV2-vit_small,100,calib,93.42,56.58,81.29
standard_benchmark,lamar,Metric3DV2-vit_small,100,sf,82.56,56.58,80.39
standard_benchmark,lamar,Metric3DV2-vit_small,100,calib_shift,92.11,56.58,80.6
standard_benchmark,lamar,Metric3DV2-vit_small,100,sf_shift,61.42,56.58,59.37
standard_benchmark,lamar,Metric3DV2-vit_small,100,calib_ro,85.07,56.58,57.3
standard_benchmark,lamar,Metric3DV2-vit_small,100,sf_ro,67.86,56.58,78.58
standard_benchmark,lamar,Metric3DV2-vit_small,100,calib_shift_ro,85.44,56.58,61.23
standard_benchmark,lamar,Metric3DV2-vit_small,100,sf_shift_ro,55.79,56.58,69.07
standard_benchmark,lamar,Metric3DV2-vit_small,500,calib,94.29,56.58,81.84
standard_benchmark,lamar,Metric3DV2-vit_small,500,sf,84.14,56.58,81.64
standard_benchmark,lamar,Metric3DV2-vit_small,500,calib_shift,93.82,56.58,81.61
standard_benchmark,lamar,Metric3DV2-vit_small,500,sf_shift,69.9,56.58,69.6
standard_benchmark,lamar,Metric3DV2-vit_small,500,calib_ro,85.22,56.58,57.33
standard_benchmark,lamar,Metric3DV2-vit_small,500,sf_ro,68.15,56.58,78.68
standard_benchmark,lamar,Metric3DV2-vit_small,500,calib_shift_ro,85.88,56.58,61.53
standard_benchmark,lamar,Metric3DV2-vit_small,500,sf_shift_ro,59.24,56.58,73.38
standard_benchmark,lamar,Metric3DV2-vit_small,1000,calib,94.38,56.58,81.91
standard_benchmark,lamar,Metric3DV2-vit_small,1000,sf,84.59,56.58,81.9
standard_benchmark,lamar,Metric3DV2-vit_small,1000,calib_shift,94.2,56.58,81.83
standard_benchmark,lamar,Metric3DV2-vit_small,1000,sf_shift,72.51,56.58,72.4
standard_benchmark,lamar,Metric3DV2-vit_small,1000,calib_ro,85.19,56.58,57.33
standard_benchmark,lamar,Metric3DV2-vit_small,1000,sf_ro,68.13,56.58,78.71
standard_benchmark,lamar,Metric3DV2-vit_small,1000,calib_shift_ro,85.94,56.58,61.58
standard_benchmark,lamar,Metric3DV2-vit_small,1000,sf_shift_ro,60.52,56.58,74.47
standard_benchmark,lamar,Metric3DV2Calib-vit_giant2,10,calib,89.36,648.83,78.58
standard_benchmark,lamar,Metric3DV2Calib-vit_giant2,10,calib_shift,85.94,648.83,75.74
standard_benchmark,lamar,Metric3DV2Calib-vit_giant2,10,calib_ro,87.08,648.83,64.58
standard_benchmark,lamar,Metric3DV2Calib-vit_giant2,10,calib_shift_ro,85.74,648.83,66.35
standard_benchmark,lamar,Metric3DV2Calib-vit_giant2,100,calib,93.7,648.83,81.45
standard_benchmark,lamar,Metric3DV2Calib-vit_giant2,100,calib_shift,92.45,648.83,80.91
standard_benchmark,lamar,Metric3DV2Calib-vit_giant2,100,calib_ro,87.55,648.83,64.86
standard_benchmark,lamar,Metric3DV2Calib-vit_giant2,100,calib_shift_ro,87.78,648.83,68.11
standard_benchmark,lamar,Metric3DV2Calib-vit_giant2,500,calib,94.29,648.83,81.82
standard_benchmark,lamar,Metric3DV2Calib-vit_giant2,500,calib_shift,94.0,648.83,81.76
standard_benchmark,lamar,Metric3DV2Calib-vit_giant2,500,calib_ro,87.63,648.83,64.87
standard_benchmark,lamar,Metric3DV2Calib-vit_giant2,500,calib_shift_ro,88.08,648.83,68.29
standard_benchmark,lamar,Metric3DV2Calib-vit_giant2,1000,calib,94.4,648.83,81.88
standard_benchmark,lamar,Metric3DV2Calib-vit_giant2,1000,calib_shift,94.23,648.83,81.87
standard_benchmark,lamar,Metric3DV2Calib-vit_giant2,1000,calib_ro,87.62,648.83,64.87
standard_benchmark,lamar,Metric3DV2Calib-vit_giant2,1000,calib_shift_ro,88.14,648.83,68.31
standard_benchmark,lamar,Metric3DV2Calib-vit_large,10,calib,89.32,224.19,78.63
standard_benchmark,lamar,Metric3DV2Calib-vit_large,10,calib_shift,86.4,224.19,76.21
standard_benchmark,lamar,Metric3DV2Calib-vit_large,10,calib_ro,87.3,224.19,65.31
standard_benchmark,lamar,Metric3DV2Calib-vit_large,10,calib_shift_ro,86.33,224.19,66.79
standard_benchmark,lamar,Metric3DV2Calib-vit_large,100,calib,93.86,224.19,81.48
standard_benchmark,lamar,Metric3DV2Calib-vit_large,100,calib_shift,92.95,224.19,81.09
standard_benchmark,lamar,Metric3DV2Calib-vit_large,100,calib_ro,87.73,224.19,65.56
standard_benchmark,lamar,Metric3DV2Calib-vit_large,100,calib_shift_ro,88.49,224.19,68.64
standard_benchmark,lamar,Metric3DV2Calib-vit_large,500,calib,94.51,224.19,81.84
standard_benchmark,lamar,Metric3DV2Calib-vit_large,500,calib_shift,94.16,224.19,81.81
standard_benchmark,lamar,Metric3DV2Calib-vit_large,500,calib_ro,87.73,224.19,65.56
standard_benchmark,lamar,Metric3DV2Calib-vit_large,500,calib_shift_ro,88.86,224.19,68.83
standard_benchmark,lamar,Metric3DV2Calib-vit_large,1000,calib,94.57,224.19,81.89
standard_benchmark,lamar,Metric3DV2Calib-vit_large,1000,calib_shift,94.42,224.19,81.89
standard_benchmark,lamar,Metric3DV2Calib-vit_large,1000,calib_ro,87.76,224.19,65.56
standard_benchmark,lamar,Metric3DV2Calib-vit_large,1000,calib_shift_ro,88.93,224.19,68.85
standard_benchmark,lamar,Metric3DV2Calib-vit_small,10,calib,88.34,44.6,77.64
standard_benchmark,lamar,Metric3DV2Calib-vit_small,10,calib_shift,83.76,44.6,73.46
standard_benchmark,lamar,Metric3DV2Calib-vit_small,10,calib_ro,84.22,44.6,56.92
standard_benchmark,lamar,Metric3DV2Calib-vit_small,10,calib_shift_ro,82.37,44.6,58.69
standard_benchmark,lamar,Metric3DV2Calib-vit_small,100,calib,93.43,44.6,81.29
standard_benchmark,lamar,Metric3DV2Calib-vit_small,100,calib_shift,92.08,44.6,80.59
standard_benchmark,lamar,Metric3DV2Calib-vit_small,100,calib_ro,85.1,44.6,57.3
standard_benchmark,lamar,Metric3DV2Calib-vit_small,100,calib_shift_ro,85.45,44.6,61.23
standard_benchmark,lamar,Metric3DV2Calib-vit_small,500,calib,94.28,44.6,81.84
standard_benchmark,lamar,Metric3DV2Calib-vit_small,500,calib_shift,93.79,44.6,81.62
standard_benchmark,lamar,Metric3DV2Calib-vit_small,500,calib_ro,85.22,44.6,57.32
standard_benchmark,lamar,Metric3DV2Calib-vit_small,500,calib_shift_ro,85.91,44.6,61.53
standard_benchmark,lamar,Metric3DV2Calib-vit_small,1000,calib,94.39,44.6,81.91
standard_benchmark,lamar,Metric3DV2Calib-vit_small,1000,calib_shift,94.18,44.6,81.82
standard_benchmark,lamar,Metric3DV2Calib-vit_small,1000,calib_ro,85.19,44.6,57.33
standard_benchmark,lamar,Metric3DV2Calib-vit_small,1000,calib_shift_ro,85.95,44.6,61.57
standard_benchmark,lamar,MoGeV1-moge-vitl,10,calib,91.64,90.49,80.99
standard_benchmark,lamar,MoGeV1-moge-vitl,10,mdecalib,81.59,90.49,76.59
standard_benchmark,lamar,MoGeV1-moge-vitl,10,sf,80.95,90.49,78.9
standard_benchmark,lamar,MoGeV1-moge-vitl,10,calib_shift,89.71,90.49,79.38
standard_benchmark,lamar,MoGeV1-moge-vitl,10,mdecalib_shift,79.93,90.49,75.49
standard_benchmark,lamar,MoGeV1-moge-vitl,10,sf_shift,42.66,90.49,34.4
standard_benchmark,lamar,MoGeV1-moge-vitl,10,calib_ro,89.57,90.49,71.36
standard_benchmark,lamar,MoGeV1-moge-vitl,10,mdecalib_ro,80.1,90.49,69.33
standard_benchmark,lamar,MoGeV1-moge-vitl,10,sf_ro,75.17,90.49,86.64
standard_benchmark,lamar,MoGeV1-moge-vitl,10,calib_shift_ro,89.98,90.49,73.4
standard_benchmark,lamar,MoGeV1-moge-vitl,10,mdecalib_shift_ro,81.67,90.49,72.32
standard_benchmark,lamar,MoGeV1-moge-vitl,10,sf_shift_ro,55.23,90.49,60.57
standard_benchmark,lamar,MoGeV1-moge-vitl,100,calib,94.48,90.49,82.84
standard_benchmark,lamar,MoGeV1-moge-vitl,100,mdecalib,84.28,90.49,78.87
standard_benchmark,lamar,MoGeV1-moge-vitl,100,sf,85.67,90.49,82.84
standard_benchmark,lamar,MoGeV1-moge-vitl,100,calib_shift,94.07,90.49,82.76
standard_benchmark,lamar,MoGeV1-moge-vitl,100,mdecalib_shift,83.89,90.49,79.06
standard_benchmark,lamar,MoGeV1-moge-vitl,100,sf_shift,66.18,90.49,64.18
standard_benchmark,lamar,MoGeV1-moge-vitl,100,calib_ro,89.7,90.49,71.6
standard_benchmark,lamar,MoGeV1-moge-vitl,100,mdecalib_ro,80.24,90.49,69.55
standard_benchmark,lamar,MoGeV1-moge-vitl,100,sf_ro,75.82,90.49,87.34
standard_benchmark,lamar,MoGeV1-moge-vitl,100,calib_shift_ro,90.73,90.49,74.58
standard_benchmark,lamar,MoGeV1-moge-vitl,100,mdecalib_shift_ro,82.47,90.49,73.49
standard_benchmark,lamar,MoGeV1-moge-vitl,100,sf_shift_ro,68.02,90.49,78.81
standard_benchmark,lamar,MoGeV1-moge-vitl,500,calib,94.71,90.49,83.02
standard_benchmark,lamar,MoGeV1-moge-vitl,500,mdecalib,84.43,90.49,79.22
standard_benchmark,lamar,MoGeV1-moge-vitl,500,sf,86.15,90.49,83.24
standard_benchmark,lamar,MoGeV1-moge-vitl,500,calib_shift,94.58,90.49,83.07
standard_benchmark,lamar,MoGeV1-moge-vitl,500,mdecalib_shift,84.32,90.49,79.49
standard_benchmark,lamar,MoGeV1-moge-vitl,500,sf_shift,73.37,90.49,73.3
standard_benchmark,lamar,MoGeV1-moge-vitl,500,calib_ro,89.72,90.49,71.6
standard_benchmark,lamar,MoGeV1-moge-vitl,500,mdecalib_ro,80.24,90.49,69.54
standard_benchmark,lamar,MoGeV1-moge-vitl,500,sf_ro,75.75,90.49,87.37
standard_benchmark,lamar,MoGeV1-moge-vitl,500,calib_shift_ro,90.86,90.49,74.68
standard_benchmark,lamar,MoGeV1-moge-vitl,500,mdecalib_shift_ro,82.62,90.49,73.58
standard_benchmark,lamar,MoGeV1-moge-vitl,500,sf_shift_ro,71.33,90.49,83.01
standard_benchmark,lamar,MoGeV1-moge-vitl,1000,calib,94.73,90.49,83.05
standard_benchmark,lamar,MoGeV1-moge-vitl,1000,mdecalib,84.51,90.49,79.29
standard_benchmark,lamar,MoGeV1-moge-vitl,1000,sf,86.2,90.49,83.3
standard_benchmark,lamar,MoGeV1-moge-vitl,1000,calib_shift,94.68,90.49,83.11
standard_benchmark,lamar,MoGeV1-moge-vitl,1000,mdecalib_shift,84.35,90.49,79.57
standard_benchmark,lamar,MoGeV1-moge-vitl,1000,sf_shift,75.24,90.49,75.53
standard_benchmark,lamar,MoGeV1-moge-vitl,1000,calib_ro,89.72,90.49,71.59
standard_benchmark,lamar,MoGeV1-moge-vitl,1000,mdecalib_ro,80.23,90.49,69.54
standard_benchmark,lamar,MoGeV1-moge-vitl,1000,sf_ro,75.74,90.49,87.37
standard_benchmark,lamar,MoGeV1-moge-vitl,1000,calib_shift_ro,90.9,90.49,74.69
standard_benchmark,lamar,MoGeV1-moge-vitl,1000,mdecalib_shift_ro,82.61,90.49,73.59
standard_benchmark,lamar,MoGeV1-moge-vitl,1000,sf_shift_ro,72.18,90.49,84.08
standard_benchmark,lamar,MoGeV1Calib-moge-vitl,10,calib,91.68,90.77,80.99
standard_benchmark,lamar,MoGeV1Calib-moge-vitl,10,calib_shift,89.71,90.77,79.37
standard_benchmark,lamar,MoGeV1Calib-moge-vitl,10,calib_ro,89.32,90.77,70.97
standard_benchmark,lamar,MoGeV1Calib-moge-vitl,10,calib_shift_ro,90.01,90.77,73.4
standard_benchmark,lamar,MoGeV1Calib-moge-vitl,100,calib,94.44,90.77,82.84
standard_benchmark,lamar,MoGeV1Calib-moge-vitl,100,calib_shift,94.09,90.77,82.75
standard_benchmark,lamar,MoGeV1Calib-moge-vitl,100,calib_ro,89.52,90.77,71.24
standard_benchmark,lamar,MoGeV1Calib-moge-vitl,100,calib_shift_ro,90.74,90.77,74.57
standard_benchmark,lamar,MoGeV1Calib-moge-vitl,500,calib,94.69,90.77,83.0
standard_benchmark,lamar,MoGeV1Calib-moge-vitl,500,calib_shift,94.61,90.77,83.06
standard_benchmark,lamar,MoGeV1Calib-moge-vitl,500,calib_ro,89.53,90.77,71.23
standard_benchmark,lamar,MoGeV1Calib-moge-vitl,500,calib_shift_ro,90.86,90.77,74.68
standard_benchmark,lamar,MoGeV1Calib-moge-vitl,1000,calib,94.71,90.77,83.03
standard_benchmark,lamar,MoGeV1Calib-moge-vitl,1000,calib_shift,94.7,90.77,83.11
standard_benchmark,lamar,MoGeV1Calib-moge-vitl,1000,calib_ro,89.53,90.77,71.23
standard_benchmark,lamar,MoGeV1Calib-moge-vitl,1000,calib_shift_ro,90.9,90.77,74.69
standard_benchmark,lamar,MoGeV2-moge-2-vitl,10,calib,91.41,66.21,80.77
standard_benchmark,lamar,MoGeV2-moge-2-vitl,10,mdecalib,79.87,66.21,75.94
standard_benchmark,lamar,MoGeV2-moge-2-vitl,10,sf,80.77,66.21,78.55
standard_benchmark,lamar,MoGeV2-moge-2-vitl,10,calib_shift,89.5,66.21,79.14
standard_benchmark,lamar,MoGeV2-moge-2-vitl,10,mdecalib_shift,78.34,66.21,74.81
standard_benchmark,lamar,MoGeV2-moge-2-vitl,10,sf_shift,42.72,66.21,33.68
standard_benchmark,lamar,MoGeV2-moge-2-vitl,10,calib_ro,89.41,66.21,70.96
standard_benchmark,lamar,MoGeV2-moge-2-vitl,10,mdecalib_ro,78.17,66.21,68.28
standard_benchmark,lamar,MoGeV2-moge-2-vitl,10,sf_ro,75.12,66.21,86.63
standard_benchmark,lamar,MoGeV2-moge-2-vitl,10,calib_shift_ro,89.4,66.21,72.74
standard_benchmark,lamar,MoGeV2-moge-2-vitl,10,mdecalib_shift_ro,80.08,66.21,71.43
standard_benchmark,lamar,MoGeV2-moge-2-vitl,10,sf_shift_ro,54.14,66.21,59.79
standard_benchmark,lamar,MoGeV2-moge-2-vitl,100,calib,94.4,66.21,82.86
standard_benchmark,lamar,MoGeV2-moge-2-vitl,100,mdecalib,82.79,66.21,78.49
standard_benchmark,lamar,MoGeV2-moge-2-vitl,100,sf,85.75,66.21,82.82
standard_benchmark,lamar,MoGeV2-moge-2-vitl,100,calib_shift,94.18,66.21,82.76
standard_benchmark,lamar,MoGeV2-moge-2-vitl,100,mdecalib_shift,82.6,66.21,78.81
standard_benchmark,lamar,MoGeV2-moge-2-vitl,100,sf_shift,66.29,66.21,63.68
standard_benchmark,lamar,MoGeV2-moge-2-vitl,100,calib_ro,89.65,66.21,71.18
standard_benchmark,lamar,MoGeV2-moge-2-vitl,100,mdecalib_ro,78.4,66.21,68.54
standard_benchmark,lamar,MoGeV2-moge-2-vitl,100,sf_ro,75.93,66.21,87.26
standard_benchmark,lamar,MoGeV2-moge-2-vitl,100,calib_shift_ro,90.55,66.21,74.06
standard_benchmark,lamar,MoGeV2-moge-2-vitl,100,mdecalib_shift_ro,81.12,66.21,72.86
standard_benchmark,lamar,MoGeV2-moge-2-vitl,100,sf_shift_ro,66.55,66.21,77.71
standard_benchmark,lamar,MoGeV2-moge-2-vitl,500,calib,94.68,66.21,83.05
standard_benchmark,lamar,MoGeV2-moge-2-vitl,500,mdecalib,83.03,66.21,78.92
standard_benchmark,lamar,MoGeV2-moge-2-vitl,500,sf,86.35,66.21,83.22
standard_benchmark,lamar,MoGeV2-moge-2-vitl,500,calib_shift,94.59,66.21,83.09
standard_benchmark,lamar,MoGeV2-moge-2-vitl,500,mdecalib_shift,83.09,66.21,79.26
standard_benchmark,lamar,MoGeV2-moge-2-vitl,500,sf_shift,74.09,66.21,73.04
standard_benchmark,lamar,MoGeV2-moge-2-vitl,500,calib_ro,89.67,66.21,71.18
standard_benchmark,lamar,MoGeV2-moge-2-vitl,500,mdecalib_ro,78.47,66.21,68.56
standard_benchmark,lamar,MoGeV2-moge-2-vitl,500,sf_ro,75.95,66.21,87.32
standard_benchmark,lamar,MoGeV2-moge-2-vitl,500,calib_shift_ro,90.67,66.21,74.21
standard_benchmark,lamar,MoGeV2-moge-2-vitl,500,mdecalib_shift_ro,81.24,66.21,73.01
standard_benchmark,lamar,MoGeV2-moge-2-vitl,500,sf_shift_ro,70.34,66.21,82.17
standard_benchmark,lamar,MoGeV2-moge-2-vitl,1000,calib,94.73,66.21,83.08
standard_benchmark,lamar,MoGeV2-moge-2-vitl,1000,mdecalib,83.09,66.21,79.01
standard_benchmark,lamar,MoGeV2-moge-2-vitl,1000,sf,86.43,66.21,83.3
standard_benchmark,lamar,MoGeV2-moge-2-vitl,1000,calib_shift,94.69,66.21,83.14
standard_benchmark,lamar,MoGeV2-moge-2-vitl,1000,mdecalib_shift,83.16,66.21,79.32
standard_benchmark,lamar,MoGeV2-moge-2-vitl,1000,sf_shift,76.17,66.21,75.37
standard_benchmark,lamar,MoGeV2-moge-2-vitl,1000,calib_ro,89.67,66.21,71.18
standard_benchmark,lamar,MoGeV2-moge-2-vitl,1000,mdecalib_ro,78.48,66.21,68.55
standard_benchmark,lamar,MoGeV2-moge-2-vitl,1000,sf_ro,75.99,66.21,87.32
standard_benchmark,lamar,MoGeV2-moge-2-vitl,1000,calib_shift_ro,90.69,66.21,74.22
standard_benchmark,lamar,MoGeV2-moge-2-vitl,1000,mdecalib_shift_ro,81.26,66.21,73.03
standard_benchmark,lamar,MoGeV2-moge-2-vitl,1000,sf_shift_ro,71.43,66.21,83.32
standard_benchmark,lamar,MoGeV2Calib-moge-2-vitl,10,calib,91.37,66.1,80.69
standard_benchmark,lamar,MoGeV2Calib-moge-2-vitl,10,calib_shift,89.43,66.1,79.15
standard_benchmark,lamar,MoGeV2Calib-moge-2-vitl,10,calib_ro,89.1,66.1,70.57
standard_benchmark,lamar,MoGeV2Calib-moge-2-vitl,10,calib_shift_ro,89.43,66.1,72.74
standard_benchmark,lamar,MoGeV2Calib-moge-2-vitl,100,calib,94.38,66.1,82.84
standard_benchmark,lamar,MoGeV2Calib-moge-2-vitl,100,calib_shift,94.16,66.1,82.76
standard_benchmark,lamar,MoGeV2Calib-moge-2-vitl,100,calib_ro,89.37,66.1,70.79
standard_benchmark,lamar,MoGeV2Calib-moge-2-vitl,100,calib_shift_ro,90.56,66.1,74.06
standard_benchmark,lamar,MoGeV2Calib-moge-2-vitl,500,calib,94.67,66.1,83.03
standard_benchmark,lamar,MoGeV2Calib-moge-2-vitl,500,calib_shift,94.61,66.1,83.1
standard_benchmark,lamar,MoGeV2Calib-moge-2-vitl,500,calib_ro,89.37,66.1,70.81
standard_benchmark,lamar,MoGeV2Calib-moge-2-vitl,500,calib_shift_ro,90.67,66.1,74.2
standard_benchmark,lamar,MoGeV2Calib-moge-2-vitl,1000,calib,94.68,66.1,83.06
standard_benchmark,lamar,MoGeV2Calib-moge-2-vitl,1000,calib_shift,94.7,66.1,83.14
standard_benchmark,lamar,MoGeV2Calib-moge-2-vitl,1000,calib_ro,89.37,66.1,70.81
standard_benchmark,lamar,MoGeV2Calib-moge-2-vitl,1000,calib_shift_ro,90.68,66.1,74.22
standard_benchmark,lamar,Pi3-Pi3X,10,calib,90.48,114.96,79.11
standard_benchmark,lamar,Pi3-Pi3X,10,mdecalib,80.41,114.96,74.65
standard_benchmark,lamar,Pi3-Pi3X,10,sf,80.29,114.96,76.83
standard_benchmark,lamar,Pi3-Pi3X,10,calib_shift,87.49,114.96,77.12
standard_benchmark,lamar,Pi3-Pi3X,10,mdecalib_shift,77.84,114.96,73.07
standard_benchmark,lamar,Pi3-Pi3X,10,sf_shift,42.39,114.96,32.61
standard_benchmark,lamar,Pi3-Pi3X,10,calib_ro,90.12,114.96,70.79
standard_benchmark,lamar,Pi3-Pi3X,10,mdecalib_ro,80.28,114.96,68.48
standard_benchmark,lamar,Pi3-Pi3X,10,sf_ro,76.07,114.96,86.11
standard_benchmark,lamar,Pi3-Pi3X,10,calib_shift_ro,89.69,114.96,72.09
standard_benchmark,lamar,Pi3-Pi3X,10,mdecalib_shift_ro,81.33,114.96,70.78
standard_benchmark,lamar,Pi3-Pi3X,10,sf_shift_ro,54.43,114.96,58.22
standard_benchmark,lamar,Pi3-Pi3X,100,calib,94.58,114.96,81.65
standard_benchmark,lamar,Pi3-Pi3X,100,mdecalib,84.37,114.96,77.53
standard_benchmark,lamar,Pi3-Pi3X,100,sf,85.75,114.96,81.47
standard_benchmark,lamar,Pi3-Pi3X,100,calib_shift,93.68,114.96,81.27
standard_benchmark,lamar,Pi3-Pi3X,100,mdecalib_shift,83.52,114.96,77.44
standard_benchmark,lamar,Pi3-Pi3X,100,sf_shift,65.3,114.96,62.0
standard_benchmark,lamar,Pi3-Pi3X,100,calib_ro,90.38,114.96,70.98
standard_benchmark,lamar,Pi3-Pi3X,100,mdecalib_ro,80.6,114.96,68.7
standard_benchmark,lamar,Pi3-Pi3X,100,sf_ro,77.07,114.96,86.96
standard_benchmark,lamar,Pi3-Pi3X,100,calib_shift_ro,91.08,114.96,73.4
standard_benchmark,lamar,Pi3-Pi3X,100,mdecalib_shift_ro,82.6,114.96,72.21
standard_benchmark,lamar,Pi3-Pi3X,100,sf_shift_ro,67.41,114.96,77.01
standard_benchmark,lamar,Pi3-Pi3X,500,calib,94.89,114.96,81.89
standard_benchmark,lamar,Pi3-Pi3X,500,mdecalib,84.68,114.96,77.97
standard_benchmark,lamar,Pi3-Pi3X,500,sf,86.7,114.96,82.08
standard_benchmark,lamar,Pi3-Pi3X,500,calib_shift,94.66,114.96,81.88
standard_benchmark,lamar,Pi3-Pi3X,500,mdecalib_shift,84.42,114.96,78.17
standard_benchmark,lamar,Pi3-Pi3X,500,sf_shift,73.19,114.96,71.36
standard_benchmark,lamar,Pi3-Pi3X,500,calib_ro,90.41,114.96,70.98
standard_benchmark,lamar,Pi3-Pi3X,500,mdecalib_ro,80.61,114.96,68.68
standard_benchmark,lamar,Pi3-Pi3X,500,sf_ro,77.0,114.96,87.01
standard_benchmark,lamar,Pi3-Pi3X,500,calib_shift_ro,91.24,114.96,73.51
standard_benchmark,lamar,Pi3-Pi3X,500,mdecalib_shift_ro,82.81,114.96,72.33
standard_benchmark,lamar,Pi3-Pi3X,500,sf_shift_ro,70.66,114.96,81.42
standard_benchmark,lamar,Pi3-Pi3X,1000,calib,94.95,114.96,81.92
standard_benchmark,lamar,Pi3-Pi3X,1000,mdecalib,84.75,114.96,78.09
standard_benchmark,lamar,Pi3-Pi3X,1000,sf,86.89,114.96,82.18
standard_benchmark,lamar,Pi3-Pi3X,1000,calib_shift,94.83,114.96,81.94
standard_benchmark,lamar,Pi3-Pi3X,1000,mdecalib_shift,84.55,114.96,78.27
standard_benchmark,lamar,Pi3-Pi3X,1000,sf_shift,74.68,114.96,73.53
standard_benchmark,lamar,Pi3-Pi3X,1000,calib_ro,90.43,114.96,70.97
standard_benchmark,lamar,Pi3-Pi3X,1000,mdecalib_ro,80.63,114.96,68.68
standard_benchmark,lamar,Pi3-Pi3X,1000,sf_ro,76.98,114.96,87.01
standard_benchmark,lamar,Pi3-Pi3X,1000,calib_shift_ro,91.28,114.96,73.53
standard_benchmark,lamar,Pi3-Pi3X,1000,mdecalib_shift_ro,82.86,114.96,72.36
standard_benchmark,lamar,Pi3-Pi3X,1000,sf_shift_ro,71.57,114.96,82.66
standard_benchmark,lamar,Pi3Calib-Pi3X,10,calib,90.52,117.62,79.14
standard_benchmark,lamar,Pi3Calib-Pi3X,10,calib_shift,87.61,117.62,77.13
standard_benchmark,lamar,Pi3Calib-Pi3X,10,calib_ro,90.32,117.62,70.96
standard_benchmark,lamar,Pi3Calib-Pi3X,10,calib_shift_ro,89.68,117.62,72.16
standard_benchmark,lamar,Pi3Calib-Pi3X,100,calib,94.59,117.62,81.66
standard_benchmark,lamar,Pi3Calib-Pi3X,100,calib_shift,93.65,117.62,81.31
standard_benchmark,lamar,Pi3Calib-Pi3X,100,calib_ro,90.64,117.62,71.15
standard_benchmark,lamar,Pi3Calib-Pi3X,100,calib_shift_ro,91.12,117.62,73.55
standard_benchmark,lamar,Pi3Calib-Pi3X,500,calib,94.95,117.62,81.89
standard_benchmark,lamar,Pi3Calib-Pi3X,500,calib_shift,94.55,117.62,81.87
standard_benchmark,lamar,Pi3Calib-Pi3X,500,calib_ro,90.65,117.62,71.15
standard_benchmark,lamar,Pi3Calib-Pi3X,500,calib_shift_ro,91.3,117.62,73.67
standard_benchmark,lamar,Pi3Calib-Pi3X,1000,calib,94.99,117.62,81.92
standard_benchmark,lamar,Pi3Calib-Pi3X,1000,calib_shift,94.73,117.62,81.94
standard_benchmark,lamar,Pi3Calib-Pi3X,1000,calib_ro,90.66,117.62,71.14
standard_benchmark,lamar,Pi3Calib-Pi3X,1000,calib_shift_ro,91.33,117.62,73.69
standard_benchmark,lamar,UniDepth1-cnvnxtl,10,calib,87.25,72.0,77.29
standard_benchmark,lamar,UniDepth1-cnvnxtl,10,mdecalib,15.19,72.0,40.89
standard_benchmark,lamar,UniDepth1-cnvnxtl,10,sf,72.3,72.0,72.27
standard_benchmark,lamar,UniDepth1-cnvnxtl,10,calib_shift,83.5,72.0,74.02
standard_benchmark,lamar,UniDepth1-cnvnxtl,10,mdecalib_shift,14.04,72.0,36.58
standard_benchmark,lamar,UniDepth1-cnvnxtl,10,sf_shift,38.28,72.0,30.93
standard_benchmark,lamar,UniDepth1-cnvnxtl,10,calib_ro,78.8,72.0,55.17
standard_benchmark,lamar,UniDepth1-cnvnxtl,10,mdecalib_ro,16.35,72.0,35.7
standard_benchmark,lamar,UniDepth1-cnvnxtl,10,sf_ro,58.47,72.0,75.62
standard_benchmark,lamar,UniDepth1-cnvnxtl,10,calib_shift_ro,78.83,72.0,57.75
standard_benchmark,lamar,UniDepth1-cnvnxtl,10,mdecalib_shift_ro,16.18,72.0,39.26
standard_benchmark,lamar,UniDepth1-cnvnxtl,10,sf_shift_ro,40.88,72.0,52.01
standard_benchmark,lamar,UniDepth1-cnvnxtl,100,calib,92.69,72.0,81.25
standard_benchmark,lamar,UniDepth1-cnvnxtl,100,mdecalib,16.0,72.0,47.77
standard_benchmark,lamar,UniDepth1-cnvnxtl,100,sf,80.26,72.0,80.32
standard_benchmark,lamar,UniDepth1-cnvnxtl,100,calib_shift,91.68,72.0,80.73
standard_benchmark,lamar,UniDepth1-cnvnxtl,100,mdecalib_shift,15.59,72.0,46.5
standard_benchmark,lamar,UniDepth1-cnvnxtl,100,sf_shift,61.28,72.0,60.21
standard_benchmark,lamar,UniDepth1-cnvnxtl,100,calib_ro,79.6,72.0,55.61
standard_benchmark,lamar,UniDepth1-cnvnxtl,100,mdecalib_ro,16.36,72.0,36.8
standard_benchmark,lamar,UniDepth1-cnvnxtl,100,sf_ro,59.95,72.0,77.13
standard_benchmark,lamar,UniDepth1-cnvnxtl,100,calib_shift_ro,81.65,72.0,60.08
standard_benchmark,lamar,UniDepth1-cnvnxtl,100,mdecalib_shift_ro,16.57,72.0,43.33
standard_benchmark,lamar,UniDepth1-cnvnxtl,100,sf_shift_ro,50.95,72.0,69.49
standard_benchmark,lamar,UniDepth1-cnvnxtl,500,calib,93.48,72.0,81.81
standard_benchmark,lamar,UniDepth1-cnvnxtl,500,mdecalib,15.85,72.0,50.43
standard_benchmark,lamar,UniDepth1-cnvnxtl,500,sf,82.01,72.0,81.63
standard_benchmark,lamar,UniDepth1-cnvnxtl,500,calib_shift,93.18,72.0,81.68
standard_benchmark,lamar,UniDepth1-cnvnxtl,500,mdecalib_shift,15.84,72.0,50.16
standard_benchmark,lamar,UniDepth1-cnvnxtl,500,sf_shift,69.84,72.0,70.53
standard_benchmark,lamar,UniDepth1-cnvnxtl,500,calib_ro,79.78,72.0,55.62
standard_benchmark,lamar,UniDepth1-cnvnxtl,500,mdecalib_ro,16.38,72.0,36.93
standard_benchmark,lamar,UniDepth1-cnvnxtl,500,sf_ro,60.11,72.0,77.3
standard_benchmark,lamar,UniDepth1-cnvnxtl,500,calib_shift_ro,81.96,72.0,60.31
standard_benchmark,lamar,UniDepth1-cnvnxtl,500,mdecalib_shift_ro,16.66,72.0,44.05
standard_benchmark,lamar,UniDepth1-cnvnxtl,500,sf_shift_ro,54.17,72.0,73.66
standard_benchmark,lamar,UniDepth1-cnvnxtl,1000,calib,93.58,72.0,81.89
standard_benchmark,lamar,UniDepth1-cnvnxtl,1000,mdecalib,15.84,72.0,51.27
standard_benchmark,lamar,UniDepth1-cnvnxtl,1000,sf,82.44,72.0,81.91
standard_benchmark,lamar,UniDepth1-cnvnxtl,1000,calib_shift,93.53,72.0,81.84
standard_benchmark,lamar,UniDepth1-cnvnxtl,1000,mdecalib_shift,15.91,72.0,51.09
standard_benchmark,lamar,UniDepth1-cnvnxtl,1000,sf_shift,71.99,72.0,73.01
standard_benchmark,lamar,UniDepth1-cnvnxtl,1000,calib_ro,79.85,72.0,55.6
standard_benchmark,lamar,UniDepth1-cnvnxtl,1000,mdecalib_ro,16.4,72.0,36.93
standard_benchmark,lamar,UniDepth1-cnvnxtl,1000,sf_ro,60.11,72.0,77.33
standard_benchmark,lamar,UniDepth1-cnvnxtl,1000,calib_shift_ro,82.03,72.0,60.34
standard_benchmark,lamar,UniDepth1-cnvnxtl,1000,mdecalib_shift_ro,16.64,72.0,44.19
standard_benchmark,lamar,UniDepth1-cnvnxtl,1000,sf_shift_ro,55.11,72.0,74.68
standard_benchmark,lamar,UniDepth1-vitl14,10,calib,89.01,121.93,78.31
standard_benchmark,lamar,UniDepth1-vitl14,10,mdecalib,16.9,121.93,41.92
standard_benchmark,lamar,UniDepth1-vitl14,10,sf,75.01,121.93,74.25
standard_benchmark,lamar,UniDepth1-vitl14,10,calib_shift,85.94,121.93,75.95
standard_benchmark,lamar,UniDepth1-vitl14,10,mdecalib_shift,15.97,121.93,40.55
standard_benchmark,lamar,UniDepth1-vitl14,10,sf_shift,40.01,121.93,32.45
standard_benchmark,lamar,UniDepth1-vitl14,10,calib_ro,83.55,121.93,59.33
standard_benchmark,lamar,UniDepth1-vitl14,10,mdecalib_ro,16.54,121.93,38.31
standard_benchmark,lamar,UniDepth1-vitl14,10,sf_ro,64.61,121.93,79.09
standard_benchmark,lamar,UniDepth1-vitl14,10,calib_shift_ro,83.13,121.93,62.09
standard_benchmark,lamar,UniDepth1-vitl14,10,mdecalib_shift_ro,18.03,121.93,43.92
standard_benchmark,lamar,UniDepth1-vitl14,10,sf_shift_ro,45.18,121.93,55.38
standard_benchmark,lamar,UniDepth1-vitl14,100,calib,93.61,121.93,81.52
standard_benchmark,lamar,UniDepth1-vitl14,100,mdecalib,18.22,121.93,48.61
standard_benchmark,lamar,UniDepth1-vitl14,100,sf,82.01,121.93,80.92
standard_benchmark,lamar,UniDepth1-vitl14,100,calib_shift,92.57,121.93,81.11
standard_benchmark,lamar,UniDepth1-vitl14,100,mdecalib_shift,18.01,121.93,48.65
standard_benchmark,lamar,UniDepth1-vitl14,100,sf_shift,62.78,121.93,61.62
standard_benchmark,lamar,UniDepth1-vitl14,100,calib_ro,84.32,121.93,59.68
standard_benchmark,lamar,UniDepth1-vitl14,100,mdecalib_ro,16.62,121.93,39.39
standard_benchmark,lamar,UniDepth1-vitl14,100,sf_ro,65.81,121.93,80.2
standard_benchmark,lamar,UniDepth1-vitl14,100,calib_shift_ro,85.25,121.93,63.92
standard_benchmark,lamar,UniDepth1-vitl14,100,mdecalib_shift_ro,18.44,121.93,46.91
standard_benchmark,lamar,UniDepth1-vitl14,100,sf_shift_ro,56.38,121.93,72.78
standard_benchmark,lamar,UniDepth1-vitl14,500,calib,94.05,121.93,81.87
standard_benchmark,lamar,UniDepth1-vitl14,500,mdecalib,18.26,121.93,51.0
standard_benchmark,lamar,UniDepth1-vitl14,500,sf,83.43,121.93,81.89
standard_benchmark,lamar,UniDepth1-vitl14,500,calib_shift,93.73,121.93,81.79
standard_benchmark,lamar,UniDepth1-vitl14,500,mdecalib_shift,18.28,121.93,51.34
standard_benchmark,lamar,UniDepth1-vitl14,500,sf_shift,70.92,121.93,71.22
standard_benchmark,lamar,UniDepth1-vitl14,500,calib_ro,84.53,121.93,59.69
standard_benchmark,lamar,UniDepth1-vitl14,500,mdecalib_ro,16.67,121.93,39.51
standard_benchmark,lamar,UniDepth1-vitl14,500,sf_ro,65.98,121.93,80.31
standard_benchmark,lamar,UniDepth1-vitl14,500,calib_shift_ro,85.66,121.93,64.1
standard_benchmark,lamar,UniDepth1-vitl14,500,mdecalib_shift_ro,18.57,121.93,47.42
standard_benchmark,lamar,UniDepth1-vitl14,500,sf_shift_ro,59.55,121.93,76.6
standard_benchmark,lamar,UniDepth1-vitl14,1000,calib,94.14,121.93,81.93
standard_benchmark,lamar,UniDepth1-vitl14,1000,mdecalib,18.24,121.93,51.78
standard_benchmark,lamar,UniDepth1-vitl14,1000,sf,83.68,121.93,82.05
standard_benchmark,lamar,UniDepth1-vitl14,1000,calib_shift,93.91,121.93,81.91
standard_benchmark,lamar,UniDepth1-vitl14,1000,mdecalib_shift,18.25,121.93,52.13
standard_benchmark,lamar,UniDepth1-vitl14,1000,sf_shift,73.15,121.93,73.64
standard_benchmark,lamar,UniDepth1-vitl14,1000,calib_ro,84.56,121.93,59.68
standard_benchmark,lamar,UniDepth1-vitl14,1000,mdecalib_ro,16.65,121.93,39.52
standard_benchmark,lamar,UniDepth1-vitl14,1000,sf_ro,65.95,121.93,80.33
standard_benchmark,lamar,UniDepth1-vitl14,1000,calib_shift_ro,85.74,121.93,64.13
standard_benchmark,lamar,UniDepth1-vitl14,1000,mdecalib_shift_ro,18.57,121.93,47.49
standard_benchmark,lamar,UniDepth1-vitl14,1000,sf_shift_ro,60.71,121.93,77.68
standard_benchmark,lamar,UniDepth1Calib-cnvnxtl,10,calib,87.67,73.55,77.44
standard_benchmark,lamar,UniDepth1Calib-cnvnxtl,10,calib_shift,83.8,73.55,74.07
standard_benchmark,lamar,UniDepth1Calib-cnvnxtl,10,calib_ro,80.48,73.55,54.91
standard_benchmark,lamar,UniDepth1Calib-cnvnxtl,10,calib_shift_ro,79.54,73.55,57.87
standard_benchmark,lamar,UniDepth1Calib-cnvnxtl,100,calib,92.99,73.55,81.31
standard_benchmark,lamar,UniDepth1Calib-cnvnxtl,100,calib_shift,91.65,73.55,80.74
standard_benchmark,lamar,UniDepth1Calib-cnvnxtl,100,calib_ro,81.29,73.55,55.35
standard_benchmark,lamar,UniDepth1Calib-cnvnxtl,100,calib_shift_ro,82.3,73.55,60.09
standard_benchmark,lamar,UniDepth1Calib-cnvnxtl,500,calib,93.64,73.55,81.83
standard_benchmark,lamar,UniDepth1Calib-cnvnxtl,500,calib_shift,93.44,73.55,81.73
standard_benchmark,lamar,UniDepth1Calib-cnvnxtl,500,calib_ro,81.48,73.55,55.35
standard_benchmark,lamar,UniDepth1Calib-cnvnxtl,500,calib_shift_ro,82.85,73.55,60.34
standard_benchmark,lamar,UniDepth1Calib-cnvnxtl,1000,calib,93.85,73.55,81.9
standard_benchmark,lamar,UniDepth1Calib-cnvnxtl,1000,calib_shift,93.68,73.55,81.87
standard_benchmark,lamar,UniDepth1Calib-cnvnxtl,1000,calib_ro,81.53,73.55,55.35
standard_benchmark,lamar,UniDepth1Calib-cnvnxtl,1000,calib_shift_ro,82.97,73.55,60.37
standard_benchmark,lamar,UniDepth1Calib-vitl14,10,calib,89.15,121.31,78.46
standard_benchmark,lamar,UniDepth1Calib-vitl14,10,calib_shift,85.84,121.31,75.79
standard_benchmark,lamar,UniDepth1Calib-vitl14,10,calib_ro,84.34,121.31,60.12
standard_benchmark,lamar,UniDepth1Calib-vitl14,10,calib_shift_ro,83.85,121.31,63.01
standard_benchmark,lamar,UniDepth1Calib-vitl14,100,calib,93.65,121.31,81.52
standard_benchmark,lamar,UniDepth1Calib-vitl14,100,calib_shift,92.85,121.31,81.19
standard_benchmark,lamar,UniDepth1Calib-vitl14,100,calib_ro,85.01,121.31,60.45
standard_benchmark,lamar,UniDepth1Calib-vitl14,100,calib_shift_ro,85.89,121.31,64.8
standard_benchmark,lamar,UniDepth1Calib-vitl14,500,calib,94.11,121.31,81.87
standard_benchmark,lamar,UniDepth1Calib-vitl14,500,calib_shift,93.87,121.31,81.8
standard_benchmark,lamar,UniDepth1Calib-vitl14,500,calib_ro,85.16,121.31,60.46
standard_benchmark,lamar,UniDepth1Calib-vitl14,500,calib_shift_ro,86.3,121.31,64.98
standard_benchmark,lamar,UniDepth1Calib-vitl14,1000,calib,94.23,121.31,81.93
standard_benchmark,lamar,UniDepth1Calib-vitl14,1000,calib_shift,94.1,121.31,81.93
standard_benchmark,lamar,UniDepth1Calib-vitl14,1000,calib_ro,85.26,121.31,60.46
standard_benchmark,lamar,UniDepth1Calib-vitl14,1000,calib_shift_ro,86.42,121.31,65.01
standard_benchmark,lamar,UniDepth2-vitb14,10,calib,89.12,29.82,78.53
standard_benchmark,lamar,UniDepth2-vitb14,10,mdecalib,55.28,29.82,62.21
standard_benchmark,lamar,UniDepth2-vitb14,10,sf,76.43,29.82,75.78
standard_benchmark,lamar,UniDepth2-vitb14,10,calib_shift,86.47,29.82,76.6
standard_benchmark,lamar,UniDepth2-vitb14,10,mdecalib_shift,53.28,29.82,60.76
standard_benchmark,lamar,UniDepth2-vitb14,10,sf_shift,39.87,29.82,32.33
standard_benchmark,lamar,UniDepth2-vitb14,10,calib_ro,86.35,29.82,66.04
standard_benchmark,lamar,UniDepth2-vitb14,10,mdecalib_ro,55.04,29.82,57.96
standard_benchmark,lamar,UniDepth2-vitb14,10,sf_ro,70.14,29.82,82.61
standard_benchmark,lamar,UniDepth2-vitb14,10,calib_shift_ro,86.42,29.82,68.33
standard_benchmark,lamar,UniDepth2-vitb14,10,mdecalib_shift_ro,57.24,29.82,63.02
standard_benchmark,lamar,UniDepth2-vitb14,10,sf_shift_ro,49.36,29.82,56.32
standard_benchmark,lamar,UniDepth2-vitb14,100,calib,93.33,29.82,81.46
standard_benchmark,lamar,UniDepth2-vitb14,100,mdecalib,58.24,29.82,66.4
standard_benchmark,lamar,UniDepth2-vitb14,100,sf,82.76,29.82,81.14
standard_benchmark,lamar,UniDepth2-vitb14,100,calib_shift,92.9,29.82,81.24
standard_benchmark,lamar,UniDepth2-vitb14,100,mdecalib_shift,57.63,29.82,66.76
standard_benchmark,lamar,UniDepth2-vitb14,100,sf_shift,62.84,29.82,61.55
standard_benchmark,lamar,UniDepth2-vitb14,100,calib_ro,86.56,29.82,66.29
standard_benchmark,lamar,UniDepth2-vitb14,100,mdecalib_ro,55.25,29.82,58.4
standard_benchmark,lamar,UniDepth2-vitb14,100,sf_ro,71.16,29.82,83.64
standard_benchmark,lamar,UniDepth2-vitb14,100,calib_shift_ro,87.98,29.82,69.97
standard_benchmark,lamar,UniDepth2-vitb14,100,mdecalib_shift_ro,58.53,29.82,65.06
standard_benchmark,lamar,UniDepth2-vitb14,100,sf_shift_ro,61.43,29.82,74.6
standard_benchmark,lamar,UniDepth2-vitb14,500,calib,93.8,29.82,81.82
standard_benchmark,lamar,UniDepth2-vitb14,500,mdecalib,58.43,29.82,67.48
standard_benchmark,lamar,UniDepth2-vitb14,500,sf,84.08,29.82,81.9
standard_benchmark,lamar,UniDepth2-vitb14,500,calib_shift,93.97,29.82,81.82
standard_benchmark,lamar,UniDepth2-vitb14,500,mdecalib_shift,57.93,29.82,67.86
standard_benchmark,lamar,UniDepth2-vitb14,500,sf_shift,70.86,29.82,71.21
standard_benchmark,lamar,UniDepth2-vitb14,500,calib_ro,86.61,29.82,66.28
standard_benchmark,lamar,UniDepth2-vitb14,500,mdecalib_ro,55.28,29.82,58.39
standard_benchmark,lamar,UniDepth2-vitb14,500,sf_ro,71.17,29.82,83.73
standard_benchmark,lamar,UniDepth2-vitb14,500,calib_shift_ro,88.15,29.82,70.11
standard_benchmark,lamar,UniDepth2-vitb14,500,mdecalib_shift_ro,58.77,29.82,65.26
standard_benchmark,lamar,UniDepth2-vitb14,500,sf_shift_ro,64.84,29.82,78.85
standard_benchmark,lamar,UniDepth2-vitb14,1000,calib,93.91,29.82,81.88
standard_benchmark,lamar,UniDepth2-vitb14,1000,mdecalib,58.37,29.82,67.75
standard_benchmark,lamar,UniDepth2-vitb14,1000,sf,84.26,29.82,82.05
standard_benchmark,lamar,UniDepth2-vitb14,1000,calib_shift,94.14,29.82,81.93
standard_benchmark,lamar,UniDepth2-vitb14,1000,mdecalib_shift,57.92,29.82,68.13
standard_benchmark,lamar,UniDepth2-vitb14,1000,sf_shift,73.23,29.82,73.61
standard_benchmark,lamar,UniDepth2-vitb14,1000,calib_ro,86.61,29.82,66.28
standard_benchmark,lamar,UniDepth2-vitb14,1000,mdecalib_ro,55.3,29.82,58.39
standard_benchmark,lamar,UniDepth2-vitb14,1000,sf_ro,71.12,29.82,83.74
standard_benchmark,lamar,UniDepth2-vitb14,1000,calib_shift_ro,88.19,29.82,70.12
standard_benchmark,lamar,UniDepth2-vitb14,1000,mdecalib_shift_ro,58.79,29.82,65.3
standard_benchmark,lamar,UniDepth2-vitb14,1000,sf_shift_ro,65.81,29.82,79.97
standard_benchmark,lamar,UniDepth2-vitl14,10,calib,89.79,43.5,78.9
standard_benchmark,lamar,UniDepth2-vitl14,10,mdecalib,62.94,43.5,64.85
standard_benchmark,lamar,UniDepth2-vitl14,10,sf,78.89,43.5,76.77
standard_benchmark,lamar,UniDepth2-vitl14,10,calib_shift,87.81,43.5,77.47
standard_benchmark,lamar,UniDepth2-vitl14,10,mdecalib_shift,61.53,43.5,64.05
standard_benchmark,lamar,UniDepth2-vitl14,10,sf_shift,41.25,43.5,32.93
standard_benchmark,lamar,UniDepth2-vitl14,10,calib_ro,88.54,43.5,69.85
standard_benchmark,lamar,UniDepth2-vitl14,10,mdecalib_ro,62.68,43.5,62.31
standard_benchmark,lamar,UniDepth2-vitl14,10,sf_ro,73.93,43.5,85.15
standard_benchmark,lamar,UniDepth2-vitl14,10,calib_shift_ro,88.45,43.5,71.92
standard_benchmark,lamar,UniDepth2-vitl14,10,mdecalib_shift_ro,65.28,43.5,67.55
standard_benchmark,lamar,UniDepth2-vitl14,10,sf_shift_ro,52.1,43.5,58.15
standard_benchmark,lamar,UniDepth2-vitl14,100,calib,93.95,43.5,81.57
standard_benchmark,lamar,UniDepth2-vitl14,100,mdecalib,66.4,43.5,68.66
standard_benchmark,lamar,UniDepth2-vitl14,100,sf,84.43,43.5,81.36
standard_benchmark,lamar,UniDepth2-vitl14,100,calib_shift,93.42,43.5,81.4
standard_benchmark,lamar,UniDepth2-vitl14,100,mdecalib_shift,65.56,43.5,69.0
standard_benchmark,lamar,UniDepth2-vitl14,100,sf_shift,63.55,43.5,61.41
standard_benchmark,lamar,UniDepth2-vitl14,100,calib_ro,88.74,43.5,70.03
standard_benchmark,lamar,UniDepth2-vitl14,100,mdecalib_ro,62.9,43.5,62.68
standard_benchmark,lamar,UniDepth2-vitl14,100,sf_ro,74.58,43.5,85.88
standard_benchmark,lamar,UniDepth2-vitl14,100,calib_shift_ro,89.83,43.5,73.34
standard_benchmark,lamar,UniDepth2-vitl14,100,mdecalib_shift_ro,66.26,43.5,69.15
standard_benchmark,lamar,UniDepth2-vitl14,100,sf_shift_ro,64.45,43.5,76.07
standard_benchmark,lamar,UniDepth2-vitl14,500,calib,94.35,43.5,81.85
standard_benchmark,lamar,UniDepth2-vitl14,500,mdecalib,66.69,43.5,69.64
standard_benchmark,lamar,UniDepth2-vitl14,500,sf,85.48,43.5,82.0
standard_benchmark,lamar,UniDepth2-vitl14,500,calib_shift,94.37,43.5,81.88
standard_benchmark,lamar,UniDepth2-vitl14,500,mdecalib_shift,66.26,43.5,70.02
standard_benchmark,lamar,UniDepth2-vitl14,500,sf_shift,71.72,43.5,71.23
standard_benchmark,lamar,UniDepth2-vitl14,500,calib_ro,88.8,43.5,70.02
standard_benchmark,lamar,UniDepth2-vitl14,500,mdecalib_ro,62.87,43.5,62.7
standard_benchmark,lamar,UniDepth2-vitl14,500,sf_ro,74.66,43.5,85.94
standard_benchmark,lamar,UniDepth2-vitl14,500,calib_shift_ro,89.98,43.5,73.46
standard_benchmark,lamar,UniDepth2-vitl14,500,mdecalib_shift_ro,66.42,43.5,69.3
standard_benchmark,lamar,UniDepth2-vitl14,500,sf_shift_ro,68.42,43.5,80.68
standard_benchmark,lamar,UniDepth2-vitl14,1000,calib,94.42,43.5,81.89
standard_benchmark,lamar,UniDepth2-vitl14,1000,mdecalib,66.68,43.5,69.88
standard_benchmark,lamar,UniDepth2-vitl14,1000,sf,85.6,43.5,82.09
standard_benchmark,lamar,UniDepth2-vitl14,1000,calib_shift,94.47,43.5,81.94
standard_benchmark,lamar,UniDepth2-vitl14,1000,mdecalib_shift,66.22,43.5,70.22
standard_benchmark,lamar,UniDepth2-vitl14,1000,sf_shift,74.09,43.5,73.55
standard_benchmark,lamar,UniDepth2-vitl14,1000,calib_ro,88.82,43.5,70.03
standard_benchmark,lamar,UniDepth2-vitl14,1000,mdecalib_ro,62.88,43.5,62.7
standard_benchmark,lamar,UniDepth2-vitl14,1000,sf_ro,74.64,43.5,85.96
standard_benchmark,lamar,UniDepth2-vitl14,1000,calib_shift_ro,89.99,43.5,73.48
standard_benchmark,lamar,UniDepth2-vitl14,1000,mdecalib_shift_ro,66.46,43.5,69.32
standard_benchmark,lamar,UniDepth2-vitl14,1000,sf_shift_ro,69.47,43.5,81.77
standard_benchmark,lamar,UniDepth2-vits14,10,calib,88.4,20.61,78.14
standard_benchmark,lamar,UniDepth2-vits14,10,mdecalib,43.05,20.61,51.54
standard_benchmark,lamar,UniDepth2-vits14,10,sf,74.91,20.61,74.01
standard_benchmark,lamar,UniDepth2-vits14,10,calib_shift,85.09,20.61,75.08
standard_benchmark,lamar,UniDepth2-vits14,10,mdecalib_shift,41.01,20.61,49.5
standard_benchmark,lamar,UniDepth2-vits14,10,sf_shift,38.85,20.61,31.79
standard_benchmark,lamar,UniDepth2-vits14,10,calib_ro,82.42,20.61,58.93
standard_benchmark,lamar,UniDepth2-vits14,10,mdecalib_ro,41.71,20.61,46.05
standard_benchmark,lamar,UniDepth2-vits14,10,sf_ro,64.07,20.61,78.08
standard_benchmark,lamar,UniDepth2-vits14,10,calib_shift_ro,82.7,20.61,61.49
standard_benchmark,lamar,UniDepth2-vits14,10,mdecalib_shift_ro,43.79,20.61,51.74
standard_benchmark,lamar,UniDepth2-vits14,10,sf_shift_ro,44.83,20.61,53.46
standard_benchmark,lamar,UniDepth2-vits14,100,calib,93.11,20.61,81.45
standard_benchmark,lamar,UniDepth2-vits14,100,mdecalib,46.05,20.61,57.34
standard_benchmark,lamar,UniDepth2-vits14,100,sf,81.78,20.61,80.71
standard_benchmark,lamar,UniDepth2-vits14,100,calib_shift,92.46,20.61,80.98
standard_benchmark,lamar,UniDepth2-vits14,100,mdecalib_shift,45.41,20.61,57.37
standard_benchmark,lamar,UniDepth2-vits14,100,sf_shift,61.99,20.61,61.06
standard_benchmark,lamar,UniDepth2-vits14,100,calib_ro,83.11,20.61,59.3
standard_benchmark,lamar,UniDepth2-vits14,100,mdecalib_ro,42.05,20.61,46.76
standard_benchmark,lamar,UniDepth2-vits14,100,sf_ro,65.42,20.61,79.41
standard_benchmark,lamar,UniDepth2-vits14,100,calib_shift_ro,85.02,20.61,63.53
standard_benchmark,lamar,UniDepth2-vits14,100,mdecalib_shift_ro,45.43,20.61,54.52
standard_benchmark,lamar,UniDepth2-vits14,100,sf_shift_ro,56.4,20.61,71.24
standard_benchmark,lamar,UniDepth2-vits14,500,calib,93.79,20.61,81.84
standard_benchmark,lamar,UniDepth2-vits14,500,mdecalib,46.58,20.61,58.89
standard_benchmark,lamar,UniDepth2-vits14,500,sf,83.17,20.61,81.8
standard_benchmark,lamar,UniDepth2-vits14,500,calib_shift,93.82,20.61,81.74
standard_benchmark,lamar,UniDepth2-vits14,500,mdecalib_shift,46.01,20.61,59.19
standard_benchmark,lamar,UniDepth2-vits14,500,sf_shift,70.24,20.61,70.93
standard_benchmark,lamar,UniDepth2-vits14,500,calib_ro,83.19,20.61,59.29
standard_benchmark,lamar,UniDepth2-vits14,500,mdecalib_ro,42.17,20.61,46.8
standard_benchmark,lamar,UniDepth2-vits14,500,sf_ro,65.66,20.61,79.51
standard_benchmark,lamar,UniDepth2-vits14,500,calib_shift_ro,85.36,20.61,63.78
standard_benchmark,lamar,UniDepth2-vits14,500,mdecalib_shift_ro,45.67,20.61,54.86
standard_benchmark,lamar,UniDepth2-vits14,500,sf_shift_ro,59.65,20.61,75.28
standard_benchmark,lamar,UniDepth2-vits14,1000,calib,93.94,20.61,81.9
standard_benchmark,lamar,UniDepth2-vits14,1000,mdecalib,46.57,20.61,59.36
standard_benchmark,lamar,UniDepth2-vits14,1000,sf,83.47,20.61,81.98
standard_benchmark,lamar,UniDepth2-vits14,1000,calib_shift,94.02,20.61,81.86
standard_benchmark,lamar,UniDepth2-vits14,1000,mdecalib_shift,46.24,20.61,59.64
standard_benchmark,lamar,UniDepth2-vits14,1000,sf_shift,72.54,20.61,73.51
standard_benchmark,lamar,UniDepth2-vits14,1000,calib_ro,83.21,20.61,59.28
standard_benchmark,lamar,UniDepth2-vits14,1000,mdecalib_ro,42.23,20.61,46.79
standard_benchmark,lamar,UniDepth2-vits14,1000,sf_ro,65.64,20.61,79.53
standard_benchmark,lamar,UniDepth2-vits14,1000,calib_shift_ro,85.44,20.61,63.81
standard_benchmark,lamar,UniDepth2-vits14,1000,mdecalib_shift_ro,45.69,20.61,54.9
standard_benchmark,lamar,UniDepth2-vits14,1000,sf_shift_ro,60.8,20.61,76.31
standard_benchmark,lamar,UniDepth2Calib-vitb14,10,calib,89.6,30.58,78.68
standard_benchmark,lamar,UniDepth2Calib-vitb14,10,calib_shift,86.51,30.58,76.53
standard_benchmark,lamar,UniDepth2Calib-vitb14,10,calib_ro,87.16,30.58,65.82
standard_benchmark,lamar,UniDepth2Calib-vitb14,10,calib_shift_ro,86.94,30.58,68.35
standard_benchmark,lamar,UniDepth2Calib-vitb14,100,calib,93.79,30.58,81.51
standard_benchmark,lamar,UniDepth2Calib-vitb14,100,calib_shift,93.12,30.58,81.27
standard_benchmark,lamar,UniDepth2Calib-vitb14,100,calib_ro,87.48,30.58,66.07
standard_benchmark,lamar,UniDepth2Calib-vitb14,100,calib_shift_ro,88.44,30.58,70.0
standard_benchmark,lamar,UniDepth2Calib-vitb14,500,calib,94.21,30.58,81.84
standard_benchmark,lamar,UniDepth2Calib-vitb14,500,calib_shift,94.2,30.58,81.86
standard_benchmark,lamar,UniDepth2Calib-vitb14,500,calib_ro,87.5,30.58,66.07
standard_benchmark,lamar,UniDepth2Calib-vitb14,500,calib_shift_ro,88.59,30.58,70.13
standard_benchmark,lamar,UniDepth2Calib-vitb14,1000,calib,94.31,30.58,81.89
standard_benchmark,lamar,UniDepth2Calib-vitb14,1000,calib_shift,94.37,30.58,81.93
standard_benchmark,lamar,UniDepth2Calib-vitb14,1000,calib_ro,87.5,30.58,66.07
standard_benchmark,lamar,UniDepth2Calib-vitb14,1000,calib_shift_ro,88.61,30.58,70.15
standard_benchmark,lamar,UniDepth2Calib-vitl14,10,calib,90.07,44.36,78.95
standard_benchmark,lamar,UniDepth2Calib-vitl14,10,calib_shift,87.85,44.36,77.4
standard_benchmark,lamar,UniDepth2Calib-vitl14,10,calib_ro,89.03,44.36,69.53
standard_benchmark,lamar,UniDepth2Calib-vitl14,10,calib_shift_ro,88.64,44.36,71.76
standard_benchmark,lamar,UniDepth2Calib-vitl14,100,calib,94.15,44.36,81.63
standard_benchmark,lamar,UniDepth2Calib-vitl14,100,calib_shift,93.42,44.36,81.4
standard_benchmark,lamar,UniDepth2Calib-vitl14,100,calib_ro,89.26,44.36,69.71
standard_benchmark,lamar,UniDepth2Calib-vitl14,100,calib_shift_ro,90.0,44.36,73.18
standard_benchmark,lamar,UniDepth2Calib-vitl14,500,calib,94.58,44.36,81.87
standard_benchmark,lamar,UniDepth2Calib-vitl14,500,calib_shift,94.42,44.36,81.89
standard_benchmark,lamar,UniDepth2Calib-vitl14,500,calib_ro,89.29,44.36,69.71
standard_benchmark,lamar,UniDepth2Calib-vitl14,500,calib_shift_ro,90.13,44.36,73.28
standard_benchmark,lamar,UniDepth2Calib-vitl14,1000,calib,94.65,44.36,81.9
standard_benchmark,lamar,UniDepth2Calib-vitl14,1000,calib_shift,94.54,44.36,81.94
standard_benchmark,lamar,UniDepth2Calib-vitl14,1000,calib_ro,89.29,44.36,69.71
standard_benchmark,lamar,UniDepth2Calib-vitl14,1000,calib_shift_ro,90.16,44.36,73.3
standard_benchmark,lamar,UniDepth2Calib-vits14,10,calib,88.67,21.38,78.3
standard_benchmark,lamar,UniDepth2Calib-vits14,10,calib_shift,85.03,21.38,74.99
standard_benchmark,lamar,UniDepth2Calib-vits14,10,calib_ro,83.16,21.38,58.68
standard_benchmark,lamar,UniDepth2Calib-vits14,10,calib_shift_ro,82.37,21.38,61.11
standard_benchmark,lamar,UniDepth2Calib-vits14,100,calib,93.38,21.38,81.49
standard_benchmark,lamar,UniDepth2Calib-vits14,100,calib_shift,92.54,21.38,80.98
standard_benchmark,lamar,UniDepth2Calib-vits14,100,calib_ro,83.67,21.38,59.04
standard_benchmark,lamar,UniDepth2Calib-vits14,100,calib_shift_ro,85.01,21.38,63.38
standard_benchmark,lamar,UniDepth2Calib-vits14,500,calib,94.01,21.38,81.86
standard_benchmark,lamar,UniDepth2Calib-vits14,500,calib_shift,93.79,21.38,81.74
standard_benchmark,lamar,UniDepth2Calib-vits14,500,calib_ro,83.7,21.38,59.04
standard_benchmark,lamar,UniDepth2Calib-vits14,500,calib_shift_ro,85.25,21.38,63.6
standard_benchmark,lamar,UniDepth2Calib-vits14,1000,calib,94.15,21.38,81.92
standard_benchmark,lamar,UniDepth2Calib-vits14,1000,calib_shift,93.99,21.38,81.85
standard_benchmark,lamar,UniDepth2Calib-vits14,1000,calib_ro,83.73,21.38,59.03
standard_benchmark,lamar,UniDepth2Calib-vits14,1000,calib_shift_ro,85.35,21.38,63.62
standard_benchmark,lamar,UniK3D-vitl,10,calib,90.19,45.45,79.04
standard_benchmark,lamar,UniK3D-vitl,10,sf,79.15,45.45,76.86
standard_benchmark,lamar,UniK3D-vitl,10,calib_shift,88.22,45.45,77.62
standard_benchmark,lamar,UniK3D-vitl,10,sf_shift,41.66,45.45,33.26
standard_benchmark,lamar,UniK3D-vitl,10,calib_ro,89.29,45.45,70.18
standard_benchmark,lamar,UniK3D-vitl,10,sf_ro,75.01,45.45,85.3
standard_benchmark,lamar,UniK3D-vitl,10,calib_shift_ro,89.23,45.45,72.33
standard_benchmark,lamar,UniK3D-vitl,10,sf_shift_ro,53.04,45.45,57.69
standard_benchmark,lamar,UniK3D-vitl,100,calib,94.17,45.45,81.61
standard_benchmark,lamar,UniK3D-vitl,100,sf,84.89,45.45,81.41
standard_benchmark,lamar,UniK3D-vitl,100,calib_shift,93.67,45.45,81.45
standard_benchmark,lamar,UniK3D-vitl,100,sf_shift,64.64,45.45,61.94
standard_benchmark,lamar,UniK3D-vitl,100,calib_ro,89.6,45.45,70.37
standard_benchmark,lamar,UniK3D-vitl,100,sf_ro,75.88,45.45,86.1
standard_benchmark,lamar,UniK3D-vitl,100,calib_shift_ro,90.62,45.45,73.75
standard_benchmark,lamar,UniK3D-vitl,100,sf_shift_ro,66.15,45.45,76.26
standard_benchmark,lamar,UniK3D-vitl,500,calib,94.58,45.45,81.87
standard_benchmark,lamar,UniK3D-vitl,500,sf,85.99,45.45,82.04
standard_benchmark,lamar,UniK3D-vitl,500,calib_shift,94.46,45.45,81.89
standard_benchmark,lamar,UniK3D-vitl,500,sf_shift,72.24,45.45,71.1
standard_benchmark,lamar,UniK3D-vitl,500,calib_ro,89.63,45.45,70.38
standard_benchmark,lamar,UniK3D-vitl,500,sf_ro,75.9,45.45,86.16
standard_benchmark,lamar,UniK3D-vitl,500,calib_shift_ro,90.72,45.45,73.86
standard_benchmark,lamar,UniK3D-vitl,500,sf_shift_ro,69.47,45.45,80.38
standard_benchmark,lamar,UniK3D-vitl,1000,calib,94.64,45.45,81.91
standard_benchmark,lamar,UniK3D-vitl,1000,sf,86.18,45.45,82.13
standard_benchmark,lamar,UniK3D-vitl,1000,calib_shift,94.61,45.45,81.94
standard_benchmark,lamar,UniK3D-vitl,1000,sf_shift,74.32,45.45,73.58
standard_benchmark,lamar,UniK3D-vitl,1000,calib_ro,89.63,45.45,70.38
standard_benchmark,lamar,UniK3D-vitl,1000,sf_ro,75.89,45.45,86.16
standard_benchmark,lamar,UniK3D-vitl,1000,calib_shift_ro,90.74,45.45,73.88
standard_benchmark,lamar,UniK3D-vitl,1000,sf_shift_ro,70.53,45.45,81.64
standard_benchmark,lamar,UniK3DCalib-vitl,10,calib,90.2,47.8,79.05
standard_benchmark,lamar,UniK3DCalib-vitl,10,calib_shift,88.18,47.8,77.55
standard_benchmark,lamar,UniK3DCalib-vitl,10,calib_ro,89.64,47.8,70.36
standard_benchmark,lamar,UniK3DCalib-vitl,10,calib_shift_ro,89.51,47.8,72.4
standard_benchmark,lamar,UniK3DCalib-vitl,100,calib,94.26,47.8,81.62
standard_benchmark,lamar,UniK3DCalib-vitl,100,calib_shift,93.67,47.8,81.43
standard_benchmark,lamar,UniK3DCalib-vitl,100,calib_ro,89.86,47.8,70.56
standard_benchmark,lamar,UniK3DCalib-vitl,100,calib_shift_ro,90.72,47.8,73.81
standard_benchmark,lamar,UniK3DCalib-vitl,500,calib,94.64,47.8,81.87
standard_benchmark,lamar,UniK3DCalib-vitl,500,calib_shift,94.57,47.8,81.89
standard_benchmark,lamar,UniK3DCalib-vitl,500,calib_ro,89.91,47.8,70.56
standard_benchmark,lamar,UniK3DCalib-vitl,500,calib_shift_ro,90.79,47.8,73.92
standard_benchmark,lamar,UniK3DCalib-vitl,1000,calib,94.7,47.8,81.91
standard_benchmark,lamar,UniK3DCalib-vitl,1000,calib_shift,94.63,47.8,81.95
standard_benchmark,lamar,UniK3DCalib-vitl,1000,calib_ro,89.92,47.8,70.55
standard_benchmark,lamar,UniK3DCalib-vitl,1000,calib_shift_ro,90.82,47.8,73.94
standard_benchmark,lamar,VGGT-VGGT-1B,10,calib,88.57,90.57,78.04
standard_benchmark,lamar,VGGT-VGGT-1B,10,mdecalib,74.21,90.57,71.5
standard_benchmark,lamar,VGGT-VGGT-1B,10,sf,74.93,90.57,74.21
standard_benchmark,lamar,VGGT-VGGT-1B,10,calib_shift,85.33,90.57,75.38
standard_benchmark,lamar,VGGT-VGGT-1B,10,mdecalib_shift,71.21,90.57,69.22
standard_benchmark,lamar,VGGT-VGGT-1B,10,sf_shift,40.01,90.57,32.23
standard_benchmark,lamar,VGGT-VGGT-1B,10,calib_ro,82.85,90.57,60.73
standard_benchmark,lamar,VGGT-VGGT-1B,10,mdecalib_ro,71.67,90.57,58.71
standard_benchmark,lamar,VGGT-VGGT-1B,10,sf_ro,65.65,90.57,78.79
standard_benchmark,lamar,VGGT-VGGT-1B,10,calib_shift_ro,85.19,90.57,63.65
standard_benchmark,lamar,VGGT-VGGT-1B,10,mdecalib_shift_ro,74.14,90.57,62.12
standard_benchmark,lamar,VGGT-VGGT-1B,10,sf_shift_ro,49.58,90.57,55.65
standard_benchmark,lamar,VGGT-VGGT-1B,100,calib,93.25,90.57,81.3
standard_benchmark,lamar,VGGT-VGGT-1B,100,mdecalib,78.3,90.57,75.18
standard_benchmark,lamar,VGGT-VGGT-1B,100,sf,81.86,90.57,80.45
standard_benchmark,lamar,VGGT-VGGT-1B,100,calib_shift,92.55,90.57,80.91
standard_benchmark,lamar,VGGT-VGGT-1B,100,mdecalib_shift,77.4,90.57,75.19
standard_benchmark,lamar,VGGT-VGGT-1B,100,sf_shift,62.66,90.57,61.69
standard_benchmark,lamar,VGGT-VGGT-1B,100,calib_ro,83.45,90.57,61.1
standard_benchmark,lamar,VGGT-VGGT-1B,100,mdecalib_ro,72.09,90.57,59.07
standard_benchmark,lamar,VGGT-VGGT-1B,100,sf_ro,66.99,90.57,80.07
standard_benchmark,lamar,VGGT-VGGT-1B,100,calib_shift_ro,87.16,90.57,65.34
standard_benchmark,lamar,VGGT-VGGT-1B,100,mdecalib_shift_ro,76.03,90.57,63.89
standard_benchmark,lamar,VGGT-VGGT-1B,100,sf_shift_ro,61.64,90.57,73.29
standard_benchmark,lamar,VGGT-VGGT-1B,500,calib,93.96,90.57,81.77
standard_benchmark,lamar,VGGT-VGGT-1B,500,mdecalib,78.87,90.57,76.01
standard_benchmark,lamar,VGGT-VGGT-1B,500,sf,83.31,90.57,81.58
standard_benchmark,lamar,VGGT-VGGT-1B,500,calib_shift,93.87,90.57,81.7
standard_benchmark,lamar,VGGT-VGGT-1B,500,mdecalib_shift,78.42,90.57,76.18
standard_benchmark,lamar,VGGT-VGGT-1B,500,sf_shift,69.96,90.57,71.2
standard_benchmark,lamar,VGGT-VGGT-1B,500,calib_ro,83.51,90.57,61.1
standard_benchmark,lamar,VGGT-VGGT-1B,500,mdecalib_ro,72.15,90.57,59.07
standard_benchmark,lamar,VGGT-VGGT-1B,500,sf_ro,67.22,90.57,80.18
standard_benchmark,lamar,VGGT-VGGT-1B,500,calib_shift_ro,87.37,90.57,65.53
standard_benchmark,lamar,VGGT-VGGT-1B,500,mdecalib_shift_ro,76.22,90.57,64.08
standard_benchmark,lamar,VGGT-VGGT-1B,500,sf_shift_ro,64.98,90.57,77.01
standard_benchmark,lamar,VGGT-VGGT-1B,1000,calib,94.16,90.57,81.87
standard_benchmark,lamar,VGGT-VGGT-1B,1000,mdecalib,78.92,90.57,76.19
standard_benchmark,lamar,VGGT-VGGT-1B,1000,sf,83.64,90.57,81.79
standard_benchmark,lamar,VGGT-VGGT-1B,1000,calib_shift,94.17,90.57,81.85
standard_benchmark,lamar,VGGT-VGGT-1B,1000,mdecalib_shift,78.59,90.57,76.36
standard_benchmark,lamar,VGGT-VGGT-1B,1000,sf_shift,71.86,90.57,73.72
standard_benchmark,lamar,VGGT-VGGT-1B,1000,calib_ro,83.51,90.57,61.09
standard_benchmark,lamar,VGGT-VGGT-1B,1000,mdecalib_ro,72.17,90.57,59.07
standard_benchmark,lamar,VGGT-VGGT-1B,1000,sf_ro,67.25,90.57,80.2
standard_benchmark,lamar,VGGT-VGGT-1B,1000,calib_shift_ro,87.46,90.57,65.54
standard_benchmark,lamar,VGGT-VGGT-1B,1000,mdecalib_shift_ro,76.28,90.57,64.1
standard_benchmark,lamar,VGGT-VGGT-1B,1000,sf_shift_ro,65.81,90.57,77.96
standard_benchmark,lamar,gt,10,calib,96.28,0.0,83.59
standard_benchmark,lamar,gt,10,sf,92.58,0.0,83.79
standard_benchmark,lamar,gt,10,calib_shift,96.13,0.0,83.71
standard_benchmark,lamar,gt,10,sf_shift,53.97,0.0,41.01
standard_benchmark,lamar,gt,10,calib_ro,98.38,0.0,99.99
standard_benchmark,lamar,gt,10,sf_ro,96.39,0.0,100.0
standard_benchmark,lamar,gt,10,calib_shift_ro,98.3,0.0,99.99
standard_benchmark,lamar,gt,10,sf_shift_ro,76.58,0.0,72.8
standard_benchmark,lamar,gt,100,calib,96.32,0.0,83.65
standard_benchmark,lamar,gt,100,sf,92.63,0.0,83.87
standard_benchmark,lamar,gt,100,calib_shift,96.12,0.0,83.75
standard_benchmark,lamar,gt,100,sf_shift,81.34,0.0,72.54
standard_benchmark,lamar,gt,100,calib_ro,98.39,0.0,99.99
standard_benchmark,lamar,gt,100,sf_ro,96.4,0.0,100.0
standard_benchmark,lamar,gt,100,calib_shift_ro,98.31,0.0,99.99
standard_benchmark,lamar,gt,100,sf_shift_ro,90.31,0.0,91.79
standard_benchmark,lamar,gt,500,calib,96.31,0.0,83.67
standard_benchmark,lamar,gt,500,sf,92.57,0.0,83.9
standard_benchmark,lamar,gt,500,calib_shift,96.14,0.0,83.76
standard_benchmark,lamar,gt,500,sf_shift,86.8,0.0,80.35
standard_benchmark,lamar,gt,500,calib_ro,98.39,0.0,99.99
standard_benchmark,lamar,gt,500,sf_ro,96.4,0.0,100.0
standard_benchmark,lamar,gt,500,calib_shift_ro,98.31,0.0,99.99
standard_benchmark,lamar,gt,500,sf_shift_ro,93.76,0.0,95.96
standard_benchmark,lamar,gt,1000,calib,96.26,0.0,83.68
standard_benchmark,lamar,gt,1000,sf,92.57,0.0,83.91
standard_benchmark,lamar,gt,1000,calib_shift,96.12,0.0,83.76
standard_benchmark,lamar,gt,1000,sf_shift,87.65,0.0,81.74
standard_benchmark,lamar,gt,1000,calib_ro,98.39,0.0,99.99
standard_benchmark,lamar,gt,1000,sf_ro,96.4,0.0,100.0
standard_benchmark,lamar,gt,1000,calib_shift_ro,98.31,0.0,99.99
standard_benchmark,lamar,gt,1000,sf_shift_ro,94.5,0.0,97.05
standard_benchmark,lamar,none,10,baseline_calib,90.71,0.0,80.04
standard_benchmark,lamar,none,10,baseline_sf,82.32,0.0,79.35
standard_benchmark,lamar,none,100,baseline_calib,94.45,0.0,81.85
standard_benchmark,lamar,none,100,baseline_sf,86.3,0.0,82.01
standard_benchmark,lamar,none,500,baseline_calib,94.93,0.0,82.03
standard_benchmark,lamar,none,500,baseline_sf,87.47,0.0,82.47
standard_benchmark,lamar,none,1000,baseline_calib,94.97,0.0,82.04
standard_benchmark,lamar,none,1000,baseline_sf,87.69,0.0,82.55
