group,dataset,mde,iters,solver,pose_mAA_10,mean_mde_runtime,mean_inliers
standard_benchmark,sintel,DepthAnythingV2-vitb,10,calib,38.45,86.86,75.42
standard_benchmark,sintel,DepthAnythingV2-vitb,10,mdecalib,0.0,86.86,
standard_benchmark,sintel,DepthAnythingV2-vitb,10,sf,27.07,86.86,69.97
standard_benchmark,sintel,DepthAnythingV2-vitb,10,calib_shift,50.02,86.86,77.6
standard_benchmark,sintel,DepthAnythingV2-vitb,10,mdecalib_shift,0.0,86.86,
standard_benchmark,sintel,DepthAnythingV2-vitb,10,sf_shift,39.41,86.86,72.41
standard_benchmark,sintel,DepthAnythingV2-vitb,10,calib_ro,25.38,86.86,77.78
standard_benchmark,sintel,DepthAnythingV2-vitb,10,mdecalib_ro,0.0,86.86,
standard_benchmark,sintel,DepthAnythingV2-vitb,10,sf_ro,18.48,86.86,79.57
standard_benchmark,sintel,DepthAnythingV2-vitb,10,calib_shift_ro,36.83,86.86,85.96
standard_benchmark,sintel,DepthAnythingV2-vitb,10,mdecalib_shift_ro,0.0,86.86,
standard_benchmark,sintel,DepthAnythingV2-vitb,10,sf_shift_ro,24.01,86.86,85.68
standard_benchmark,sintel,DepthAnythingV2-vitb,100,calib,44.08,86.86,80.28
standard_benchmark,sintel,DepthAnythingV2-vitb,100,mdecalib,0.0,86.86,
standard_benchmark,sintel,DepthAnythingV2-vitb,100,sf,31.59,86.86,77.93
standard_benchmark,sintel,DepthAnythingV2-vitb,100,calib_shift,55.5,86.86,81.58
standard_benchmark,sintel,DepthAnythingV2-vitb,100,mdecalib_shift,0.0,86.86,
standard_benchmark,sintel,DepthAnythingV2-vitb,100,sf_shift,45.97,86.86,81.26
standard_benchmark,sintel,DepthAnythingV2-vitb,100,calib_ro,25.17,86.86,78.5
standard_benchmark,sintel,DepthAnythingV2-vitb,100,mdecalib_ro,0.0,86.86,
standard_benchmark,sintel,DepthAnythingV2-vitb,100,sf_ro,18.82,86.86,83.32
standard_benchmark,sintel,DepthAnythingV2-vitb,100,calib_shift_ro,37.93,86.86,87.79
standard_benchmark,sintel,DepthAnythingV2-vitb,100,mdecalib_shift_ro,0.0,86.86,
standard_benchmark,sintel,DepthAnythingV2-vitb,100,sf_shift_ro,25.49,86.86,90.3
standard_benchmark,sintel,DepthAnythingV2-vitb,500,calib,45.26,86.86,81.62
standard_benchmark,sintel,DepthAnythingV2-vitb,500,mdecalib,0.0,86.86,
standard_benchmark,sintel,DepthAnythingV2-vitb,500,sf,33.45,86.86,80.36
standard_benchmark,sintel,DepthAnythingV2-vitb,500,calib_shift,56.97,86.86,82.3
standard_benchmark,sintel,DepthAnythingV2-vitb,500,mdecalib_shift,0.0,86.86,
standard_benchmark,sintel,DepthAnythingV2-vitb,500,sf_shift,47.44,86.86,82.53
standard_benchmark,sintel,DepthAnythingV2-vitb,500,calib_ro,25.2,86.86,78.61
standard_benchmark,sintel,DepthAnythingV2-vitb,500,mdecalib_ro,0.0,86.86,
standard_benchmark,sintel,DepthAnythingV2-vitb,500,sf_ro,18.95,86.86,83.85
standard_benchmark,sintel,DepthAnythingV2-vitb,500,calib_shift_ro,38.15,86.86,88.01
standard_benchmark,sintel,DepthAnythingV2-vitb,500,mdecalib_shift_ro,0.0,86.86,
standard_benchmark,sintel,DepthAnythingV2-vitb,500,sf_shift_ro,25.62,86.86,90.59
standard_benchmark,sintel,DepthAnythingV2-vitb,1000,calib,45.73,86.86,81.96
standard_benchmark,sintel,DepthAnythingV2-vitb,1000,mdecalib,0.0,86.86,
standard_benchmark,sintel,DepthAnythingV2-vitb,1000,sf,33.9,86.86,81.15
standard_benchmark,sintel,DepthAnythingV2-vitb,1000,calib_shift,57.39,86.86,82.49
standard_benchmark,sintel,DepthAnythingV2-vitb,1000,mdecalib_shift,0.0,86.86,
standard_benchmark,sintel,DepthAnythingV2-vitb,1000,sf_shift,47.84,86.86,82.88
standard_benchmark,sintel,DepthAnythingV2-vitb,1000,calib_ro,25.2,86.86,78.64
standard_benchmark,sintel,DepthAnythingV2-vitb,1000,mdecalib_ro,0.0,86.86,
standard_benchmark,sintel,DepthAnythingV2-vitb,1000,sf_ro,18.94,86.86,83.86
standard_benchmark,sintel,DepthAnythingV2-vitb,1000,calib_shift_ro,38.19,86.86,88.01
standard_benchmark,sintel,DepthAnythingV2-vitb,1000,mdecalib_shift_ro,0.0,86.86,
standard_benchmark,sintel,DepthAnythingV2-vitb,1000,sf_shift_ro,25.81,86.86,90.66
standard_benchmark,sintel,DepthAnythingV2-vitl,10,calib,25.62,213.14,42.76
standard_benchmark,sintel,DepthAnythingV2-vitl,10,mdecalib,0.0,213.14,
standard_benchmark,sintel,DepthAnythingV2-vitl,10,sf,26.01,213.14,70.2
standard_benchmark,sintel,DepthAnythingV2-vitl,10,calib_shift,46.45,213.14,70.98
standard_benchmark,sintel,DepthAnythingV2-vitl,10,mdecalib_shift,0.0,213.14,
standard_benchmark,sintel,DepthAnythingV2-vitl,10,sf_shift,39.98,213.14,72.52
standard_benchmark,sintel,DepthAnythingV2-vitl,10,calib_ro,24.33,213.14,78.76
standard_benchmark,sintel,DepthAnythingV2-vitl,10,mdecalib_ro,0.0,213.14,
standard_benchmark,sintel,DepthAnythingV2-vitl,10,sf_ro,17.82,213.14,80.74
standard_benchmark,sintel,DepthAnythingV2-vitl,10,calib_shift_ro,38.01,213.14,87.63
standard_benchmark,sintel,DepthAnythingV2-vitl,10,mdecalib_shift_ro,0.0,213.14,
standard_benchmark,sintel,DepthAnythingV2-vitl,10,sf_shift_ro,25.61,213.14,86.27
standard_benchmark,sintel,DepthAnythingV2-vitl,100,calib,29.53,213.14,52.47
standard_benchmark,sintel,DepthAnythingV2-vitl,100,mdecalib,0.0,213.14,
standard_benchmark,sintel,DepthAnythingV2-vitl,100,sf,30.41,213.14,77.56
standard_benchmark,sintel,DepthAnythingV2-vitl,100,calib_shift,53.94,213.14,77.99
standard_benchmark,sintel,DepthAnythingV2-vitl,100,mdecalib_shift,0.0,213.14,
standard_benchmark,sintel,DepthAnythingV2-vitl,100,sf_shift,47.0,213.14,81.41
standard_benchmark,sintel,DepthAnythingV2-vitl,100,calib_ro,24.02,213.14,79.49
standard_benchmark,sintel,DepthAnythingV2-vitl,100,mdecalib_ro,0.0,213.14,
standard_benchmark,sintel,DepthAnythingV2-vitl,100,sf_ro,17.91,213.14,84.47
standard_benchmark,sintel,DepthAnythingV2-vitl,100,calib_shift_ro,39.21,213.14,88.66
standard_benchmark,sintel,DepthAnythingV2-vitl,100,mdecalib_shift_ro,0.0,213.14,
standard_benchmark,sintel,DepthAnythingV2-vitl,100,sf_shift_ro,27.61,213.14,90.83
standard_benchmark,sintel,DepthAnythingV2-vitl,500,calib,32.31,213.14,58.37
standard_benchmark,sintel,DepthAnythingV2-vitl,500,mdecalib,0.0,213.14,
standard_benchmark,sintel,DepthAnythingV2-vitl,500,sf,32.19,213.14,79.96
standard_benchmark,sintel,DepthAnythingV2-vitl,500,calib_shift,56.5,213.14,80.4
standard_benchmark,sintel,DepthAnythingV2-vitl,500,mdecalib_shift,0.0,213.14,
standard_benchmark,sintel,DepthAnythingV2-vitl,500,sf_shift,48.59,213.14,82.66
standard_benchmark,sintel,DepthAnythingV2-vitl,500,calib_ro,24.05,213.14,79.56
standard_benchmark,sintel,DepthAnythingV2-vitl,500,mdecalib_ro,0.0,213.14,
standard_benchmark,sintel,DepthAnythingV2-vitl,500,sf_ro,17.8,213.14,84.83
standard_benchmark,sintel,DepthAnythingV2-vitl,500,calib_shift_ro,39.47,213.14,88.77
standard_benchmark,sintel,DepthAnythingV2-vitl,500,mdecalib_shift_ro,0.0,213.14,
standard_benchmark,sintel,DepthAnythingV2-vitl,500,sf_shift_ro,27.91,213.14,91.1
standard_benchmark,sintel,DepthAnythingV2-vitl,1000,calib,33.17,213.14,60.88
standard_benchmark,sintel,DepthAnythingV2-vitl,1000,mdecalib,0.0,213.14,
standard_benchmark,sintel,DepthAnythingV2-vitl,1000,sf,32.65,213.14,80.77
standard_benchmark,sintel,DepthAnythingV2-vitl,1000,calib_shift,57.12,213.14,81.08
standard_benchmark,sintel,DepthAnythingV2-vitl,1000,mdecalib_shift,0.0,213.14,
standard_benchmark,sintel,DepthAnythingV2-vitl,1000,sf_shift,49.18,213.14,83.0
standard_benchmark,sintel,DepthAnythingV2-vitl,1000,calib_ro,24.05,213.14,79.56
standard_benchmark,sintel,DepthAnythingV2-vitl,1000,mdecalib_ro,0.0,213.14,
standard_benchmark,sintel,DepthAnythingV2-vitl,1000,sf_ro,17.8,213.14,84.87
standard_benchmark,sintel,DepthAnythingV2-vitl,1000,calib_shift_ro,39.51,213.14,88.81
standard_benchmark,sintel,DepthAnythingV2-vitl,1000,mdecalib_shift_ro,0.0,213.14,
standard_benchmark,sintel,DepthAnythingV2-vitl,1000,sf_shift_ro,27.94,213.14,91.15
standard_benchmark,sintel,DepthAnythingV2-vits,10,calib,37.98,53.73,74.86
standard_benchmark,sintel,DepthAnythingV2-vits,10,mdecalib,0.0,53.73,
standard_benchmark,sintel,DepthAnythingV2-vits,10,sf,24.84,53.73,69.93
standard_benchmark,sintel,DepthAnythingV2-vits,10,calib_shift,50.0,53.73,77.43
standard_benchmark,sintel,DepthAnythingV2-vits,10,mdecalib_shift,0.0,53.73,
standard_benchmark,sintel,DepthAnythingV2-vits,10,sf_shift,38.13,53.73,72.23
standard_benchmark,sintel,DepthAnythingV2-vits,10,calib_ro,23.77,53.73,78.29
standard_benchmark,sintel,DepthAnythingV2-vits,10,mdecalib_ro,0.0,53.73,
standard_benchmark,sintel,DepthAnythingV2-vits,10,sf_ro,17.18,53.73,79.42
standard_benchmark,sintel,DepthAnythingV2-vits,10,calib_shift_ro,34.98,53.73,86.11
standard_benchmark,sintel,DepthAnythingV2-vits,10,mdecalib_shift_ro,0.0,53.73,
standard_benchmark,sintel,DepthAnythingV2-vits,10,sf_shift_ro,24.35,53.73,85.54
standard_benchmark,sintel,DepthAnythingV2-vits,100,calib,43.61,53.73,80.01
standard_benchmark,sintel,DepthAnythingV2-vits,100,mdecalib,0.0,53.73,
standard_benchmark,sintel,DepthAnythingV2-vits,100,sf,29.12,53.73,77.57
standard_benchmark,sintel,DepthAnythingV2-vits,100,calib_shift,56.3,53.73,81.36
standard_benchmark,sintel,DepthAnythingV2-vits,100,mdecalib_shift,0.0,53.73,
standard_benchmark,sintel,DepthAnythingV2-vits,100,sf_shift,44.24,53.73,81.01
standard_benchmark,sintel,DepthAnythingV2-vits,100,calib_ro,23.48,53.73,78.9
standard_benchmark,sintel,DepthAnythingV2-vits,100,mdecalib_ro,0.0,53.73,
standard_benchmark,sintel,DepthAnythingV2-vits,100,sf_ro,17.05,53.73,83.76
standard_benchmark,sintel,DepthAnythingV2-vits,100,calib_shift_ro,36.86,53.73,87.77
standard_benchmark,sintel,DepthAnythingV2-vits,100,mdecalib_shift_ro,0.0,53.73,
standard_benchmark,sintel,DepthAnythingV2-vits,100,sf_shift_ro,25.78,53.73,90.27
standard_benchmark,sintel,DepthAnythingV2-vits,500,calib,45.57,53.73,81.58
standard_benchmark,sintel,DepthAnythingV2-vits,500,mdecalib,0.0,53.73,
standard_benchmark,sintel,DepthAnythingV2-vits,500,sf,30.9,53.73,79.9
standard_benchmark,sintel,DepthAnythingV2-vits,500,calib_shift,57.96,53.73,82.13
standard_benchmark,sintel,DepthAnythingV2-vits,500,mdecalib_shift,0.0,53.73,
standard_benchmark,sintel,DepthAnythingV2-vits,500,sf_shift,46.1,53.73,82.51
standard_benchmark,sintel,DepthAnythingV2-vits,500,calib_ro,23.52,53.73,78.97
standard_benchmark,sintel,DepthAnythingV2-vits,500,mdecalib_ro,0.0,53.73,
standard_benchmark,sintel,DepthAnythingV2-vits,500,sf_ro,17.31,53.73,84.15
standard_benchmark,sintel,DepthAnythingV2-vits,500,calib_shift_ro,37.15,53.73,87.98
standard_benchmark,sintel,DepthAnythingV2-vits,500,mdecalib_shift_ro,0.0,53.73,
standard_benchmark,sintel,DepthAnythingV2-vits,500,sf_shift_ro,25.93,53.73,90.61
standard_benchmark,sintel,DepthAnythingV2-vits,1000,calib,46.13,53.73,81.96
standard_benchmark,sintel,DepthAnythingV2-vits,1000,mdecalib,0.0,53.73,
standard_benchmark,sintel,DepthAnythingV2-vits,1000,sf,31.94,53.73,80.71
standard_benchmark,sintel,DepthAnythingV2-vits,1000,calib_shift,58.56,53.73,82.33
standard_benchmark,sintel,DepthAnythingV2-vits,1000,mdecalib_shift,0.0,53.73,
standard_benchmark,sintel,DepthAnythingV2-vits,1000,sf_shift,46.64,53.73,82.83
standard_benchmark,sintel,DepthAnythingV2-vits,1000,calib_ro,23.54,53.73,78.98
standard_benchmark,sintel,DepthAnythingV2-vits,1000,mdecalib_ro,0.0,53.73,
standard_benchmark,sintel,DepthAnythingV2-vits,1000,sf_ro,17.2,53.73,84.17
standard_benchmark,sintel,DepthAnythingV2-vits,1000,calib_shift_ro,37.23,53.73,87.97
standard_benchmark,sintel,DepthAnythingV2-vits,1000,mdecalib_shift_ro,0.0,53.73,
standard_benchmark,sintel,DepthAnythingV2-vits,1000,sf_shift_ro,25.73,53.73,90.7
standard_benchmark,sintel,DepthAnythingV3-DA3METRIC-LARGE,10,calib,50.59,40.76,78.65
standard_benchmark,sintel,DepthAnythingV3-DA3METRIC-LARGE,10,mdecalib,0.0,40.76,
standard_benchmark,sintel,DepthAnythingV3-DA3METRIC-LARGE,10,sf,41.89,40.76,77.84
standard_benchmark,sintel,DepthAnythingV3-DA3METRIC-LARGE,10,calib_shift,49.69,40.76,77.32
standard_benchmark,sintel,DepthAnythingV3-DA3METRIC-LARGE,10,mdecalib_shift,0.0,40.76,
standard_benchmark,sintel,DepthAnythingV3-DA3METRIC-LARGE,10,sf_shift,36.0,40.76,72.68
standard_benchmark,sintel,DepthAnythingV3-DA3METRIC-LARGE,10,calib_ro,42.05,40.76,86.07
standard_benchmark,sintel,DepthAnythingV3-DA3METRIC-LARGE,10,mdecalib_ro,0.0,40.76,
standard_benchmark,sintel,DepthAnythingV3-DA3METRIC-LARGE,10,sf_ro,31.96,40.76,87.94
standard_benchmark,sintel,DepthAnythingV3-DA3METRIC-LARGE,10,calib_shift_ro,42.45,40.76,86.75
standard_benchmark,sintel,DepthAnythingV3-DA3METRIC-LARGE,10,mdecalib_shift_ro,0.0,40.76,
standard_benchmark,sintel,DepthAnythingV3-DA3METRIC-LARGE,10,sf_shift_ro,27.81,40.76,87.24
standard_benchmark,sintel,DepthAnythingV3-DA3METRIC-LARGE,100,calib,54.84,40.76,81.31
standard_benchmark,sintel,DepthAnythingV3-DA3METRIC-LARGE,100,mdecalib,0.0,40.76,
standard_benchmark,sintel,DepthAnythingV3-DA3METRIC-LARGE,100,sf,45.81,40.76,81.64
standard_benchmark,sintel,DepthAnythingV3-DA3METRIC-LARGE,100,calib_shift,55.27,40.76,81.61
standard_benchmark,sintel,DepthAnythingV3-DA3METRIC-LARGE,100,mdecalib_shift,0.0,40.76,
standard_benchmark,sintel,DepthAnythingV3-DA3METRIC-LARGE,100,sf_shift,41.94,40.76,81.52
standard_benchmark,sintel,DepthAnythingV3-DA3METRIC-LARGE,100,calib_ro,42.54,40.76,86.39
standard_benchmark,sintel,DepthAnythingV3-DA3METRIC-LARGE,100,mdecalib_ro,0.0,40.76,
standard_benchmark,sintel,DepthAnythingV3-DA3METRIC-LARGE,100,sf_ro,33.03,40.76,89.34
standard_benchmark,sintel,DepthAnythingV3-DA3METRIC-LARGE,100,calib_shift_ro,44.79,40.76,88.24
standard_benchmark,sintel,DepthAnythingV3-DA3METRIC-LARGE,100,mdecalib_shift_ro,0.0,40.76,
standard_benchmark,sintel,DepthAnythingV3-DA3METRIC-LARGE,100,sf_shift_ro,30.71,40.76,90.57
standard_benchmark,sintel,DepthAnythingV3-DA3METRIC-LARGE,500,calib,55.83,40.76,82.13
standard_benchmark,sintel,DepthAnythingV3-DA3METRIC-LARGE,500,mdecalib,0.0,40.76,
standard_benchmark,sintel,DepthAnythingV3-DA3METRIC-LARGE,500,sf,46.94,40.76,82.5
standard_benchmark,sintel,DepthAnythingV3-DA3METRIC-LARGE,500,calib_shift,57.34,40.76,82.3
standard_benchmark,sintel,DepthAnythingV3-DA3METRIC-LARGE,500,mdecalib_shift,0.0,40.76,
standard_benchmark,sintel,DepthAnythingV3-DA3METRIC-LARGE,500,sf_shift,44.15,40.76,82.86
standard_benchmark,sintel,DepthAnythingV3-DA3METRIC-LARGE,500,calib_ro,42.6,40.76,86.44
standard_benchmark,sintel,DepthAnythingV3-DA3METRIC-LARGE,500,mdecalib_ro,0.0,40.76,
standard_benchmark,sintel,DepthAnythingV3-DA3METRIC-LARGE,500,sf_ro,33.22,40.76,89.5
standard_benchmark,sintel,DepthAnythingV3-DA3METRIC-LARGE,500,calib_shift_ro,45.29,40.76,88.32
standard_benchmark,sintel,DepthAnythingV3-DA3METRIC-LARGE,500,mdecalib_shift_ro,0.0,40.76,
standard_benchmark,sintel,DepthAnythingV3-DA3METRIC-LARGE,500,sf_shift_ro,31.45,40.76,90.83
standard_benchmark,sintel,DepthAnythingV3-DA3METRIC-LARGE,1000,calib,56.17,40.76,82.4
standard_benchmark,sintel,DepthAnythingV3-DA3METRIC-LARGE,1000,mdecalib,0.0,40.76,
standard_benchmark,sintel,DepthAnythingV3-DA3METRIC-LARGE,1000,sf,47.32,40.76,82.75
standard_benchmark,sintel,DepthAnythingV3-DA3METRIC-LARGE,1000,calib_shift,57.97,40.76,82.48
standard_benchmark,sintel,DepthAnythingV3-DA3METRIC-LARGE,1000,mdecalib_shift,0.0,40.76,
standard_benchmark,sintel,DepthAnythingV3-DA3METRIC-LARGE,1000,sf_shift,44.54,40.76,83.14
standard_benchmark,sintel,DepthAnythingV3-DA3METRIC-LARGE,1000,calib_ro,42.62,40.76,86.43
standard_benchmark,sintel,DepthAnythingV3-DA3METRIC-LARGE,1000,mdecalib_ro,0.0,40.76,
standard_benchmark,sintel,DepthAnythingV3-DA3METRIC-LARGE,1000,sf_ro,33.17,40.76,89.52
standard_benchmark,sintel,DepthAnythingV3-DA3METRIC-LARGE,1000,calib_shift_ro,45.26,40.76,88.35
standard_benchmark,sintel,DepthAnythingV3-DA3METRIC-LARGE,1000,mdecalib_shift_ro,0.0,40.76,
standard_benchmark,sintel,DepthAnythingV3-DA3METRIC-LARGE,1000,sf_shift_ro,31.49,40.76,90.93
standard_benchmark,sintel,DepthAnythingV3-DA3MONO-LARGE,10,calib,42.36,40.46,76.53
standard_benchmark,sintel,DepthAnythingV3-DA3MONO-LARGE,10,mdecalib,0.0,40.46,
standard_benchmark,sintel,DepthAnythingV3-DA3MONO-LARGE,10,sf,30.73,40.46,75.64
standard_benchmark,sintel,DepthAnythingV3-DA3MONO-LARGE,10,calib_shift,52.26,40.46,78.36
standard_benchmark,sintel,DepthAnythingV3-DA3MONO-LARGE,10,mdecalib_shift,0.0,40.46,
standard_benchmark,sintel,DepthAnythingV3-DA3MONO-LARGE,10,sf_shift,39.84,40.46,73.71
standard_benchmark,sintel,DepthAnythingV3-DA3MONO-LARGE,10,calib_ro,31.75,40.46,82.42
standard_benchmark,sintel,DepthAnythingV3-DA3MONO-LARGE,10,mdecalib_ro,0.0,40.46,
standard_benchmark,sintel,DepthAnythingV3-DA3MONO-LARGE,10,sf_ro,23.98,40.46,85.47
standard_benchmark,sintel,DepthAnythingV3-DA3MONO-LARGE,10,calib_shift_ro,44.62,40.46,87.37
standard_benchmark,sintel,DepthAnythingV3-DA3MONO-LARGE,10,mdecalib_shift_ro,0.0,40.46,
standard_benchmark,sintel,DepthAnythingV3-DA3MONO-LARGE,10,sf_shift_ro,34.38,40.46,87.4
standard_benchmark,sintel,DepthAnythingV3-DA3MONO-LARGE,100,calib,47.55,40.46,80.64
standard_benchmark,sintel,DepthAnythingV3-DA3MONO-LARGE,100,mdecalib,0.0,40.46,
standard_benchmark,sintel,DepthAnythingV3-DA3MONO-LARGE,100,sf,34.87,40.46,80.49
standard_benchmark,sintel,DepthAnythingV3-DA3MONO-LARGE,100,calib_shift,57.29,40.46,81.78
standard_benchmark,sintel,DepthAnythingV3-DA3MONO-LARGE,100,mdecalib_shift,0.0,40.46,
standard_benchmark,sintel,DepthAnythingV3-DA3MONO-LARGE,100,sf_shift,45.78,40.46,81.66
standard_benchmark,sintel,DepthAnythingV3-DA3MONO-LARGE,100,calib_ro,32.26,40.46,82.89
standard_benchmark,sintel,DepthAnythingV3-DA3MONO-LARGE,100,mdecalib_ro,0.0,40.46,
standard_benchmark,sintel,DepthAnythingV3-DA3MONO-LARGE,100,sf_ro,24.5,40.46,86.99
standard_benchmark,sintel,DepthAnythingV3-DA3MONO-LARGE,100,calib_shift_ro,46.75,40.46,88.7
standard_benchmark,sintel,DepthAnythingV3-DA3MONO-LARGE,100,mdecalib_shift_ro,0.0,40.46,
standard_benchmark,sintel,DepthAnythingV3-DA3MONO-LARGE,100,sf_shift_ro,36.16,40.46,91.17
standard_benchmark,sintel,DepthAnythingV3-DA3MONO-LARGE,500,calib,48.73,40.46,82.0
standard_benchmark,sintel,DepthAnythingV3-DA3MONO-LARGE,500,mdecalib,0.0,40.46,
standard_benchmark,sintel,DepthAnythingV3-DA3MONO-LARGE,500,sf,35.82,40.46,81.79
standard_benchmark,sintel,DepthAnythingV3-DA3MONO-LARGE,500,calib_shift,59.2,40.46,82.47
standard_benchmark,sintel,DepthAnythingV3-DA3MONO-LARGE,500,mdecalib_shift,0.0,40.46,
standard_benchmark,sintel,DepthAnythingV3-DA3MONO-LARGE,500,sf_shift,47.62,40.46,82.94
standard_benchmark,sintel,DepthAnythingV3-DA3MONO-LARGE,500,calib_ro,32.3,40.46,82.93
standard_benchmark,sintel,DepthAnythingV3-DA3MONO-LARGE,500,mdecalib_ro,0.0,40.46,
standard_benchmark,sintel,DepthAnythingV3-DA3MONO-LARGE,500,sf_ro,24.51,40.46,87.12
standard_benchmark,sintel,DepthAnythingV3-DA3MONO-LARGE,500,calib_shift_ro,47.01,40.46,88.78
standard_benchmark,sintel,DepthAnythingV3-DA3MONO-LARGE,500,mdecalib_shift_ro,0.0,40.46,
standard_benchmark,sintel,DepthAnythingV3-DA3MONO-LARGE,500,sf_shift_ro,36.31,40.46,91.4
standard_benchmark,sintel,DepthAnythingV3-DA3MONO-LARGE,1000,calib,48.78,40.46,82.29
standard_benchmark,sintel,DepthAnythingV3-DA3MONO-LARGE,1000,mdecalib,0.0,40.46,
standard_benchmark,sintel,DepthAnythingV3-DA3MONO-LARGE,1000,sf,36.39,40.46,82.2
standard_benchmark,sintel,DepthAnythingV3-DA3MONO-LARGE,1000,calib_shift,59.89,40.46,82.63
standard_benchmark,sintel,DepthAnythingV3-DA3MONO-LARGE,1000,mdecalib_shift,0.0,40.46,
standard_benchmark,sintel,DepthAnythingV3-DA3MONO-LARGE,1000,sf_shift,48.19,40.46,83.28
standard_benchmark,sintel,DepthAnythingV3-DA3MONO-LARGE,1000,calib_ro,32.28,40.46,82.92
standard_benchmark,sintel,DepthAnythingV3-DA3MONO-LARGE,1000,mdecalib_ro,0.0,40.46,
standard_benchmark,sintel,DepthAnythingV3-DA3MONO-LARGE,1000,sf_ro,24.45,40.46,87.16
standard_benchmark,sintel,DepthAnythingV3-DA3MONO-LARGE,1000,calib_shift_ro,47.09,40.46,88.78
standard_benchmark,sintel,DepthAnythingV3-DA3MONO-LARGE,1000,mdecalib_shift_ro,0.0,40.46,
standard_benchmark,sintel,DepthAnythingV3-DA3MONO-LARGE,1000,sf_shift_ro,36.24,40.46,91.48
standard_benchmark,sintel,DepthAnythingV3Calib-DA3METRIC-LARGE,10,calib,50.59,46.75,78.65
standard_benchmark,sintel,DepthAnythingV3Calib-DA3METRIC-LARGE,10,calib_shift,49.71,46.75,77.3
standard_benchmark,sintel,DepthAnythingV3Calib-DA3METRIC-LARGE,10,calib_ro,42.05,46.75,86.07
standard_benchmark,sintel,DepthAnythingV3Calib-DA3METRIC-LARGE,10,calib_shift_ro,42.45,46.75,86.75
standard_benchmark,sintel,DepthAnythingV3Calib-DA3METRIC-LARGE,100,calib,54.84,46.75,81.31
standard_benchmark,sintel,DepthAnythingV3Calib-DA3METRIC-LARGE,100,calib_shift,55.3,46.75,81.61
standard_benchmark,sintel,DepthAnythingV3Calib-DA3METRIC-LARGE,100,calib_ro,42.54,46.75,86.39
standard_benchmark,sintel,DepthAnythingV3Calib-DA3METRIC-LARGE,100,calib_shift_ro,44.79,46.75,88.24
standard_benchmark,sintel,DepthAnythingV3Calib-DA3METRIC-LARGE,500,calib,55.83,46.75,82.13
standard_benchmark,sintel,DepthAnythingV3Calib-DA3METRIC-LARGE,500,calib_shift,57.37,46.75,82.3
standard_benchmark,sintel,DepthAnythingV3Calib-DA3METRIC-LARGE,500,calib_ro,42.6,46.75,86.44
standard_benchmark,sintel,DepthAnythingV3Calib-DA3METRIC-LARGE,500,calib_shift_ro,45.29,46.75,88.32
standard_benchmark,sintel,DepthAnythingV3Calib-DA3METRIC-LARGE,1000,calib,56.17,46.75,82.4
standard_benchmark,sintel,DepthAnythingV3Calib-DA3METRIC-LARGE,1000,calib_shift,58.0,46.75,82.48
standard_benchmark,sintel,DepthAnythingV3Calib-DA3METRIC-LARGE,1000,calib_ro,42.62,46.75,86.43
standard_benchmark,sintel,DepthAnythingV3Calib-DA3METRIC-LARGE,1000,calib_shift_ro,45.26,46.75,88.35
standard_benchmark,sintel,DepthAnythingV3Calib-DA3MONO-LARGE,10,calib,42.36,47.49,76.53
standard_benchmark,sintel,DepthAnythingV3Calib-DA3MONO-LARGE,10,calib_shift,52.25,47.49,78.36
standard_benchmark,sintel,DepthAnythingV3Calib-DA3MONO-LARGE,10,calib_ro,31.75,47.49,82.42
standard_benchmark,sintel,DepthAnythingV3Calib-DA3MONO-LARGE,10,calib_shift_ro,44.62,47.49,87.37
standard_benchmark,sintel,DepthAnythingV3Calib-DA3MONO-LARGE,100,calib,47.54,47.49,80.64
standard_benchmark,sintel,DepthAnythingV3Calib-DA3MONO-LARGE,100,calib_shift,57.29,47.49,81.78
standard_benchmark,sintel,DepthAnythingV3Calib-DA3MONO-LARGE,100,calib_ro,32.26,47.49,82.89
standard_benchmark,sintel,DepthAnythingV3Calib-DA3MONO-LARGE,100,calib_shift_ro,46.75,47.49,88.7
standard_benchmark,sintel,DepthAnythingV3Calib-DA3MONO-LARGE,500,calib,48.74,47.49,82.0
standard_benchmark,sintel,DepthAnythingV3Calib-DA3MONO-LARGE,500,calib_shift,59.2,47.49,82.47
standard_benchmark,sintel,DepthAnythingV3Calib-DA3MONO-LARGE,500,calib_ro,32.3,47.49,82.93
standard_benchmark,sintel,DepthAnythingV3Calib-DA3MONO-LARGE,500,calib_shift_ro,47.01,47.49,88.78
standard_benchmark,sintel,DepthAnythingV3Calib-DA3MONO-LARGE,1000,calib,48.8,47.49,82.29
standard_benchmark,sintel,DepthAnythingV3Calib-DA3MONO-LARGE,1000,calib_shift,59.88,47.49,82.63
standard_benchmark,sintel,DepthAnythingV3Calib-DA3MONO-LARGE,1000,calib_ro,32.28,47.49,82.92
standard_benchmark,sintel,DepthAnythingV3Calib-DA3MONO-LARGE,1000,calib_shift_ro,47.09,47.49,88.78
standard_benchmark,sintel,DepthPro-vitl,10,calib,51.48,120.22,78.58
standard_benchmark,sintel,DepthPro-vitl,10,mdecalib,17.06,120.22,68.77
standard_benchmark,sintel,DepthPro-vitl,10,sf,35.35,120.22,76.34
standard_benchmark,sintel,DepthPro-vitl,10,calib_shift,50.3,120.22,77.11
standard_benchmark,sintel,DepthPro-vitl,10,mdecalib_shift,18.73,120.22,68.22
standard_benchmark,sintel,DepthPro-vitl,10,sf_shift,40.86,120.22,72.53
standard_benchmark,sintel,DepthPro-vitl,10,calib_ro,37.73,120.22,84.67
standard_benchmark,sintel,DepthPro-vitl,10,mdecalib_ro,14.17,120.22,74.2
standard_benchmark,sintel,DepthPro-vitl,10,sf_ro,26.5,120.22,86.76
standard_benchmark,sintel,DepthPro-vitl,10,calib_shift_ro,44.54,120.22,85.85
standard_benchmark,sintel,DepthPro-vitl,10,mdecalib_shift_ro,18.14,120.22,83.25
standard_benchmark,sintel,DepthPro-vitl,10,sf_shift_ro,35.35,120.22,86.79
standard_benchmark,sintel,DepthPro-vitl,100,calib,55.68,120.22,81.56
standard_benchmark,sintel,DepthPro-vitl,100,mdecalib,17.64,120.22,72.15
standard_benchmark,sintel,DepthPro-vitl,100,sf,39.01,120.22,80.94
standard_benchmark,sintel,DepthPro-vitl,100,calib_shift,55.12,120.22,81.07
standard_benchmark,sintel,DepthPro-vitl,100,mdecalib_shift,19.48,120.22,73.08
standard_benchmark,sintel,DepthPro-vitl,100,sf_shift,45.25,120.22,80.79
standard_benchmark,sintel,DepthPro-vitl,100,calib_ro,37.89,120.22,85.19
standard_benchmark,sintel,DepthPro-vitl,100,mdecalib_ro,14.29,120.22,75.09
standard_benchmark,sintel,DepthPro-vitl,100,sf_ro,26.62,120.22,88.45
standard_benchmark,sintel,DepthPro-vitl,100,calib_shift_ro,46.81,120.22,88.16
standard_benchmark,sintel,DepthPro-vitl,100,mdecalib_shift_ro,18.91,120.22,86.14
standard_benchmark,sintel,DepthPro-vitl,100,sf_shift_ro,37.3,120.22,90.83
standard_benchmark,sintel,DepthPro-vitl,500,calib,56.85,120.22,82.23
standard_benchmark,sintel,DepthPro-vitl,500,mdecalib,17.56,120.22,73.67
standard_benchmark,sintel,DepthPro-vitl,500,sf,40.23,120.22,82.24
standard_benchmark,sintel,DepthPro-vitl,500,calib_shift,57.19,120.22,81.97
standard_benchmark,sintel,DepthPro-vitl,500,mdecalib_shift,19.51,120.22,74.45
standard_benchmark,sintel,DepthPro-vitl,500,sf_shift,46.68,120.22,82.21
standard_benchmark,sintel,DepthPro-vitl,500,calib_ro,37.89,120.22,85.24
standard_benchmark,sintel,DepthPro-vitl,500,mdecalib_ro,14.29,120.22,75.22
standard_benchmark,sintel,DepthPro-vitl,500,sf_ro,26.7,120.22,88.69
standard_benchmark,sintel,DepthPro-vitl,500,calib_shift_ro,47.17,120.22,88.36
standard_benchmark,sintel,DepthPro-vitl,500,mdecalib_shift_ro,19.09,120.22,86.46
standard_benchmark,sintel,DepthPro-vitl,500,sf_shift_ro,38.07,120.22,91.09
standard_benchmark,sintel,DepthPro-vitl,1000,calib,56.91,120.22,82.46
standard_benchmark,sintel,DepthPro-vitl,1000,mdecalib,17.75,120.22,74.32
standard_benchmark,sintel,DepthPro-vitl,1000,sf,40.79,120.22,82.62
standard_benchmark,sintel,DepthPro-vitl,1000,calib_shift,58.29,120.22,82.21
standard_benchmark,sintel,DepthPro-vitl,1000,mdecalib_shift,19.69,120.22,74.93
standard_benchmark,sintel,DepthPro-vitl,1000,sf_shift,47.41,120.22,82.68
standard_benchmark,sintel,DepthPro-vitl,1000,calib_ro,37.91,120.22,85.25
standard_benchmark,sintel,DepthPro-vitl,1000,mdecalib_ro,14.3,120.22,75.22
standard_benchmark,sintel,DepthPro-vitl,1000,sf_ro,26.71,120.22,88.75
standard_benchmark,sintel,DepthPro-vitl,1000,calib_shift_ro,47.27,120.22,88.39
standard_benchmark,sintel,DepthPro-vitl,1000,mdecalib_shift_ro,19.13,120.22,86.5
standard_benchmark,sintel,DepthPro-vitl,1000,sf_shift_ro,38.24,120.22,91.19
standard_benchmark,sintel,DepthProCalib-vitl,10,calib,51.46,120.33,78.65
standard_benchmark,sintel,DepthProCalib-vitl,10,calib_shift,50.35,120.33,77.26
standard_benchmark,sintel,DepthProCalib-vitl,10,calib_ro,37.65,120.33,84.68
standard_benchmark,sintel,DepthProCalib-vitl,10,calib_shift_ro,44.53,120.33,85.89
standard_benchmark,sintel,DepthProCalib-vitl,100,calib,55.72,120.33,81.56
standard_benchmark,sintel,DepthProCalib-vitl,100,calib_shift,55.49,120.33,81.12
standard_benchmark,sintel,DepthProCalib-vitl,100,calib_ro,37.9,120.33,85.19
standard_benchmark,sintel,DepthProCalib-vitl,100,calib_shift_ro,46.75,120.33,88.09
standard_benchmark,sintel,DepthProCalib-vitl,500,calib,57.0,120.33,82.22
standard_benchmark,sintel,DepthProCalib-vitl,500,calib_shift,57.35,120.33,82.02
standard_benchmark,sintel,DepthProCalib-vitl,500,calib_ro,37.87,120.33,85.25
standard_benchmark,sintel,DepthProCalib-vitl,500,calib_shift_ro,47.11,120.33,88.37
standard_benchmark,sintel,DepthProCalib-vitl,1000,calib,57.0,120.33,82.44
standard_benchmark,sintel,DepthProCalib-vitl,1000,calib_shift,58.34,120.33,82.27
standard_benchmark,sintel,DepthProCalib-vitl,1000,calib_ro,37.9,120.33,85.25
standard_benchmark,sintel,DepthProCalib-vitl,1000,calib_shift_ro,47.25,120.33,88.39
standard_benchmark,sintel,MapAnything-map-anything,10,calib,44.18,180.89,78.72
standard_benchmark,sintel,MapAnything-map-anything,10,mdecalib,19.31,180.89,72.56
standard_benchmark,sintel,MapAnything-map-anything,10,sf,34.06,180.89,75.52
standard_benchmark,sintel,MapAnything-map-anything,10,calib_shift,45.85,180.89,76.37
standard_benchmark,sintel,MapAnything-map-anything,10,mdecalib_shift,16.5,180.89,71.89
standard_benchmark,sintel,MapAnything-map-anything,10,sf_shift,35.05,180.89,68.5
standard_benchmark,sintel,MapAnything-map-anything,10,calib_ro,30.66,180.89,78.91
standard_benchmark,sintel,MapAnything-map-anything,10,mdecalib_ro,18.21,180.89,72.92
standard_benchmark,sintel,MapAnything-map-anything,10,sf_ro,21.93,180.89,81.39
standard_benchmark,sintel,MapAnything-map-anything,10,calib_shift_ro,27.37,180.89,81.17
standard_benchmark,sintel,MapAnything-map-anything,10,mdecalib_shift_ro,13.21,180.89,79.6
standard_benchmark,sintel,MapAnything-map-anything,10,sf_shift_ro,21.97,180.89,79.98
standard_benchmark,sintel,MapAnything-map-anything,100,calib,48.55,180.89,81.73
standard_benchmark,sintel,MapAnything-map-anything,100,mdecalib,21.01,180.89,76.33
standard_benchmark,sintel,MapAnything-map-anything,100,sf,37.94,180.89,81.66
standard_benchmark,sintel,MapAnything-map-anything,100,calib_shift,52.47,180.89,81.53
standard_benchmark,sintel,MapAnything-map-anything,100,mdecalib_shift,18.22,180.89,76.97
standard_benchmark,sintel,MapAnything-map-anything,100,sf_shift,42.12,180.89,80.84
standard_benchmark,sintel,MapAnything-map-anything,100,calib_ro,31.48,180.89,79.46
standard_benchmark,sintel,MapAnything-map-anything,100,mdecalib_ro,18.8,180.89,73.68
standard_benchmark,sintel,MapAnything-map-anything,100,sf_ro,22.94,180.89,84.35
standard_benchmark,sintel,MapAnything-map-anything,100,calib_shift_ro,29.88,180.89,83.84
standard_benchmark,sintel,MapAnything-map-anything,100,mdecalib_shift_ro,14.08,180.89,82.62
standard_benchmark,sintel,MapAnything-map-anything,100,sf_shift_ro,24.63,180.89,87.51
standard_benchmark,sintel,MapAnything-map-anything,500,calib,49.6,180.89,82.6
standard_benchmark,sintel,MapAnything-map-anything,500,mdecalib,21.59,180.89,77.81
standard_benchmark,sintel,MapAnything-map-anything,500,sf,39.21,180.89,82.8
standard_benchmark,sintel,MapAnything-map-anything,500,calib_shift,55.34,180.89,82.51
standard_benchmark,sintel,MapAnything-map-anything,500,mdecalib_shift,19.26,180.89,78.25
standard_benchmark,sintel,MapAnything-map-anything,500,sf_shift,44.38,180.89,82.61
standard_benchmark,sintel,MapAnything-map-anything,500,calib_ro,31.52,180.89,79.51
standard_benchmark,sintel,MapAnything-map-anything,500,mdecalib_ro,18.84,180.89,73.75
standard_benchmark,sintel,MapAnything-map-anything,500,sf_ro,22.77,180.89,84.67
standard_benchmark,sintel,MapAnything-map-anything,500,calib_shift_ro,29.95,180.89,84.05
standard_benchmark,sintel,MapAnything-map-anything,500,mdecalib_shift_ro,14.23,180.89,82.9
standard_benchmark,sintel,MapAnything-map-anything,500,sf_shift_ro,25.01,180.89,87.88
standard_benchmark,sintel,MapAnything-map-anything,1000,calib,49.73,180.89,82.81
standard_benchmark,sintel,MapAnything-map-anything,1000,mdecalib,21.78,180.89,78.37
standard_benchmark,sintel,MapAnything-map-anything,1000,sf,39.71,180.89,83.1
standard_benchmark,sintel,MapAnything-map-anything,1000,calib_shift,56.11,180.89,82.73
standard_benchmark,sintel,MapAnything-map-anything,1000,mdecalib_shift,19.51,180.89,78.61
standard_benchmark,sintel,MapAnything-map-anything,1000,sf_shift,44.74,180.89,82.94
standard_benchmark,sintel,MapAnything-map-anything,1000,calib_ro,31.55,180.89,79.53
standard_benchmark,sintel,MapAnything-map-anything,1000,mdecalib_ro,18.85,180.89,73.77
standard_benchmark,sintel,MapAnything-map-anything,1000,sf_ro,22.87,180.89,84.79
standard_benchmark,sintel,MapAnything-map-anything,1000,calib_shift_ro,30.27,180.89,84.1
standard_benchmark,sintel,MapAnything-map-anything,1000,mdecalib_shift_ro,14.27,180.89,82.97
standard_benchmark,sintel,MapAnything-map-anything,1000,sf_shift_ro,25.06,180.89,87.95
standard_benchmark,sintel,MapAnythingCalib-map-anything,10,calib,43.04,180.91,78.91
standard_benchmark,sintel,MapAnythingCalib-map-anything,10,calib_shift,45.76,180.91,76.26
standard_benchmark,sintel,MapAnythingCalib-map-anything,10,calib_ro,32.49,180.91,78.82
standard_benchmark,sintel,MapAnythingCalib-map-anything,10,calib_shift_ro,27.8,180.91,81.75
standard_benchmark,sintel,MapAnythingCalib-map-anything,100,calib,47.44,180.91,81.91
standard_benchmark,sintel,MapAnythingCalib-map-anything,100,calib_shift,51.87,180.91,81.48
standard_benchmark,sintel,MapAnythingCalib-map-anything,100,calib_ro,33.0,180.91,79.38
standard_benchmark,sintel,MapAnythingCalib-map-anything,100,calib_shift_ro,29.81,180.91,83.97
standard_benchmark,sintel,MapAnythingCalib-map-anything,500,calib,48.58,180.91,82.71
standard_benchmark,sintel,MapAnythingCalib-map-anything,500,calib_shift,54.5,180.91,82.41
standard_benchmark,sintel,MapAnythingCalib-map-anything,500,calib_ro,33.14,180.91,79.43
standard_benchmark,sintel,MapAnythingCalib-map-anything,500,calib_shift_ro,30.0,180.91,84.1
standard_benchmark,sintel,MapAnythingCalib-map-anything,1000,calib,48.89,180.91,82.92
standard_benchmark,sintel,MapAnythingCalib-map-anything,1000,calib_shift,55.48,180.91,82.61
standard_benchmark,sintel,MapAnythingCalib-map-anything,1000,calib_ro,33.09,180.91,79.45
standard_benchmark,sintel,MapAnythingCalib-map-anything,1000,calib_shift_ro,30.14,180.91,84.15
standard_benchmark,sintel,Metric3DV2-vit_giant2,10,calib,57.24,651.94,79.5
standard_benchmark,sintel,Metric3DV2-vit_giant2,10,mdecalib,0.0,651.94,
standard_benchmark,sintel,Metric3DV2-vit_giant2,10,sf,43.53,651.94,77.53
standard_benchmark,sintel,Metric3DV2-vit_giant2,10,calib_shift,52.69,651.94,77.0
standard_benchmark,sintel,Metric3DV2-vit_giant2,10,mdecalib_shift,0.0,651.94,
standard_benchmark,sintel,Metric3DV2-vit_giant2,10,sf_shift,42.88,651.94,72.85
standard_benchmark,sintel,Metric3DV2-vit_giant2,10,calib_ro,47.36,651.94,86.46
standard_benchmark,sintel,Metric3DV2-vit_giant2,10,mdecalib_ro,0.0,651.94,
standard_benchmark,sintel,Metric3DV2-vit_giant2,10,sf_ro,37.23,651.94,89.46
standard_benchmark,sintel,Metric3DV2-vit_giant2,10,calib_shift_ro,50.76,651.94,88.22
standard_benchmark,sintel,Metric3DV2-vit_giant2,10,mdecalib_shift_ro,0.0,651.94,
standard_benchmark,sintel,Metric3DV2-vit_giant2,10,sf_shift_ro,38.93,651.94,87.91
standard_benchmark,sintel,Metric3DV2-vit_giant2,100,calib,60.75,651.94,81.74
standard_benchmark,sintel,Metric3DV2-vit_giant2,100,mdecalib,0.0,651.94,
standard_benchmark,sintel,Metric3DV2-vit_giant2,100,sf,47.82,651.94,81.98
standard_benchmark,sintel,Metric3DV2-vit_giant2,100,calib_shift,60.28,651.94,81.65
standard_benchmark,sintel,Metric3DV2-vit_giant2,100,mdecalib_shift,0.0,651.94,
standard_benchmark,sintel,Metric3DV2-vit_giant2,100,sf_shift,49.16,651.94,81.61
standard_benchmark,sintel,Metric3DV2-vit_giant2,100,calib_ro,48.06,651.94,86.68
standard_benchmark,sintel,Metric3DV2-vit_giant2,100,mdecalib_ro,0.0,651.94,
standard_benchmark,sintel,Metric3DV2-vit_giant2,100,sf_ro,37.51,651.94,90.41
standard_benchmark,sintel,Metric3DV2-vit_giant2,100,calib_shift_ro,53.02,651.94,89.51
standard_benchmark,sintel,Metric3DV2-vit_giant2,100,mdecalib_shift_ro,0.0,651.94,
standard_benchmark,sintel,Metric3DV2-vit_giant2,100,sf_shift_ro,41.48,651.94,91.93
standard_benchmark,sintel,Metric3DV2-vit_giant2,500,calib,61.01,651.94,82.32
standard_benchmark,sintel,Metric3DV2-vit_giant2,500,mdecalib,0.0,651.94,
standard_benchmark,sintel,Metric3DV2-vit_giant2,500,sf,49.31,651.94,82.84
standard_benchmark,sintel,Metric3DV2-vit_giant2,500,calib_shift,61.55,651.94,82.45
standard_benchmark,sintel,Metric3DV2-vit_giant2,500,mdecalib_shift,0.0,651.94,
standard_benchmark,sintel,Metric3DV2-vit_giant2,500,sf_shift,50.74,651.94,82.83
standard_benchmark,sintel,Metric3DV2-vit_giant2,500,calib_ro,48.08,651.94,86.72
standard_benchmark,sintel,Metric3DV2-vit_giant2,500,mdecalib_ro,0.0,651.94,
standard_benchmark,sintel,Metric3DV2-vit_giant2,500,sf_ro,37.37,651.94,90.46
standard_benchmark,sintel,Metric3DV2-vit_giant2,500,calib_shift_ro,53.38,651.94,89.64
standard_benchmark,sintel,Metric3DV2-vit_giant2,500,mdecalib_shift_ro,0.0,651.94,
standard_benchmark,sintel,Metric3DV2-vit_giant2,500,sf_shift_ro,42.56,651.94,92.15
standard_benchmark,sintel,Metric3DV2-vit_giant2,1000,calib,60.93,651.94,82.51
standard_benchmark,sintel,Metric3DV2-vit_giant2,1000,mdecalib,0.0,651.94,
standard_benchmark,sintel,Metric3DV2-vit_giant2,1000,sf,50.06,651.94,83.05
standard_benchmark,sintel,Metric3DV2-vit_giant2,1000,calib_shift,62.08,651.94,82.68
standard_benchmark,sintel,Metric3DV2-vit_giant2,1000,mdecalib_shift,0.0,651.94,
standard_benchmark,sintel,Metric3DV2-vit_giant2,1000,sf_shift,51.47,651.94,83.16
standard_benchmark,sintel,Metric3DV2-vit_giant2,1000,calib_ro,48.08,651.94,86.72
standard_benchmark,sintel,Metric3DV2-vit_giant2,1000,mdecalib_ro,0.0,651.94,
standard_benchmark,sintel,Metric3DV2-vit_giant2,1000,sf_ro,37.3,651.94,90.46
standard_benchmark,sintel,Metric3DV2-vit_giant2,1000,calib_shift_ro,53.41,651.94,89.63
standard_benchmark,sintel,Metric3DV2-vit_giant2,1000,mdecalib_shift_ro,0.0,651.94,
standard_benchmark,sintel,Metric3DV2-vit_giant2,1000,sf_shift_ro,42.65,651.94,92.23
standard_benchmark,sintel,Metric3DV2-vit_large,10,calib,49.57,232.26,78.04
standard_benchmark,sintel,Metric3DV2-vit_large,10,mdecalib,0.0,232.26,
standard_benchmark,sintel,Metric3DV2-vit_large,10,sf,36.21,232.26,76.42
standard_benchmark,sintel,Metric3DV2-vit_large,10,calib_shift,54.43,232.26,77.9
standard_benchmark,sintel,Metric3DV2-vit_large,10,mdecalib_shift,0.0,232.26,
standard_benchmark,sintel,Metric3DV2-vit_large,10,sf_shift,40.31,232.26,72.05
standard_benchmark,sintel,Metric3DV2-vit_large,10,calib_ro,37.16,232.26,84.25
standard_benchmark,sintel,Metric3DV2-vit_large,10,mdecalib_ro,0.0,232.26,
standard_benchmark,sintel,Metric3DV2-vit_large,10,sf_ro,30.08,232.26,86.31
standard_benchmark,sintel,Metric3DV2-vit_large,10,calib_shift_ro,48.71,232.26,86.54
standard_benchmark,sintel,Metric3DV2-vit_large,10,mdecalib_shift_ro,0.0,232.26,
standard_benchmark,sintel,Metric3DV2-vit_large,10,sf_shift_ro,39.1,232.26,85.94
standard_benchmark,sintel,Metric3DV2-vit_large,100,calib,53.66,232.26,81.12
standard_benchmark,sintel,Metric3DV2-vit_large,100,mdecalib,0.0,232.26,
standard_benchmark,sintel,Metric3DV2-vit_large,100,sf,40.11,232.26,81.21
standard_benchmark,sintel,Metric3DV2-vit_large,100,calib_shift,59.24,232.26,81.86
standard_benchmark,sintel,Metric3DV2-vit_large,100,mdecalib_shift,0.0,232.26,
standard_benchmark,sintel,Metric3DV2-vit_large,100,sf_shift,46.87,232.26,81.59
standard_benchmark,sintel,Metric3DV2-vit_large,100,calib_ro,37.05,232.26,84.68
standard_benchmark,sintel,Metric3DV2-vit_large,100,mdecalib_ro,0.0,232.26,
standard_benchmark,sintel,Metric3DV2-vit_large,100,sf_ro,30.81,232.26,87.51
standard_benchmark,sintel,Metric3DV2-vit_large,100,calib_shift_ro,50.46,232.26,87.67
standard_benchmark,sintel,Metric3DV2-vit_large,100,mdecalib_shift_ro,0.0,232.26,
standard_benchmark,sintel,Metric3DV2-vit_large,100,sf_shift_ro,42.08,232.26,90.04
standard_benchmark,sintel,Metric3DV2-vit_large,500,calib,54.55,232.26,82.2
standard_benchmark,sintel,Metric3DV2-vit_large,500,mdecalib,0.0,232.26,
standard_benchmark,sintel,Metric3DV2-vit_large,500,sf,41.15,232.26,82.15
standard_benchmark,sintel,Metric3DV2-vit_large,500,calib_shift,60.72,232.26,82.48
standard_benchmark,sintel,Metric3DV2-vit_large,500,mdecalib_shift,0.0,232.26,
standard_benchmark,sintel,Metric3DV2-vit_large,500,sf_shift,48.71,232.26,82.84
standard_benchmark,sintel,Metric3DV2-vit_large,500,calib_ro,37.02,232.26,84.72
standard_benchmark,sintel,Metric3DV2-vit_large,500,mdecalib_ro,0.0,232.26,
standard_benchmark,sintel,Metric3DV2-vit_large,500,sf_ro,30.56,232.26,87.61
standard_benchmark,sintel,Metric3DV2-vit_large,500,calib_shift_ro,50.97,232.26,87.8
standard_benchmark,sintel,Metric3DV2-vit_large,500,mdecalib_shift_ro,0.0,232.26,
standard_benchmark,sintel,Metric3DV2-vit_large,500,sf_shift_ro,42.75,232.26,90.28
standard_benchmark,sintel,Metric3DV2-vit_large,1000,calib,54.54,232.26,82.46
standard_benchmark,sintel,Metric3DV2-vit_large,1000,mdecalib,0.0,232.26,
standard_benchmark,sintel,Metric3DV2-vit_large,1000,sf,41.5,232.26,82.51
standard_benchmark,sintel,Metric3DV2-vit_large,1000,calib_shift,61.13,232.26,82.69
standard_benchmark,sintel,Metric3DV2-vit_large,1000,mdecalib_shift,0.0,232.26,
standard_benchmark,sintel,Metric3DV2-vit_large,1000,sf_shift,48.94,232.26,83.16
standard_benchmark,sintel,Metric3DV2-vit_large,1000,calib_ro,37.04,232.26,84.72
standard_benchmark,sintel,Metric3DV2-vit_large,1000,mdecalib_ro,0.0,232.26,
standard_benchmark,sintel,Metric3DV2-vit_large,1000,sf_ro,30.47,232.26,87.62
standard_benchmark,sintel,Metric3DV2-vit_large,1000,calib_shift_ro,51.02,232.26,87.8
standard_benchmark,sintel,Metric3DV2-vit_large,1000,mdecalib_shift_ro,0.0,232.26,
standard_benchmark,sintel,Metric3DV2-vit_large,1000,sf_shift_ro,42.82,232.26,90.32
standard_benchmark,sintel,Metric3DV2-vit_small,10,calib,53.28,51.48,76.74
standard_benchmark,sintel,Metric3DV2-vit_small,10,mdecalib,0.0,51.48,
standard_benchmark,sintel,Metric3DV2-vit_small,10,sf,39.33,51.48,73.99
standard_benchmark,sintel,Metric3DV2-vit_small,10,calib_shift,50.26,51.48,75.88
standard_benchmark,sintel,Metric3DV2-vit_small,10,mdecalib_shift,0.0,51.48,
standard_benchmark,sintel,Metric3DV2-vit_small,10,sf_shift,35.05,51.48,67.49
standard_benchmark,sintel,Metric3DV2-vit_small,10,calib_ro,41.89,51.48,83.17
standard_benchmark,sintel,Metric3DV2-vit_small,10,mdecalib_ro,0.0,51.48,
standard_benchmark,sintel,Metric3DV2-vit_small,10,sf_ro,30.44,51.48,85.34
standard_benchmark,sintel,Metric3DV2-vit_small,10,calib_shift_ro,37.05,51.48,84.68
standard_benchmark,sintel,Metric3DV2-vit_small,10,mdecalib_shift_ro,0.0,51.48,
standard_benchmark,sintel,Metric3DV2-vit_small,10,sf_shift_ro,24.65,51.48,83.26
standard_benchmark,sintel,Metric3DV2-vit_small,100,calib,57.9,51.48,80.53
standard_benchmark,sintel,Metric3DV2-vit_small,100,mdecalib,0.0,51.48,
standard_benchmark,sintel,Metric3DV2-vit_small,100,sf,44.45,51.48,80.79
standard_benchmark,sintel,Metric3DV2-vit_small,100,calib_shift,56.14,51.48,81.26
standard_benchmark,sintel,Metric3DV2-vit_small,100,mdecalib_shift,0.0,51.48,
standard_benchmark,sintel,Metric3DV2-vit_small,100,sf_shift,42.42,51.48,80.23
standard_benchmark,sintel,Metric3DV2-vit_small,100,calib_ro,42.02,51.48,83.63
standard_benchmark,sintel,Metric3DV2-vit_small,100,mdecalib_ro,0.0,51.48,
standard_benchmark,sintel,Metric3DV2-vit_small,100,sf_ro,31.12,51.48,87.36
standard_benchmark,sintel,Metric3DV2-vit_small,100,calib_shift_ro,39.37,51.48,86.51
standard_benchmark,sintel,Metric3DV2-vit_small,100,mdecalib_shift_ro,0.0,51.48,
standard_benchmark,sintel,Metric3DV2-vit_small,100,sf_shift_ro,27.93,51.48,89.01
standard_benchmark,sintel,Metric3DV2-vit_small,500,calib,59.13,51.48,81.77
standard_benchmark,sintel,Metric3DV2-vit_small,500,mdecalib,0.0,51.48,
standard_benchmark,sintel,Metric3DV2-vit_small,500,sf,46.0,51.48,82.13
standard_benchmark,sintel,Metric3DV2-vit_small,500,calib_shift,57.85,51.48,82.25
standard_benchmark,sintel,Metric3DV2-vit_small,500,mdecalib_shift,0.0,51.48,
standard_benchmark,sintel,Metric3DV2-vit_small,500,sf_shift,45.22,51.48,82.23
standard_benchmark,sintel,Metric3DV2-vit_small,500,calib_ro,42.08,51.48,83.73
standard_benchmark,sintel,Metric3DV2-vit_small,500,mdecalib_ro,0.0,51.48,
standard_benchmark,sintel,Metric3DV2-vit_small,500,sf_ro,31.28,51.48,87.54
standard_benchmark,sintel,Metric3DV2-vit_small,500,calib_shift_ro,39.79,51.48,86.64
standard_benchmark,sintel,Metric3DV2-vit_small,500,mdecalib_shift_ro,0.0,51.48,
standard_benchmark,sintel,Metric3DV2-vit_small,500,sf_shift_ro,28.4,51.48,89.4
standard_benchmark,sintel,Metric3DV2-vit_small,1000,calib,59.21,51.48,82.18
standard_benchmark,sintel,Metric3DV2-vit_small,1000,mdecalib,0.0,51.48,
standard_benchmark,sintel,Metric3DV2-vit_small,1000,sf,46.38,51.48,82.58
standard_benchmark,sintel,Metric3DV2-vit_small,1000,calib_shift,58.49,51.48,82.44
standard_benchmark,sintel,Metric3DV2-vit_small,1000,mdecalib_shift,0.0,51.48,
standard_benchmark,sintel,Metric3DV2-vit_small,1000,sf_shift,45.87,51.48,82.64
standard_benchmark,sintel,Metric3DV2-vit_small,1000,calib_ro,42.11,51.48,83.73
standard_benchmark,sintel,Metric3DV2-vit_small,1000,mdecalib_ro,0.0,51.48,
standard_benchmark,sintel,Metric3DV2-vit_small,1000,sf_ro,31.27,51.48,87.58
standard_benchmark,sintel,Metric3DV2-vit_small,1000,calib_shift_ro,39.79,51.48,86.65
standard_benchmark,sintel,Metric3DV2-vit_small,1000,mdecalib_shift_ro,0.0,51.48,
standard_benchmark,sintel,Metric3DV2-vit_small,1000,sf_shift_ro,28.57,51.48,89.45
standard_benchmark,sintel,Metric3DV2Calib-vit_giant2,10,calib,57.19,654.11,79.52
standard_benchmark,sintel,Metric3DV2Calib-vit_giant2,10,calib_shift,52.83,654.11,77.04
standard_benchmark,sintel,Metric3DV2Calib-vit_giant2,10,calib_ro,47.33,654.11,86.44
standard_benchmark,sintel,Metric3DV2Calib-vit_giant2,10,calib_shift_ro,50.64,654.11,88.22
standard_benchmark,sintel,Metric3DV2Calib-vit_giant2,100,calib,60.67,654.11,81.75
standard_benchmark,sintel,Metric3DV2Calib-vit_giant2,100,calib_shift,60.35,654.11,81.62
standard_benchmark,sintel,Metric3DV2Calib-vit_giant2,100,calib_ro,48.04,654.11,86.69
standard_benchmark,sintel,Metric3DV2Calib-vit_giant2,100,calib_shift_ro,53.05,654.11,89.49
standard_benchmark,sintel,Metric3DV2Calib-vit_giant2,500,calib,60.94,654.11,82.35
standard_benchmark,sintel,Metric3DV2Calib-vit_giant2,500,calib_shift,61.78,654.11,82.43
standard_benchmark,sintel,Metric3DV2Calib-vit_giant2,500,calib_ro,48.08,654.11,86.72
standard_benchmark,sintel,Metric3DV2Calib-vit_giant2,500,calib_shift_ro,53.3,654.11,89.64
standard_benchmark,sintel,Metric3DV2Calib-vit_giant2,1000,calib,60.9,654.11,82.52
standard_benchmark,sintel,Metric3DV2Calib-vit_giant2,1000,calib_shift,62.35,654.11,82.66
standard_benchmark,sintel,Metric3DV2Calib-vit_giant2,1000,calib_ro,48.09,654.11,86.72
standard_benchmark,sintel,Metric3DV2Calib-vit_giant2,1000,calib_shift_ro,53.41,654.11,89.63
standard_benchmark,sintel,Metric3DV2Calib-vit_large,10,calib,49.44,248.96,78.02
standard_benchmark,sintel,Metric3DV2Calib-vit_large,10,calib_shift,54.58,248.96,77.96
standard_benchmark,sintel,Metric3DV2Calib-vit_large,10,calib_ro,37.08,248.96,84.24
standard_benchmark,sintel,Metric3DV2Calib-vit_large,10,calib_shift_ro,48.54,248.96,86.49
standard_benchmark,sintel,Metric3DV2Calib-vit_large,100,calib,53.74,248.96,81.15
standard_benchmark,sintel,Metric3DV2Calib-vit_large,100,calib_shift,59.42,248.96,81.88
standard_benchmark,sintel,Metric3DV2Calib-vit_large,100,calib_ro,37.04,248.96,84.67
standard_benchmark,sintel,Metric3DV2Calib-vit_large,100,calib_shift_ro,50.45,248.96,87.7
standard_benchmark,sintel,Metric3DV2Calib-vit_large,500,calib,54.57,248.96,82.25
standard_benchmark,sintel,Metric3DV2Calib-vit_large,500,calib_shift,60.61,248.96,82.49
standard_benchmark,sintel,Metric3DV2Calib-vit_large,500,calib_ro,36.99,248.96,84.72
standard_benchmark,sintel,Metric3DV2Calib-vit_large,500,calib_shift_ro,51.01,248.96,87.81
standard_benchmark,sintel,Metric3DV2Calib-vit_large,1000,calib,54.55,248.96,82.51
standard_benchmark,sintel,Metric3DV2Calib-vit_large,1000,calib_shift,61.16,248.96,82.68
standard_benchmark,sintel,Metric3DV2Calib-vit_large,1000,calib_ro,37.01,248.96,84.72
standard_benchmark,sintel,Metric3DV2Calib-vit_large,1000,calib_shift_ro,51.0,248.96,87.82
standard_benchmark,sintel,Metric3DV2Calib-vit_small,10,calib,53.46,60.44,76.69
standard_benchmark,sintel,Metric3DV2Calib-vit_small,10,calib_shift,50.24,60.44,75.95
standard_benchmark,sintel,Metric3DV2Calib-vit_small,10,calib_ro,41.87,60.44,83.19
standard_benchmark,sintel,Metric3DV2Calib-vit_small,10,calib_shift_ro,37.21,60.44,84.72
standard_benchmark,sintel,Metric3DV2Calib-vit_small,100,calib,58.05,60.44,80.51
standard_benchmark,sintel,Metric3DV2Calib-vit_small,100,calib_shift,56.19,60.44,81.26
standard_benchmark,sintel,Metric3DV2Calib-vit_small,100,calib_ro,42.01,60.44,83.62
standard_benchmark,sintel,Metric3DV2Calib-vit_small,100,calib_shift_ro,39.46,60.44,86.52
standard_benchmark,sintel,Metric3DV2Calib-vit_small,500,calib,59.08,60.44,81.78
standard_benchmark,sintel,Metric3DV2Calib-vit_small,500,calib_shift,58.0,60.44,82.23
standard_benchmark,sintel,Metric3DV2Calib-vit_small,500,calib_ro,42.07,60.44,83.73
standard_benchmark,sintel,Metric3DV2Calib-vit_small,500,calib_shift_ro,39.79,60.44,86.65
standard_benchmark,sintel,Metric3DV2Calib-vit_small,1000,calib,59.15,60.44,82.15
standard_benchmark,sintel,Metric3DV2Calib-vit_small,1000,calib_shift,58.45,60.44,82.44
standard_benchmark,sintel,Metric3DV2Calib-vit_small,1000,calib_ro,42.11,60.44,83.72
standard_benchmark,sintel,Metric3DV2Calib-vit_small,1000,calib_shift_ro,39.93,60.44,86.65
standard_benchmark,sintel,MoGeV1-moge-vitl,10,calib,54.58,94.59,79.36
standard_benchmark,sintel,MoGeV1-moge-vitl,10,mdecalib,29.75,94.59,73.12
standard_benchmark,sintel,MoGeV1-moge-vitl,10,sf,40.93,94.59,78.4
standard_benchmark,sintel,MoGeV1-moge-vitl,10,calib_shift,52.97,94.59,78.43
standard_benchmark,sintel,MoGeV1-moge-vitl,10,mdecalib_shift,30.44,94.59,73.79
standard_benchmark,sintel,MoGeV1-moge-vitl,10,sf_shift,42.67,94.59,75.26
standard_benchmark,sintel,MoGeV1-moge-vitl,10,calib_ro,45.4,94.59,87.28
standard_benchmark,sintel,MoGeV1-moge-vitl,10,mdecalib_ro,27.05,94.59,82.88
standard_benchmark,sintel,MoGeV1-moge-vitl,10,sf_ro,32.58,94.59,89.39
standard_benchmark,sintel,MoGeV1-moge-vitl,10,calib_shift_ro,48.34,94.59,88.75
standard_benchmark,sintel,MoGeV1-moge-vitl,10,mdecalib_shift_ro,30.42,94.59,87.15
standard_benchmark,sintel,MoGeV1-moge-vitl,10,sf_shift_ro,40.08,94.59,88.38
standard_benchmark,sintel,MoGeV1-moge-vitl,100,calib,57.98,94.59,81.61
standard_benchmark,sintel,MoGeV1-moge-vitl,100,mdecalib,31.52,94.59,75.64
standard_benchmark,sintel,MoGeV1-moge-vitl,100,sf,43.99,94.59,82.08
standard_benchmark,sintel,MoGeV1-moge-vitl,100,calib_shift,58.13,94.59,81.92
standard_benchmark,sintel,MoGeV1-moge-vitl,100,mdecalib_shift,33.26,94.59,77.25
standard_benchmark,sintel,MoGeV1-moge-vitl,100,sf_shift,48.0,94.59,82.01
standard_benchmark,sintel,MoGeV1-moge-vitl,100,calib_ro,46.03,94.59,87.63
standard_benchmark,sintel,MoGeV1-moge-vitl,100,mdecalib_ro,27.44,94.59,83.49
standard_benchmark,sintel,MoGeV1-moge-vitl,100,sf_ro,33.03,94.59,90.81
standard_benchmark,sintel,MoGeV1-moge-vitl,100,calib_shift_ro,50.31,94.59,90.04
standard_benchmark,sintel,MoGeV1-moge-vitl,100,mdecalib_shift_ro,31.49,94.59,88.57
standard_benchmark,sintel,MoGeV1-moge-vitl,100,sf_shift_ro,41.6,94.59,92.29
standard_benchmark,sintel,MoGeV1-moge-vitl,500,calib,58.62,94.59,82.28
standard_benchmark,sintel,MoGeV1-moge-vitl,500,mdecalib,31.19,94.59,76.99
standard_benchmark,sintel,MoGeV1-moge-vitl,500,sf,45.05,94.59,82.82
standard_benchmark,sintel,MoGeV1-moge-vitl,500,calib_shift,60.14,94.59,82.62
standard_benchmark,sintel,MoGeV1-moge-vitl,500,mdecalib_shift,34.11,94.59,78.1
standard_benchmark,sintel,MoGeV1-moge-vitl,500,sf_shift,49.58,94.59,83.05
standard_benchmark,sintel,MoGeV1-moge-vitl,500,calib_ro,46.04,94.59,87.7
standard_benchmark,sintel,MoGeV1-moge-vitl,500,mdecalib_ro,27.56,94.59,83.5
standard_benchmark,sintel,MoGeV1-moge-vitl,500,sf_ro,32.81,94.59,90.91
standard_benchmark,sintel,MoGeV1-moge-vitl,500,calib_shift_ro,50.2,94.59,90.14
standard_benchmark,sintel,MoGeV1-moge-vitl,500,mdecalib_shift_ro,31.53,94.59,88.74
standard_benchmark,sintel,MoGeV1-moge-vitl,500,sf_shift_ro,41.76,94.59,92.58
standard_benchmark,sintel,MoGeV1-moge-vitl,1000,calib,58.78,94.59,82.47
standard_benchmark,sintel,MoGeV1-moge-vitl,1000,mdecalib,31.19,94.59,77.45
standard_benchmark,sintel,MoGeV1-moge-vitl,1000,sf,45.42,94.59,83.0
standard_benchmark,sintel,MoGeV1-moge-vitl,1000,calib_shift,60.72,94.59,82.8
standard_benchmark,sintel,MoGeV1-moge-vitl,1000,mdecalib_shift,34.23,94.59,78.33
standard_benchmark,sintel,MoGeV1-moge-vitl,1000,sf_shift,49.91,94.59,83.29
standard_benchmark,sintel,MoGeV1-moge-vitl,1000,calib_ro,46.0,94.59,87.71
standard_benchmark,sintel,MoGeV1-moge-vitl,1000,mdecalib_ro,27.6,94.59,83.51
standard_benchmark,sintel,MoGeV1-moge-vitl,1000,sf_ro,32.76,94.59,90.94
standard_benchmark,sintel,MoGeV1-moge-vitl,1000,calib_shift_ro,50.24,94.59,90.15
standard_benchmark,sintel,MoGeV1-moge-vitl,1000,mdecalib_shift_ro,31.54,94.59,88.75
standard_benchmark,sintel,MoGeV1-moge-vitl,1000,sf_shift_ro,41.81,94.59,92.64
standard_benchmark,sintel,MoGeV1Calib-moge-vitl,10,calib,53.49,87.24,79.91
standard_benchmark,sintel,MoGeV1Calib-moge-vitl,10,calib_shift,52.97,87.24,78.48
standard_benchmark,sintel,MoGeV1Calib-moge-vitl,10,calib_ro,47.29,87.24,87.56
standard_benchmark,sintel,MoGeV1Calib-moge-vitl,10,calib_shift_ro,48.32,87.24,88.77
standard_benchmark,sintel,MoGeV1Calib-moge-vitl,100,calib,57.15,87.24,81.8
standard_benchmark,sintel,MoGeV1Calib-moge-vitl,100,calib_shift,58.23,87.24,81.91
standard_benchmark,sintel,MoGeV1Calib-moge-vitl,100,calib_ro,47.75,87.24,87.92
standard_benchmark,sintel,MoGeV1Calib-moge-vitl,100,calib_shift_ro,50.29,87.24,90.04
standard_benchmark,sintel,MoGeV1Calib-moge-vitl,500,calib,58.03,87.24,82.44
standard_benchmark,sintel,MoGeV1Calib-moge-vitl,500,calib_shift,60.14,87.24,82.64
standard_benchmark,sintel,MoGeV1Calib-moge-vitl,500,calib_ro,47.7,87.24,87.97
standard_benchmark,sintel,MoGeV1Calib-moge-vitl,500,calib_shift_ro,50.2,87.24,90.13
standard_benchmark,sintel,MoGeV1Calib-moge-vitl,1000,calib,57.9,87.24,82.58
standard_benchmark,sintel,MoGeV1Calib-moge-vitl,1000,calib_shift,60.71,87.24,82.81
standard_benchmark,sintel,MoGeV1Calib-moge-vitl,1000,calib_ro,47.67,87.24,87.98
standard_benchmark,sintel,MoGeV1Calib-moge-vitl,1000,calib_shift_ro,50.15,87.24,90.14
standard_benchmark,sintel,MoGeV2-moge-2-vitl,10,calib,52.93,70.95,79.1
standard_benchmark,sintel,MoGeV2-moge-2-vitl,10,mdecalib,30.01,70.95,73.34
standard_benchmark,sintel,MoGeV2-moge-2-vitl,10,sf,39.26,70.95,78.26
standard_benchmark,sintel,MoGeV2-moge-2-vitl,10,calib_shift,53.17,70.95,78.31
standard_benchmark,sintel,MoGeV2-moge-2-vitl,10,mdecalib_shift,32.46,70.95,73.47
standard_benchmark,sintel,MoGeV2-moge-2-vitl,10,sf_shift,44.37,70.95,74.41
standard_benchmark,sintel,MoGeV2-moge-2-vitl,10,calib_ro,44.7,70.95,86.98
standard_benchmark,sintel,MoGeV2-moge-2-vitl,10,mdecalib_ro,26.15,70.95,82.64
standard_benchmark,sintel,MoGeV2-moge-2-vitl,10,sf_ro,35.38,70.95,89.37
standard_benchmark,sintel,MoGeV2-moge-2-vitl,10,calib_shift_ro,48.82,70.95,88.3
standard_benchmark,sintel,MoGeV2-moge-2-vitl,10,mdecalib_shift_ro,32.76,70.95,87.63
standard_benchmark,sintel,MoGeV2-moge-2-vitl,10,sf_shift_ro,42.92,70.95,88.55
standard_benchmark,sintel,MoGeV2-moge-2-vitl,100,calib,56.77,70.95,81.54
standard_benchmark,sintel,MoGeV2-moge-2-vitl,100,mdecalib,31.31,70.95,75.85
standard_benchmark,sintel,MoGeV2-moge-2-vitl,100,sf,42.87,70.95,81.72
standard_benchmark,sintel,MoGeV2-moge-2-vitl,100,calib_shift,58.01,70.95,81.72
standard_benchmark,sintel,MoGeV2-moge-2-vitl,100,mdecalib_shift,34.46,70.95,76.92
standard_benchmark,sintel,MoGeV2-moge-2-vitl,100,sf_shift,50.06,70.95,81.62
standard_benchmark,sintel,MoGeV2-moge-2-vitl,100,calib_ro,45.33,70.95,87.44
standard_benchmark,sintel,MoGeV2-moge-2-vitl,100,mdecalib_ro,26.63,70.95,83.07
standard_benchmark,sintel,MoGeV2-moge-2-vitl,100,sf_ro,35.76,70.95,90.59
standard_benchmark,sintel,MoGeV2-moge-2-vitl,100,calib_shift_ro,51.17,70.95,89.59
standard_benchmark,sintel,MoGeV2-moge-2-vitl,100,mdecalib_shift_ro,34.3,70.95,88.85
standard_benchmark,sintel,MoGeV2-moge-2-vitl,100,sf_shift_ro,45.38,70.95,92.23
standard_benchmark,sintel,MoGeV2-moge-2-vitl,500,calib,57.37,70.95,82.2
standard_benchmark,sintel,MoGeV2-moge-2-vitl,500,mdecalib,31.27,70.95,76.99
standard_benchmark,sintel,MoGeV2-moge-2-vitl,500,sf,43.42,70.95,82.57
standard_benchmark,sintel,MoGeV2-moge-2-vitl,500,calib_shift,59.79,70.95,82.38
standard_benchmark,sintel,MoGeV2-moge-2-vitl,500,mdecalib_shift,35.25,70.95,77.79
standard_benchmark,sintel,MoGeV2-moge-2-vitl,500,sf_shift,51.14,70.95,82.82
standard_benchmark,sintel,MoGeV2-moge-2-vitl,500,calib_ro,45.53,70.95,87.45
standard_benchmark,sintel,MoGeV2-moge-2-vitl,500,mdecalib_ro,26.67,70.95,83.11
standard_benchmark,sintel,MoGeV2-moge-2-vitl,500,sf_ro,35.68,70.95,90.68
standard_benchmark,sintel,MoGeV2-moge-2-vitl,500,calib_shift_ro,51.67,70.95,89.72
standard_benchmark,sintel,MoGeV2-moge-2-vitl,500,mdecalib_shift_ro,34.43,70.95,88.98
standard_benchmark,sintel,MoGeV2-moge-2-vitl,500,sf_shift_ro,45.96,70.95,92.42
standard_benchmark,sintel,MoGeV2-moge-2-vitl,1000,calib,57.4,70.95,82.44
standard_benchmark,sintel,MoGeV2-moge-2-vitl,1000,mdecalib,31.34,70.95,77.34
standard_benchmark,sintel,MoGeV2-moge-2-vitl,1000,sf,43.75,70.95,82.85
standard_benchmark,sintel,MoGeV2-moge-2-vitl,1000,calib_shift,60.28,70.95,82.6
standard_benchmark,sintel,MoGeV2-moge-2-vitl,1000,mdecalib_shift,35.46,70.95,78.05
standard_benchmark,sintel,MoGeV2-moge-2-vitl,1000,sf_shift,51.6,70.95,83.15
standard_benchmark,sintel,MoGeV2-moge-2-vitl,1000,calib_ro,45.51,70.95,87.46
standard_benchmark,sintel,MoGeV2-moge-2-vitl,1000,mdecalib_ro,26.69,70.95,83.11
standard_benchmark,sintel,MoGeV2-moge-2-vitl,1000,sf_ro,35.66,70.95,90.73
standard_benchmark,sintel,MoGeV2-moge-2-vitl,1000,calib_shift_ro,51.69,70.95,89.72
standard_benchmark,sintel,MoGeV2-moge-2-vitl,1000,mdecalib_shift_ro,34.38,70.95,88.99
standard_benchmark,sintel,MoGeV2-moge-2-vitl,1000,sf_shift_ro,45.93,70.95,92.44
standard_benchmark,sintel,MoGeV2Calib-moge-2-vitl,10,calib,54.47,66.98,79.98
standard_benchmark,sintel,MoGeV2Calib-moge-2-vitl,10,calib_shift,53.14,66.98,78.28
standard_benchmark,sintel,MoGeV2Calib-moge-2-vitl,10,calib_ro,48.15,66.98,87.75
standard_benchmark,sintel,MoGeV2Calib-moge-2-vitl,10,calib_shift_ro,48.85,66.98,88.28
standard_benchmark,sintel,MoGeV2Calib-moge-2-vitl,100,calib,58.15,66.98,82.01
standard_benchmark,sintel,MoGeV2Calib-moge-2-vitl,100,calib_shift,57.94,66.98,81.77
standard_benchmark,sintel,MoGeV2Calib-moge-2-vitl,100,calib_ro,48.4,66.98,88.13
standard_benchmark,sintel,MoGeV2Calib-moge-2-vitl,100,calib_shift_ro,51.33,66.98,89.62
standard_benchmark,sintel,MoGeV2Calib-moge-2-vitl,500,calib,58.8,66.98,82.51
standard_benchmark,sintel,MoGeV2Calib-moge-2-vitl,500,calib_shift,59.87,66.98,82.43
standard_benchmark,sintel,MoGeV2Calib-moge-2-vitl,500,calib_ro,48.38,66.98,88.16
standard_benchmark,sintel,MoGeV2Calib-moge-2-vitl,500,calib_shift_ro,51.72,66.98,89.71
standard_benchmark,sintel,MoGeV2Calib-moge-2-vitl,1000,calib,58.88,66.98,82.65
standard_benchmark,sintel,MoGeV2Calib-moge-2-vitl,1000,calib_shift,60.44,66.98,82.64
standard_benchmark,sintel,MoGeV2Calib-moge-2-vitl,1000,calib_ro,48.38,66.98,88.15
standard_benchmark,sintel,MoGeV2Calib-moge-2-vitl,1000,calib_shift_ro,51.7,66.98,89.71
standard_benchmark,sintel,Pi3-Pi3X,10,calib,52.07,115.86,79.01
standard_benchmark,sintel,Pi3-Pi3X,10,mdecalib,24.99,115.86,72.19
standard_benchmark,sintel,Pi3-Pi3X,10,sf,38.56,115.86,76.6
standard_benchmark,sintel,Pi3-Pi3X,10,calib_shift,52.73,115.86,77.83
standard_benchmark,sintel,Pi3-Pi3X,10,mdecalib_shift,26.15,115.86,72.21
standard_benchmark,sintel,Pi3-Pi3X,10,sf_shift,41.84,115.86,72.75
standard_benchmark,sintel,Pi3-Pi3X,10,calib_ro,45.05,115.86,84.49
standard_benchmark,sintel,Pi3-Pi3X,10,mdecalib_ro,19.77,115.86,82.15
standard_benchmark,sintel,Pi3-Pi3X,10,sf_ro,35.22,115.86,87.17
standard_benchmark,sintel,Pi3-Pi3X,10,calib_shift_ro,51.54,115.86,87.37
standard_benchmark,sintel,Pi3-Pi3X,10,mdecalib_shift_ro,25.49,115.86,86.85
standard_benchmark,sintel,Pi3-Pi3X,10,sf_shift_ro,39.26,115.86,87.37
standard_benchmark,sintel,Pi3-Pi3X,100,calib,57.35,115.86,81.83
standard_benchmark,sintel,Pi3-Pi3X,100,mdecalib,26.2,115.86,75.32
standard_benchmark,sintel,Pi3-Pi3X,100,sf,43.07,115.86,81.51
standard_benchmark,sintel,Pi3-Pi3X,100,calib_shift,58.5,115.86,81.67
standard_benchmark,sintel,Pi3-Pi3X,100,mdecalib_shift,27.54,115.86,75.87
standard_benchmark,sintel,Pi3-Pi3X,100,sf_shift,48.34,115.86,81.61
standard_benchmark,sintel,Pi3-Pi3X,100,calib_ro,45.46,115.86,84.86
standard_benchmark,sintel,Pi3-Pi3X,100,mdecalib_ro,19.78,115.86,82.54
standard_benchmark,sintel,Pi3-Pi3X,100,sf_ro,35.18,115.86,88.77
standard_benchmark,sintel,Pi3-Pi3X,100,calib_shift_ro,54.29,115.86,88.94
standard_benchmark,sintel,Pi3-Pi3X,100,mdecalib_shift_ro,26.52,115.86,88.32
standard_benchmark,sintel,Pi3-Pi3X,100,sf_shift_ro,42.38,115.86,91.56
standard_benchmark,sintel,Pi3-Pi3X,500,calib,58.13,115.86,82.5
standard_benchmark,sintel,Pi3-Pi3X,500,mdecalib,26.78,115.86,76.59
standard_benchmark,sintel,Pi3-Pi3X,500,sf,44.48,115.86,82.59
standard_benchmark,sintel,Pi3-Pi3X,500,calib_shift,60.59,115.86,82.46
standard_benchmark,sintel,Pi3-Pi3X,500,mdecalib_shift,27.91,115.86,76.98
standard_benchmark,sintel,Pi3-Pi3X,500,sf_shift,50.63,115.86,82.88
standard_benchmark,sintel,Pi3-Pi3X,500,calib_ro,45.55,115.86,84.88
standard_benchmark,sintel,Pi3-Pi3X,500,mdecalib_ro,19.74,115.86,82.58
standard_benchmark,sintel,Pi3-Pi3X,500,sf_ro,34.97,115.86,89.02
standard_benchmark,sintel,Pi3-Pi3X,500,calib_shift_ro,54.43,115.86,89.01
standard_benchmark,sintel,Pi3-Pi3X,500,mdecalib_shift_ro,26.69,115.86,88.46
standard_benchmark,sintel,Pi3-Pi3X,500,sf_shift_ro,42.84,115.86,91.8
standard_benchmark,sintel,Pi3-Pi3X,1000,calib,58.22,115.86,82.66
standard_benchmark,sintel,Pi3-Pi3X,1000,mdecalib,26.92,115.86,77.03
standard_benchmark,sintel,Pi3-Pi3X,1000,sf,44.81,115.86,82.93
standard_benchmark,sintel,Pi3-Pi3X,1000,calib_shift,60.9,115.86,82.67
standard_benchmark,sintel,Pi3-Pi3X,1000,mdecalib_shift,28.23,115.86,77.28
standard_benchmark,sintel,Pi3-Pi3X,1000,sf_shift,50.85,115.86,83.21
standard_benchmark,sintel,Pi3-Pi3X,1000,calib_ro,45.61,115.86,84.88
standard_benchmark,sintel,Pi3-Pi3X,1000,mdecalib_ro,19.72,115.86,82.6
standard_benchmark,sintel,Pi3-Pi3X,1000,sf_ro,34.82,115.86,89.06
standard_benchmark,sintel,Pi3-Pi3X,1000,calib_shift_ro,54.5,115.86,89.03
standard_benchmark,sintel,Pi3-Pi3X,1000,mdecalib_shift_ro,26.66,115.86,88.46
standard_benchmark,sintel,Pi3-Pi3X,1000,sf_shift_ro,43.08,115.86,91.87
standard_benchmark,sintel,Pi3Calib-Pi3X,10,calib,52.35,121.95,79.28
standard_benchmark,sintel,Pi3Calib-Pi3X,10,calib_shift,52.73,121.95,78.08
standard_benchmark,sintel,Pi3Calib-Pi3X,10,calib_ro,44.97,121.95,84.7
standard_benchmark,sintel,Pi3Calib-Pi3X,10,calib_shift_ro,50.71,121.95,87.34
standard_benchmark,sintel,Pi3Calib-Pi3X,100,calib,57.49,121.95,81.97
standard_benchmark,sintel,Pi3Calib-Pi3X,100,calib_shift,58.78,121.95,81.78
standard_benchmark,sintel,Pi3Calib-Pi3X,100,calib_ro,44.85,121.95,85.11
standard_benchmark,sintel,Pi3Calib-Pi3X,100,calib_shift_ro,53.49,121.95,88.73
standard_benchmark,sintel,Pi3Calib-Pi3X,500,calib,58.28,121.95,82.52
standard_benchmark,sintel,Pi3Calib-Pi3X,500,calib_shift,60.53,121.95,82.47
standard_benchmark,sintel,Pi3Calib-Pi3X,500,calib_ro,44.89,121.95,85.12
standard_benchmark,sintel,Pi3Calib-Pi3X,500,calib_shift_ro,53.77,121.95,88.83
standard_benchmark,sintel,Pi3Calib-Pi3X,1000,calib,58.51,121.95,82.65
standard_benchmark,sintel,Pi3Calib-Pi3X,1000,calib_shift,60.97,121.95,82.62
standard_benchmark,sintel,Pi3Calib-Pi3X,1000,calib_ro,44.92,121.95,85.12
standard_benchmark,sintel,Pi3Calib-Pi3X,1000,calib_shift_ro,53.78,121.95,88.86
standard_benchmark,sintel,UniDepth1-cnvnxtl,10,calib,52.61,74.88,79.48
standard_benchmark,sintel,UniDepth1-cnvnxtl,10,mdecalib,19.96,74.88,72.99
standard_benchmark,sintel,UniDepth1-cnvnxtl,10,sf,37.24,74.88,75.05
standard_benchmark,sintel,UniDepth1-cnvnxtl,10,calib_shift,46.64,74.88,75.35
standard_benchmark,sintel,UniDepth1-cnvnxtl,10,mdecalib_shift,20.87,74.88,70.6
standard_benchmark,sintel,UniDepth1-cnvnxtl,10,sf_shift,35.97,74.88,67.22
standard_benchmark,sintel,UniDepth1-cnvnxtl,10,calib_ro,39.72,74.88,84.64
standard_benchmark,sintel,UniDepth1-cnvnxtl,10,mdecalib_ro,17.8,74.88,83.03
standard_benchmark,sintel,UniDepth1-cnvnxtl,10,sf_ro,23.2,74.88,84.71
standard_benchmark,sintel,UniDepth1-cnvnxtl,10,calib_shift_ro,35.64,74.88,84.38
standard_benchmark,sintel,UniDepth1-cnvnxtl,10,mdecalib_shift_ro,14.58,74.88,83.84
standard_benchmark,sintel,UniDepth1-cnvnxtl,10,sf_shift_ro,23.62,74.88,81.81
standard_benchmark,sintel,UniDepth1-cnvnxtl,100,calib,56.39,74.88,81.67
standard_benchmark,sintel,UniDepth1-cnvnxtl,100,mdecalib,20.72,74.88,75.47
standard_benchmark,sintel,UniDepth1-cnvnxtl,100,sf,41.92,74.88,81.67
standard_benchmark,sintel,UniDepth1-cnvnxtl,100,calib_shift,53.43,74.88,80.81
standard_benchmark,sintel,UniDepth1-cnvnxtl,100,mdecalib_shift,22.62,74.88,75.38
standard_benchmark,sintel,UniDepth1-cnvnxtl,100,sf_shift,42.87,74.88,80.26
standard_benchmark,sintel,UniDepth1-cnvnxtl,100,calib_ro,39.65,74.88,85.19
standard_benchmark,sintel,UniDepth1-cnvnxtl,100,mdecalib_ro,17.63,74.88,83.72
standard_benchmark,sintel,UniDepth1-cnvnxtl,100,sf_ro,24.11,74.88,87.66
standard_benchmark,sintel,UniDepth1-cnvnxtl,100,calib_shift_ro,38.59,74.88,86.62
standard_benchmark,sintel,UniDepth1-cnvnxtl,100,mdecalib_shift_ro,14.95,74.88,86.12
standard_benchmark,sintel,UniDepth1-cnvnxtl,100,sf_shift_ro,26.71,74.88,88.95
standard_benchmark,sintel,UniDepth1-cnvnxtl,500,calib,57.22,74.88,82.25
standard_benchmark,sintel,UniDepth1-cnvnxtl,500,mdecalib,21.24,74.88,76.39
standard_benchmark,sintel,UniDepth1-cnvnxtl,500,sf,43.26,74.88,82.63
standard_benchmark,sintel,UniDepth1-cnvnxtl,500,calib_shift,55.74,74.88,81.88
standard_benchmark,sintel,UniDepth1-cnvnxtl,500,mdecalib_shift,23.22,74.88,76.47
standard_benchmark,sintel,UniDepth1-cnvnxtl,500,sf_shift,44.74,74.88,81.92
standard_benchmark,sintel,UniDepth1-cnvnxtl,500,calib_ro,39.54,74.88,85.25
standard_benchmark,sintel,UniDepth1-cnvnxtl,500,mdecalib_ro,17.64,74.88,83.84
standard_benchmark,sintel,UniDepth1-cnvnxtl,500,sf_ro,24.1,74.88,87.81
standard_benchmark,sintel,UniDepth1-cnvnxtl,500,calib_shift_ro,39.71,74.88,86.88
standard_benchmark,sintel,UniDepth1-cnvnxtl,500,mdecalib_shift_ro,15.14,74.88,86.27
standard_benchmark,sintel,UniDepth1-cnvnxtl,500,sf_shift_ro,27.85,74.88,89.55
standard_benchmark,sintel,UniDepth1-cnvnxtl,1000,calib,57.4,74.88,82.41
standard_benchmark,sintel,UniDepth1-cnvnxtl,1000,mdecalib,21.32,74.88,76.68
standard_benchmark,sintel,UniDepth1-cnvnxtl,1000,sf,43.47,74.88,82.94
standard_benchmark,sintel,UniDepth1-cnvnxtl,1000,calib_shift,56.46,74.88,82.17
standard_benchmark,sintel,UniDepth1-cnvnxtl,1000,mdecalib_shift,23.51,74.88,76.79
standard_benchmark,sintel,UniDepth1-cnvnxtl,1000,sf_shift,45.43,74.88,82.38
standard_benchmark,sintel,UniDepth1-cnvnxtl,1000,calib_ro,39.54,74.88,85.25
standard_benchmark,sintel,UniDepth1-cnvnxtl,1000,mdecalib_ro,17.65,74.88,83.83
standard_benchmark,sintel,UniDepth1-cnvnxtl,1000,sf_ro,24.09,74.88,87.84
standard_benchmark,sintel,UniDepth1-cnvnxtl,1000,calib_shift_ro,39.89,74.88,86.9
standard_benchmark,sintel,UniDepth1-cnvnxtl,1000,mdecalib_shift_ro,15.13,74.88,86.32
standard_benchmark,sintel,UniDepth1-cnvnxtl,1000,sf_shift_ro,28.05,74.88,89.68
standard_benchmark,sintel,UniDepth1-vitl14,10,calib,48.67,123.0,78.79
standard_benchmark,sintel,UniDepth1-vitl14,10,mdecalib,17.16,123.0,71.91
standard_benchmark,sintel,UniDepth1-vitl14,10,sf,34.68,123.0,76.88
standard_benchmark,sintel,UniDepth1-vitl14,10,calib_shift,49.62,123.0,76.37
standard_benchmark,sintel,UniDepth1-vitl14,10,mdecalib_shift,20.91,123.0,70.99
standard_benchmark,sintel,UniDepth1-vitl14,10,sf_shift,35.51,123.0,69.76
standard_benchmark,sintel,UniDepth1-vitl14,10,calib_ro,36.84,123.0,85.5
standard_benchmark,sintel,UniDepth1-vitl14,10,mdecalib_ro,13.3,123.0,81.46
standard_benchmark,sintel,UniDepth1-vitl14,10,sf_ro,23.23,123.0,86.99
standard_benchmark,sintel,UniDepth1-vitl14,10,calib_shift_ro,42.42,123.0,85.36
standard_benchmark,sintel,UniDepth1-vitl14,10,mdecalib_shift_ro,16.73,123.0,84.35
standard_benchmark,sintel,UniDepth1-vitl14,10,sf_shift_ro,29.24,123.0,83.59
standard_benchmark,sintel,UniDepth1-vitl14,100,calib,53.19,123.0,81.34
standard_benchmark,sintel,UniDepth1-vitl14,100,mdecalib,18.55,123.0,75.13
standard_benchmark,sintel,UniDepth1-vitl14,100,sf,37.75,123.0,81.66
standard_benchmark,sintel,UniDepth1-vitl14,100,calib_shift,55.46,123.0,81.33
standard_benchmark,sintel,UniDepth1-vitl14,100,mdecalib_shift,23.17,123.0,76.0
standard_benchmark,sintel,UniDepth1-vitl14,100,sf_shift,41.18,123.0,80.52
standard_benchmark,sintel,UniDepth1-vitl14,100,calib_ro,36.81,123.0,85.92
standard_benchmark,sintel,UniDepth1-vitl14,100,mdecalib_ro,13.43,123.0,81.93
standard_benchmark,sintel,UniDepth1-vitl14,100,sf_ro,23.45,123.0,88.24
standard_benchmark,sintel,UniDepth1-vitl14,100,calib_shift_ro,45.14,123.0,86.97
standard_benchmark,sintel,UniDepth1-vitl14,100,mdecalib_shift_ro,17.35,123.0,86.0
standard_benchmark,sintel,UniDepth1-vitl14,100,sf_shift_ro,31.32,123.0,89.1
standard_benchmark,sintel,UniDepth1-vitl14,500,calib,54.26,123.0,82.16
standard_benchmark,sintel,UniDepth1-vitl14,500,mdecalib,19.45,123.0,76.46
standard_benchmark,sintel,UniDepth1-vitl14,500,sf,38.73,123.0,82.55
standard_benchmark,sintel,UniDepth1-vitl14,500,calib_shift,57.99,123.0,82.09
standard_benchmark,sintel,UniDepth1-vitl14,500,mdecalib_shift,23.66,123.0,77.2
standard_benchmark,sintel,UniDepth1-vitl14,500,sf_shift,43.34,123.0,82.3
standard_benchmark,sintel,UniDepth1-vitl14,500,calib_ro,36.76,123.0,85.96
standard_benchmark,sintel,UniDepth1-vitl14,500,mdecalib_ro,13.43,123.0,81.96
standard_benchmark,sintel,UniDepth1-vitl14,500,sf_ro,23.32,123.0,88.36
standard_benchmark,sintel,UniDepth1-vitl14,500,calib_shift_ro,45.65,123.0,87.1
standard_benchmark,sintel,UniDepth1-vitl14,500,mdecalib_shift_ro,17.52,123.0,86.16
standard_benchmark,sintel,UniDepth1-vitl14,500,sf_shift_ro,31.95,123.0,89.39
standard_benchmark,sintel,UniDepth1-vitl14,1000,calib,54.55,123.0,82.44
standard_benchmark,sintel,UniDepth1-vitl14,1000,mdecalib,19.61,123.0,76.95
standard_benchmark,sintel,UniDepth1-vitl14,1000,sf,39.0,123.0,82.78
standard_benchmark,sintel,UniDepth1-vitl14,1000,calib_shift,58.48,123.0,82.29
standard_benchmark,sintel,UniDepth1-vitl14,1000,mdecalib_shift,24.02,123.0,77.61
standard_benchmark,sintel,UniDepth1-vitl14,1000,sf_shift,44.25,123.0,82.73
standard_benchmark,sintel,UniDepth1-vitl14,1000,calib_ro,36.77,123.0,85.96
standard_benchmark,sintel,UniDepth1-vitl14,1000,mdecalib_ro,13.43,123.0,81.97
standard_benchmark,sintel,UniDepth1-vitl14,1000,sf_ro,23.29,123.0,88.37
standard_benchmark,sintel,UniDepth1-vitl14,1000,calib_shift_ro,45.7,123.0,87.11
standard_benchmark,sintel,UniDepth1-vitl14,1000,mdecalib_shift_ro,17.5,123.0,86.18
standard_benchmark,sintel,UniDepth1-vitl14,1000,sf_shift_ro,31.97,123.0,89.48
standard_benchmark,sintel,UniDepth1Calib-cnvnxtl,10,calib,52.64,71.85,79.63
standard_benchmark,sintel,UniDepth1Calib-cnvnxtl,10,calib_shift,46.71,71.85,74.93
standard_benchmark,sintel,UniDepth1Calib-cnvnxtl,10,calib_ro,40.57,71.85,84.72
standard_benchmark,sintel,UniDepth1Calib-cnvnxtl,10,calib_shift_ro,35.77,71.85,84.34
standard_benchmark,sintel,UniDepth1Calib-cnvnxtl,100,calib,56.37,71.85,81.67
standard_benchmark,sintel,UniDepth1Calib-cnvnxtl,100,calib_shift,53.52,71.85,80.84
standard_benchmark,sintel,UniDepth1Calib-cnvnxtl,100,calib_ro,40.33,71.85,85.25
standard_benchmark,sintel,UniDepth1Calib-cnvnxtl,100,calib_shift_ro,38.84,71.85,86.84
standard_benchmark,sintel,UniDepth1Calib-cnvnxtl,500,calib,57.0,71.85,82.25
standard_benchmark,sintel,UniDepth1Calib-cnvnxtl,500,calib_shift,55.94,71.85,81.84
standard_benchmark,sintel,UniDepth1Calib-cnvnxtl,500,calib_ro,40.34,71.85,85.31
standard_benchmark,sintel,UniDepth1Calib-cnvnxtl,500,calib_shift_ro,39.82,71.85,87.09
standard_benchmark,sintel,UniDepth1Calib-cnvnxtl,1000,calib,57.25,71.85,82.42
standard_benchmark,sintel,UniDepth1Calib-cnvnxtl,1000,calib_shift,56.42,71.85,82.1
standard_benchmark,sintel,UniDepth1Calib-cnvnxtl,1000,calib_ro,40.36,71.85,85.3
standard_benchmark,sintel,UniDepth1Calib-cnvnxtl,1000,calib_shift_ro,40.37,71.85,87.1
standard_benchmark,sintel,UniDepth1Calib-vitl14,10,calib,48.88,122.82,78.82
standard_benchmark,sintel,UniDepth1Calib-vitl14,10,calib_shift,49.6,122.82,76.11
standard_benchmark,sintel,UniDepth1Calib-vitl14,10,calib_ro,37.19,122.82,85.46
standard_benchmark,sintel,UniDepth1Calib-vitl14,10,calib_shift_ro,42.24,122.82,85.34
standard_benchmark,sintel,UniDepth1Calib-vitl14,100,calib,53.36,122.82,81.34
standard_benchmark,sintel,UniDepth1Calib-vitl14,100,calib_shift,55.65,122.82,81.22
standard_benchmark,sintel,UniDepth1Calib-vitl14,100,calib_ro,37.05,122.82,85.88
standard_benchmark,sintel,UniDepth1Calib-vitl14,100,calib_shift_ro,45.73,122.82,86.96
standard_benchmark,sintel,UniDepth1Calib-vitl14,500,calib,54.22,122.82,82.2
standard_benchmark,sintel,UniDepth1Calib-vitl14,500,calib_shift,58.19,122.82,82.09
standard_benchmark,sintel,UniDepth1Calib-vitl14,500,calib_ro,37.02,122.82,85.93
standard_benchmark,sintel,UniDepth1Calib-vitl14,500,calib_shift_ro,46.29,122.82,87.13
standard_benchmark,sintel,UniDepth1Calib-vitl14,1000,calib,54.35,122.82,82.44
standard_benchmark,sintel,UniDepth1Calib-vitl14,1000,calib_shift,58.76,122.82,82.31
standard_benchmark,sintel,UniDepth1Calib-vitl14,1000,calib_ro,36.99,122.82,85.93
standard_benchmark,sintel,UniDepth1Calib-vitl14,1000,calib_shift_ro,46.27,122.82,87.15
standard_benchmark,sintel,UniDepth2-vitb14,10,calib,54.38,44.18,79.68
standard_benchmark,sintel,UniDepth2-vitb14,10,mdecalib,22.65,44.18,72.05
standard_benchmark,sintel,UniDepth2-vitb14,10,sf,42.56,44.18,77.96
standard_benchmark,sintel,UniDepth2-vitb14,10,calib_shift,55.22,44.18,78.26
standard_benchmark,sintel,UniDepth2-vitb14,10,mdecalib_shift,24.24,44.18,71.73
standard_benchmark,sintel,UniDepth2-vitb14,10,sf_shift,44.6,44.18,73.71
standard_benchmark,sintel,UniDepth2-vitb14,10,calib_ro,48.44,44.18,87.38
standard_benchmark,sintel,UniDepth2-vitb14,10,mdecalib_ro,25.17,44.18,80.61
standard_benchmark,sintel,UniDepth2-vitb14,10,sf_ro,38.14,44.18,89.56
standard_benchmark,sintel,UniDepth2-vitb14,10,calib_shift_ro,52.69,44.18,88.5
standard_benchmark,sintel,UniDepth2-vitb14,10,mdecalib_shift_ro,27.67,44.18,86.2
standard_benchmark,sintel,UniDepth2-vitb14,10,sf_shift_ro,41.17,44.18,87.8
standard_benchmark,sintel,UniDepth2-vitb14,100,calib,58.14,44.18,81.84
standard_benchmark,sintel,UniDepth2-vitb14,100,mdecalib,23.16,44.18,74.56
standard_benchmark,sintel,UniDepth2-vitb14,100,sf,46.5,44.18,82.09
standard_benchmark,sintel,UniDepth2-vitb14,100,calib_shift,60.01,44.18,81.94
standard_benchmark,sintel,UniDepth2-vitb14,100,mdecalib_shift,25.12,44.18,75.3
standard_benchmark,sintel,UniDepth2-vitb14,100,sf_shift,50.6,44.18,81.83
standard_benchmark,sintel,UniDepth2-vitb14,100,calib_ro,48.39,44.18,87.7
standard_benchmark,sintel,UniDepth2-vitb14,100,mdecalib_ro,25.13,44.18,81.22
standard_benchmark,sintel,UniDepth2-vitb14,100,sf_ro,38.85,44.18,90.77
standard_benchmark,sintel,UniDepth2-vitb14,100,calib_shift_ro,55.33,44.18,89.69
standard_benchmark,sintel,UniDepth2-vitb14,100,mdecalib_shift_ro,28.47,44.18,87.6
standard_benchmark,sintel,UniDepth2-vitb14,100,sf_shift_ro,44.63,44.18,91.66
standard_benchmark,sintel,UniDepth2-vitb14,500,calib,58.24,44.18,82.51
standard_benchmark,sintel,UniDepth2-vitb14,500,mdecalib,23.46,44.18,75.58
standard_benchmark,sintel,UniDepth2-vitb14,500,sf,47.66,44.18,82.88
standard_benchmark,sintel,UniDepth2-vitb14,500,calib_shift,61.84,44.18,82.61
standard_benchmark,sintel,UniDepth2-vitb14,500,mdecalib_shift,25.45,44.18,76.12
standard_benchmark,sintel,UniDepth2-vitb14,500,sf_shift,52.03,44.18,83.01
standard_benchmark,sintel,UniDepth2-vitb14,500,calib_ro,48.61,44.18,87.7
standard_benchmark,sintel,UniDepth2-vitb14,500,mdecalib_ro,25.1,44.18,81.28
standard_benchmark,sintel,UniDepth2-vitb14,500,sf_ro,38.82,44.18,90.83
standard_benchmark,sintel,UniDepth2-vitb14,500,calib_shift_ro,55.69,44.18,89.77
standard_benchmark,sintel,UniDepth2-vitb14,500,mdecalib_shift_ro,28.58,44.18,87.71
standard_benchmark,sintel,UniDepth2-vitb14,500,sf_shift_ro,45.17,44.18,91.91
standard_benchmark,sintel,UniDepth2-vitb14,1000,calib,58.25,44.18,82.7
standard_benchmark,sintel,UniDepth2-vitb14,1000,mdecalib,23.44,44.18,75.9
standard_benchmark,sintel,UniDepth2-vitb14,1000,sf,47.84,44.18,83.09
standard_benchmark,sintel,UniDepth2-vitb14,1000,calib_shift,62.16,44.18,82.74
standard_benchmark,sintel,UniDepth2-vitb14,1000,mdecalib_shift,25.6,44.18,76.4
standard_benchmark,sintel,UniDepth2-vitb14,1000,sf_shift,52.26,44.18,83.28
standard_benchmark,sintel,UniDepth2-vitb14,1000,calib_ro,48.6,44.18,87.7
standard_benchmark,sintel,UniDepth2-vitb14,1000,mdecalib_ro,25.12,44.18,81.28
standard_benchmark,sintel,UniDepth2-vitb14,1000,sf_ro,38.74,44.18,90.83
standard_benchmark,sintel,UniDepth2-vitb14,1000,calib_shift_ro,55.78,44.18,89.78
standard_benchmark,sintel,UniDepth2-vitb14,1000,mdecalib_shift_ro,28.58,44.18,87.69
standard_benchmark,sintel,UniDepth2-vitb14,1000,sf_shift_ro,45.25,44.18,91.95
standard_benchmark,sintel,UniDepth2-vitl14,10,calib,54.21,38.33,79.53
standard_benchmark,sintel,UniDepth2-vitl14,10,mdecalib,22.78,38.33,71.44
standard_benchmark,sintel,UniDepth2-vitl14,10,sf,38.8,38.33,77.38
standard_benchmark,sintel,UniDepth2-vitl14,10,calib_shift,55.5,38.33,78.93
standard_benchmark,sintel,UniDepth2-vitl14,10,mdecalib_shift,23.43,38.33,71.96
standard_benchmark,sintel,UniDepth2-vitl14,10,sf_shift,46.85,38.33,74.5
standard_benchmark,sintel,UniDepth2-vitl14,10,calib_ro,47.03,38.33,86.37
standard_benchmark,sintel,UniDepth2-vitl14,10,mdecalib_ro,22.02,38.33,80.9
standard_benchmark,sintel,UniDepth2-vitl14,10,sf_ro,37.56,38.33,88.95
standard_benchmark,sintel,UniDepth2-vitl14,10,calib_shift_ro,55.32,38.33,89.94
standard_benchmark,sintel,UniDepth2-vitl14,10,mdecalib_shift_ro,26.4,38.33,87.72
standard_benchmark,sintel,UniDepth2-vitl14,10,sf_shift_ro,45.94,38.33,89.61
standard_benchmark,sintel,UniDepth2-vitl14,100,calib,58.18,38.33,81.98
standard_benchmark,sintel,UniDepth2-vitl14,100,mdecalib,23.7,38.33,74.34
standard_benchmark,sintel,UniDepth2-vitl14,100,sf,43.35,38.33,81.59
standard_benchmark,sintel,UniDepth2-vitl14,100,calib_shift,60.69,38.33,82.06
standard_benchmark,sintel,UniDepth2-vitl14,100,mdecalib_shift,24.44,38.33,75.15
standard_benchmark,sintel,UniDepth2-vitl14,100,sf_shift,52.52,38.33,81.85
standard_benchmark,sintel,UniDepth2-vitl14,100,calib_ro,47.61,38.33,86.67
standard_benchmark,sintel,UniDepth2-vitl14,100,mdecalib_ro,22.3,38.33,81.41
standard_benchmark,sintel,UniDepth2-vitl14,100,sf_ro,38.06,38.33,89.92
standard_benchmark,sintel,UniDepth2-vitl14,100,calib_shift_ro,57.79,38.33,91.05
standard_benchmark,sintel,UniDepth2-vitl14,100,mdecalib_shift_ro,26.8,38.33,88.94
standard_benchmark,sintel,UniDepth2-vitl14,100,sf_shift_ro,49.4,38.33,93.06
standard_benchmark,sintel,UniDepth2-vitl14,500,calib,58.27,38.33,82.6
standard_benchmark,sintel,UniDepth2-vitl14,500,mdecalib,23.68,38.33,75.38
standard_benchmark,sintel,UniDepth2-vitl14,500,sf,44.82,38.33,82.6
standard_benchmark,sintel,UniDepth2-vitl14,500,calib_shift,62.35,38.33,82.63
standard_benchmark,sintel,UniDepth2-vitl14,500,mdecalib_shift,24.76,38.33,75.91
standard_benchmark,sintel,UniDepth2-vitl14,500,sf_shift,53.85,38.33,82.99
standard_benchmark,sintel,UniDepth2-vitl14,500,calib_ro,47.62,38.33,86.66
standard_benchmark,sintel,UniDepth2-vitl14,500,mdecalib_ro,22.44,38.33,81.44
standard_benchmark,sintel,UniDepth2-vitl14,500,sf_ro,38.05,38.33,90.03
standard_benchmark,sintel,UniDepth2-vitl14,500,calib_shift_ro,58.04,38.33,91.13
standard_benchmark,sintel,UniDepth2-vitl14,500,mdecalib_shift_ro,26.93,38.33,89.08
standard_benchmark,sintel,UniDepth2-vitl14,500,sf_shift_ro,50.04,38.33,93.21
standard_benchmark,sintel,UniDepth2-vitl14,1000,calib,58.16,38.33,82.75
standard_benchmark,sintel,UniDepth2-vitl14,1000,mdecalib,23.58,38.33,75.72
standard_benchmark,sintel,UniDepth2-vitl14,1000,sf,45.08,38.33,82.9
standard_benchmark,sintel,UniDepth2-vitl14,1000,calib_shift,62.93,38.33,82.78
standard_benchmark,sintel,UniDepth2-vitl14,1000,mdecalib_shift,24.78,38.33,76.18
standard_benchmark,sintel,UniDepth2-vitl14,1000,sf_shift,54.51,38.33,83.32
standard_benchmark,sintel,UniDepth2-vitl14,1000,calib_ro,47.66,38.33,86.66
standard_benchmark,sintel,UniDepth2-vitl14,1000,mdecalib_ro,22.48,38.33,81.45
standard_benchmark,sintel,UniDepth2-vitl14,1000,sf_ro,38.08,38.33,90.05
standard_benchmark,sintel,UniDepth2-vitl14,1000,calib_shift_ro,58.07,38.33,91.13
standard_benchmark,sintel,UniDepth2-vitl14,1000,mdecalib_shift_ro,27.0,38.33,89.11
standard_benchmark,sintel,UniDepth2-vitl14,1000,sf_shift_ro,50.3,38.33,93.23
standard_benchmark,sintel,UniDepth2-vits14,10,calib,46.83,25.3,78.31
standard_benchmark,sintel,UniDepth2-vits14,10,mdecalib,17.42,25.3,68.15
standard_benchmark,sintel,UniDepth2-vits14,10,sf,37.08,25.3,75.58
standard_benchmark,sintel,UniDepth2-vits14,10,calib_shift,51.02,25.3,76.53
standard_benchmark,sintel,UniDepth2-vits14,10,mdecalib_shift,18.97,25.3,67.89
standard_benchmark,sintel,UniDepth2-vits14,10,sf_shift,40.36,25.3,69.68
standard_benchmark,sintel,UniDepth2-vits14,10,calib_ro,33.9,25.3,85.53
standard_benchmark,sintel,UniDepth2-vits14,10,mdecalib_ro,13.0,25.3,75.03
standard_benchmark,sintel,UniDepth2-vits14,10,sf_ro,25.84,25.3,87.08
standard_benchmark,sintel,UniDepth2-vits14,10,calib_shift_ro,39.59,25.3,86.03
standard_benchmark,sintel,UniDepth2-vits14,10,mdecalib_shift_ro,14.24,25.3,82.95
standard_benchmark,sintel,UniDepth2-vits14,10,sf_shift_ro,30.14,25.3,85.01
standard_benchmark,sintel,UniDepth2-vits14,100,calib,51.63,25.3,81.52
standard_benchmark,sintel,UniDepth2-vits14,100,mdecalib,18.22,25.3,71.61
standard_benchmark,sintel,UniDepth2-vits14,100,sf,41.06,25.3,81.14
standard_benchmark,sintel,UniDepth2-vits14,100,calib_shift,57.58,25.3,81.49
standard_benchmark,sintel,UniDepth2-vits14,100,mdecalib_shift,20.35,25.3,73.08
standard_benchmark,sintel,UniDepth2-vits14,100,sf_shift,48.42,25.3,80.89
standard_benchmark,sintel,UniDepth2-vits14,100,calib_ro,33.99,25.3,85.94
standard_benchmark,sintel,UniDepth2-vits14,100,mdecalib_ro,12.83,25.3,75.85
standard_benchmark,sintel,UniDepth2-vits14,100,sf_ro,25.97,25.3,88.91
standard_benchmark,sintel,UniDepth2-vits14,100,calib_shift_ro,42.45,25.3,87.71
standard_benchmark,sintel,UniDepth2-vits14,100,mdecalib_shift_ro,14.99,25.3,85.33
standard_benchmark,sintel,UniDepth2-vits14,100,sf_shift_ro,34.17,25.3,90.57
standard_benchmark,sintel,UniDepth2-vits14,500,calib,52.34,25.3,82.44
standard_benchmark,sintel,UniDepth2-vits14,500,mdecalib,18.74,25.3,73.36
standard_benchmark,sintel,UniDepth2-vits14,500,sf,42.77,25.3,82.43
standard_benchmark,sintel,UniDepth2-vits14,500,calib_shift,59.95,25.3,82.4
standard_benchmark,sintel,UniDepth2-vits14,500,mdecalib_shift,20.75,25.3,74.35
standard_benchmark,sintel,UniDepth2-vits14,500,sf_shift,50.78,25.3,82.44
standard_benchmark,sintel,UniDepth2-vits14,500,calib_ro,34.0,25.3,85.97
standard_benchmark,sintel,UniDepth2-vits14,500,mdecalib_ro,12.92,25.3,75.94
standard_benchmark,sintel,UniDepth2-vits14,500,sf_ro,25.68,25.3,89.03
standard_benchmark,sintel,UniDepth2-vits14,500,calib_shift_ro,43.49,25.3,87.89
standard_benchmark,sintel,UniDepth2-vits14,500,mdecalib_shift_ro,15.01,25.3,85.6
standard_benchmark,sintel,UniDepth2-vits14,500,sf_shift_ro,34.98,25.3,90.89
standard_benchmark,sintel,UniDepth2-vits14,1000,calib,52.57,25.3,82.66
standard_benchmark,sintel,UniDepth2-vits14,1000,mdecalib,18.87,25.3,74.02
standard_benchmark,sintel,UniDepth2-vits14,1000,sf,43.09,25.3,82.7
standard_benchmark,sintel,UniDepth2-vits14,1000,calib_shift,60.5,25.3,82.58
standard_benchmark,sintel,UniDepth2-vits14,1000,mdecalib_shift,20.72,25.3,74.76
standard_benchmark,sintel,UniDepth2-vits14,1000,sf_shift,51.62,25.3,82.92
standard_benchmark,sintel,UniDepth2-vits14,1000,calib_ro,34.1,25.3,85.95
standard_benchmark,sintel,UniDepth2-vits14,1000,mdecalib_ro,12.9,25.3,75.96
standard_benchmark,sintel,UniDepth2-vits14,1000,sf_ro,25.53,25.3,89.1
standard_benchmark,sintel,UniDepth2-vits14,1000,calib_shift_ro,43.79,25.3,87.93
standard_benchmark,sintel,UniDepth2-vits14,1000,mdecalib_shift_ro,14.96,25.3,85.67
standard_benchmark,sintel,UniDepth2-vits14,1000,sf_shift_ro,35.23,25.3,90.95
standard_benchmark,sintel,UniDepth2Calib-vitb14,10,calib,54.62,41.86,79.8
standard_benchmark,sintel,UniDepth2Calib-vitb14,10,calib_shift,55.73,41.86,78.27
standard_benchmark,sintel,UniDepth2Calib-vitb14,10,calib_ro,49.99,41.86,87.77
standard_benchmark,sintel,UniDepth2Calib-vitb14,10,calib_shift_ro,53.42,41.86,88.5
standard_benchmark,sintel,UniDepth2Calib-vitb14,100,calib,58.32,41.86,81.83
standard_benchmark,sintel,UniDepth2Calib-vitb14,100,calib_shift,60.59,41.86,81.94
standard_benchmark,sintel,UniDepth2Calib-vitb14,100,calib_ro,50.02,41.86,88.06
standard_benchmark,sintel,UniDepth2Calib-vitb14,100,calib_shift_ro,56.41,41.86,89.73
standard_benchmark,sintel,UniDepth2Calib-vitb14,500,calib,58.45,41.86,82.47
standard_benchmark,sintel,UniDepth2Calib-vitb14,500,calib_shift,62.07,41.86,82.6
standard_benchmark,sintel,UniDepth2Calib-vitb14,500,calib_ro,50.02,41.86,88.06
standard_benchmark,sintel,UniDepth2Calib-vitb14,500,calib_shift_ro,56.85,41.86,89.84
standard_benchmark,sintel,UniDepth2Calib-vitb14,1000,calib,58.47,41.86,82.69
standard_benchmark,sintel,UniDepth2Calib-vitb14,1000,calib_shift,62.26,41.86,82.73
standard_benchmark,sintel,UniDepth2Calib-vitb14,1000,calib_ro,50.05,41.86,88.07
standard_benchmark,sintel,UniDepth2Calib-vitb14,1000,calib_shift_ro,56.82,41.86,89.86
standard_benchmark,sintel,UniDepth2Calib-vitl14,10,calib,54.59,38.8,79.64
standard_benchmark,sintel,UniDepth2Calib-vitl14,10,calib_shift,55.79,38.8,79.05
standard_benchmark,sintel,UniDepth2Calib-vitl14,10,calib_ro,47.58,38.8,86.49
standard_benchmark,sintel,UniDepth2Calib-vitl14,10,calib_shift_ro,55.37,38.8,89.94
standard_benchmark,sintel,UniDepth2Calib-vitl14,100,calib,58.52,38.8,81.98
standard_benchmark,sintel,UniDepth2Calib-vitl14,100,calib_shift,60.78,38.8,82.08
standard_benchmark,sintel,UniDepth2Calib-vitl14,100,calib_ro,48.16,38.8,86.79
standard_benchmark,sintel,UniDepth2Calib-vitl14,100,calib_shift_ro,57.83,38.8,91.02
standard_benchmark,sintel,UniDepth2Calib-vitl14,500,calib,58.6,38.8,82.6
standard_benchmark,sintel,UniDepth2Calib-vitl14,500,calib_shift,62.77,38.8,82.62
standard_benchmark,sintel,UniDepth2Calib-vitl14,500,calib_ro,48.22,38.8,86.8
standard_benchmark,sintel,UniDepth2Calib-vitl14,500,calib_shift_ro,58.28,38.8,91.1
standard_benchmark,sintel,UniDepth2Calib-vitl14,1000,calib,58.74,38.8,82.75
standard_benchmark,sintel,UniDepth2Calib-vitl14,1000,calib_shift,63.33,38.8,82.78
standard_benchmark,sintel,UniDepth2Calib-vitl14,1000,calib_ro,48.23,38.8,86.81
standard_benchmark,sintel,UniDepth2Calib-vitl14,1000,calib_shift_ro,58.32,38.8,91.1
standard_benchmark,sintel,UniDepth2Calib-vits14,10,calib,47.44,23.39,78.48
standard_benchmark,sintel,UniDepth2Calib-vits14,10,calib_shift,51.45,23.39,76.61
standard_benchmark,sintel,UniDepth2Calib-vits14,10,calib_ro,35.35,23.39,85.64
standard_benchmark,sintel,UniDepth2Calib-vits14,10,calib_shift_ro,40.59,23.39,85.84
standard_benchmark,sintel,UniDepth2Calib-vits14,100,calib,51.84,23.39,81.57
standard_benchmark,sintel,UniDepth2Calib-vits14,100,calib_shift,57.93,23.39,81.46
standard_benchmark,sintel,UniDepth2Calib-vits14,100,calib_ro,35.56,23.39,86.02
standard_benchmark,sintel,UniDepth2Calib-vits14,100,calib_shift_ro,43.8,23.39,87.79
standard_benchmark,sintel,UniDepth2Calib-vits14,500,calib,52.38,23.39,82.44
standard_benchmark,sintel,UniDepth2Calib-vits14,500,calib_shift,59.71,23.39,82.42
standard_benchmark,sintel,UniDepth2Calib-vits14,500,calib_ro,35.66,23.39,86.06
standard_benchmark,sintel,UniDepth2Calib-vits14,500,calib_shift_ro,44.35,23.39,87.87
standard_benchmark,sintel,UniDepth2Calib-vits14,1000,calib,52.62,23.39,82.64
standard_benchmark,sintel,UniDepth2Calib-vits14,1000,calib_shift,60.49,23.39,82.59
standard_benchmark,sintel,UniDepth2Calib-vits14,1000,calib_ro,35.7,23.39,86.06
standard_benchmark,sintel,UniDepth2Calib-vits14,1000,calib_shift_ro,44.52,23.39,87.9
standard_benchmark,sintel,UniK3D-vitl,10,calib,52.49,46.05,79.52
standard_benchmark,sintel,UniK3D-vitl,10,mdecalib,0.0,46.05,
standard_benchmark,sintel,UniK3D-vitl,10,sf,40.74,46.05,77.98
standard_benchmark,sintel,UniK3D-vitl,10,calib_shift,55.04,46.05,78.75
standard_benchmark,sintel,UniK3D-vitl,10,mdecalib_shift,0.0,46.05,
standard_benchmark,sintel,UniK3D-vitl,10,sf_shift,46.93,46.05,74.81
standard_benchmark,sintel,UniK3D-vitl,10,calib_ro,48.51,46.05,88.07
standard_benchmark,sintel,UniK3D-vitl,10,mdecalib_ro,0.0,46.05,
standard_benchmark,sintel,UniK3D-vitl,10,sf_ro,37.83,46.05,90.08
standard_benchmark,sintel,UniK3D-vitl,10,calib_shift_ro,53.33,46.05,90.06
standard_benchmark,sintel,UniK3D-vitl,10,mdecalib_shift_ro,0.0,46.05,
standard_benchmark,sintel,UniK3D-vitl,10,sf_shift_ro,45.87,46.05,89.37
standard_benchmark,sintel,UniK3D-vitl,100,calib,55.61,46.05,81.81
standard_benchmark,sintel,UniK3D-vitl,100,mdecalib,0.0,46.05,
standard_benchmark,sintel,UniK3D-vitl,100,sf,44.99,46.05,81.76
standard_benchmark,sintel,UniK3D-vitl,100,calib_shift,60.12,46.05,82.0
standard_benchmark,sintel,UniK3D-vitl,100,mdecalib_shift,0.0,46.05,
standard_benchmark,sintel,UniK3D-vitl,100,sf_shift,53.23,46.05,81.83
standard_benchmark,sintel,UniK3D-vitl,100,calib_ro,48.44,46.05,88.22
standard_benchmark,sintel,UniK3D-vitl,100,mdecalib_ro,0.0,46.05,
standard_benchmark,sintel,UniK3D-vitl,100,sf_ro,38.2,46.05,91.28
standard_benchmark,sintel,UniK3D-vitl,100,calib_shift_ro,56.08,46.05,91.05
standard_benchmark,sintel,UniK3D-vitl,100,mdecalib_shift_ro,0.0,46.05,
standard_benchmark,sintel,UniK3D-vitl,100,sf_shift_ro,49.04,46.05,92.7
standard_benchmark,sintel,UniK3D-vitl,500,calib,56.08,46.05,82.46
standard_benchmark,sintel,UniK3D-vitl,500,mdecalib,0.0,46.05,
standard_benchmark,sintel,UniK3D-vitl,500,sf,46.22,46.05,82.6
standard_benchmark,sintel,UniK3D-vitl,500,calib_shift,61.83,46.05,82.6
standard_benchmark,sintel,UniK3D-vitl,500,mdecalib_shift,0.0,46.05,
standard_benchmark,sintel,UniK3D-vitl,500,sf_shift,54.73,46.05,82.99
standard_benchmark,sintel,UniK3D-vitl,500,calib_ro,48.31,46.05,88.26
standard_benchmark,sintel,UniK3D-vitl,500,mdecalib_ro,0.0,46.05,
standard_benchmark,sintel,UniK3D-vitl,500,sf_ro,38.05,46.05,91.39
standard_benchmark,sintel,UniK3D-vitl,500,calib_shift_ro,56.29,46.05,91.11
standard_benchmark,sintel,UniK3D-vitl,500,mdecalib_shift_ro,0.0,46.05,
standard_benchmark,sintel,UniK3D-vitl,500,sf_shift_ro,49.62,46.05,92.95
standard_benchmark,sintel,UniK3D-vitl,1000,calib,56.05,46.05,82.64
standard_benchmark,sintel,UniK3D-vitl,1000,mdecalib,0.0,46.05,
standard_benchmark,sintel,UniK3D-vitl,1000,sf,46.64,46.05,82.85
standard_benchmark,sintel,UniK3D-vitl,1000,calib_shift,62.33,46.05,82.72
standard_benchmark,sintel,UniK3D-vitl,1000,mdecalib_shift,0.0,46.05,
standard_benchmark,sintel,UniK3D-vitl,1000,sf_shift,55.04,46.05,83.27
standard_benchmark,sintel,UniK3D-vitl,1000,calib_ro,48.3,46.05,88.26
standard_benchmark,sintel,UniK3D-vitl,1000,mdecalib_ro,0.0,46.05,
standard_benchmark,sintel,UniK3D-vitl,1000,sf_ro,37.97,46.05,91.39
standard_benchmark,sintel,UniK3D-vitl,1000,calib_shift_ro,56.33,46.05,91.11
standard_benchmark,sintel,UniK3D-vitl,1000,mdecalib_shift_ro,0.0,46.05,
standard_benchmark,sintel,UniK3D-vitl,1000,sf_shift_ro,49.67,46.05,92.99
standard_benchmark,sintel,UniK3DCalib-vitl,10,calib,52.6,53.03,79.62
standard_benchmark,sintel,UniK3DCalib-vitl,10,calib_shift,55.09,53.03,78.64
standard_benchmark,sintel,UniK3DCalib-vitl,10,calib_ro,48.29,53.03,88.05
standard_benchmark,sintel,UniK3DCalib-vitl,10,calib_shift_ro,53.54,53.03,89.79
standard_benchmark,sintel,UniK3DCalib-vitl,100,calib,55.48,53.03,81.88
standard_benchmark,sintel,UniK3DCalib-vitl,100,calib_shift,59.9,53.03,82.01
standard_benchmark,sintel,UniK3DCalib-vitl,100,calib_ro,48.26,53.03,88.2
standard_benchmark,sintel,UniK3DCalib-vitl,100,calib_shift_ro,56.39,53.03,90.99
standard_benchmark,sintel,UniK3DCalib-vitl,500,calib,55.95,53.03,82.5
standard_benchmark,sintel,UniK3DCalib-vitl,500,calib_shift,61.65,53.03,82.57
standard_benchmark,sintel,UniK3DCalib-vitl,500,calib_ro,48.21,53.03,88.23
standard_benchmark,sintel,UniK3DCalib-vitl,500,calib_shift_ro,56.57,53.03,91.07
standard_benchmark,sintel,UniK3DCalib-vitl,1000,calib,56.0,53.03,82.66
standard_benchmark,sintel,UniK3DCalib-vitl,1000,calib_shift,62.09,53.03,82.71
standard_benchmark,sintel,UniK3DCalib-vitl,1000,calib_ro,48.22,53.03,88.22
standard_benchmark,sintel,UniK3DCalib-vitl,1000,calib_shift_ro,56.59,53.03,91.07
standard_benchmark,sintel,VGGT-VGGT-1B,10,calib,44.47,96.81,78.49
standard_benchmark,sintel,VGGT-VGGT-1B,10,mdecalib,26.48,96.81,75.44
standard_benchmark,sintel,VGGT-VGGT-1B,10,sf,35.78,96.81,77.35
standard_benchmark,sintel,VGGT-VGGT-1B,10,calib_shift,50.82,96.81,77.09
standard_benchmark,sintel,VGGT-VGGT-1B,10,mdecalib_shift,31.69,96.81,74.79
standard_benchmark,sintel,VGGT-VGGT-1B,10,sf_shift,40.01,96.81,71.96
standard_benchmark,sintel,VGGT-VGGT-1B,10,calib_ro,32.34,96.81,85.81
standard_benchmark,sintel,VGGT-VGGT-1B,10,mdecalib_ro,19.07,96.81,83.34
standard_benchmark,sintel,VGGT-VGGT-1B,10,sf_ro,27.19,96.81,87.64
standard_benchmark,sintel,VGGT-VGGT-1B,10,calib_shift_ro,42.48,96.81,85.77
standard_benchmark,sintel,VGGT-VGGT-1B,10,mdecalib_shift_ro,29.77,96.81,85.15
standard_benchmark,sintel,VGGT-VGGT-1B,10,sf_shift_ro,37.26,96.81,85.24
standard_benchmark,sintel,VGGT-VGGT-1B,100,calib,46.74,96.81,81.03
standard_benchmark,sintel,VGGT-VGGT-1B,100,mdecalib,27.42,96.81,78.44
standard_benchmark,sintel,VGGT-VGGT-1B,100,sf,38.76,96.81,81.06
standard_benchmark,sintel,VGGT-VGGT-1B,100,calib_shift,56.15,96.81,81.49
standard_benchmark,sintel,VGGT-VGGT-1B,100,mdecalib_shift,34.89,96.81,79.29
standard_benchmark,sintel,VGGT-VGGT-1B,100,sf_shift,45.66,96.81,80.94
standard_benchmark,sintel,VGGT-VGGT-1B,100,calib_ro,32.82,96.81,86.13
standard_benchmark,sintel,VGGT-VGGT-1B,100,mdecalib_ro,19.47,96.81,83.8
standard_benchmark,sintel,VGGT-VGGT-1B,100,sf_ro,27.46,96.81,89.1
standard_benchmark,sintel,VGGT-VGGT-1B,100,calib_shift_ro,44.3,96.81,87.66
standard_benchmark,sintel,VGGT-VGGT-1B,100,mdecalib_shift_ro,31.05,96.81,87.03
standard_benchmark,sintel,VGGT-VGGT-1B,100,sf_shift_ro,40.77,96.81,90.07
standard_benchmark,sintel,VGGT-VGGT-1B,500,calib,47.65,96.81,81.81
standard_benchmark,sintel,VGGT-VGGT-1B,500,mdecalib,28.31,96.81,79.62
standard_benchmark,sintel,VGGT-VGGT-1B,500,sf,39.77,96.81,82.0
standard_benchmark,sintel,VGGT-VGGT-1B,500,calib_shift,58.15,96.81,82.26
standard_benchmark,sintel,VGGT-VGGT-1B,500,mdecalib_shift,35.97,96.81,80.26
standard_benchmark,sintel,VGGT-VGGT-1B,500,sf_shift,47.55,96.81,82.44
standard_benchmark,sintel,VGGT-VGGT-1B,500,calib_ro,32.83,96.81,86.16
standard_benchmark,sintel,VGGT-VGGT-1B,500,mdecalib_ro,19.51,96.81,83.86
standard_benchmark,sintel,VGGT-VGGT-1B,500,sf_ro,27.61,96.81,89.23
standard_benchmark,sintel,VGGT-VGGT-1B,500,calib_shift_ro,44.78,96.81,87.81
standard_benchmark,sintel,VGGT-VGGT-1B,500,mdecalib_shift_ro,31.2,96.81,87.17
standard_benchmark,sintel,VGGT-VGGT-1B,500,sf_shift_ro,41.66,96.81,90.29
standard_benchmark,sintel,VGGT-VGGT-1B,1000,calib,48.25,96.81,82.09
standard_benchmark,sintel,VGGT-VGGT-1B,1000,mdecalib,28.57,96.81,79.97
standard_benchmark,sintel,VGGT-VGGT-1B,1000,sf,39.85,96.81,82.3
standard_benchmark,sintel,VGGT-VGGT-1B,1000,calib_shift,58.82,96.81,82.43
standard_benchmark,sintel,VGGT-VGGT-1B,1000,mdecalib_shift,36.18,96.81,80.46
standard_benchmark,sintel,VGGT-VGGT-1B,1000,sf_shift,48.26,96.81,82.84
standard_benchmark,sintel,VGGT-VGGT-1B,1000,calib_ro,32.88,96.81,86.16
standard_benchmark,sintel,VGGT-VGGT-1B,1000,mdecalib_ro,19.51,96.81,83.84
standard_benchmark,sintel,VGGT-VGGT-1B,1000,sf_ro,27.6,96.81,89.28
standard_benchmark,sintel,VGGT-VGGT-1B,1000,calib_shift_ro,44.89,96.81,87.82
standard_benchmark,sintel,VGGT-VGGT-1B,1000,mdecalib_shift_ro,31.29,96.81,87.19
standard_benchmark,sintel,VGGT-VGGT-1B,1000,sf_shift_ro,41.78,96.81,90.32
standard_benchmark,sintel,gt,10,calib,78.18,0.0,83.48
standard_benchmark,sintel,gt,10,mdecalib,0.0,0.0,
standard_benchmark,sintel,gt,10,sf,72.17,0.0,84.02
standard_benchmark,sintel,gt,10,calib_shift,74.79,0.0,83.76
standard_benchmark,sintel,gt,10,mdecalib_shift,0.0,0.0,
standard_benchmark,sintel,gt,10,sf_shift,67.91,0.0,84.16
standard_benchmark,sintel,gt,10,calib_ro,89.9,0.0,97.27
standard_benchmark,sintel,gt,10,mdecalib_ro,0.0,0.0,
standard_benchmark,sintel,gt,10,sf_ro,85.97,0.0,97.28
standard_benchmark,sintel,gt,10,calib_shift_ro,88.52,0.0,97.29
standard_benchmark,sintel,gt,10,mdecalib_shift_ro,0.0,0.0,
standard_benchmark,sintel,gt,10,sf_shift_ro,84.89,0.0,97.24
standard_benchmark,sintel,gt,100,calib,79.5,0.0,83.97
standard_benchmark,sintel,gt,100,mdecalib,0.0,0.0,
standard_benchmark,sintel,gt,100,sf,72.89,0.0,84.47
standard_benchmark,sintel,gt,100,calib_shift,76.1,0.0,84.29
standard_benchmark,sintel,gt,100,mdecalib_shift,0.0,0.0,
standard_benchmark,sintel,gt,100,sf_shift,69.18,0.0,84.6
standard_benchmark,sintel,gt,100,calib_ro,89.81,0.0,97.28
standard_benchmark,sintel,gt,100,mdecalib_ro,0.0,0.0,
standard_benchmark,sintel,gt,100,sf_ro,85.9,0.0,97.28
standard_benchmark,sintel,gt,100,calib_shift_ro,88.51,0.0,97.29
standard_benchmark,sintel,gt,100,mdecalib_shift_ro,0.0,0.0,
standard_benchmark,sintel,gt,100,sf_shift_ro,84.97,0.0,97.25
standard_benchmark,sintel,gt,500,calib,79.24,0.0,84.16
standard_benchmark,sintel,gt,500,mdecalib,0.0,0.0,
standard_benchmark,sintel,gt,500,sf,72.76,0.0,84.6
standard_benchmark,sintel,gt,500,calib_shift,75.67,0.0,84.39
standard_benchmark,sintel,gt,500,mdecalib_shift,0.0,0.0,
standard_benchmark,sintel,gt,500,sf_shift,68.94,0.0,84.73
standard_benchmark,sintel,gt,500,calib_ro,89.82,0.0,97.28
standard_benchmark,sintel,gt,500,mdecalib_ro,0.0,0.0,
standard_benchmark,sintel,gt,500,sf_ro,85.9,0.0,97.28
standard_benchmark,sintel,gt,500,calib_shift_ro,88.4,0.0,97.29
standard_benchmark,sintel,gt,500,mdecalib_shift_ro,0.0,0.0,
standard_benchmark,sintel,gt,500,sf_shift_ro,84.92,0.0,97.25
standard_benchmark,sintel,gt,1000,calib,79.02,0.0,84.23
standard_benchmark,sintel,gt,1000,mdecalib,0.0,0.0,
standard_benchmark,sintel,gt,1000,sf,72.58,0.0,84.69
standard_benchmark,sintel,gt,1000,calib_shift,75.45,0.0,84.46
standard_benchmark,sintel,gt,1000,mdecalib_shift,0.0,0.0,
standard_benchmark,sintel,gt,1000,sf_shift,68.79,0.0,84.77
standard_benchmark,sintel,gt,1000,calib_ro,89.82,0.0,97.28
standard_benchmark,sintel,gt,1000,mdecalib_ro,0.0,0.0,
standard_benchmark,sintel,gt,1000,sf_ro,85.9,0.0,97.28
standard_benchmark,sintel,gt,1000,calib_shift_ro,88.41,0.0,97.29
standard_benchmark,sintel,gt,1000,mdecalib_shift_ro,0.0,0.0,
standard_benchmark,sintel,gt,1000,sf_shift_ro,84.94,0.0,97.25
standard_benchmark,sintel,none,10,baseline_calib,57.47,0.0,81.05
standard_benchmark,sintel,none,10,baseline_sf,48.09,0.0,79.56
standard_benchmark,sintel,none,100,baseline_calib,62.94,0.0,82.99
standard_benchmark,sintel,none,100,baseline_sf,53.66,0.0,83.61
standard_benchmark,sintel,none,500,baseline_calib,64.67,0.0,83.35
standard_benchmark,sintel,none,500,baseline_sf,55.6,0.0,84.21
standard_benchmark,sintel,none,1000,baseline_calib,64.98,0.0,83.42
standard_benchmark,sintel,none,1000,baseline_sf,55.77,0.0,84.34
standard_benchmark,eth3d,DepthAnythingV2-vitb,10,calib,48.63,74.28,60.77
standard_benchmark,eth3d,DepthAnythingV2-vitb,10,mdecalib,0.0,74.28,
standard_benchmark,eth3d,DepthAnythingV2-vitb,10,sf,34.49,74.28,58.57
standard_benchmark,eth3d,DepthAnythingV2-vitb,10,calib_shift,66.16,74.28,66.31
standard_benchmark,eth3d,DepthAnythingV2-vitb,10,mdecalib_shift,0.0,74.28,
standard_benchmark,eth3d,DepthAnythingV2-vitb,10,sf_shift,49.1,74.28,59.53
standard_benchmark,eth3d,DepthAnythingV2-vitb,10,calib_ro,28.28,74.28,44.88
standard_benchmark,eth3d,DepthAnythingV2-vitb,10,mdecalib_ro,0.0,74.28,
standard_benchmark,eth3d,DepthAnythingV2-vitb,10,sf_ro,22.32,74.28,56.85
standard_benchmark,eth3d,DepthAnythingV2-vitb,10,calib_shift_ro,50.47,74.28,55.08
standard_benchmark,eth3d,DepthAnythingV2-vitb,10,mdecalib_shift_ro,0.0,74.28,
standard_benchmark,eth3d,DepthAnythingV2-vitb,10,sf_shift_ro,35.97,74.28,61.22
standard_benchmark,eth3d,DepthAnythingV2-vitb,100,calib,57.2,74.28,68.19
standard_benchmark,eth3d,DepthAnythingV2-vitb,100,mdecalib,0.0,74.28,
standard_benchmark,eth3d,DepthAnythingV2-vitb,100,sf,40.36,74.28,67.99
standard_benchmark,eth3d,DepthAnythingV2-vitb,100,calib_shift,71.85,74.28,71.62
standard_benchmark,eth3d,DepthAnythingV2-vitb,100,mdecalib_shift,0.0,74.28,
standard_benchmark,eth3d,DepthAnythingV2-vitb,100,sf_shift,57.84,74.28,70.26
standard_benchmark,eth3d,DepthAnythingV2-vitb,100,calib_ro,29.55,74.28,46.12
standard_benchmark,eth3d,DepthAnythingV2-vitb,100,mdecalib_ro,0.0,74.28,
standard_benchmark,eth3d,DepthAnythingV2-vitb,100,sf_ro,23.0,74.28,59.91
standard_benchmark,eth3d,DepthAnythingV2-vitb,100,calib_shift_ro,52.73,74.28,57.37
standard_benchmark,eth3d,DepthAnythingV2-vitb,100,mdecalib_shift_ro,0.0,74.28,
standard_benchmark,eth3d,DepthAnythingV2-vitb,100,sf_shift_ro,39.24,74.28,65.75
standard_benchmark,eth3d,DepthAnythingV2-vitb,500,calib,61.64,74.28,71.6
standard_benchmark,eth3d,DepthAnythingV2-vitb,500,mdecalib,0.0,74.28,
standard_benchmark,eth3d,DepthAnythingV2-vitb,500,sf,42.13,74.28,70.58
standard_benchmark,eth3d,DepthAnythingV2-vitb,500,calib_shift,73.23,74.28,72.64
standard_benchmark,eth3d,DepthAnythingV2-vitb,500,mdecalib_shift,0.0,74.28,
standard_benchmark,eth3d,DepthAnythingV2-vitb,500,sf_shift,59.92,74.28,72.12
standard_benchmark,eth3d,DepthAnythingV2-vitb,500,calib_ro,29.98,74.28,46.19
standard_benchmark,eth3d,DepthAnythingV2-vitb,500,mdecalib_ro,0.0,74.28,
standard_benchmark,eth3d,DepthAnythingV2-vitb,500,sf_ro,23.26,74.28,60.38
standard_benchmark,eth3d,DepthAnythingV2-vitb,500,calib_shift_ro,53.1,74.28,57.57
standard_benchmark,eth3d,DepthAnythingV2-vitb,500,mdecalib_shift_ro,0.0,74.28,
standard_benchmark,eth3d,DepthAnythingV2-vitb,500,sf_shift_ro,39.39,74.28,66.26
standard_benchmark,eth3d,DepthAnythingV2-vitb,1000,calib,62.99,74.28,72.62
standard_benchmark,eth3d,DepthAnythingV2-vitb,1000,mdecalib,0.0,74.28,
standard_benchmark,eth3d,DepthAnythingV2-vitb,1000,sf,43.09,74.28,71.43
standard_benchmark,eth3d,DepthAnythingV2-vitb,1000,calib_shift,73.7,74.28,72.91
standard_benchmark,eth3d,DepthAnythingV2-vitb,1000,mdecalib_shift,0.0,74.28,
standard_benchmark,eth3d,DepthAnythingV2-vitb,1000,sf_shift,60.64,74.28,72.64
standard_benchmark,eth3d,DepthAnythingV2-vitb,1000,calib_ro,30.22,74.28,46.16
standard_benchmark,eth3d,DepthAnythingV2-vitb,1000,mdecalib_ro,0.0,74.28,
standard_benchmark,eth3d,DepthAnythingV2-vitb,1000,sf_ro,23.37,74.28,60.51
standard_benchmark,eth3d,DepthAnythingV2-vitb,1000,calib_shift_ro,53.3,74.28,57.59
standard_benchmark,eth3d,DepthAnythingV2-vitb,1000,mdecalib_shift_ro,0.0,74.28,
standard_benchmark,eth3d,DepthAnythingV2-vitb,1000,sf_shift_ro,39.45,74.28,66.41
standard_benchmark,eth3d,DepthAnythingV2-vitl,10,calib,24.46,144.57,23.69
standard_benchmark,eth3d,DepthAnythingV2-vitl,10,mdecalib,0.0,144.57,
standard_benchmark,eth3d,DepthAnythingV2-vitl,10,sf,33.93,144.57,57.13
standard_benchmark,eth3d,DepthAnythingV2-vitl,10,calib_shift,51.69,144.57,44.62
standard_benchmark,eth3d,DepthAnythingV2-vitl,10,mdecalib_shift,0.0,144.57,
standard_benchmark,eth3d,DepthAnythingV2-vitl,10,sf_shift,49.15,144.57,59.24
standard_benchmark,eth3d,DepthAnythingV2-vitl,10,calib_ro,28.44,144.57,43.86
standard_benchmark,eth3d,DepthAnythingV2-vitl,10,mdecalib_ro,0.0,144.57,
standard_benchmark,eth3d,DepthAnythingV2-vitl,10,sf_ro,22.19,144.57,55.43
standard_benchmark,eth3d,DepthAnythingV2-vitl,10,calib_shift_ro,51.1,144.57,55.37
standard_benchmark,eth3d,DepthAnythingV2-vitl,10,mdecalib_shift_ro,0.0,144.57,
standard_benchmark,eth3d,DepthAnythingV2-vitl,10,sf_shift_ro,37.39,144.57,61.47
standard_benchmark,eth3d,DepthAnythingV2-vitl,100,calib,29.3,144.57,29.59
standard_benchmark,eth3d,DepthAnythingV2-vitl,100,mdecalib,0.0,144.57,
standard_benchmark,eth3d,DepthAnythingV2-vitl,100,sf,39.75,144.57,67.26
standard_benchmark,eth3d,DepthAnythingV2-vitl,100,calib_shift,60.2,144.57,56.29
standard_benchmark,eth3d,DepthAnythingV2-vitl,100,mdecalib_shift,0.0,144.57,
standard_benchmark,eth3d,DepthAnythingV2-vitl,100,sf_shift,57.61,144.57,70.16
standard_benchmark,eth3d,DepthAnythingV2-vitl,100,calib_ro,29.53,144.57,45.02
standard_benchmark,eth3d,DepthAnythingV2-vitl,100,mdecalib_ro,0.0,144.57,
standard_benchmark,eth3d,DepthAnythingV2-vitl,100,sf_ro,23.18,144.57,59.28
standard_benchmark,eth3d,DepthAnythingV2-vitl,100,calib_shift_ro,53.56,144.57,57.57
standard_benchmark,eth3d,DepthAnythingV2-vitl,100,mdecalib_shift_ro,0.0,144.57,
standard_benchmark,eth3d,DepthAnythingV2-vitl,100,sf_shift_ro,39.89,144.57,65.98
standard_benchmark,eth3d,DepthAnythingV2-vitl,500,calib,32.07,144.57,32.92
standard_benchmark,eth3d,DepthAnythingV2-vitl,500,mdecalib,0.0,144.57,
standard_benchmark,eth3d,DepthAnythingV2-vitl,500,sf,42.01,144.57,70.12
standard_benchmark,eth3d,DepthAnythingV2-vitl,500,calib_shift,64.11,144.57,61.34
standard_benchmark,eth3d,DepthAnythingV2-vitl,500,mdecalib_shift,0.0,144.57,
standard_benchmark,eth3d,DepthAnythingV2-vitl,500,sf_shift,59.98,144.57,72.27
standard_benchmark,eth3d,DepthAnythingV2-vitl,500,calib_ro,29.87,144.57,45.16
standard_benchmark,eth3d,DepthAnythingV2-vitl,500,mdecalib_ro,0.0,144.57,
standard_benchmark,eth3d,DepthAnythingV2-vitl,500,sf_ro,23.48,144.57,59.96
standard_benchmark,eth3d,DepthAnythingV2-vitl,500,calib_shift_ro,53.75,144.57,57.8
standard_benchmark,eth3d,DepthAnythingV2-vitl,500,mdecalib_shift_ro,0.0,144.57,
standard_benchmark,eth3d,DepthAnythingV2-vitl,500,sf_shift_ro,40.37,144.57,66.58
standard_benchmark,eth3d,DepthAnythingV2-vitl,1000,calib,33.2,144.57,34.22
standard_benchmark,eth3d,DepthAnythingV2-vitl,1000,mdecalib,0.0,144.57,
standard_benchmark,eth3d,DepthAnythingV2-vitl,1000,sf,42.74,144.57,71.04
standard_benchmark,eth3d,DepthAnythingV2-vitl,1000,calib_shift,65.44,144.57,63.26
standard_benchmark,eth3d,DepthAnythingV2-vitl,1000,mdecalib_shift,0.0,144.57,
standard_benchmark,eth3d,DepthAnythingV2-vitl,1000,sf_shift,60.66,144.57,72.74
standard_benchmark,eth3d,DepthAnythingV2-vitl,1000,calib_ro,30.02,144.57,45.15
standard_benchmark,eth3d,DepthAnythingV2-vitl,1000,mdecalib_ro,0.0,144.57,
standard_benchmark,eth3d,DepthAnythingV2-vitl,1000,sf_ro,23.55,144.57,60.21
standard_benchmark,eth3d,DepthAnythingV2-vitl,1000,calib_shift_ro,53.88,144.57,57.81
standard_benchmark,eth3d,DepthAnythingV2-vitl,1000,mdecalib_shift_ro,0.0,144.57,
standard_benchmark,eth3d,DepthAnythingV2-vitl,1000,sf_shift_ro,40.45,144.57,66.7
standard_benchmark,eth3d,DepthAnythingV2-vits,10,calib,49.08,46.43,60.85
standard_benchmark,eth3d,DepthAnythingV2-vits,10,mdecalib,0.0,46.43,
standard_benchmark,eth3d,DepthAnythingV2-vits,10,sf,34.81,46.43,58.45
standard_benchmark,eth3d,DepthAnythingV2-vits,10,calib_shift,65.39,46.43,65.54
standard_benchmark,eth3d,DepthAnythingV2-vits,10,mdecalib_shift,0.0,46.43,
standard_benchmark,eth3d,DepthAnythingV2-vits,10,sf_shift,47.29,46.43,58.32
standard_benchmark,eth3d,DepthAnythingV2-vits,10,calib_ro,27.93,46.43,43.96
standard_benchmark,eth3d,DepthAnythingV2-vits,10,mdecalib_ro,0.0,46.43,
standard_benchmark,eth3d,DepthAnythingV2-vits,10,sf_ro,21.78,46.43,55.67
standard_benchmark,eth3d,DepthAnythingV2-vits,10,calib_shift_ro,48.09,46.43,52.85
standard_benchmark,eth3d,DepthAnythingV2-vits,10,mdecalib_shift_ro,0.0,46.43,
standard_benchmark,eth3d,DepthAnythingV2-vits,10,sf_shift_ro,33.11,46.43,58.78
standard_benchmark,eth3d,DepthAnythingV2-vits,100,calib,57.66,46.43,68.49
standard_benchmark,eth3d,DepthAnythingV2-vits,100,mdecalib,0.0,46.43,
standard_benchmark,eth3d,DepthAnythingV2-vits,100,sf,40.69,46.43,68.3
standard_benchmark,eth3d,DepthAnythingV2-vits,100,calib_shift,71.63,46.43,71.44
standard_benchmark,eth3d,DepthAnythingV2-vits,100,mdecalib_shift,0.0,46.43,
standard_benchmark,eth3d,DepthAnythingV2-vits,100,sf_shift,56.64,46.43,69.79
standard_benchmark,eth3d,DepthAnythingV2-vits,100,calib_ro,29.34,46.43,45.08
standard_benchmark,eth3d,DepthAnythingV2-vits,100,mdecalib_ro,0.0,46.43,
standard_benchmark,eth3d,DepthAnythingV2-vits,100,sf_ro,22.82,46.43,58.71
standard_benchmark,eth3d,DepthAnythingV2-vits,100,calib_shift_ro,50.42,46.43,55.24
standard_benchmark,eth3d,DepthAnythingV2-vits,100,mdecalib_shift_ro,0.0,46.43,
standard_benchmark,eth3d,DepthAnythingV2-vits,100,sf_shift_ro,37.22,46.43,63.75
standard_benchmark,eth3d,DepthAnythingV2-vits,500,calib,62.1,46.43,71.8
standard_benchmark,eth3d,DepthAnythingV2-vits,500,mdecalib,0.0,46.43,
standard_benchmark,eth3d,DepthAnythingV2-vits,500,sf,42.96,46.43,71.04
standard_benchmark,eth3d,DepthAnythingV2-vits,500,calib_shift,73.27,46.43,72.57
standard_benchmark,eth3d,DepthAnythingV2-vits,500,mdecalib_shift,0.0,46.43,
standard_benchmark,eth3d,DepthAnythingV2-vits,500,sf_shift,59.34,46.43,72.1
standard_benchmark,eth3d,DepthAnythingV2-vits,500,calib_ro,29.69,46.43,45.2
standard_benchmark,eth3d,DepthAnythingV2-vits,500,mdecalib_ro,0.0,46.43,
standard_benchmark,eth3d,DepthAnythingV2-vits,500,sf_ro,22.97,46.43,59.25
standard_benchmark,eth3d,DepthAnythingV2-vits,500,calib_shift_ro,50.97,46.43,55.51
standard_benchmark,eth3d,DepthAnythingV2-vits,500,mdecalib_shift_ro,0.0,46.43,
standard_benchmark,eth3d,DepthAnythingV2-vits,500,sf_shift_ro,37.7,46.43,64.46
standard_benchmark,eth3d,DepthAnythingV2-vits,1000,calib,63.44,46.43,72.76
standard_benchmark,eth3d,DepthAnythingV2-vits,1000,mdecalib,0.0,46.43,
standard_benchmark,eth3d,DepthAnythingV2-vits,1000,sf,43.92,46.43,71.83
standard_benchmark,eth3d,DepthAnythingV2-vits,1000,calib_shift,73.61,46.43,72.82
standard_benchmark,eth3d,DepthAnythingV2-vits,1000,mdecalib_shift,0.0,46.43,
standard_benchmark,eth3d,DepthAnythingV2-vits,1000,sf_shift,60.11,46.43,72.67
standard_benchmark,eth3d,DepthAnythingV2-vits,1000,calib_ro,29.81,46.43,45.16
standard_benchmark,eth3d,DepthAnythingV2-vits,1000,mdecalib_ro,0.0,46.43,
standard_benchmark,eth3d,DepthAnythingV2-vits,1000,sf_ro,23.05,46.43,59.41
standard_benchmark,eth3d,DepthAnythingV2-vits,1000,calib_shift_ro,51.06,46.43,55.59
standard_benchmark,eth3d,DepthAnythingV2-vits,1000,mdecalib_shift_ro,0.0,46.43,
standard_benchmark,eth3d,DepthAnythingV2-vits,1000,sf_shift_ro,37.85,46.43,64.62
standard_benchmark,eth3d,DepthAnythingV3-DA3METRIC-LARGE,10,calib,69.99,63.5,70.15
standard_benchmark,eth3d,DepthAnythingV3-DA3METRIC-LARGE,10,mdecalib,0.0,63.5,
standard_benchmark,eth3d,DepthAnythingV3-DA3METRIC-LARGE,10,sf,60.07,63.5,68.45
standard_benchmark,eth3d,DepthAnythingV3-DA3METRIC-LARGE,10,calib_shift,68.95,63.5,67.04
standard_benchmark,eth3d,DepthAnythingV3-DA3METRIC-LARGE,10,mdecalib_shift,0.0,63.5,
standard_benchmark,eth3d,DepthAnythingV3-DA3METRIC-LARGE,10,sf_shift,56.3,63.5,61.81
standard_benchmark,eth3d,DepthAnythingV3-DA3METRIC-LARGE,10,calib_ro,60.59,63.5,58.69
standard_benchmark,eth3d,DepthAnythingV3-DA3METRIC-LARGE,10,mdecalib_ro,0.0,63.5,
standard_benchmark,eth3d,DepthAnythingV3-DA3METRIC-LARGE,10,sf_ro,52.52,63.5,67.97
standard_benchmark,eth3d,DepthAnythingV3-DA3METRIC-LARGE,10,calib_shift_ro,61.18,63.5,60.08
standard_benchmark,eth3d,DepthAnythingV3-DA3METRIC-LARGE,10,mdecalib_shift_ro,0.0,63.5,
standard_benchmark,eth3d,DepthAnythingV3-DA3METRIC-LARGE,10,sf_shift_ro,49.57,63.5,65.48
standard_benchmark,eth3d,DepthAnythingV3-DA3METRIC-LARGE,100,calib,73.33,63.5,73.08
standard_benchmark,eth3d,DepthAnythingV3-DA3METRIC-LARGE,100,mdecalib,0.0,63.5,
standard_benchmark,eth3d,DepthAnythingV3-DA3METRIC-LARGE,100,sf,64.61,63.5,73.11
standard_benchmark,eth3d,DepthAnythingV3-DA3METRIC-LARGE,100,calib_shift,73.91,63.5,71.78
standard_benchmark,eth3d,DepthAnythingV3-DA3METRIC-LARGE,100,mdecalib_shift,0.0,63.5,
standard_benchmark,eth3d,DepthAnythingV3-DA3METRIC-LARGE,100,sf_shift,63.6,63.5,70.8
standard_benchmark,eth3d,DepthAnythingV3-DA3METRIC-LARGE,100,calib_ro,61.79,63.5,59.42
standard_benchmark,eth3d,DepthAnythingV3-DA3METRIC-LARGE,100,mdecalib_ro,0.0,63.5,
standard_benchmark,eth3d,DepthAnythingV3-DA3METRIC-LARGE,100,sf_ro,53.4,63.5,69.22
standard_benchmark,eth3d,DepthAnythingV3-DA3METRIC-LARGE,100,calib_shift_ro,63.28,63.5,61.8
standard_benchmark,eth3d,DepthAnythingV3-DA3METRIC-LARGE,100,mdecalib_shift_ro,0.0,63.5,
standard_benchmark,eth3d,DepthAnythingV3-DA3METRIC-LARGE,100,sf_shift_ro,52.9,63.5,69.73
standard_benchmark,eth3d,DepthAnythingV3-DA3METRIC-LARGE,500,calib,74.4,63.5,73.84
standard_benchmark,eth3d,DepthAnythingV3-DA3METRIC-LARGE,500,mdecalib,0.0,63.5,
standard_benchmark,eth3d,DepthAnythingV3-DA3METRIC-LARGE,500,sf,65.88,63.5,74.26
standard_benchmark,eth3d,DepthAnythingV3-DA3METRIC-LARGE,500,calib_shift,75.21,63.5,72.73
standard_benchmark,eth3d,DepthAnythingV3-DA3METRIC-LARGE,500,mdecalib_shift,0.0,63.5,
standard_benchmark,eth3d,DepthAnythingV3-DA3METRIC-LARGE,500,sf_shift,65.63,63.5,72.61
standard_benchmark,eth3d,DepthAnythingV3-DA3METRIC-LARGE,500,calib_ro,61.93,63.5,59.49
standard_benchmark,eth3d,DepthAnythingV3-DA3METRIC-LARGE,500,mdecalib_ro,0.0,63.5,
standard_benchmark,eth3d,DepthAnythingV3-DA3METRIC-LARGE,500,sf_ro,53.68,63.5,69.4
standard_benchmark,eth3d,DepthAnythingV3-DA3METRIC-LARGE,500,calib_shift_ro,63.43,63.5,61.99
standard_benchmark,eth3d,DepthAnythingV3-DA3METRIC-LARGE,500,mdecalib_shift_ro,0.0,63.5,
standard_benchmark,eth3d,DepthAnythingV3-DA3METRIC-LARGE,500,sf_shift_ro,53.41,63.5,70.18
standard_benchmark,eth3d,DepthAnythingV3-DA3METRIC-LARGE,1000,calib,74.66,63.5,74.08
standard_benchmark,eth3d,DepthAnythingV3-DA3METRIC-LARGE,1000,mdecalib,0.0,63.5,
standard_benchmark,eth3d,DepthAnythingV3-DA3METRIC-LARGE,1000,sf,66.24,63.5,74.59
standard_benchmark,eth3d,DepthAnythingV3-DA3METRIC-LARGE,1000,calib_shift,75.54,63.5,72.99
standard_benchmark,eth3d,DepthAnythingV3-DA3METRIC-LARGE,1000,mdecalib_shift,0.0,63.5,
standard_benchmark,eth3d,DepthAnythingV3-DA3METRIC-LARGE,1000,sf_shift,66.12,63.5,73.02
standard_benchmark,eth3d,DepthAnythingV3-DA3METRIC-LARGE,1000,calib_ro,61.91,63.5,59.49
standard_benchmark,eth3d,DepthAnythingV3-DA3METRIC-LARGE,1000,mdecalib_ro,0.0,63.5,
standard_benchmark,eth3d,DepthAnythingV3-DA3METRIC-LARGE,1000,sf_ro,53.68,63.5,69.43
standard_benchmark,eth3d,DepthAnythingV3-DA3METRIC-LARGE,1000,calib_shift_ro,63.54,63.5,62.0
standard_benchmark,eth3d,DepthAnythingV3-DA3METRIC-LARGE,1000,mdecalib_shift_ro,0.0,63.5,
standard_benchmark,eth3d,DepthAnythingV3-DA3METRIC-LARGE,1000,sf_shift_ro,53.36,63.5,70.23
standard_benchmark,eth3d,DepthAnythingV3-DA3MONO-LARGE,10,calib,62.88,61.52,66.95
standard_benchmark,eth3d,DepthAnythingV3-DA3MONO-LARGE,10,mdecalib,0.0,61.52,
standard_benchmark,eth3d,DepthAnythingV3-DA3MONO-LARGE,10,sf,48.8,61.52,66.25
standard_benchmark,eth3d,DepthAnythingV3-DA3MONO-LARGE,10,calib_shift,68.98,61.52,67.63
standard_benchmark,eth3d,DepthAnythingV3-DA3MONO-LARGE,10,mdecalib_shift,0.0,61.52,
standard_benchmark,eth3d,DepthAnythingV3-DA3MONO-LARGE,10,sf_shift,57.63,61.52,62.56
standard_benchmark,eth3d,DepthAnythingV3-DA3MONO-LARGE,10,calib_ro,48.28,61.52,52.54
standard_benchmark,eth3d,DepthAnythingV3-DA3MONO-LARGE,10,mdecalib_ro,0.0,61.52,
standard_benchmark,eth3d,DepthAnythingV3-DA3MONO-LARGE,10,sf_ro,39.46,61.52,63.91
standard_benchmark,eth3d,DepthAnythingV3-DA3MONO-LARGE,10,calib_shift_ro,61.97,61.52,59.98
standard_benchmark,eth3d,DepthAnythingV3-DA3MONO-LARGE,10,mdecalib_shift_ro,0.0,61.52,
standard_benchmark,eth3d,DepthAnythingV3-DA3MONO-LARGE,10,sf_shift_ro,50.39,61.52,65.73
standard_benchmark,eth3d,DepthAnythingV3-DA3MONO-LARGE,100,calib,68.4,61.52,71.71
standard_benchmark,eth3d,DepthAnythingV3-DA3MONO-LARGE,100,mdecalib,0.0,61.52,
standard_benchmark,eth3d,DepthAnythingV3-DA3MONO-LARGE,100,sf,53.63,61.52,72.05
standard_benchmark,eth3d,DepthAnythingV3-DA3MONO-LARGE,100,calib_shift,74.3,61.52,71.92
standard_benchmark,eth3d,DepthAnythingV3-DA3MONO-LARGE,100,mdecalib_shift,0.0,61.52,
standard_benchmark,eth3d,DepthAnythingV3-DA3MONO-LARGE,100,sf_shift,64.82,61.52,71.05
standard_benchmark,eth3d,DepthAnythingV3-DA3MONO-LARGE,100,calib_ro,49.81,61.52,53.41
standard_benchmark,eth3d,DepthAnythingV3-DA3MONO-LARGE,100,mdecalib_ro,0.0,61.52,
standard_benchmark,eth3d,DepthAnythingV3-DA3MONO-LARGE,100,sf_ro,40.34,61.52,65.43
standard_benchmark,eth3d,DepthAnythingV3-DA3MONO-LARGE,100,calib_shift_ro,63.93,61.52,61.73
standard_benchmark,eth3d,DepthAnythingV3-DA3MONO-LARGE,100,mdecalib_shift_ro,0.0,61.52,
standard_benchmark,eth3d,DepthAnythingV3-DA3MONO-LARGE,100,sf_shift_ro,53.85,61.52,69.13
standard_benchmark,eth3d,DepthAnythingV3-DA3MONO-LARGE,500,calib,70.3,61.52,73.33
standard_benchmark,eth3d,DepthAnythingV3-DA3MONO-LARGE,500,mdecalib,0.0,61.52,
standard_benchmark,eth3d,DepthAnythingV3-DA3MONO-LARGE,500,sf,54.99,61.52,73.54
standard_benchmark,eth3d,DepthAnythingV3-DA3MONO-LARGE,500,calib_shift,75.59,61.52,72.76
standard_benchmark,eth3d,DepthAnythingV3-DA3MONO-LARGE,500,mdecalib_shift,0.0,61.52,
standard_benchmark,eth3d,DepthAnythingV3-DA3MONO-LARGE,500,sf_shift,66.63,61.52,72.7
standard_benchmark,eth3d,DepthAnythingV3-DA3MONO-LARGE,500,calib_ro,50.06,61.52,53.48
standard_benchmark,eth3d,DepthAnythingV3-DA3MONO-LARGE,500,mdecalib_ro,0.0,61.52,
standard_benchmark,eth3d,DepthAnythingV3-DA3MONO-LARGE,500,sf_ro,40.59,61.52,65.6
standard_benchmark,eth3d,DepthAnythingV3-DA3MONO-LARGE,500,calib_shift_ro,64.21,61.52,61.85
standard_benchmark,eth3d,DepthAnythingV3-DA3MONO-LARGE,500,mdecalib_shift_ro,0.0,61.52,
standard_benchmark,eth3d,DepthAnythingV3-DA3MONO-LARGE,500,sf_shift_ro,54.47,61.52,69.53
standard_benchmark,eth3d,DepthAnythingV3-DA3MONO-LARGE,1000,calib,70.78,61.52,73.75
standard_benchmark,eth3d,DepthAnythingV3-DA3MONO-LARGE,1000,mdecalib,0.0,61.52,
standard_benchmark,eth3d,DepthAnythingV3-DA3MONO-LARGE,1000,sf,55.4,61.52,73.96
standard_benchmark,eth3d,DepthAnythingV3-DA3MONO-LARGE,1000,calib_shift,75.97,61.52,72.98
standard_benchmark,eth3d,DepthAnythingV3-DA3MONO-LARGE,1000,mdecalib_shift,0.0,61.52,
standard_benchmark,eth3d,DepthAnythingV3-DA3MONO-LARGE,1000,sf_shift,67.32,61.52,73.08
standard_benchmark,eth3d,DepthAnythingV3-DA3MONO-LARGE,1000,calib_ro,50.21,61.52,53.49
standard_benchmark,eth3d,DepthAnythingV3-DA3MONO-LARGE,1000,mdecalib_ro,0.0,61.52,
standard_benchmark,eth3d,DepthAnythingV3-DA3MONO-LARGE,1000,sf_ro,40.53,61.52,65.63
standard_benchmark,eth3d,DepthAnythingV3-DA3MONO-LARGE,1000,calib_shift_ro,64.39,61.52,61.86
standard_benchmark,eth3d,DepthAnythingV3-DA3MONO-LARGE,1000,mdecalib_shift_ro,0.0,61.52,
standard_benchmark,eth3d,DepthAnythingV3-DA3MONO-LARGE,1000,sf_shift_ro,54.68,61.52,69.58
standard_benchmark,eth3d,DepthAnythingV3Calib-DA3METRIC-LARGE,10,calib,69.99,61.53,70.15
standard_benchmark,eth3d,DepthAnythingV3Calib-DA3METRIC-LARGE,10,calib_shift,68.96,61.53,67.04
standard_benchmark,eth3d,DepthAnythingV3Calib-DA3METRIC-LARGE,10,calib_ro,60.59,61.53,58.68
standard_benchmark,eth3d,DepthAnythingV3Calib-DA3METRIC-LARGE,10,calib_shift_ro,61.19,61.53,60.07
standard_benchmark,eth3d,DepthAnythingV3Calib-DA3METRIC-LARGE,100,calib,73.32,61.53,73.08
standard_benchmark,eth3d,DepthAnythingV3Calib-DA3METRIC-LARGE,100,calib_shift,73.91,61.53,71.76
standard_benchmark,eth3d,DepthAnythingV3Calib-DA3METRIC-LARGE,100,calib_ro,61.78,61.53,59.42
standard_benchmark,eth3d,DepthAnythingV3Calib-DA3METRIC-LARGE,100,calib_shift_ro,63.28,61.53,61.81
standard_benchmark,eth3d,DepthAnythingV3Calib-DA3METRIC-LARGE,500,calib,74.4,61.53,73.84
standard_benchmark,eth3d,DepthAnythingV3Calib-DA3METRIC-LARGE,500,calib_shift,75.21,61.53,72.72
standard_benchmark,eth3d,DepthAnythingV3Calib-DA3METRIC-LARGE,500,calib_ro,61.93,61.53,59.49
standard_benchmark,eth3d,DepthAnythingV3Calib-DA3METRIC-LARGE,500,calib_shift_ro,63.43,61.53,61.99
standard_benchmark,eth3d,DepthAnythingV3Calib-DA3METRIC-LARGE,1000,calib,74.66,61.53,74.08
standard_benchmark,eth3d,DepthAnythingV3Calib-DA3METRIC-LARGE,1000,calib_shift,75.55,61.53,72.98
standard_benchmark,eth3d,DepthAnythingV3Calib-DA3METRIC-LARGE,1000,calib_ro,61.91,61.53,59.5
standard_benchmark,eth3d,DepthAnythingV3Calib-DA3METRIC-LARGE,1000,calib_shift_ro,63.54,61.53,62.0
standard_benchmark,eth3d,DepthAnythingV3Calib-DA3MONO-LARGE,10,calib,62.9,61.29,66.97
standard_benchmark,eth3d,DepthAnythingV3Calib-DA3MONO-LARGE,10,calib_shift,68.98,61.29,67.62
standard_benchmark,eth3d,DepthAnythingV3Calib-DA3MONO-LARGE,10,calib_ro,48.24,61.29,52.54
standard_benchmark,eth3d,DepthAnythingV3Calib-DA3MONO-LARGE,10,calib_shift_ro,61.99,61.29,59.99
standard_benchmark,eth3d,DepthAnythingV3Calib-DA3MONO-LARGE,100,calib,68.41,61.29,71.71
standard_benchmark,eth3d,DepthAnythingV3Calib-DA3MONO-LARGE,100,calib_shift,74.28,61.29,71.92
standard_benchmark,eth3d,DepthAnythingV3Calib-DA3MONO-LARGE,100,calib_ro,49.81,61.29,53.41
standard_benchmark,eth3d,DepthAnythingV3Calib-DA3MONO-LARGE,100,calib_shift_ro,63.94,61.29,61.73
standard_benchmark,eth3d,DepthAnythingV3Calib-DA3MONO-LARGE,500,calib,70.28,61.29,73.33
standard_benchmark,eth3d,DepthAnythingV3Calib-DA3MONO-LARGE,500,calib_shift,75.58,61.29,72.77
standard_benchmark,eth3d,DepthAnythingV3Calib-DA3MONO-LARGE,500,calib_ro,50.07,61.29,53.48
standard_benchmark,eth3d,DepthAnythingV3Calib-DA3MONO-LARGE,500,calib_shift_ro,64.24,61.29,61.86
standard_benchmark,eth3d,DepthAnythingV3Calib-DA3MONO-LARGE,1000,calib,70.77,61.29,73.74
standard_benchmark,eth3d,DepthAnythingV3Calib-DA3MONO-LARGE,1000,calib_shift,75.94,61.29,72.98
standard_benchmark,eth3d,DepthAnythingV3Calib-DA3MONO-LARGE,1000,calib_ro,50.22,61.29,53.49
standard_benchmark,eth3d,DepthAnythingV3Calib-DA3MONO-LARGE,1000,calib_shift_ro,64.39,61.29,61.86
standard_benchmark,eth3d,DepthPro-vitl,10,calib,68.7,107.24,69.6
standard_benchmark,eth3d,DepthPro-vitl,10,mdecalib,20.06,107.24,55.55
standard_benchmark,eth3d,DepthPro-vitl,10,sf,57.74,107.24,67.6
standard_benchmark,eth3d,DepthPro-vitl,10,calib_shift,68.47,107.24,66.85
standard_benchmark,eth3d,DepthPro-vitl,10,mdecalib_shift,20.29,107.24,54.46
standard_benchmark,eth3d,DepthPro-vitl,10,sf_shift,54.97,107.24,60.92
standard_benchmark,eth3d,DepthPro-vitl,10,calib_ro,56.59,107.24,55.49
standard_benchmark,eth3d,DepthPro-vitl,10,mdecalib_ro,16.86,107.24,49.02
standard_benchmark,eth3d,DepthPro-vitl,10,sf_ro,46.97,107.24,65.2
standard_benchmark,eth3d,DepthPro-vitl,10,calib_shift_ro,57.28,107.24,57.68
standard_benchmark,eth3d,DepthPro-vitl,10,mdecalib_shift_ro,18.22,107.24,53.41
standard_benchmark,eth3d,DepthPro-vitl,10,sf_shift_ro,45.33,107.24,63.58
standard_benchmark,eth3d,DepthPro-vitl,100,calib,72.5,107.24,73.03
standard_benchmark,eth3d,DepthPro-vitl,100,mdecalib,21.95,107.24,60.42
standard_benchmark,eth3d,DepthPro-vitl,100,sf,62.66,107.24,72.8
standard_benchmark,eth3d,DepthPro-vitl,100,calib_shift,73.61,107.24,71.9
standard_benchmark,eth3d,DepthPro-vitl,100,mdecalib_shift,22.8,107.24,60.35
standard_benchmark,eth3d,DepthPro-vitl,100,sf_shift,62.94,107.24,70.6
standard_benchmark,eth3d,DepthPro-vitl,100,calib_ro,58.12,107.24,56.35
standard_benchmark,eth3d,DepthPro-vitl,100,mdecalib_ro,17.29,107.24,50.21
standard_benchmark,eth3d,DepthPro-vitl,100,sf_ro,48.4,107.24,66.97
standard_benchmark,eth3d,DepthPro-vitl,100,calib_shift_ro,59.8,107.24,59.76
standard_benchmark,eth3d,DepthPro-vitl,100,mdecalib_shift_ro,18.96,107.24,55.81
standard_benchmark,eth3d,DepthPro-vitl,100,sf_shift_ro,48.9,107.24,67.91
standard_benchmark,eth3d,DepthPro-vitl,500,calib,73.46,107.24,73.86
standard_benchmark,eth3d,DepthPro-vitl,500,mdecalib,22.61,107.24,62.17
standard_benchmark,eth3d,DepthPro-vitl,500,sf,63.97,107.24,73.98
standard_benchmark,eth3d,DepthPro-vitl,500,calib_shift,74.99,107.24,72.82
standard_benchmark,eth3d,DepthPro-vitl,500,mdecalib_shift,23.19,107.24,61.84
standard_benchmark,eth3d,DepthPro-vitl,500,sf_shift,64.95,107.24,72.47
standard_benchmark,eth3d,DepthPro-vitl,500,calib_ro,58.33,107.24,56.41
standard_benchmark,eth3d,DepthPro-vitl,500,mdecalib_ro,17.36,107.24,50.34
standard_benchmark,eth3d,DepthPro-vitl,500,sf_ro,48.77,107.24,67.14
standard_benchmark,eth3d,DepthPro-vitl,500,calib_shift_ro,60.34,107.24,59.9
standard_benchmark,eth3d,DepthPro-vitl,500,mdecalib_shift_ro,19.17,107.24,56.02
standard_benchmark,eth3d,DepthPro-vitl,500,sf_shift_ro,49.39,107.24,68.37
standard_benchmark,eth3d,DepthPro-vitl,1000,calib,73.85,107.24,74.09
standard_benchmark,eth3d,DepthPro-vitl,1000,mdecalib,22.72,107.24,62.7
standard_benchmark,eth3d,DepthPro-vitl,1000,sf,64.32,107.24,74.29
standard_benchmark,eth3d,DepthPro-vitl,1000,calib_shift,75.32,107.24,73.05
standard_benchmark,eth3d,DepthPro-vitl,1000,mdecalib_shift,23.29,107.24,62.23
standard_benchmark,eth3d,DepthPro-vitl,1000,sf_shift,65.48,107.24,72.88
standard_benchmark,eth3d,DepthPro-vitl,1000,calib_ro,58.39,107.24,56.41
standard_benchmark,eth3d,DepthPro-vitl,1000,mdecalib_ro,17.38,107.24,50.35
standard_benchmark,eth3d,DepthPro-vitl,1000,sf_ro,48.83,107.24,67.17
standard_benchmark,eth3d,DepthPro-vitl,1000,calib_shift_ro,60.37,107.24,59.92
standard_benchmark,eth3d,DepthPro-vitl,1000,mdecalib_shift_ro,19.21,107.24,56.04
standard_benchmark,eth3d,DepthPro-vitl,1000,sf_shift_ro,49.56,107.24,68.46
standard_benchmark,eth3d,DepthProCalib-vitl,10,calib,68.83,107.01,69.67
standard_benchmark,eth3d,DepthProCalib-vitl,10,calib_shift,68.6,107.01,66.97
standard_benchmark,eth3d,DepthProCalib-vitl,10,calib_ro,56.53,107.01,55.46
standard_benchmark,eth3d,DepthProCalib-vitl,10,calib_shift_ro,57.28,107.01,57.63
standard_benchmark,eth3d,DepthProCalib-vitl,100,calib,72.56,107.01,73.06
standard_benchmark,eth3d,DepthProCalib-vitl,100,calib_shift,73.67,107.01,71.92
standard_benchmark,eth3d,DepthProCalib-vitl,100,calib_ro,58.12,107.01,56.35
standard_benchmark,eth3d,DepthProCalib-vitl,100,calib_shift_ro,59.88,107.01,59.79
standard_benchmark,eth3d,DepthProCalib-vitl,500,calib,73.53,107.01,73.88
standard_benchmark,eth3d,DepthProCalib-vitl,500,calib_shift,74.96,107.01,72.83
standard_benchmark,eth3d,DepthProCalib-vitl,500,calib_ro,58.35,107.01,56.4
standard_benchmark,eth3d,DepthProCalib-vitl,500,calib_shift_ro,60.3,107.01,59.95
standard_benchmark,eth3d,DepthProCalib-vitl,1000,calib,73.89,107.01,74.11
standard_benchmark,eth3d,DepthProCalib-vitl,1000,calib_shift,75.31,107.01,73.06
standard_benchmark,eth3d,DepthProCalib-vitl,1000,calib_ro,58.4,107.01,56.41
standard_benchmark,eth3d,DepthProCalib-vitl,1000,calib_shift_ro,60.31,107.01,59.96
standard_benchmark,eth3d,MapAnything-map-anything,10,calib,69.01,247.31,70.94
standard_benchmark,eth3d,MapAnything-map-anything,10,mdecalib,43.48,247.31,66.34
standard_benchmark,eth3d,MapAnything-map-anything,10,sf,60.7,247.31,69.45
standard_benchmark,eth3d,MapAnything-map-anything,10,calib_shift,67.31,247.31,67.74
standard_benchmark,eth3d,MapAnything-map-anything,10,mdecalib_shift,42.53,247.31,63.78
standard_benchmark,eth3d,MapAnything-map-anything,10,sf_shift,54.35,247.31,62.12
standard_benchmark,eth3d,MapAnything-map-anything,10,calib_ro,62.81,247.31,59.09
standard_benchmark,eth3d,MapAnything-map-anything,10,mdecalib_ro,41.28,247.31,57.66
standard_benchmark,eth3d,MapAnything-map-anything,10,sf_ro,54.7,247.31,68.45
standard_benchmark,eth3d,MapAnything-map-anything,10,calib_shift_ro,62.44,247.31,60.3
standard_benchmark,eth3d,MapAnything-map-anything,10,mdecalib_shift_ro,40.91,247.31,59.17
standard_benchmark,eth3d,MapAnything-map-anything,10,sf_shift_ro,50.66,247.31,65.92
standard_benchmark,eth3d,MapAnything-map-anything,100,calib,73.29,247.31,74.38
standard_benchmark,eth3d,MapAnything-map-anything,100,mdecalib,46.74,247.31,70.17
standard_benchmark,eth3d,MapAnything-map-anything,100,sf,65.52,247.31,74.58
standard_benchmark,eth3d,MapAnything-map-anything,100,calib_shift,73.75,247.31,73.21
standard_benchmark,eth3d,MapAnything-map-anything,100,mdecalib_shift,47.38,247.31,69.42
standard_benchmark,eth3d,MapAnything-map-anything,100,sf_shift,63.77,247.31,72.04
standard_benchmark,eth3d,MapAnything-map-anything,100,calib_ro,64.25,247.31,59.91
standard_benchmark,eth3d,MapAnything-map-anything,100,mdecalib_ro,42.28,247.31,58.58
standard_benchmark,eth3d,MapAnything-map-anything,100,sf_ro,56.4,247.31,70.15
standard_benchmark,eth3d,MapAnything-map-anything,100,calib_shift_ro,64.89,247.31,62.4
standard_benchmark,eth3d,MapAnything-map-anything,100,mdecalib_shift_ro,42.8,247.31,61.38
standard_benchmark,eth3d,MapAnything-map-anything,100,sf_shift_ro,54.89,247.31,70.53
standard_benchmark,eth3d,MapAnything-map-anything,500,calib,74.3,247.31,75.24
standard_benchmark,eth3d,MapAnything-map-anything,500,mdecalib,47.51,247.31,71.33
standard_benchmark,eth3d,MapAnything-map-anything,500,sf,66.42,247.31,75.59
standard_benchmark,eth3d,MapAnything-map-anything,500,calib_shift,74.98,247.31,74.08
standard_benchmark,eth3d,MapAnything-map-anything,500,mdecalib_shift,48.16,247.31,70.52
standard_benchmark,eth3d,MapAnything-map-anything,500,sf_shift,65.95,247.31,73.77
standard_benchmark,eth3d,MapAnything-map-anything,500,calib_ro,64.51,247.31,59.95
standard_benchmark,eth3d,MapAnything-map-anything,500,mdecalib_ro,42.43,247.31,58.67
standard_benchmark,eth3d,MapAnything-map-anything,500,sf_ro,56.57,247.31,70.34
standard_benchmark,eth3d,MapAnything-map-anything,500,calib_shift_ro,65.12,247.31,62.57
standard_benchmark,eth3d,MapAnything-map-anything,500,mdecalib_shift_ro,43.18,247.31,61.6
standard_benchmark,eth3d,MapAnything-map-anything,500,sf_shift_ro,55.34,247.31,71.05
standard_benchmark,eth3d,MapAnything-map-anything,1000,calib,74.64,247.31,75.48
standard_benchmark,eth3d,MapAnything-map-anything,1000,mdecalib,47.88,247.31,71.7
standard_benchmark,eth3d,MapAnything-map-anything,1000,sf,66.84,247.31,75.85
standard_benchmark,eth3d,MapAnything-map-anything,1000,calib_shift,75.32,247.31,74.32
standard_benchmark,eth3d,MapAnything-map-anything,1000,mdecalib_shift,48.33,247.31,70.79
standard_benchmark,eth3d,MapAnything-map-anything,1000,sf_shift,66.65,247.31,74.21
standard_benchmark,eth3d,MapAnything-map-anything,1000,calib_ro,64.53,247.31,59.95
standard_benchmark,eth3d,MapAnything-map-anything,1000,mdecalib_ro,42.45,247.31,58.67
standard_benchmark,eth3d,MapAnything-map-anything,1000,sf_ro,56.54,247.31,70.35
standard_benchmark,eth3d,MapAnything-map-anything,1000,calib_shift_ro,65.15,247.31,62.6
standard_benchmark,eth3d,MapAnything-map-anything,1000,mdecalib_shift_ro,43.21,247.31,61.6
standard_benchmark,eth3d,MapAnything-map-anything,1000,sf_shift_ro,55.45,247.31,71.18
standard_benchmark,eth3d,MapAnythingCalib-map-anything,10,calib,69.16,242.64,71.13
standard_benchmark,eth3d,MapAnythingCalib-map-anything,10,calib_shift,67.18,242.64,67.66
standard_benchmark,eth3d,MapAnythingCalib-map-anything,10,calib_ro,63.5,242.64,59.21
standard_benchmark,eth3d,MapAnythingCalib-map-anything,10,calib_shift_ro,62.68,242.64,60.39
standard_benchmark,eth3d,MapAnythingCalib-map-anything,100,calib,73.5,242.64,74.43
standard_benchmark,eth3d,MapAnythingCalib-map-anything,100,calib_shift,73.51,242.64,73.21
standard_benchmark,eth3d,MapAnythingCalib-map-anything,100,calib_ro,64.97,242.64,60.03
standard_benchmark,eth3d,MapAnythingCalib-map-anything,100,calib_shift_ro,65.14,242.64,62.49
standard_benchmark,eth3d,MapAnythingCalib-map-anything,500,calib,74.53,242.64,75.24
standard_benchmark,eth3d,MapAnythingCalib-map-anything,500,calib_shift,75.05,242.64,74.2
standard_benchmark,eth3d,MapAnythingCalib-map-anything,500,calib_ro,65.19,242.64,60.1
standard_benchmark,eth3d,MapAnythingCalib-map-anything,500,calib_shift_ro,65.53,242.64,62.67
standard_benchmark,eth3d,MapAnythingCalib-map-anything,1000,calib,74.71,242.64,75.47
standard_benchmark,eth3d,MapAnythingCalib-map-anything,1000,calib_shift,75.37,242.64,74.41
standard_benchmark,eth3d,MapAnythingCalib-map-anything,1000,calib_ro,65.28,242.64,60.09
standard_benchmark,eth3d,MapAnythingCalib-map-anything,1000,calib_shift_ro,65.59,242.64,62.68
standard_benchmark,eth3d,Metric3DV2-vit_giant2,10,calib,69.47,647.86,69.67
standard_benchmark,eth3d,Metric3DV2-vit_giant2,10,mdecalib,0.0,647.86,
standard_benchmark,eth3d,Metric3DV2-vit_giant2,10,sf,60.29,647.86,68.54
standard_benchmark,eth3d,Metric3DV2-vit_giant2,10,calib_shift,68.55,647.86,66.98
standard_benchmark,eth3d,Metric3DV2-vit_giant2,10,mdecalib_shift,0.0,647.86,
standard_benchmark,eth3d,Metric3DV2-vit_giant2,10,sf_shift,56.12,647.86,61.34
standard_benchmark,eth3d,Metric3DV2-vit_giant2,10,calib_ro,61.42,647.86,55.42
standard_benchmark,eth3d,Metric3DV2-vit_giant2,10,mdecalib_ro,0.0,647.86,
standard_benchmark,eth3d,Metric3DV2-vit_giant2,10,sf_ro,53.88,647.86,65.79
standard_benchmark,eth3d,Metric3DV2-vit_giant2,10,calib_shift_ro,61.58,647.86,56.99
standard_benchmark,eth3d,Metric3DV2-vit_giant2,10,mdecalib_shift_ro,0.0,647.86,
standard_benchmark,eth3d,Metric3DV2-vit_giant2,10,sf_shift_ro,49.91,647.86,63.05
standard_benchmark,eth3d,Metric3DV2-vit_giant2,100,calib,73.41,647.86,73.15
standard_benchmark,eth3d,Metric3DV2-vit_giant2,100,mdecalib,0.0,647.86,
standard_benchmark,eth3d,Metric3DV2-vit_giant2,100,sf,64.4,647.86,73.08
standard_benchmark,eth3d,Metric3DV2-vit_giant2,100,calib_shift,74.37,647.86,72.05
standard_benchmark,eth3d,Metric3DV2-vit_giant2,100,mdecalib_shift,0.0,647.86,
standard_benchmark,eth3d,Metric3DV2-vit_giant2,100,sf_shift,64.64,647.86,70.79
standard_benchmark,eth3d,Metric3DV2-vit_giant2,100,calib_ro,62.86,647.86,56.06
standard_benchmark,eth3d,Metric3DV2-vit_giant2,100,mdecalib_ro,0.0,647.86,
standard_benchmark,eth3d,Metric3DV2-vit_giant2,100,sf_ro,55.21,647.86,67.17
standard_benchmark,eth3d,Metric3DV2-vit_giant2,100,calib_shift_ro,63.43,647.86,58.86
standard_benchmark,eth3d,Metric3DV2-vit_giant2,100,mdecalib_shift_ro,0.0,647.86,
standard_benchmark,eth3d,Metric3DV2-vit_giant2,100,sf_shift_ro,53.8,647.86,67.61
standard_benchmark,eth3d,Metric3DV2-vit_giant2,500,calib,74.49,647.86,73.95
standard_benchmark,eth3d,Metric3DV2-vit_giant2,500,mdecalib,0.0,647.86,
standard_benchmark,eth3d,Metric3DV2-vit_giant2,500,sf,65.73,647.86,74.2
standard_benchmark,eth3d,Metric3DV2-vit_giant2,500,calib_shift,75.63,647.86,72.91
standard_benchmark,eth3d,Metric3DV2-vit_giant2,500,mdecalib_shift,0.0,647.86,
standard_benchmark,eth3d,Metric3DV2-vit_giant2,500,sf_shift,66.24,647.86,72.52
standard_benchmark,eth3d,Metric3DV2-vit_giant2,500,calib_ro,63.4,647.86,56.1
standard_benchmark,eth3d,Metric3DV2-vit_giant2,500,mdecalib_ro,0.0,647.86,
standard_benchmark,eth3d,Metric3DV2-vit_giant2,500,sf_ro,55.34,647.86,67.35
standard_benchmark,eth3d,Metric3DV2-vit_giant2,500,calib_shift_ro,64.0,647.86,59.02
standard_benchmark,eth3d,Metric3DV2-vit_giant2,500,mdecalib_shift_ro,0.0,647.86,
standard_benchmark,eth3d,Metric3DV2-vit_giant2,500,sf_shift_ro,54.45,647.86,68.16
standard_benchmark,eth3d,Metric3DV2-vit_giant2,1000,calib,74.75,647.86,74.18
standard_benchmark,eth3d,Metric3DV2-vit_giant2,1000,mdecalib,0.0,647.86,
standard_benchmark,eth3d,Metric3DV2-vit_giant2,1000,sf,66.07,647.86,74.5
standard_benchmark,eth3d,Metric3DV2-vit_giant2,1000,calib_shift,75.85,647.86,73.12
standard_benchmark,eth3d,Metric3DV2-vit_giant2,1000,mdecalib_shift,0.0,647.86,
standard_benchmark,eth3d,Metric3DV2-vit_giant2,1000,sf_shift,66.86,647.86,73.0
standard_benchmark,eth3d,Metric3DV2-vit_giant2,1000,calib_ro,63.5,647.86,56.09
standard_benchmark,eth3d,Metric3DV2-vit_giant2,1000,mdecalib_ro,0.0,647.86,
standard_benchmark,eth3d,Metric3DV2-vit_giant2,1000,sf_ro,55.45,647.86,67.37
standard_benchmark,eth3d,Metric3DV2-vit_giant2,1000,calib_shift_ro,64.08,647.86,59.04
standard_benchmark,eth3d,Metric3DV2-vit_giant2,1000,mdecalib_shift_ro,0.0,647.86,
standard_benchmark,eth3d,Metric3DV2-vit_giant2,1000,sf_shift_ro,54.56,647.86,68.26
standard_benchmark,eth3d,Metric3DV2-vit_large,10,calib,69.36,225.1,69.54
standard_benchmark,eth3d,Metric3DV2-vit_large,10,mdecalib,0.0,225.1,
standard_benchmark,eth3d,Metric3DV2-vit_large,10,sf,60.68,225.1,68.39
standard_benchmark,eth3d,Metric3DV2-vit_large,10,calib_shift,68.71,225.1,67.1
standard_benchmark,eth3d,Metric3DV2-vit_large,10,mdecalib_shift,0.0,225.1,
standard_benchmark,eth3d,Metric3DV2-vit_large,10,sf_shift,56.57,225.1,61.26
standard_benchmark,eth3d,Metric3DV2-vit_large,10,calib_ro,60.07,225.1,55.28
standard_benchmark,eth3d,Metric3DV2-vit_large,10,mdecalib_ro,0.0,225.1,
standard_benchmark,eth3d,Metric3DV2-vit_large,10,sf_ro,52.71,225.1,65.63
standard_benchmark,eth3d,Metric3DV2-vit_large,10,calib_shift_ro,61.34,225.1,57.18
standard_benchmark,eth3d,Metric3DV2-vit_large,10,mdecalib_shift_ro,0.0,225.1,
standard_benchmark,eth3d,Metric3DV2-vit_large,10,sf_shift_ro,49.57,225.1,63.48
standard_benchmark,eth3d,Metric3DV2-vit_large,100,calib,73.16,225.1,73.03
standard_benchmark,eth3d,Metric3DV2-vit_large,100,mdecalib,0.0,225.1,
standard_benchmark,eth3d,Metric3DV2-vit_large,100,sf,64.59,225.1,73.06
standard_benchmark,eth3d,Metric3DV2-vit_large,100,calib_shift,74.09,225.1,71.96
standard_benchmark,eth3d,Metric3DV2-vit_large,100,mdecalib_shift,0.0,225.1,
standard_benchmark,eth3d,Metric3DV2-vit_large,100,sf_shift,64.59,225.1,70.93
standard_benchmark,eth3d,Metric3DV2-vit_large,100,calib_ro,61.89,225.1,56.08
standard_benchmark,eth3d,Metric3DV2-vit_large,100,mdecalib_ro,0.0,225.1,
standard_benchmark,eth3d,Metric3DV2-vit_large,100,sf_ro,54.35,225.1,67.18
standard_benchmark,eth3d,Metric3DV2-vit_large,100,calib_shift_ro,63.41,225.1,58.97
standard_benchmark,eth3d,Metric3DV2-vit_large,100,mdecalib_shift_ro,0.0,225.1,
standard_benchmark,eth3d,Metric3DV2-vit_large,100,sf_shift_ro,53.6,225.1,67.7
standard_benchmark,eth3d,Metric3DV2-vit_large,500,calib,74.3,225.1,73.95
standard_benchmark,eth3d,Metric3DV2-vit_large,500,mdecalib,0.0,225.1,
standard_benchmark,eth3d,Metric3DV2-vit_large,500,sf,65.83,225.1,74.24
standard_benchmark,eth3d,Metric3DV2-vit_large,500,calib_shift,75.41,225.1,72.91
standard_benchmark,eth3d,Metric3DV2-vit_large,500,mdecalib_shift,0.0,225.1,
standard_benchmark,eth3d,Metric3DV2-vit_large,500,sf_shift,66.43,225.1,72.66
standard_benchmark,eth3d,Metric3DV2-vit_large,500,calib_ro,62.17,225.1,56.16
standard_benchmark,eth3d,Metric3DV2-vit_large,500,mdecalib_ro,0.0,225.1,
standard_benchmark,eth3d,Metric3DV2-vit_large,500,sf_ro,54.57,225.1,67.35
standard_benchmark,eth3d,Metric3DV2-vit_large,500,calib_shift_ro,63.43,225.1,59.09
standard_benchmark,eth3d,Metric3DV2-vit_large,500,mdecalib_shift_ro,0.0,225.1,
standard_benchmark,eth3d,Metric3DV2-vit_large,500,sf_shift_ro,54.17,225.1,68.2
standard_benchmark,eth3d,Metric3DV2-vit_large,1000,calib,74.56,225.1,74.14
standard_benchmark,eth3d,Metric3DV2-vit_large,1000,mdecalib,0.0,225.1,
standard_benchmark,eth3d,Metric3DV2-vit_large,1000,sf,66.02,225.1,74.56
standard_benchmark,eth3d,Metric3DV2-vit_large,1000,calib_shift,75.7,225.1,73.12
standard_benchmark,eth3d,Metric3DV2-vit_large,1000,mdecalib_shift,0.0,225.1,
standard_benchmark,eth3d,Metric3DV2-vit_large,1000,sf_shift,66.98,225.1,73.09
standard_benchmark,eth3d,Metric3DV2-vit_large,1000,calib_ro,62.26,225.1,56.16
standard_benchmark,eth3d,Metric3DV2-vit_large,1000,mdecalib_ro,0.0,225.1,
standard_benchmark,eth3d,Metric3DV2-vit_large,1000,sf_ro,54.53,225.1,67.39
standard_benchmark,eth3d,Metric3DV2-vit_large,1000,calib_shift_ro,63.68,225.1,59.1
standard_benchmark,eth3d,Metric3DV2-vit_large,1000,mdecalib_shift_ro,0.0,225.1,
standard_benchmark,eth3d,Metric3DV2-vit_large,1000,sf_shift_ro,54.31,225.1,68.32
standard_benchmark,eth3d,Metric3DV2-vit_small,10,calib,67.23,53.88,68.55
standard_benchmark,eth3d,Metric3DV2-vit_small,10,mdecalib,0.0,53.88,
standard_benchmark,eth3d,Metric3DV2-vit_small,10,sf,56.86,53.88,65.9
standard_benchmark,eth3d,Metric3DV2-vit_small,10,calib_shift,65.27,53.88,64.56
standard_benchmark,eth3d,Metric3DV2-vit_small,10,mdecalib_shift,0.0,53.88,
standard_benchmark,eth3d,Metric3DV2-vit_small,10,sf_shift,49.98,53.88,56.61
standard_benchmark,eth3d,Metric3DV2-vit_small,10,calib_ro,53.14,53.88,48.31
standard_benchmark,eth3d,Metric3DV2-vit_small,10,mdecalib_ro,0.0,53.88,
standard_benchmark,eth3d,Metric3DV2-vit_small,10,sf_ro,42.75,53.88,58.71
standard_benchmark,eth3d,Metric3DV2-vit_small,10,calib_shift_ro,52.55,53.88,49.28
standard_benchmark,eth3d,Metric3DV2-vit_small,10,mdecalib_shift_ro,0.0,53.88,
standard_benchmark,eth3d,Metric3DV2-vit_small,10,sf_shift_ro,38.13,53.88,55.45
standard_benchmark,eth3d,Metric3DV2-vit_small,100,calib,71.9,53.88,72.98
standard_benchmark,eth3d,Metric3DV2-vit_small,100,mdecalib,0.0,53.88,
standard_benchmark,eth3d,Metric3DV2-vit_small,100,sf,62.74,53.88,72.57
standard_benchmark,eth3d,Metric3DV2-vit_small,100,calib_shift,72.3,53.88,71.58
standard_benchmark,eth3d,Metric3DV2-vit_small,100,mdecalib_shift,0.0,53.88,
standard_benchmark,eth3d,Metric3DV2-vit_small,100,sf_shift,61.26,53.88,69.77
standard_benchmark,eth3d,Metric3DV2-vit_small,100,calib_ro,55.82,53.88,49.3
standard_benchmark,eth3d,Metric3DV2-vit_small,100,mdecalib_ro,0.0,53.88,
standard_benchmark,eth3d,Metric3DV2-vit_small,100,sf_ro,45.65,53.88,60.89
standard_benchmark,eth3d,Metric3DV2-vit_small,100,calib_shift_ro,57.05,53.88,52.11
standard_benchmark,eth3d,Metric3DV2-vit_small,100,mdecalib_shift_ro,0.0,53.88,
standard_benchmark,eth3d,Metric3DV2-vit_small,100,sf_shift_ro,43.95,53.88,61.5
standard_benchmark,eth3d,Metric3DV2-vit_small,500,calib,73.32,53.88,73.97
standard_benchmark,eth3d,Metric3DV2-vit_small,500,mdecalib,0.0,53.88,
standard_benchmark,eth3d,Metric3DV2-vit_small,500,sf,64.42,53.88,74.12
standard_benchmark,eth3d,Metric3DV2-vit_small,500,calib_shift,74.34,53.88,72.75
standard_benchmark,eth3d,Metric3DV2-vit_small,500,mdecalib_shift,0.0,53.88,
standard_benchmark,eth3d,Metric3DV2-vit_small,500,sf_shift,63.98,53.88,72.19
standard_benchmark,eth3d,Metric3DV2-vit_small,500,calib_ro,56.62,53.88,49.36
standard_benchmark,eth3d,Metric3DV2-vit_small,500,mdecalib_ro,0.0,53.88,
standard_benchmark,eth3d,Metric3DV2-vit_small,500,sf_ro,46.19,53.88,61.19
standard_benchmark,eth3d,Metric3DV2-vit_small,500,calib_shift_ro,57.45,53.88,52.49
standard_benchmark,eth3d,Metric3DV2-vit_small,500,mdecalib_shift_ro,0.0,53.88,
standard_benchmark,eth3d,Metric3DV2-vit_small,500,sf_shift_ro,45.17,53.88,62.41
standard_benchmark,eth3d,Metric3DV2-vit_small,1000,calib,73.62,53.88,74.18
standard_benchmark,eth3d,Metric3DV2-vit_small,1000,mdecalib,0.0,53.88,
standard_benchmark,eth3d,Metric3DV2-vit_small,1000,sf,64.78,53.88,74.48
standard_benchmark,eth3d,Metric3DV2-vit_small,1000,calib_shift,74.7,53.88,73.0
standard_benchmark,eth3d,Metric3DV2-vit_small,1000,mdecalib_shift,0.0,53.88,
standard_benchmark,eth3d,Metric3DV2-vit_small,1000,sf_shift,64.71,53.88,72.69
standard_benchmark,eth3d,Metric3DV2-vit_small,1000,calib_ro,56.7,53.88,49.36
standard_benchmark,eth3d,Metric3DV2-vit_small,1000,mdecalib_ro,0.0,53.88,
standard_benchmark,eth3d,Metric3DV2-vit_small,1000,sf_ro,46.31,53.88,61.27
standard_benchmark,eth3d,Metric3DV2-vit_small,1000,calib_shift_ro,57.53,53.88,52.51
standard_benchmark,eth3d,Metric3DV2-vit_small,1000,mdecalib_shift_ro,0.0,53.88,
standard_benchmark,eth3d,Metric3DV2-vit_small,1000,sf_shift_ro,45.19,53.88,62.58
standard_benchmark,eth3d,Metric3DV2Calib-vit_giant2,10,calib,69.61,645.67,69.71
standard_benchmark,eth3d,Metric3DV2Calib-vit_giant2,10,calib_shift,68.52,645.67,66.92
standard_benchmark,eth3d,Metric3DV2Calib-vit_giant2,10,calib_ro,61.39,645.67,55.43
standard_benchmark,eth3d,Metric3DV2Calib-vit_giant2,10,calib_shift_ro,61.51,645.67,56.95
standard_benchmark,eth3d,Metric3DV2Calib-vit_giant2,100,calib,73.39,645.67,73.16
standard_benchmark,eth3d,Metric3DV2Calib-vit_giant2,100,calib_shift,74.39,645.67,72.04
standard_benchmark,eth3d,Metric3DV2Calib-vit_giant2,100,calib_ro,62.87,645.67,56.08
standard_benchmark,eth3d,Metric3DV2Calib-vit_giant2,100,calib_shift_ro,63.49,645.67,58.85
standard_benchmark,eth3d,Metric3DV2Calib-vit_giant2,500,calib,74.45,645.67,73.93
standard_benchmark,eth3d,Metric3DV2Calib-vit_giant2,500,calib_shift,75.65,645.67,72.91
standard_benchmark,eth3d,Metric3DV2Calib-vit_giant2,500,calib_ro,63.4,645.67,56.08
standard_benchmark,eth3d,Metric3DV2Calib-vit_giant2,500,calib_shift_ro,63.97,645.67,59.01
standard_benchmark,eth3d,Metric3DV2Calib-vit_giant2,1000,calib,74.82,645.67,74.16
standard_benchmark,eth3d,Metric3DV2Calib-vit_giant2,1000,calib_shift,75.82,645.67,73.12
standard_benchmark,eth3d,Metric3DV2Calib-vit_giant2,1000,calib_ro,63.5,645.67,56.09
standard_benchmark,eth3d,Metric3DV2Calib-vit_giant2,1000,calib_shift_ro,64.09,645.67,59.04
standard_benchmark,eth3d,Metric3DV2Calib-vit_large,10,calib,69.37,221.13,69.57
standard_benchmark,eth3d,Metric3DV2Calib-vit_large,10,calib_shift,68.54,221.13,67.02
standard_benchmark,eth3d,Metric3DV2Calib-vit_large,10,calib_ro,60.15,221.13,55.28
standard_benchmark,eth3d,Metric3DV2Calib-vit_large,10,calib_shift_ro,61.4,221.13,57.15
standard_benchmark,eth3d,Metric3DV2Calib-vit_large,100,calib,73.28,221.13,73.08
standard_benchmark,eth3d,Metric3DV2Calib-vit_large,100,calib_shift,73.98,221.13,71.95
standard_benchmark,eth3d,Metric3DV2Calib-vit_large,100,calib_ro,61.85,221.13,56.1
standard_benchmark,eth3d,Metric3DV2Calib-vit_large,100,calib_shift_ro,63.4,221.13,58.95
standard_benchmark,eth3d,Metric3DV2Calib-vit_large,500,calib,74.31,221.13,73.97
standard_benchmark,eth3d,Metric3DV2Calib-vit_large,500,calib_shift,75.26,221.13,72.87
standard_benchmark,eth3d,Metric3DV2Calib-vit_large,500,calib_ro,62.21,221.13,56.17
standard_benchmark,eth3d,Metric3DV2Calib-vit_large,500,calib_shift_ro,63.54,221.13,59.08
standard_benchmark,eth3d,Metric3DV2Calib-vit_large,1000,calib,74.57,221.13,74.16
standard_benchmark,eth3d,Metric3DV2Calib-vit_large,1000,calib_shift,75.72,221.13,73.09
standard_benchmark,eth3d,Metric3DV2Calib-vit_large,1000,calib_ro,62.34,221.13,56.16
standard_benchmark,eth3d,Metric3DV2Calib-vit_large,1000,calib_shift_ro,63.7,221.13,59.09
standard_benchmark,eth3d,Metric3DV2Calib-vit_small,10,calib,67.37,48.7,68.54
standard_benchmark,eth3d,Metric3DV2Calib-vit_small,10,calib_shift,65.31,48.7,64.49
standard_benchmark,eth3d,Metric3DV2Calib-vit_small,10,calib_ro,53.18,48.7,48.31
standard_benchmark,eth3d,Metric3DV2Calib-vit_small,10,calib_shift_ro,52.51,48.7,49.26
standard_benchmark,eth3d,Metric3DV2Calib-vit_small,100,calib,72.06,48.7,72.97
standard_benchmark,eth3d,Metric3DV2Calib-vit_small,100,calib_shift,72.35,48.7,71.51
standard_benchmark,eth3d,Metric3DV2Calib-vit_small,100,calib_ro,55.84,48.7,49.26
standard_benchmark,eth3d,Metric3DV2Calib-vit_small,100,calib_shift_ro,57.14,48.7,52.15
standard_benchmark,eth3d,Metric3DV2Calib-vit_small,500,calib,73.44,48.7,73.97
standard_benchmark,eth3d,Metric3DV2Calib-vit_small,500,calib_shift,74.28,48.7,72.73
standard_benchmark,eth3d,Metric3DV2Calib-vit_small,500,calib_ro,56.65,48.7,49.36
standard_benchmark,eth3d,Metric3DV2Calib-vit_small,500,calib_shift_ro,57.44,48.7,52.52
standard_benchmark,eth3d,Metric3DV2Calib-vit_small,1000,calib,73.75,48.7,74.18
standard_benchmark,eth3d,Metric3DV2Calib-vit_small,1000,calib_shift,74.73,48.7,73.01
standard_benchmark,eth3d,Metric3DV2Calib-vit_small,1000,calib_ro,56.73,48.7,49.36
standard_benchmark,eth3d,Metric3DV2Calib-vit_small,1000,calib_shift_ro,57.55,48.7,52.57
standard_benchmark,eth3d,MoGeV1-moge-vitl,10,calib,71.92,89.13,70.83
standard_benchmark,eth3d,MoGeV1-moge-vitl,10,mdecalib,46.88,89.13,65.33
standard_benchmark,eth3d,MoGeV1-moge-vitl,10,sf,64.91,89.13,69.97
standard_benchmark,eth3d,MoGeV1-moge-vitl,10,calib_shift,70.66,89.13,67.93
standard_benchmark,eth3d,MoGeV1-moge-vitl,10,mdecalib_shift,46.86,89.13,63.55
standard_benchmark,eth3d,MoGeV1-moge-vitl,10,sf_shift,61.2,89.13,63.99
standard_benchmark,eth3d,MoGeV1-moge-vitl,10,calib_ro,67.59,89.13,63.15
standard_benchmark,eth3d,MoGeV1-moge-vitl,10,mdecalib_ro,45.5,89.13,61.26
standard_benchmark,eth3d,MoGeV1-moge-vitl,10,sf_ro,60.57,89.13,71.64
standard_benchmark,eth3d,MoGeV1-moge-vitl,10,calib_shift_ro,66.6,89.13,64.24
standard_benchmark,eth3d,MoGeV1-moge-vitl,10,mdecalib_shift_ro,46.22,89.13,63.01
standard_benchmark,eth3d,MoGeV1-moge-vitl,10,sf_shift_ro,57.91,89.13,69.69
standard_benchmark,eth3d,MoGeV1-moge-vitl,100,calib,74.88,89.13,73.44
standard_benchmark,eth3d,MoGeV1-moge-vitl,100,mdecalib,49.43,89.13,68.47
standard_benchmark,eth3d,MoGeV1-moge-vitl,100,sf,68.77,89.13,73.66
standard_benchmark,eth3d,MoGeV1-moge-vitl,100,calib_shift,75.18,89.13,72.07
standard_benchmark,eth3d,MoGeV1-moge-vitl,100,mdecalib_shift,50.18,89.13,67.87
standard_benchmark,eth3d,MoGeV1-moge-vitl,100,sf_shift,67.35,89.13,71.49
standard_benchmark,eth3d,MoGeV1-moge-vitl,100,calib_ro,68.66,89.13,63.7
standard_benchmark,eth3d,MoGeV1-moge-vitl,100,mdecalib_ro,46.34,89.13,61.92
standard_benchmark,eth3d,MoGeV1-moge-vitl,100,sf_ro,61.82,89.13,72.5
standard_benchmark,eth3d,MoGeV1-moge-vitl,100,calib_shift_ro,68.32,89.13,65.76
standard_benchmark,eth3d,MoGeV1-moge-vitl,100,mdecalib_shift_ro,47.34,89.13,64.58
standard_benchmark,eth3d,MoGeV1-moge-vitl,100,sf_shift_ro,60.44,89.13,72.91
standard_benchmark,eth3d,MoGeV1-moge-vitl,500,calib,75.7,89.13,74.07
standard_benchmark,eth3d,MoGeV1-moge-vitl,500,mdecalib,50.19,89.13,69.53
standard_benchmark,eth3d,MoGeV1-moge-vitl,500,sf,69.81,89.13,74.52
standard_benchmark,eth3d,MoGeV1-moge-vitl,500,calib_shift,76.32,89.13,72.82
standard_benchmark,eth3d,MoGeV1-moge-vitl,500,mdecalib_shift,50.98,89.13,68.82
standard_benchmark,eth3d,MoGeV1-moge-vitl,500,sf_shift,69.09,89.13,72.89
standard_benchmark,eth3d,MoGeV1-moge-vitl,500,calib_ro,69.0,89.13,63.79
standard_benchmark,eth3d,MoGeV1-moge-vitl,500,mdecalib_ro,46.6,89.13,62.01
standard_benchmark,eth3d,MoGeV1-moge-vitl,500,sf_ro,62.0,89.13,72.62
standard_benchmark,eth3d,MoGeV1-moge-vitl,500,calib_shift_ro,68.6,89.13,65.86
standard_benchmark,eth3d,MoGeV1-moge-vitl,500,mdecalib_shift_ro,47.57,89.13,64.64
standard_benchmark,eth3d,MoGeV1-moge-vitl,500,sf_shift_ro,60.84,89.13,73.24
standard_benchmark,eth3d,MoGeV1-moge-vitl,1000,calib,75.93,89.13,74.26
standard_benchmark,eth3d,MoGeV1-moge-vitl,1000,mdecalib,50.46,89.13,69.85
standard_benchmark,eth3d,MoGeV1-moge-vitl,1000,sf,69.84,89.13,74.76
standard_benchmark,eth3d,MoGeV1-moge-vitl,1000,calib_shift,76.49,89.13,73.02
standard_benchmark,eth3d,MoGeV1-moge-vitl,1000,mdecalib_shift,51.15,89.13,69.07
standard_benchmark,eth3d,MoGeV1-moge-vitl,1000,sf_shift,69.4,89.13,73.24
standard_benchmark,eth3d,MoGeV1-moge-vitl,1000,calib_ro,69.06,89.13,63.8
standard_benchmark,eth3d,MoGeV1-moge-vitl,1000,mdecalib_ro,46.58,89.13,62.03
standard_benchmark,eth3d,MoGeV1-moge-vitl,1000,sf_ro,62.01,89.13,72.64
standard_benchmark,eth3d,MoGeV1-moge-vitl,1000,calib_shift_ro,68.57,89.13,65.87
standard_benchmark,eth3d,MoGeV1-moge-vitl,1000,mdecalib_shift_ro,47.58,89.13,64.65
standard_benchmark,eth3d,MoGeV1-moge-vitl,1000,sf_shift_ro,60.97,89.13,73.28
standard_benchmark,eth3d,MoGeV1Calib-moge-vitl,10,calib,71.72,87.88,70.71
standard_benchmark,eth3d,MoGeV1Calib-moge-vitl,10,calib_shift,70.66,87.88,67.95
standard_benchmark,eth3d,MoGeV1Calib-moge-vitl,10,calib_ro,67.43,87.88,62.72
standard_benchmark,eth3d,MoGeV1Calib-moge-vitl,10,calib_shift_ro,66.57,87.88,64.2
standard_benchmark,eth3d,MoGeV1Calib-moge-vitl,100,calib,74.76,87.88,73.34
standard_benchmark,eth3d,MoGeV1Calib-moge-vitl,100,calib_shift,75.23,87.88,72.07
standard_benchmark,eth3d,MoGeV1Calib-moge-vitl,100,calib_ro,68.54,87.88,63.31
standard_benchmark,eth3d,MoGeV1Calib-moge-vitl,100,calib_shift_ro,68.31,87.88,65.74
standard_benchmark,eth3d,MoGeV1Calib-moge-vitl,500,calib,75.52,87.88,73.99
standard_benchmark,eth3d,MoGeV1Calib-moge-vitl,500,calib_shift,76.24,87.88,72.83
standard_benchmark,eth3d,MoGeV1Calib-moge-vitl,500,calib_ro,68.76,87.88,63.4
standard_benchmark,eth3d,MoGeV1Calib-moge-vitl,500,calib_shift_ro,68.58,87.88,65.82
standard_benchmark,eth3d,MoGeV1Calib-moge-vitl,1000,calib,75.8,87.88,74.2
standard_benchmark,eth3d,MoGeV1Calib-moge-vitl,1000,calib_shift,76.45,87.88,73.05
standard_benchmark,eth3d,MoGeV1Calib-moge-vitl,1000,calib_ro,68.85,87.88,63.4
standard_benchmark,eth3d,MoGeV1Calib-moge-vitl,1000,calib_shift_ro,68.58,87.88,65.84
standard_benchmark,eth3d,MoGeV2-moge-2-vitl,10,calib,71.69,64.93,70.84
standard_benchmark,eth3d,MoGeV2-moge-2-vitl,10,mdecalib,46.76,64.93,65.25
standard_benchmark,eth3d,MoGeV2-moge-2-vitl,10,sf,64.46,64.93,69.78
standard_benchmark,eth3d,MoGeV2-moge-2-vitl,10,calib_shift,70.64,64.93,68.13
standard_benchmark,eth3d,MoGeV2-moge-2-vitl,10,mdecalib_shift,45.93,64.93,63.46
standard_benchmark,eth3d,MoGeV2-moge-2-vitl,10,sf_shift,60.63,64.93,63.37
standard_benchmark,eth3d,MoGeV2-moge-2-vitl,10,calib_ro,67.7,64.93,62.5
standard_benchmark,eth3d,MoGeV2-moge-2-vitl,10,mdecalib_ro,45.46,64.93,60.6
standard_benchmark,eth3d,MoGeV2-moge-2-vitl,10,sf_ro,59.65,64.93,70.97
standard_benchmark,eth3d,MoGeV2-moge-2-vitl,10,calib_shift_ro,67.33,64.93,63.83
standard_benchmark,eth3d,MoGeV2-moge-2-vitl,10,mdecalib_shift_ro,45.47,64.93,62.67
standard_benchmark,eth3d,MoGeV2-moge-2-vitl,10,sf_shift_ro,57.03,64.93,69.02
standard_benchmark,eth3d,MoGeV2-moge-2-vitl,100,calib,74.89,64.93,73.47
standard_benchmark,eth3d,MoGeV2-moge-2-vitl,100,mdecalib,49.32,64.93,68.4
standard_benchmark,eth3d,MoGeV2-moge-2-vitl,100,sf,68.31,64.93,73.6
standard_benchmark,eth3d,MoGeV2-moge-2-vitl,100,calib_shift,75.27,64.93,72.25
standard_benchmark,eth3d,MoGeV2-moge-2-vitl,100,mdecalib_shift,49.52,64.93,67.87
standard_benchmark,eth3d,MoGeV2-moge-2-vitl,100,sf_shift,67.45,64.93,71.4
standard_benchmark,eth3d,MoGeV2-moge-2-vitl,100,calib_ro,68.61,64.93,63.17
standard_benchmark,eth3d,MoGeV2-moge-2-vitl,100,mdecalib_ro,46.43,64.93,61.35
standard_benchmark,eth3d,MoGeV2-moge-2-vitl,100,sf_ro,60.98,64.93,72.11
standard_benchmark,eth3d,MoGeV2-moge-2-vitl,100,calib_shift_ro,68.84,64.93,65.29
standard_benchmark,eth3d,MoGeV2-moge-2-vitl,100,mdecalib_shift_ro,46.76,64.93,64.13
standard_benchmark,eth3d,MoGeV2-moge-2-vitl,100,sf_shift_ro,60.43,64.93,72.42
standard_benchmark,eth3d,MoGeV2-moge-2-vitl,500,calib,75.65,64.93,74.14
standard_benchmark,eth3d,MoGeV2-moge-2-vitl,500,mdecalib,50.13,64.93,69.58
standard_benchmark,eth3d,MoGeV2-moge-2-vitl,500,sf,69.29,64.93,74.55
standard_benchmark,eth3d,MoGeV2-moge-2-vitl,500,calib_shift,76.32,64.93,72.94
standard_benchmark,eth3d,MoGeV2-moge-2-vitl,500,mdecalib_shift,50.24,64.93,68.8
standard_benchmark,eth3d,MoGeV2-moge-2-vitl,500,sf_shift,68.89,64.93,72.86
standard_benchmark,eth3d,MoGeV2-moge-2-vitl,500,calib_ro,68.73,64.93,63.21
standard_benchmark,eth3d,MoGeV2-moge-2-vitl,500,mdecalib_ro,46.55,64.93,61.39
standard_benchmark,eth3d,MoGeV2-moge-2-vitl,500,sf_ro,61.18,64.93,72.23
standard_benchmark,eth3d,MoGeV2-moge-2-vitl,500,calib_shift_ro,69.11,64.93,65.4
standard_benchmark,eth3d,MoGeV2-moge-2-vitl,500,mdecalib_shift_ro,47.01,64.93,64.23
standard_benchmark,eth3d,MoGeV2-moge-2-vitl,500,sf_shift_ro,61.08,64.93,72.8
standard_benchmark,eth3d,MoGeV2-moge-2-vitl,1000,calib,75.77,64.93,74.31
standard_benchmark,eth3d,MoGeV2-moge-2-vitl,1000,mdecalib,50.36,64.93,69.88
standard_benchmark,eth3d,MoGeV2-moge-2-vitl,1000,sf,69.49,64.93,74.8
standard_benchmark,eth3d,MoGeV2-moge-2-vitl,1000,calib_shift,76.59,64.93,73.17
standard_benchmark,eth3d,MoGeV2-moge-2-vitl,1000,mdecalib_shift,50.47,64.93,69.05
standard_benchmark,eth3d,MoGeV2-moge-2-vitl,1000,sf_shift,69.37,64.93,73.22
standard_benchmark,eth3d,MoGeV2-moge-2-vitl,1000,calib_ro,68.8,64.93,63.22
standard_benchmark,eth3d,MoGeV2-moge-2-vitl,1000,mdecalib_ro,46.59,64.93,61.39
standard_benchmark,eth3d,MoGeV2-moge-2-vitl,1000,sf_ro,61.21,64.93,72.24
standard_benchmark,eth3d,MoGeV2-moge-2-vitl,1000,calib_shift_ro,69.13,64.93,65.42
standard_benchmark,eth3d,MoGeV2-moge-2-vitl,1000,mdecalib_shift_ro,47.0,64.93,64.27
standard_benchmark,eth3d,MoGeV2-moge-2-vitl,1000,sf_shift_ro,61.03,64.93,72.88
standard_benchmark,eth3d,MoGeV2Calib-moge-2-vitl,10,calib,71.72,64.32,70.78
standard_benchmark,eth3d,MoGeV2Calib-moge-2-vitl,10,calib_shift,70.56,64.32,68.08
standard_benchmark,eth3d,MoGeV2Calib-moge-2-vitl,10,calib_ro,67.01,64.32,61.87
standard_benchmark,eth3d,MoGeV2Calib-moge-2-vitl,10,calib_shift_ro,67.3,64.32,63.84
standard_benchmark,eth3d,MoGeV2Calib-moge-2-vitl,100,calib,74.75,64.32,73.43
standard_benchmark,eth3d,MoGeV2Calib-moge-2-vitl,100,calib_shift,75.17,64.32,72.24
standard_benchmark,eth3d,MoGeV2Calib-moge-2-vitl,100,calib_ro,68.3,64.32,62.59
standard_benchmark,eth3d,MoGeV2Calib-moge-2-vitl,100,calib_shift_ro,68.78,64.32,65.29
standard_benchmark,eth3d,MoGeV2Calib-moge-2-vitl,500,calib,75.57,64.32,74.21
standard_benchmark,eth3d,MoGeV2Calib-moge-2-vitl,500,calib_shift,76.18,64.32,72.94
standard_benchmark,eth3d,MoGeV2Calib-moge-2-vitl,500,calib_ro,68.44,64.32,62.62
standard_benchmark,eth3d,MoGeV2Calib-moge-2-vitl,500,calib_shift_ro,69.11,64.32,65.42
standard_benchmark,eth3d,MoGeV2Calib-moge-2-vitl,1000,calib,75.72,64.32,74.38
standard_benchmark,eth3d,MoGeV2Calib-moge-2-vitl,1000,calib_shift,76.58,64.32,73.19
standard_benchmark,eth3d,MoGeV2Calib-moge-2-vitl,1000,calib_ro,68.51,64.32,62.62
standard_benchmark,eth3d,MoGeV2Calib-moge-2-vitl,1000,calib_shift_ro,69.13,64.32,65.43
standard_benchmark,eth3d,Pi3-Pi3X,10,calib,72.16,134.75,70.93
standard_benchmark,eth3d,Pi3-Pi3X,10,mdecalib,47.19,134.75,65.32
standard_benchmark,eth3d,Pi3-Pi3X,10,sf,66.45,134.75,69.7
standard_benchmark,eth3d,Pi3-Pi3X,10,calib_shift,70.74,134.75,67.78
standard_benchmark,eth3d,Pi3-Pi3X,10,mdecalib_shift,46.76,134.75,63.32
standard_benchmark,eth3d,Pi3-Pi3X,10,sf_shift,62.01,134.75,63.88
standard_benchmark,eth3d,Pi3-Pi3X,10,calib_ro,68.81,134.75,64.26
standard_benchmark,eth3d,Pi3-Pi3X,10,mdecalib_ro,46.12,134.75,61.82
standard_benchmark,eth3d,Pi3-Pi3X,10,sf_ro,62.49,134.75,71.64
standard_benchmark,eth3d,Pi3-Pi3X,10,calib_shift_ro,67.42,134.75,64.94
standard_benchmark,eth3d,Pi3-Pi3X,10,mdecalib_shift_ro,46.25,134.75,63.41
standard_benchmark,eth3d,Pi3-Pi3X,10,sf_shift_ro,59.36,134.75,69.88
standard_benchmark,eth3d,Pi3-Pi3X,100,calib,75.08,134.75,73.41
standard_benchmark,eth3d,Pi3-Pi3X,100,mdecalib,49.77,134.75,68.6
standard_benchmark,eth3d,Pi3-Pi3X,100,sf,69.88,134.75,73.56
standard_benchmark,eth3d,Pi3-Pi3X,100,calib_shift,75.34,134.75,71.98
standard_benchmark,eth3d,Pi3-Pi3X,100,mdecalib_shift,50.35,134.75,67.79
standard_benchmark,eth3d,Pi3-Pi3X,100,sf_shift,68.58,134.75,71.32
standard_benchmark,eth3d,Pi3-Pi3X,100,calib_ro,69.64,134.75,64.93
standard_benchmark,eth3d,Pi3-Pi3X,100,mdecalib_ro,46.9,134.75,62.54
standard_benchmark,eth3d,Pi3-Pi3X,100,sf_ro,63.8,134.75,72.78
standard_benchmark,eth3d,Pi3-Pi3X,100,calib_shift_ro,68.95,134.75,66.53
standard_benchmark,eth3d,Pi3-Pi3X,100,mdecalib_shift_ro,47.34,134.75,64.94
standard_benchmark,eth3d,Pi3-Pi3X,100,sf_shift_ro,62.45,134.75,72.96
standard_benchmark,eth3d,Pi3-Pi3X,500,calib,75.9,134.75,74.1
standard_benchmark,eth3d,Pi3-Pi3X,500,mdecalib,50.51,134.75,69.76
standard_benchmark,eth3d,Pi3-Pi3X,500,sf,71.0,134.75,74.44
standard_benchmark,eth3d,Pi3-Pi3X,500,calib_shift,76.35,134.75,72.79
standard_benchmark,eth3d,Pi3-Pi3X,500,mdecalib_shift,50.97,134.75,68.77
standard_benchmark,eth3d,Pi3-Pi3X,500,sf_shift,69.78,134.75,72.69
standard_benchmark,eth3d,Pi3-Pi3X,500,calib_ro,69.78,134.75,64.98
standard_benchmark,eth3d,Pi3-Pi3X,500,mdecalib_ro,46.95,134.75,62.6
standard_benchmark,eth3d,Pi3-Pi3X,500,sf_ro,63.99,134.75,72.91
standard_benchmark,eth3d,Pi3-Pi3X,500,calib_shift_ro,69.12,134.75,66.61
standard_benchmark,eth3d,Pi3-Pi3X,500,mdecalib_shift_ro,47.48,134.75,65.07
standard_benchmark,eth3d,Pi3-Pi3X,500,sf_shift_ro,62.85,134.75,73.27
standard_benchmark,eth3d,Pi3-Pi3X,1000,calib,76.24,134.75,74.3
standard_benchmark,eth3d,Pi3-Pi3X,1000,mdecalib,50.75,134.75,70.12
standard_benchmark,eth3d,Pi3-Pi3X,1000,sf,71.13,134.75,74.65
standard_benchmark,eth3d,Pi3-Pi3X,1000,calib_shift,76.49,134.75,73.01
standard_benchmark,eth3d,Pi3-Pi3X,1000,mdecalib_shift,51.14,134.75,69.05
standard_benchmark,eth3d,Pi3-Pi3X,1000,sf_shift,70.09,134.75,73.02
standard_benchmark,eth3d,Pi3-Pi3X,1000,calib_ro,69.88,134.75,65.0
standard_benchmark,eth3d,Pi3-Pi3X,1000,mdecalib_ro,47.0,134.75,62.62
standard_benchmark,eth3d,Pi3-Pi3X,1000,sf_ro,64.01,134.75,72.92
standard_benchmark,eth3d,Pi3-Pi3X,1000,calib_shift_ro,69.17,134.75,66.62
standard_benchmark,eth3d,Pi3-Pi3X,1000,mdecalib_shift_ro,47.52,134.75,65.09
standard_benchmark,eth3d,Pi3-Pi3X,1000,sf_shift_ro,63.02,134.75,73.33
standard_benchmark,eth3d,Pi3Calib-Pi3X,10,calib,72.17,134.28,70.89
standard_benchmark,eth3d,Pi3Calib-Pi3X,10,calib_shift,70.63,134.28,67.82
standard_benchmark,eth3d,Pi3Calib-Pi3X,10,calib_ro,68.84,134.28,64.5
standard_benchmark,eth3d,Pi3Calib-Pi3X,10,calib_shift_ro,67.44,134.28,65.11
standard_benchmark,eth3d,Pi3Calib-Pi3X,100,calib,75.32,134.28,73.4
standard_benchmark,eth3d,Pi3Calib-Pi3X,100,calib_shift,75.27,134.28,72.03
standard_benchmark,eth3d,Pi3Calib-Pi3X,100,calib_ro,69.85,134.28,65.12
standard_benchmark,eth3d,Pi3Calib-Pi3X,100,calib_shift_ro,69.27,134.28,66.66
standard_benchmark,eth3d,Pi3Calib-Pi3X,500,calib,76.23,134.28,74.07
standard_benchmark,eth3d,Pi3Calib-Pi3X,500,calib_shift,76.43,134.28,72.87
standard_benchmark,eth3d,Pi3Calib-Pi3X,500,calib_ro,70.02,134.28,65.18
standard_benchmark,eth3d,Pi3Calib-Pi3X,500,calib_shift_ro,69.43,134.28,66.79
standard_benchmark,eth3d,Pi3Calib-Pi3X,1000,calib,76.45,134.28,74.26
standard_benchmark,eth3d,Pi3Calib-Pi3X,1000,calib_shift,76.6,134.28,73.1
standard_benchmark,eth3d,Pi3Calib-Pi3X,1000,calib_ro,70.03,134.28,65.2
standard_benchmark,eth3d,Pi3Calib-Pi3X,1000,calib_shift_ro,69.43,134.28,66.82
standard_benchmark,eth3d,UniDepth1-cnvnxtl,10,calib,65.66,75.98,68.13
standard_benchmark,eth3d,UniDepth1-cnvnxtl,10,mdecalib,7.32,75.98,41.97
standard_benchmark,eth3d,UniDepth1-cnvnxtl,10,sf,53.24,75.98,65.4
standard_benchmark,eth3d,UniDepth1-cnvnxtl,10,calib_shift,65.41,75.98,64.89
standard_benchmark,eth3d,UniDepth1-cnvnxtl,10,mdecalib_shift,8.62,75.98,38.79
standard_benchmark,eth3d,UniDepth1-cnvnxtl,10,sf_shift,48.74,75.98,57.83
standard_benchmark,eth3d,UniDepth1-cnvnxtl,10,calib_ro,47.71,75.98,48.1
standard_benchmark,eth3d,UniDepth1-cnvnxtl,10,mdecalib_ro,5.57,75.98,35.5
standard_benchmark,eth3d,UniDepth1-cnvnxtl,10,sf_ro,38.1,75.98,59.35
standard_benchmark,eth3d,UniDepth1-cnvnxtl,10,calib_shift_ro,50.47,75.98,50.99
standard_benchmark,eth3d,UniDepth1-cnvnxtl,10,mdecalib_shift_ro,8.63,75.98,38.71
standard_benchmark,eth3d,UniDepth1-cnvnxtl,10,sf_shift_ro,36.54,75.98,57.67
standard_benchmark,eth3d,UniDepth1-cnvnxtl,100,calib,70.92,75.98,72.77
standard_benchmark,eth3d,UniDepth1-cnvnxtl,100,mdecalib,7.84,75.98,50.74
standard_benchmark,eth3d,UniDepth1-cnvnxtl,100,sf,58.76,75.98,72.05
standard_benchmark,eth3d,UniDepth1-cnvnxtl,100,calib_shift,71.8,75.98,71.27
standard_benchmark,eth3d,UniDepth1-cnvnxtl,100,mdecalib_shift,9.28,75.98,49.78
standard_benchmark,eth3d,UniDepth1-cnvnxtl,100,sf_shift,58.05,75.98,69.64
standard_benchmark,eth3d,UniDepth1-cnvnxtl,100,calib_ro,50.07,75.98,49.19
standard_benchmark,eth3d,UniDepth1-cnvnxtl,100,mdecalib_ro,5.76,75.98,37.34
standard_benchmark,eth3d,UniDepth1-cnvnxtl,100,sf_ro,40.3,75.98,61.89
standard_benchmark,eth3d,UniDepth1-cnvnxtl,100,calib_shift_ro,53.49,75.98,53.5
standard_benchmark,eth3d,UniDepth1-cnvnxtl,100,mdecalib_shift_ro,9.62,75.98,43.13
standard_benchmark,eth3d,UniDepth1-cnvnxtl,100,sf_shift_ro,40.4,75.98,63.83
standard_benchmark,eth3d,UniDepth1-cnvnxtl,500,calib,72.44,75.98,73.84
standard_benchmark,eth3d,UniDepth1-cnvnxtl,500,mdecalib,7.93,75.98,55.85
standard_benchmark,eth3d,UniDepth1-cnvnxtl,500,sf,60.44,75.98,73.71
standard_benchmark,eth3d,UniDepth1-cnvnxtl,500,calib_shift,73.42,75.98,72.53
standard_benchmark,eth3d,UniDepth1-cnvnxtl,500,mdecalib_shift,8.83,75.98,54.66
standard_benchmark,eth3d,UniDepth1-cnvnxtl,500,sf_shift,60.53,75.98,72.05
standard_benchmark,eth3d,UniDepth1-cnvnxtl,500,calib_ro,50.54,75.98,49.25
standard_benchmark,eth3d,UniDepth1-cnvnxtl,500,mdecalib_ro,5.8,75.98,37.53
standard_benchmark,eth3d,UniDepth1-cnvnxtl,500,sf_ro,40.37,75.98,62.26
standard_benchmark,eth3d,UniDepth1-cnvnxtl,500,calib_shift_ro,54.05,75.98,53.76
standard_benchmark,eth3d,UniDepth1-cnvnxtl,500,mdecalib_shift_ro,9.71,75.98,43.74
standard_benchmark,eth3d,UniDepth1-cnvnxtl,500,sf_shift_ro,41.26,75.98,64.5
standard_benchmark,eth3d,UniDepth1-cnvnxtl,1000,calib,73.0,75.98,74.09
standard_benchmark,eth3d,UniDepth1-cnvnxtl,1000,mdecalib,7.88,75.98,57.77
standard_benchmark,eth3d,UniDepth1-cnvnxtl,1000,sf,60.87,75.98,74.16
standard_benchmark,eth3d,UniDepth1-cnvnxtl,1000,calib_shift,73.95,75.98,72.81
standard_benchmark,eth3d,UniDepth1-cnvnxtl,1000,mdecalib_shift,8.65,75.98,56.33
standard_benchmark,eth3d,UniDepth1-cnvnxtl,1000,sf_shift,61.51,75.98,72.66
standard_benchmark,eth3d,UniDepth1-cnvnxtl,1000,calib_ro,50.57,75.98,49.25
standard_benchmark,eth3d,UniDepth1-cnvnxtl,1000,mdecalib_ro,5.79,75.98,37.52
standard_benchmark,eth3d,UniDepth1-cnvnxtl,1000,sf_ro,40.38,75.98,62.34
standard_benchmark,eth3d,UniDepth1-cnvnxtl,1000,calib_shift_ro,54.14,75.98,53.79
standard_benchmark,eth3d,UniDepth1-cnvnxtl,1000,mdecalib_shift_ro,9.7,75.98,43.8
standard_benchmark,eth3d,UniDepth1-cnvnxtl,1000,sf_shift_ro,41.42,75.98,64.62
standard_benchmark,eth3d,UniDepth1-vitl14,10,calib,68.26,128.43,69.42
standard_benchmark,eth3d,UniDepth1-vitl14,10,mdecalib,9.93,128.43,44.4
standard_benchmark,eth3d,UniDepth1-vitl14,10,sf,57.87,128.43,67.72
standard_benchmark,eth3d,UniDepth1-vitl14,10,calib_shift,67.45,128.43,66.42
standard_benchmark,eth3d,UniDepth1-vitl14,10,mdecalib_shift,10.35,128.43,41.83
standard_benchmark,eth3d,UniDepth1-vitl14,10,sf_shift,53.74,128.43,60.17
standard_benchmark,eth3d,UniDepth1-vitl14,10,calib_ro,55.28,128.43,53.01
standard_benchmark,eth3d,UniDepth1-vitl14,10,mdecalib_ro,7.97,128.43,39.2
standard_benchmark,eth3d,UniDepth1-vitl14,10,sf_ro,45.3,128.43,63.61
standard_benchmark,eth3d,UniDepth1-vitl14,10,calib_shift_ro,55.48,128.43,54.52
standard_benchmark,eth3d,UniDepth1-vitl14,10,mdecalib_shift_ro,10.17,128.43,41.48
standard_benchmark,eth3d,UniDepth1-vitl14,10,sf_shift_ro,41.68,128.43,61.28
standard_benchmark,eth3d,UniDepth1-vitl14,100,calib,72.23,128.43,72.97
standard_benchmark,eth3d,UniDepth1-vitl14,100,mdecalib,10.6,128.43,52.65
standard_benchmark,eth3d,UniDepth1-vitl14,100,sf,62.5,128.43,72.93
standard_benchmark,eth3d,UniDepth1-vitl14,100,calib_shift,73.16,128.43,71.82
standard_benchmark,eth3d,UniDepth1-vitl14,100,mdecalib_shift,11.26,128.43,52.49
standard_benchmark,eth3d,UniDepth1-vitl14,100,sf_shift,62.23,128.43,70.45
standard_benchmark,eth3d,UniDepth1-vitl14,100,calib_ro,56.87,128.43,53.91
standard_benchmark,eth3d,UniDepth1-vitl14,100,mdecalib_ro,7.99,128.43,40.71
standard_benchmark,eth3d,UniDepth1-vitl14,100,sf_ro,47.31,128.43,65.5
standard_benchmark,eth3d,UniDepth1-vitl14,100,calib_shift_ro,58.15,128.43,56.71
standard_benchmark,eth3d,UniDepth1-vitl14,100,mdecalib_shift_ro,10.88,128.43,45.7
standard_benchmark,eth3d,UniDepth1-vitl14,100,sf_shift_ro,45.56,128.43,66.2
standard_benchmark,eth3d,UniDepth1-vitl14,500,calib,73.45,128.43,73.94
standard_benchmark,eth3d,UniDepth1-vitl14,500,mdecalib,10.6,128.43,56.95
standard_benchmark,eth3d,UniDepth1-vitl14,500,sf,63.73,128.43,74.24
standard_benchmark,eth3d,UniDepth1-vitl14,500,calib_shift,74.36,128.43,72.77
standard_benchmark,eth3d,UniDepth1-vitl14,500,mdecalib_shift,11.02,128.43,56.19
standard_benchmark,eth3d,UniDepth1-vitl14,500,sf_shift,64.17,128.43,72.3
standard_benchmark,eth3d,UniDepth1-vitl14,500,calib_ro,57.3,128.43,53.98
standard_benchmark,eth3d,UniDepth1-vitl14,500,mdecalib_ro,8.11,128.43,40.9
standard_benchmark,eth3d,UniDepth1-vitl14,500,sf_ro,47.73,128.43,65.8
standard_benchmark,eth3d,UniDepth1-vitl14,500,calib_shift_ro,58.49,128.43,56.91
standard_benchmark,eth3d,UniDepth1-vitl14,500,mdecalib_shift_ro,10.93,128.43,46.08
standard_benchmark,eth3d,UniDepth1-vitl14,500,sf_shift_ro,46.23,128.43,66.75
standard_benchmark,eth3d,UniDepth1-vitl14,1000,calib,73.77,128.43,74.18
standard_benchmark,eth3d,UniDepth1-vitl14,1000,mdecalib,10.55,128.43,58.46
standard_benchmark,eth3d,UniDepth1-vitl14,1000,sf,64.17,128.43,74.58
standard_benchmark,eth3d,UniDepth1-vitl14,1000,calib_shift,74.8,128.43,73.03
standard_benchmark,eth3d,UniDepth1-vitl14,1000,mdecalib_shift,10.91,128.43,57.54
standard_benchmark,eth3d,UniDepth1-vitl14,1000,sf_shift,64.76,128.43,72.83
standard_benchmark,eth3d,UniDepth1-vitl14,1000,calib_ro,57.47,128.43,53.99
standard_benchmark,eth3d,UniDepth1-vitl14,1000,mdecalib_ro,8.13,128.43,40.92
standard_benchmark,eth3d,UniDepth1-vitl14,1000,sf_ro,47.66,128.43,65.83
standard_benchmark,eth3d,UniDepth1-vitl14,1000,calib_shift_ro,58.63,128.43,56.95
standard_benchmark,eth3d,UniDepth1-vitl14,1000,mdecalib_shift_ro,10.94,128.43,46.16
standard_benchmark,eth3d,UniDepth1-vitl14,1000,sf_shift_ro,46.3,128.43,66.87
standard_benchmark,eth3d,UniDepth1Calib-cnvnxtl,10,calib,64.63,75.58,67.91
standard_benchmark,eth3d,UniDepth1Calib-cnvnxtl,10,calib_shift,64.94,75.58,64.57
standard_benchmark,eth3d,UniDepth1Calib-cnvnxtl,10,calib_ro,45.83,75.58,46.95
standard_benchmark,eth3d,UniDepth1Calib-cnvnxtl,10,calib_shift_ro,49.16,75.58,50.32
standard_benchmark,eth3d,UniDepth1Calib-cnvnxtl,100,calib,70.08,75.58,72.57
standard_benchmark,eth3d,UniDepth1Calib-cnvnxtl,100,calib_shift,71.67,75.58,71.27
standard_benchmark,eth3d,UniDepth1Calib-cnvnxtl,100,calib_ro,47.77,75.58,48.04
standard_benchmark,eth3d,UniDepth1Calib-cnvnxtl,100,calib_shift_ro,52.52,75.58,52.95
standard_benchmark,eth3d,UniDepth1Calib-cnvnxtl,500,calib,72.11,75.58,73.74
standard_benchmark,eth3d,UniDepth1Calib-cnvnxtl,500,calib_shift,73.66,75.58,72.59
standard_benchmark,eth3d,UniDepth1Calib-cnvnxtl,500,calib_ro,48.3,75.58,48.12
standard_benchmark,eth3d,UniDepth1Calib-cnvnxtl,500,calib_shift_ro,53.13,75.58,53.29
standard_benchmark,eth3d,UniDepth1Calib-cnvnxtl,1000,calib,72.4,75.58,74.0
standard_benchmark,eth3d,UniDepth1Calib-cnvnxtl,1000,calib_shift,74.17,75.58,72.89
standard_benchmark,eth3d,UniDepth1Calib-cnvnxtl,1000,calib_ro,48.5,75.58,48.11
standard_benchmark,eth3d,UniDepth1Calib-cnvnxtl,1000,calib_shift_ro,53.39,75.58,53.33
standard_benchmark,eth3d,UniDepth1Calib-vitl14,10,calib,68.25,123.91,69.43
standard_benchmark,eth3d,UniDepth1Calib-vitl14,10,calib_shift,66.89,123.91,66.3
standard_benchmark,eth3d,UniDepth1Calib-vitl14,10,calib_ro,55.15,123.91,52.63
standard_benchmark,eth3d,UniDepth1Calib-vitl14,10,calib_shift_ro,54.43,123.91,53.95
standard_benchmark,eth3d,UniDepth1Calib-vitl14,100,calib,72.38,123.91,73.02
standard_benchmark,eth3d,UniDepth1Calib-vitl14,100,calib_shift,73.02,123.91,71.8
standard_benchmark,eth3d,UniDepth1Calib-vitl14,100,calib_ro,56.75,123.91,53.52
standard_benchmark,eth3d,UniDepth1Calib-vitl14,100,calib_shift_ro,57.22,123.91,56.38
standard_benchmark,eth3d,UniDepth1Calib-vitl14,500,calib,73.57,123.91,73.93
standard_benchmark,eth3d,UniDepth1Calib-vitl14,500,calib_shift,74.36,123.91,72.81
standard_benchmark,eth3d,UniDepth1Calib-vitl14,500,calib_ro,57.11,123.91,53.6
standard_benchmark,eth3d,UniDepth1Calib-vitl14,500,calib_shift_ro,57.71,123.91,56.62
standard_benchmark,eth3d,UniDepth1Calib-vitl14,1000,calib,73.81,123.91,74.17
standard_benchmark,eth3d,UniDepth1Calib-vitl14,1000,calib_shift,74.79,123.91,73.09
standard_benchmark,eth3d,UniDepth1Calib-vitl14,1000,calib_ro,57.24,123.91,53.61
standard_benchmark,eth3d,UniDepth1Calib-vitl14,1000,calib_shift_ro,57.78,123.91,56.65
standard_benchmark,eth3d,UniDepth2-vitb14,10,calib,71.17,28.1,70.69
standard_benchmark,eth3d,UniDepth2-vitb14,10,mdecalib,25.64,28.1,56.72
standard_benchmark,eth3d,UniDepth2-vitb14,10,sf,63.16,28.1,68.98
standard_benchmark,eth3d,UniDepth2-vitb14,10,calib_shift,70.01,28.1,67.6
standard_benchmark,eth3d,UniDepth2-vitb14,10,mdecalib_shift,25.62,28.1,54.89
standard_benchmark,eth3d,UniDepth2-vitb14,10,sf_shift,58.62,28.1,61.96
standard_benchmark,eth3d,UniDepth2-vitb14,10,calib_ro,63.89,28.1,59.86
standard_benchmark,eth3d,UniDepth2-vitb14,10,mdecalib_ro,23.98,28.1,52.98
standard_benchmark,eth3d,UniDepth2-vitb14,10,sf_ro,56.03,28.1,69.03
standard_benchmark,eth3d,UniDepth2-vitb14,10,calib_shift_ro,63.69,28.1,61.1
standard_benchmark,eth3d,UniDepth2-vitb14,10,mdecalib_shift_ro,25.02,28.1,55.44
standard_benchmark,eth3d,UniDepth2-vitb14,10,sf_shift_ro,51.94,28.1,66.43
standard_benchmark,eth3d,UniDepth2-vitb14,100,calib,74.43,28.1,73.36
standard_benchmark,eth3d,UniDepth2-vitb14,100,mdecalib,27.38,28.1,61.52
standard_benchmark,eth3d,UniDepth2-vitb14,100,sf,67.22,28.1,73.24
standard_benchmark,eth3d,UniDepth2-vitb14,100,calib_shift,74.49,28.1,72.01
standard_benchmark,eth3d,UniDepth2-vitb14,100,mdecalib_shift,28.18,28.1,61.37
standard_benchmark,eth3d,UniDepth2-vitb14,100,sf_shift,66.34,28.1,71.18
standard_benchmark,eth3d,UniDepth2-vitb14,100,calib_ro,64.93,28.1,60.5
standard_benchmark,eth3d,UniDepth2-vitb14,100,mdecalib_ro,24.75,28.1,53.94
standard_benchmark,eth3d,UniDepth2-vitb14,100,sf_ro,57.35,28.1,70.3
standard_benchmark,eth3d,UniDepth2-vitb14,100,calib_shift_ro,65.71,28.1,63.03
standard_benchmark,eth3d,UniDepth2-vitb14,100,mdecalib_shift_ro,26.21,28.1,57.91
standard_benchmark,eth3d,UniDepth2-vitb14,100,sf_shift_ro,56.18,28.1,70.74
standard_benchmark,eth3d,UniDepth2-vitb14,500,calib,75.3,28.1,74.0
standard_benchmark,eth3d,UniDepth2-vitb14,500,mdecalib,27.95,28.1,63.54
standard_benchmark,eth3d,UniDepth2-vitb14,500,sf,68.11,28.1,74.27
standard_benchmark,eth3d,UniDepth2-vitb14,500,calib_shift,75.74,28.1,72.8
standard_benchmark,eth3d,UniDepth2-vitb14,500,mdecalib_shift,28.49,28.1,63.03
standard_benchmark,eth3d,UniDepth2-vitb14,500,sf_shift,67.96,28.1,72.69
standard_benchmark,eth3d,UniDepth2-vitb14,500,calib_ro,65.19,28.1,60.56
standard_benchmark,eth3d,UniDepth2-vitb14,500,mdecalib_ro,24.97,28.1,54.06
standard_benchmark,eth3d,UniDepth2-vitb14,500,sf_ro,57.54,28.1,70.5
standard_benchmark,eth3d,UniDepth2-vitb14,500,calib_shift_ro,65.98,28.1,63.17
standard_benchmark,eth3d,UniDepth2-vitb14,500,mdecalib_shift_ro,26.24,28.1,58.05
standard_benchmark,eth3d,UniDepth2-vitb14,500,sf_shift_ro,56.55,28.1,71.08
standard_benchmark,eth3d,UniDepth2-vitb14,1000,calib,75.44,28.1,74.2
standard_benchmark,eth3d,UniDepth2-vitb14,1000,mdecalib,28.15,28.1,64.16
standard_benchmark,eth3d,UniDepth2-vitb14,1000,sf,68.49,28.1,74.57
standard_benchmark,eth3d,UniDepth2-vitb14,1000,calib_shift,76.01,28.1,73.03
standard_benchmark,eth3d,UniDepth2-vitb14,1000,mdecalib_shift,28.7,28.1,63.5
standard_benchmark,eth3d,UniDepth2-vitb14,1000,sf_shift,68.33,28.1,73.04
standard_benchmark,eth3d,UniDepth2-vitb14,1000,calib_ro,65.24,28.1,60.57
standard_benchmark,eth3d,UniDepth2-vitb14,1000,mdecalib_ro,25.0,28.1,54.06
standard_benchmark,eth3d,UniDepth2-vitb14,1000,sf_ro,57.57,28.1,70.54
standard_benchmark,eth3d,UniDepth2-vitb14,1000,calib_shift_ro,66.02,28.1,63.18
standard_benchmark,eth3d,UniDepth2-vitb14,1000,mdecalib_shift_ro,26.31,28.1,58.08
standard_benchmark,eth3d,UniDepth2-vitb14,1000,sf_shift_ro,56.66,28.1,71.17
standard_benchmark,eth3d,UniDepth2-vitl14,10,calib,71.55,43.51,70.88
standard_benchmark,eth3d,UniDepth2-vitl14,10,mdecalib,36.35,43.51,60.57
standard_benchmark,eth3d,UniDepth2-vitl14,10,sf,64.44,43.51,69.88
standard_benchmark,eth3d,UniDepth2-vitl14,10,calib_shift,70.32,43.51,67.89
standard_benchmark,eth3d,UniDepth2-vitl14,10,mdecalib_shift,35.1,43.51,59.28
standard_benchmark,eth3d,UniDepth2-vitl14,10,sf_shift,60.96,43.51,63.58
standard_benchmark,eth3d,UniDepth2-vitl14,10,calib_ro,66.41,43.51,62.87
standard_benchmark,eth3d,UniDepth2-vitl14,10,mdecalib_ro,35.51,43.51,57.75
standard_benchmark,eth3d,UniDepth2-vitl14,10,sf_ro,59.42,43.51,71.01
standard_benchmark,eth3d,UniDepth2-vitl14,10,calib_shift_ro,67.04,43.51,64.23
standard_benchmark,eth3d,UniDepth2-vitl14,10,mdecalib_shift_ro,35.09,43.51,60.39
standard_benchmark,eth3d,UniDepth2-vitl14,10,sf_shift_ro,58.36,43.51,69.05
standard_benchmark,eth3d,UniDepth2-vitl14,100,calib,74.59,43.51,73.38
standard_benchmark,eth3d,UniDepth2-vitl14,100,mdecalib,38.36,43.51,64.38
standard_benchmark,eth3d,UniDepth2-vitl14,100,sf,67.88,43.51,73.51
standard_benchmark,eth3d,UniDepth2-vitl14,100,calib_shift,75.02,43.51,71.99
standard_benchmark,eth3d,UniDepth2-vitl14,100,mdecalib_shift,38.24,43.51,64.38
standard_benchmark,eth3d,UniDepth2-vitl14,100,sf_shift,68.1,43.51,71.35
standard_benchmark,eth3d,UniDepth2-vitl14,100,calib_ro,67.62,43.51,63.54
standard_benchmark,eth3d,UniDepth2-vitl14,100,mdecalib_ro,36.25,43.51,58.62
standard_benchmark,eth3d,UniDepth2-vitl14,100,sf_ro,60.71,43.51,72.19
standard_benchmark,eth3d,UniDepth2-vitl14,100,calib_shift_ro,68.79,43.51,65.78
standard_benchmark,eth3d,UniDepth2-vitl14,100,mdecalib_shift_ro,36.2,43.51,62.12
standard_benchmark,eth3d,UniDepth2-vitl14,100,sf_shift_ro,61.6,43.51,72.46
standard_benchmark,eth3d,UniDepth2-vitl14,500,calib,75.63,43.51,74.05
standard_benchmark,eth3d,UniDepth2-vitl14,500,mdecalib,39.16,43.51,65.93
standard_benchmark,eth3d,UniDepth2-vitl14,500,sf,68.9,43.51,74.41
standard_benchmark,eth3d,UniDepth2-vitl14,500,calib_shift,76.29,43.51,72.81
standard_benchmark,eth3d,UniDepth2-vitl14,500,mdecalib_shift,39.05,43.51,65.72
standard_benchmark,eth3d,UniDepth2-vitl14,500,sf_shift,69.49,43.51,72.7
standard_benchmark,eth3d,UniDepth2-vitl14,500,calib_ro,67.84,43.51,63.56
standard_benchmark,eth3d,UniDepth2-vitl14,500,mdecalib_ro,36.4,43.51,58.69
standard_benchmark,eth3d,UniDepth2-vitl14,500,sf_ro,61.0,43.51,72.33
standard_benchmark,eth3d,UniDepth2-vitl14,500,calib_shift_ro,69.09,43.51,65.89
standard_benchmark,eth3d,UniDepth2-vitl14,500,mdecalib_shift_ro,36.43,43.51,62.28
standard_benchmark,eth3d,UniDepth2-vitl14,500,sf_shift_ro,61.94,43.51,72.79
standard_benchmark,eth3d,UniDepth2-vitl14,1000,calib,75.79,43.51,74.25
standard_benchmark,eth3d,UniDepth2-vitl14,1000,mdecalib,39.13,43.51,66.45
standard_benchmark,eth3d,UniDepth2-vitl14,1000,sf,69.05,43.51,74.65
standard_benchmark,eth3d,UniDepth2-vitl14,1000,calib_shift,76.45,43.51,73.03
standard_benchmark,eth3d,UniDepth2-vitl14,1000,mdecalib_shift,39.11,43.51,66.1
standard_benchmark,eth3d,UniDepth2-vitl14,1000,sf_shift,70.05,43.51,73.08
standard_benchmark,eth3d,UniDepth2-vitl14,1000,calib_ro,67.89,43.51,63.56
standard_benchmark,eth3d,UniDepth2-vitl14,1000,mdecalib_ro,36.45,43.51,58.71
standard_benchmark,eth3d,UniDepth2-vitl14,1000,sf_ro,60.94,43.51,72.37
standard_benchmark,eth3d,UniDepth2-vitl14,1000,calib_shift_ro,69.11,43.51,65.9
standard_benchmark,eth3d,UniDepth2-vitl14,1000,mdecalib_shift_ro,36.5,43.51,62.31
standard_benchmark,eth3d,UniDepth2-vitl14,1000,sf_shift_ro,62.01,43.51,72.85
standard_benchmark,eth3d,UniDepth2-vits14,10,calib,68.24,21.04,69.26
standard_benchmark,eth3d,UniDepth2-vits14,10,mdecalib,19.2,21.04,52.72
standard_benchmark,eth3d,UniDepth2-vits14,10,sf,57.31,21.04,67.51
standard_benchmark,eth3d,UniDepth2-vits14,10,calib_shift,67.72,21.04,66.19
standard_benchmark,eth3d,UniDepth2-vits14,10,mdecalib_shift,18.75,21.04,51.03
standard_benchmark,eth3d,UniDepth2-vits14,10,sf_shift,53.46,21.04,59.93
standard_benchmark,eth3d,UniDepth2-vits14,10,calib_ro,54.38,21.04,53.58
standard_benchmark,eth3d,UniDepth2-vits14,10,mdecalib_ro,16.76,21.04,45.79
standard_benchmark,eth3d,UniDepth2-vits14,10,sf_ro,44.99,21.04,63.74
standard_benchmark,eth3d,UniDepth2-vits14,10,calib_shift_ro,57.15,21.04,56.0
standard_benchmark,eth3d,UniDepth2-vits14,10,mdecalib_shift_ro,17.71,21.04,49.34
standard_benchmark,eth3d,UniDepth2-vits14,10,sf_shift_ro,43.69,21.04,61.82
standard_benchmark,eth3d,UniDepth2-vits14,100,calib,72.36,21.04,72.86
standard_benchmark,eth3d,UniDepth2-vits14,100,mdecalib,20.82,21.04,58.61
standard_benchmark,eth3d,UniDepth2-vits14,100,sf,62.46,21.04,72.82
standard_benchmark,eth3d,UniDepth2-vits14,100,calib_shift,73.74,21.04,71.73
standard_benchmark,eth3d,UniDepth2-vits14,100,mdecalib_shift,21.1,21.04,58.26
standard_benchmark,eth3d,UniDepth2-vits14,100,sf_shift,62.39,21.04,70.5
standard_benchmark,eth3d,UniDepth2-vits14,100,calib_ro,56.02,21.04,54.46
standard_benchmark,eth3d,UniDepth2-vits14,100,mdecalib_ro,17.33,21.04,47.01
standard_benchmark,eth3d,UniDepth2-vits14,100,sf_ro,46.15,21.04,65.4
standard_benchmark,eth3d,UniDepth2-vits14,100,calib_shift_ro,60.22,21.04,58.42
standard_benchmark,eth3d,UniDepth2-vits14,100,mdecalib_shift_ro,18.68,21.04,52.17
standard_benchmark,eth3d,UniDepth2-vits14,100,sf_shift_ro,48.25,21.04,66.62
standard_benchmark,eth3d,UniDepth2-vits14,500,calib,73.54,21.04,73.87
standard_benchmark,eth3d,UniDepth2-vits14,500,mdecalib,21.44,21.04,60.94
standard_benchmark,eth3d,UniDepth2-vits14,500,sf,63.72,21.04,74.06
standard_benchmark,eth3d,UniDepth2-vits14,500,calib_shift,75.3,21.04,72.68
standard_benchmark,eth3d,UniDepth2-vits14,500,mdecalib_shift,21.61,21.04,60.31
standard_benchmark,eth3d,UniDepth2-vits14,500,sf_shift,64.75,21.04,72.48
standard_benchmark,eth3d,UniDepth2-vits14,500,calib_ro,56.19,21.04,54.52
standard_benchmark,eth3d,UniDepth2-vits14,500,mdecalib_ro,17.54,21.04,47.17
standard_benchmark,eth3d,UniDepth2-vits14,500,sf_ro,46.62,21.04,65.65
standard_benchmark,eth3d,UniDepth2-vits14,500,calib_shift_ro,60.53,21.04,58.65
standard_benchmark,eth3d,UniDepth2-vits14,500,mdecalib_shift_ro,18.85,21.04,52.55
standard_benchmark,eth3d,UniDepth2-vits14,500,sf_shift_ro,49.35,21.04,67.24
standard_benchmark,eth3d,UniDepth2-vits14,1000,calib,73.87,21.04,74.11
standard_benchmark,eth3d,UniDepth2-vits14,1000,mdecalib,21.49,21.04,61.65
standard_benchmark,eth3d,UniDepth2-vits14,1000,sf,64.04,21.04,74.43
standard_benchmark,eth3d,UniDepth2-vits14,1000,calib_shift,75.65,21.04,72.93
standard_benchmark,eth3d,UniDepth2-vits14,1000,mdecalib_shift,21.79,21.04,60.96
standard_benchmark,eth3d,UniDepth2-vits14,1000,sf_shift,65.35,21.04,72.98
standard_benchmark,eth3d,UniDepth2-vits14,1000,calib_ro,56.29,21.04,54.5
standard_benchmark,eth3d,UniDepth2-vits14,1000,mdecalib_ro,17.55,21.04,47.18
standard_benchmark,eth3d,UniDepth2-vits14,1000,sf_ro,46.7,21.04,65.73
standard_benchmark,eth3d,UniDepth2-vits14,1000,calib_shift_ro,60.54,21.04,58.7
standard_benchmark,eth3d,UniDepth2-vits14,1000,mdecalib_shift_ro,18.92,21.04,52.58
standard_benchmark,eth3d,UniDepth2-vits14,1000,sf_shift_ro,49.53,21.04,67.34
standard_benchmark,eth3d,UniDepth2Calib-vitb14,10,calib,71.02,29.13,70.65
standard_benchmark,eth3d,UniDepth2Calib-vitb14,10,calib_shift,69.47,29.13,67.39
standard_benchmark,eth3d,UniDepth2Calib-vitb14,10,calib_ro,63.32,29.13,59.9
standard_benchmark,eth3d,UniDepth2Calib-vitb14,10,calib_shift_ro,63.28,29.13,61.24
standard_benchmark,eth3d,UniDepth2Calib-vitb14,100,calib,74.34,29.13,73.34
standard_benchmark,eth3d,UniDepth2Calib-vitb14,100,calib_shift,74.53,29.13,72.02
standard_benchmark,eth3d,UniDepth2Calib-vitb14,100,calib_ro,64.29,29.13,60.6
standard_benchmark,eth3d,UniDepth2Calib-vitb14,100,calib_shift_ro,65.68,29.13,63.16
standard_benchmark,eth3d,UniDepth2Calib-vitb14,500,calib,75.12,29.13,74.01
standard_benchmark,eth3d,UniDepth2Calib-vitb14,500,calib_shift,75.9,29.13,72.89
standard_benchmark,eth3d,UniDepth2Calib-vitb14,500,calib_ro,64.51,29.13,60.64
standard_benchmark,eth3d,UniDepth2Calib-vitb14,500,calib_shift_ro,65.84,29.13,63.26
standard_benchmark,eth3d,UniDepth2Calib-vitb14,1000,calib,75.31,29.13,74.21
standard_benchmark,eth3d,UniDepth2Calib-vitb14,1000,calib_shift,76.09,29.13,73.07
standard_benchmark,eth3d,UniDepth2Calib-vitb14,1000,calib_ro,64.55,29.13,60.65
standard_benchmark,eth3d,UniDepth2Calib-vitb14,1000,calib_shift_ro,65.81,29.13,63.28
standard_benchmark,eth3d,UniDepth2Calib-vitl14,10,calib,71.2,45.71,70.73
standard_benchmark,eth3d,UniDepth2Calib-vitl14,10,calib_shift,70.18,45.71,67.88
standard_benchmark,eth3d,UniDepth2Calib-vitl14,10,calib_ro,66.28,45.71,62.84
standard_benchmark,eth3d,UniDepth2Calib-vitl14,10,calib_shift_ro,66.7,45.71,64.16
standard_benchmark,eth3d,UniDepth2Calib-vitl14,100,calib,74.36,45.71,73.35
standard_benchmark,eth3d,UniDepth2Calib-vitl14,100,calib_shift,74.76,45.71,72.04
standard_benchmark,eth3d,UniDepth2Calib-vitl14,100,calib_ro,67.25,45.71,63.42
standard_benchmark,eth3d,UniDepth2Calib-vitl14,100,calib_shift_ro,68.34,45.71,65.68
standard_benchmark,eth3d,UniDepth2Calib-vitl14,500,calib,75.35,45.71,74.08
standard_benchmark,eth3d,UniDepth2Calib-vitl14,500,calib_shift,75.89,45.71,72.85
standard_benchmark,eth3d,UniDepth2Calib-vitl14,500,calib_ro,67.44,45.71,63.44
standard_benchmark,eth3d,UniDepth2Calib-vitl14,500,calib_shift_ro,68.57,45.71,65.8
standard_benchmark,eth3d,UniDepth2Calib-vitl14,1000,calib,75.64,45.71,74.27
standard_benchmark,eth3d,UniDepth2Calib-vitl14,1000,calib_shift,76.25,45.71,73.1
standard_benchmark,eth3d,UniDepth2Calib-vitl14,1000,calib_ro,67.47,45.71,63.45
standard_benchmark,eth3d,UniDepth2Calib-vitl14,1000,calib_shift_ro,68.62,45.71,65.82
standard_benchmark,eth3d,UniDepth2Calib-vits14,10,calib,69.04,21.51,69.55
standard_benchmark,eth3d,UniDepth2Calib-vits14,10,calib_shift,67.88,21.51,66.26
standard_benchmark,eth3d,UniDepth2Calib-vits14,10,calib_ro,55.19,21.51,53.94
standard_benchmark,eth3d,UniDepth2Calib-vits14,10,calib_shift_ro,57.03,21.51,56.22
standard_benchmark,eth3d,UniDepth2Calib-vits14,100,calib,72.78,21.51,73.05
standard_benchmark,eth3d,UniDepth2Calib-vits14,100,calib_shift,74.02,21.51,71.83
standard_benchmark,eth3d,UniDepth2Calib-vits14,100,calib_ro,57.15,21.51,54.82
standard_benchmark,eth3d,UniDepth2Calib-vits14,100,calib_shift_ro,60.18,21.51,58.59
standard_benchmark,eth3d,UniDepth2Calib-vits14,500,calib,73.89,21.51,73.89
standard_benchmark,eth3d,UniDepth2Calib-vits14,500,calib_shift,75.2,21.51,72.77
standard_benchmark,eth3d,UniDepth2Calib-vits14,500,calib_ro,57.44,21.51,54.9
standard_benchmark,eth3d,UniDepth2Calib-vits14,500,calib_shift_ro,60.69,21.51,58.82
standard_benchmark,eth3d,UniDepth2Calib-vits14,1000,calib,74.2,21.51,74.13
standard_benchmark,eth3d,UniDepth2Calib-vits14,1000,calib_shift,75.47,21.51,73.01
standard_benchmark,eth3d,UniDepth2Calib-vits14,1000,calib_ro,57.5,21.51,54.88
standard_benchmark,eth3d,UniDepth2Calib-vits14,1000,calib_shift_ro,60.69,21.51,58.87
standard_benchmark,eth3d,UniK3D-vitl,10,calib,71.56,52.02,70.91
standard_benchmark,eth3d,UniK3D-vitl,10,mdecalib,0.0,52.02,
standard_benchmark,eth3d,UniK3D-vitl,10,sf,64.09,52.02,69.74
standard_benchmark,eth3d,UniK3D-vitl,10,calib_shift,70.38,52.02,68.01
standard_benchmark,eth3d,UniK3D-vitl,10,mdecalib_shift,0.0,52.02,
standard_benchmark,eth3d,UniK3D-vitl,10,sf_shift,60.41,52.02,63.74
standard_benchmark,eth3d,UniK3D-vitl,10,calib_ro,66.94,52.02,63.36
standard_benchmark,eth3d,UniK3D-vitl,10,mdecalib_ro,0.0,52.02,
standard_benchmark,eth3d,UniK3D-vitl,10,sf_ro,59.48,52.02,71.53
standard_benchmark,eth3d,UniK3D-vitl,10,calib_shift_ro,66.65,52.02,64.57
standard_benchmark,eth3d,UniK3D-vitl,10,mdecalib_shift_ro,0.0,52.02,
standard_benchmark,eth3d,UniK3D-vitl,10,sf_shift_ro,56.37,52.02,69.38
standard_benchmark,eth3d,UniK3D-vitl,100,calib,74.55,52.02,73.37
standard_benchmark,eth3d,UniK3D-vitl,100,mdecalib,0.0,52.02,
standard_benchmark,eth3d,UniK3D-vitl,100,sf,67.99,52.02,73.47
standard_benchmark,eth3d,UniK3D-vitl,100,calib_shift,75.1,52.02,72.19
standard_benchmark,eth3d,UniK3D-vitl,100,mdecalib_shift,0.0,52.02,
standard_benchmark,eth3d,UniK3D-vitl,100,sf_shift,67.15,52.02,71.23
standard_benchmark,eth3d,UniK3D-vitl,100,calib_ro,67.73,52.02,63.93
standard_benchmark,eth3d,UniK3D-vitl,100,mdecalib_ro,0.0,52.02,
standard_benchmark,eth3d,UniK3D-vitl,100,sf_ro,60.56,52.02,72.55
standard_benchmark,eth3d,UniK3D-vitl,100,calib_shift_ro,68.35,52.02,65.95
standard_benchmark,eth3d,UniK3D-vitl,100,mdecalib_shift_ro,0.0,52.02,
standard_benchmark,eth3d,UniK3D-vitl,100,sf_shift_ro,59.47,52.02,72.74
standard_benchmark,eth3d,UniK3D-vitl,500,calib,75.46,52.02,74.05
standard_benchmark,eth3d,UniK3D-vitl,500,mdecalib,0.0,52.02,
standard_benchmark,eth3d,UniK3D-vitl,500,sf,68.94,52.02,74.39
standard_benchmark,eth3d,UniK3D-vitl,500,calib_shift,76.35,52.02,72.93
standard_benchmark,eth3d,UniK3D-vitl,500,mdecalib_shift,0.0,52.02,
standard_benchmark,eth3d,UniK3D-vitl,500,sf_shift,68.5,52.02,72.71
standard_benchmark,eth3d,UniK3D-vitl,500,calib_ro,67.83,52.02,64.0
standard_benchmark,eth3d,UniK3D-vitl,500,mdecalib_ro,0.0,52.02,
standard_benchmark,eth3d,UniK3D-vitl,500,sf_ro,60.7,52.02,72.66
standard_benchmark,eth3d,UniK3D-vitl,500,calib_shift_ro,68.6,52.02,66.05
standard_benchmark,eth3d,UniK3D-vitl,500,mdecalib_shift_ro,0.0,52.02,
standard_benchmark,eth3d,UniK3D-vitl,500,sf_shift_ro,59.94,52.02,73.01
standard_benchmark,eth3d,UniK3D-vitl,1000,calib,75.59,52.02,74.23
standard_benchmark,eth3d,UniK3D-vitl,1000,mdecalib,0.0,52.02,
standard_benchmark,eth3d,UniK3D-vitl,1000,sf,69.05,52.02,74.62
standard_benchmark,eth3d,UniK3D-vitl,1000,calib_shift,76.49,52.02,73.13
standard_benchmark,eth3d,UniK3D-vitl,1000,mdecalib_shift,0.0,52.02,
standard_benchmark,eth3d,UniK3D-vitl,1000,sf_shift,68.93,52.02,73.07
standard_benchmark,eth3d,UniK3D-vitl,1000,calib_ro,67.84,52.02,64.0
standard_benchmark,eth3d,UniK3D-vitl,1000,mdecalib_ro,0.0,52.02,
standard_benchmark,eth3d,UniK3D-vitl,1000,sf_ro,60.67,52.02,72.69
standard_benchmark,eth3d,UniK3D-vitl,1000,calib_shift_ro,68.66,52.02,66.05
standard_benchmark,eth3d,UniK3D-vitl,1000,mdecalib_shift_ro,0.0,52.02,
standard_benchmark,eth3d,UniK3D-vitl,1000,sf_shift_ro,60.07,52.02,73.1
standard_benchmark,eth3d,UniK3DCalib-vitl,10,calib,71.16,55.52,70.81
standard_benchmark,eth3d,UniK3DCalib-vitl,10,calib_shift,70.32,55.52,67.94
standard_benchmark,eth3d,UniK3DCalib-vitl,10,calib_ro,66.06,55.52,63.19
standard_benchmark,eth3d,UniK3DCalib-vitl,10,calib_shift_ro,65.76,55.52,64.35
standard_benchmark,eth3d,UniK3DCalib-vitl,100,calib,74.12,55.52,73.35
standard_benchmark,eth3d,UniK3DCalib-vitl,100,calib_shift,74.88,55.52,72.15
standard_benchmark,eth3d,UniK3DCalib-vitl,100,calib_ro,66.91,55.52,63.78
standard_benchmark,eth3d,UniK3DCalib-vitl,100,calib_shift_ro,67.73,55.52,65.89
standard_benchmark,eth3d,UniK3DCalib-vitl,500,calib,75.14,55.52,74.06
standard_benchmark,eth3d,UniK3DCalib-vitl,500,calib_shift,76.09,55.52,72.89
standard_benchmark,eth3d,UniK3DCalib-vitl,500,calib_ro,67.04,55.52,63.84
standard_benchmark,eth3d,UniK3DCalib-vitl,500,calib_shift_ro,67.85,55.52,66.0
standard_benchmark,eth3d,UniK3DCalib-vitl,1000,calib,75.18,55.52,74.21
standard_benchmark,eth3d,UniK3DCalib-vitl,1000,calib_shift,76.39,55.52,73.1
standard_benchmark,eth3d,UniK3DCalib-vitl,1000,calib_ro,67.05,55.52,63.84
standard_benchmark,eth3d,UniK3DCalib-vitl,1000,calib_shift_ro,67.94,55.52,66.01
standard_benchmark,eth3d,VGGT-VGGT-1B,10,calib,70.04,105.12,70.07
standard_benchmark,eth3d,VGGT-VGGT-1B,10,mdecalib,36.17,105.12,62.48
standard_benchmark,eth3d,VGGT-VGGT-1B,10,sf,62.47,105.12,69.22
standard_benchmark,eth3d,VGGT-VGGT-1B,10,calib_shift,69.6,105.12,67.4
standard_benchmark,eth3d,VGGT-VGGT-1B,10,mdecalib_shift,35.77,105.12,60.49
standard_benchmark,eth3d,VGGT-VGGT-1B,10,sf_shift,59.77,105.12,63.41
standard_benchmark,eth3d,VGGT-VGGT-1B,10,calib_ro,65.33,105.12,61.81
standard_benchmark,eth3d,VGGT-VGGT-1B,10,mdecalib_ro,34.77,105.12,59.08
standard_benchmark,eth3d,VGGT-VGGT-1B,10,sf_ro,57.95,105.12,70.19
standard_benchmark,eth3d,VGGT-VGGT-1B,10,calib_shift_ro,64.67,105.12,63.06
standard_benchmark,eth3d,VGGT-VGGT-1B,10,mdecalib_shift_ro,35.09,105.12,61.11
standard_benchmark,eth3d,VGGT-VGGT-1B,10,sf_shift_ro,55.11,105.12,68.58
standard_benchmark,eth3d,VGGT-VGGT-1B,100,calib,73.82,105.12,73.17
standard_benchmark,eth3d,VGGT-VGGT-1B,100,mdecalib,38.66,105.12,66.04
standard_benchmark,eth3d,VGGT-VGGT-1B,100,sf,66.36,105.12,73.29
standard_benchmark,eth3d,VGGT-VGGT-1B,100,calib_shift,74.37,105.12,71.69
standard_benchmark,eth3d,VGGT-VGGT-1B,100,mdecalib_shift,38.81,105.12,65.31
standard_benchmark,eth3d,VGGT-VGGT-1B,100,sf_shift,66.14,105.12,71.09
standard_benchmark,eth3d,VGGT-VGGT-1B,100,calib_ro,66.44,105.12,62.51
standard_benchmark,eth3d,VGGT-VGGT-1B,100,mdecalib_ro,35.45,105.12,59.94
standard_benchmark,eth3d,VGGT-VGGT-1B,100,sf_ro,59.29,105.12,71.34
standard_benchmark,eth3d,VGGT-VGGT-1B,100,calib_shift_ro,66.4,105.12,64.69
standard_benchmark,eth3d,VGGT-VGGT-1B,100,mdecalib_shift_ro,36.06,105.12,62.89
standard_benchmark,eth3d,VGGT-VGGT-1B,100,sf_shift_ro,58.09,105.12,71.63
standard_benchmark,eth3d,VGGT-VGGT-1B,500,calib,74.81,105.12,73.96
standard_benchmark,eth3d,VGGT-VGGT-1B,500,mdecalib,39.55,105.12,67.4
standard_benchmark,eth3d,VGGT-VGGT-1B,500,sf,67.7,105.12,74.33
standard_benchmark,eth3d,VGGT-VGGT-1B,500,calib_shift,75.5,105.12,72.66
standard_benchmark,eth3d,VGGT-VGGT-1B,500,mdecalib_shift,39.71,105.12,66.62
standard_benchmark,eth3d,VGGT-VGGT-1B,500,sf_shift,67.68,105.12,72.53
standard_benchmark,eth3d,VGGT-VGGT-1B,500,calib_ro,66.54,105.12,62.57
standard_benchmark,eth3d,VGGT-VGGT-1B,500,mdecalib_ro,35.62,105.12,60.0
standard_benchmark,eth3d,VGGT-VGGT-1B,500,sf_ro,59.44,105.12,71.52
standard_benchmark,eth3d,VGGT-VGGT-1B,500,calib_shift_ro,66.78,105.12,64.81
standard_benchmark,eth3d,VGGT-VGGT-1B,500,mdecalib_shift_ro,36.12,105.12,63.09
standard_benchmark,eth3d,VGGT-VGGT-1B,500,sf_shift_ro,58.59,105.12,71.93
standard_benchmark,eth3d,VGGT-VGGT-1B,1000,calib,74.92,105.12,74.15
standard_benchmark,eth3d,VGGT-VGGT-1B,1000,mdecalib,39.79,105.12,67.86
standard_benchmark,eth3d,VGGT-VGGT-1B,1000,sf,67.9,105.12,74.61
standard_benchmark,eth3d,VGGT-VGGT-1B,1000,calib_shift,75.79,105.12,72.92
standard_benchmark,eth3d,VGGT-VGGT-1B,1000,mdecalib_shift,39.92,105.12,66.96
standard_benchmark,eth3d,VGGT-VGGT-1B,1000,sf_shift,68.06,105.12,72.96
standard_benchmark,eth3d,VGGT-VGGT-1B,1000,calib_ro,66.57,105.12,62.58
standard_benchmark,eth3d,VGGT-VGGT-1B,1000,mdecalib_ro,35.63,105.12,60.0
standard_benchmark,eth3d,VGGT-VGGT-1B,1000,sf_ro,59.41,105.12,71.56
standard_benchmark,eth3d,VGGT-VGGT-1B,1000,calib_shift_ro,66.75,105.12,64.83
standard_benchmark,eth3d,VGGT-VGGT-1B,1000,mdecalib_shift_ro,36.19,105.12,63.11
standard_benchmark,eth3d,VGGT-VGGT-1B,1000,sf_shift_ro,58.74,105.12,72.0
standard_benchmark,eth3d,gt,10,calib,81.65,0.0,74.01
standard_benchmark,eth3d,gt,10,mdecalib,0.0,0.0,
standard_benchmark,eth3d,gt,10,sf,80.67,0.0,73.89
standard_benchmark,eth3d,gt,10,calib_shift,81.25,0.0,73.5
standard_benchmark,eth3d,gt,10,mdecalib_shift,0.0,0.0,
standard_benchmark,eth3d,gt,10,sf_shift,79.2,0.0,72.82
standard_benchmark,eth3d,gt,10,calib_ro,85.86,0.0,87.99
standard_benchmark,eth3d,gt,10,mdecalib_ro,0.0,0.0,
standard_benchmark,eth3d,gt,10,sf_ro,83.6,0.0,88.01
standard_benchmark,eth3d,gt,10,calib_shift_ro,85.36,0.0,87.9
standard_benchmark,eth3d,gt,10,mdecalib_shift_ro,0.0,0.0,
standard_benchmark,eth3d,gt,10,sf_shift_ro,82.39,0.0,87.41
standard_benchmark,eth3d,gt,100,calib,82.2,0.0,74.66
standard_benchmark,eth3d,gt,100,mdecalib,0.0,0.0,
standard_benchmark,eth3d,gt,100,sf,81.15,0.0,74.65
standard_benchmark,eth3d,gt,100,calib_shift,81.67,0.0,74.24
standard_benchmark,eth3d,gt,100,mdecalib_shift,0.0,0.0,
standard_benchmark,eth3d,gt,100,sf_shift,79.75,0.0,73.79
standard_benchmark,eth3d,gt,100,calib_ro,85.86,0.0,88.0
standard_benchmark,eth3d,gt,100,mdecalib_ro,0.0,0.0,
standard_benchmark,eth3d,gt,100,sf_ro,83.69,0.0,88.01
standard_benchmark,eth3d,gt,100,calib_shift_ro,85.36,0.0,87.9
standard_benchmark,eth3d,gt,100,mdecalib_shift_ro,0.0,0.0,
standard_benchmark,eth3d,gt,100,sf_shift_ro,82.65,0.0,87.41
standard_benchmark,eth3d,gt,500,calib,82.04,0.0,74.84
standard_benchmark,eth3d,gt,500,mdecalib,0.0,0.0,
standard_benchmark,eth3d,gt,500,sf,80.81,0.0,74.93
standard_benchmark,eth3d,gt,500,calib_shift,81.4,0.0,74.49
standard_benchmark,eth3d,gt,500,mdecalib_shift,0.0,0.0,
standard_benchmark,eth3d,gt,500,sf_shift,79.67,0.0,74.09
standard_benchmark,eth3d,gt,500,calib_ro,85.86,0.0,88.0
standard_benchmark,eth3d,gt,500,mdecalib_ro,0.0,0.0,
standard_benchmark,eth3d,gt,500,sf_ro,83.71,0.0,88.01
standard_benchmark,eth3d,gt,500,calib_shift_ro,85.36,0.0,87.9
standard_benchmark,eth3d,gt,500,mdecalib_shift_ro,0.0,0.0,
standard_benchmark,eth3d,gt,500,sf_shift_ro,82.67,0.0,87.41
standard_benchmark,eth3d,gt,1000,calib,81.98,0.0,74.92
standard_benchmark,eth3d,gt,1000,mdecalib,0.0,0.0,
standard_benchmark,eth3d,gt,1000,sf,80.67,0.0,75.04
standard_benchmark,eth3d,gt,1000,calib_shift,81.37,0.0,74.55
standard_benchmark,eth3d,gt,1000,mdecalib_shift,0.0,0.0,
standard_benchmark,eth3d,gt,1000,sf_shift,79.46,0.0,74.2
standard_benchmark,eth3d,gt,1000,calib_ro,85.86,0.0,88.0
standard_benchmark,eth3d,gt,1000,mdecalib_ro,0.0,0.0,
standard_benchmark,eth3d,gt,1000,sf_ro,83.72,0.0,88.01
standard_benchmark,eth3d,gt,1000,calib_shift_ro,85.36,0.0,87.9
standard_benchmark,eth3d,gt,1000,mdecalib_shift_ro,0.0,0.0,
standard_benchmark,eth3d,gt,1000,sf_shift_ro,82.68,0.0,87.41
standard_benchmark,eth3d,none,10,baseline_calib,72.45,0.0,71.78
standard_benchmark,eth3d,none,10,baseline_sf,62.52,0.0,70.11
standard_benchmark,eth3d,none,100,baseline_calib,75.6,0.0,73.7
standard_benchmark,eth3d,none,100,baseline_sf,67.95,0.0,73.7
standard_benchmark,eth3d,none,500,baseline_calib,76.32,0.0,74.08
standard_benchmark,eth3d,none,500,baseline_sf,68.98,0.0,74.3
standard_benchmark,eth3d,none,1000,baseline_calib,76.53,0.0,74.15
standard_benchmark,eth3d,none,1000,baseline_sf,69.36,0.0,74.41
standard_benchmark,scannetpp,DepthAnythingV2-vitb,10,calib,19.47,75.65,45.61
standard_benchmark,scannetpp,DepthAnythingV2-vitb,10,mdecalib,0.0,75.65,
standard_benchmark,scannetpp,DepthAnythingV2-vitb,10,sf,14.66,75.65,41.86
standard_benchmark,scannetpp,DepthAnythingV2-vitb,10,calib_shift,60.17,75.65,58.25
standard_benchmark,scannetpp,DepthAnythingV2-vitb,10,mdecalib_shift,0.0,75.65,
standard_benchmark,scannetpp,DepthAnythingV2-vitb,10,sf_shift,41.18,75.65,50.41
standard_benchmark,scannetpp,DepthAnythingV2-vitb,10,calib_ro,10.73,75.65,51.32
standard_benchmark,scannetpp,DepthAnythingV2-vitb,10,mdecalib_ro,0.0,75.65,
standard_benchmark,scannetpp,DepthAnythingV2-vitb,10,sf_ro,10.57,75.65,59.57
standard_benchmark,scannetpp,DepthAnythingV2-vitb,10,calib_shift_ro,38.76,75.65,61.92
standard_benchmark,scannetpp,DepthAnythingV2-vitb,10,mdecalib_shift_ro,0.0,75.65,
standard_benchmark,scannetpp,DepthAnythingV2-vitb,10,sf_shift_ro,29.39,75.65,66.32
standard_benchmark,scannetpp,DepthAnythingV2-vitb,100,calib,26.24,75.65,52.71
standard_benchmark,scannetpp,DepthAnythingV2-vitb,100,mdecalib,0.0,75.65,
standard_benchmark,scannetpp,DepthAnythingV2-vitb,100,sf,18.19,75.65,49.82
standard_benchmark,scannetpp,DepthAnythingV2-vitb,100,calib_shift,67.98,75.65,62.73
standard_benchmark,scannetpp,DepthAnythingV2-vitb,100,mdecalib_shift,0.0,75.65,
standard_benchmark,scannetpp,DepthAnythingV2-vitb,100,sf_shift,51.72,75.65,59.75
standard_benchmark,scannetpp,DepthAnythingV2-vitb,100,calib_ro,11.09,75.65,52.8
standard_benchmark,scannetpp,DepthAnythingV2-vitb,100,mdecalib_ro,0.0,75.65,
standard_benchmark,scannetpp,DepthAnythingV2-vitb,100,sf_ro,11.19,75.65,64.02
standard_benchmark,scannetpp,DepthAnythingV2-vitb,100,calib_shift_ro,40.65,75.65,64.14
standard_benchmark,scannetpp,DepthAnythingV2-vitb,100,mdecalib_shift_ro,0.0,75.65,
standard_benchmark,scannetpp,DepthAnythingV2-vitb,100,sf_shift_ro,33.16,75.65,71.64
standard_benchmark,scannetpp,DepthAnythingV2-vitb,500,calib,30.75,75.65,57.05
standard_benchmark,scannetpp,DepthAnythingV2-vitb,500,mdecalib,0.0,75.65,
standard_benchmark,scannetpp,DepthAnythingV2-vitb,500,sf,20.15,75.65,53.0
standard_benchmark,scannetpp,DepthAnythingV2-vitb,500,calib_shift,70.1,75.65,63.61
standard_benchmark,scannetpp,DepthAnythingV2-vitb,500,mdecalib_shift,0.0,75.65,
standard_benchmark,scannetpp,DepthAnythingV2-vitb,500,sf_shift,54.92,75.65,61.67
standard_benchmark,scannetpp,DepthAnythingV2-vitb,500,calib_ro,11.2,75.65,53.0
standard_benchmark,scannetpp,DepthAnythingV2-vitb,500,mdecalib_ro,0.0,75.65,
standard_benchmark,scannetpp,DepthAnythingV2-vitb,500,sf_ro,11.32,75.65,64.93
standard_benchmark,scannetpp,DepthAnythingV2-vitb,500,calib_shift_ro,40.95,75.65,64.41
standard_benchmark,scannetpp,DepthAnythingV2-vitb,500,mdecalib_shift_ro,0.0,75.65,
standard_benchmark,scannetpp,DepthAnythingV2-vitb,500,sf_shift_ro,33.75,75.65,72.4
standard_benchmark,scannetpp,DepthAnythingV2-vitb,1000,calib,32.78,75.65,58.81
standard_benchmark,scannetpp,DepthAnythingV2-vitb,1000,mdecalib,0.0,75.65,
standard_benchmark,scannetpp,DepthAnythingV2-vitb,1000,sf,20.84,75.65,54.19
standard_benchmark,scannetpp,DepthAnythingV2-vitb,1000,calib_shift,70.66,75.65,63.82
standard_benchmark,scannetpp,DepthAnythingV2-vitb,1000,mdecalib_shift,0.0,75.65,
standard_benchmark,scannetpp,DepthAnythingV2-vitb,1000,sf_shift,55.67,75.65,62.12
standard_benchmark,scannetpp,DepthAnythingV2-vitb,1000,calib_ro,11.25,75.65,53.04
standard_benchmark,scannetpp,DepthAnythingV2-vitb,1000,mdecalib_ro,0.0,75.65,
standard_benchmark,scannetpp,DepthAnythingV2-vitb,1000,sf_ro,11.37,75.65,65.16
standard_benchmark,scannetpp,DepthAnythingV2-vitb,1000,calib_shift_ro,40.99,75.65,64.46
standard_benchmark,scannetpp,DepthAnythingV2-vitb,1000,mdecalib_shift_ro,0.0,75.65,
standard_benchmark,scannetpp,DepthAnythingV2-vitb,1000,sf_shift_ro,33.9,75.65,72.62
standard_benchmark,scannetpp,DepthAnythingV2-vitl,10,calib,6.04,137.52,21.09
standard_benchmark,scannetpp,DepthAnythingV2-vitl,10,mdecalib,0.0,137.52,
standard_benchmark,scannetpp,DepthAnythingV2-vitl,10,sf,12.68,137.52,39.11
standard_benchmark,scannetpp,DepthAnythingV2-vitl,10,calib_shift,50.92,137.52,49.02
standard_benchmark,scannetpp,DepthAnythingV2-vitl,10,mdecalib_shift,0.0,137.52,
standard_benchmark,scannetpp,DepthAnythingV2-vitl,10,sf_shift,38.14,137.52,49.35
standard_benchmark,scannetpp,DepthAnythingV2-vitl,10,calib_ro,9.63,137.52,49.62
standard_benchmark,scannetpp,DepthAnythingV2-vitl,10,mdecalib_ro,0.0,137.52,
standard_benchmark,scannetpp,DepthAnythingV2-vitl,10,sf_ro,9.47,137.52,57.05
standard_benchmark,scannetpp,DepthAnythingV2-vitl,10,calib_shift_ro,35.88,137.52,60.81
standard_benchmark,scannetpp,DepthAnythingV2-vitl,10,mdecalib_shift_ro,0.0,137.52,
standard_benchmark,scannetpp,DepthAnythingV2-vitl,10,sf_shift_ro,26.39,137.52,64.72
standard_benchmark,scannetpp,DepthAnythingV2-vitl,100,calib,9.3,137.52,28.42
standard_benchmark,scannetpp,DepthAnythingV2-vitl,100,mdecalib,0.0,137.52,
standard_benchmark,scannetpp,DepthAnythingV2-vitl,100,sf,15.93,137.52,47.88
standard_benchmark,scannetpp,DepthAnythingV2-vitl,100,calib_shift,62.11,137.52,57.54
standard_benchmark,scannetpp,DepthAnythingV2-vitl,100,mdecalib_shift,0.0,137.52,
standard_benchmark,scannetpp,DepthAnythingV2-vitl,100,sf_shift,49.84,137.52,59.44
standard_benchmark,scannetpp,DepthAnythingV2-vitl,100,calib_ro,9.85,137.52,51.28
standard_benchmark,scannetpp,DepthAnythingV2-vitl,100,mdecalib_ro,0.0,137.52,
standard_benchmark,scannetpp,DepthAnythingV2-vitl,100,sf_ro,10.19,137.52,62.18
standard_benchmark,scannetpp,DepthAnythingV2-vitl,100,calib_shift_ro,38.17,137.52,63.17
standard_benchmark,scannetpp,DepthAnythingV2-vitl,100,mdecalib_shift_ro,0.0,137.52,
standard_benchmark,scannetpp,DepthAnythingV2-vitl,100,sf_shift_ro,30.36,137.52,70.79
standard_benchmark,scannetpp,DepthAnythingV2-vitl,500,calib,12.49,137.52,33.69
standard_benchmark,scannetpp,DepthAnythingV2-vitl,500,mdecalib,0.0,137.52,
standard_benchmark,scannetpp,DepthAnythingV2-vitl,500,sf,17.79,137.52,51.3
standard_benchmark,scannetpp,DepthAnythingV2-vitl,500,calib_shift,65.75,137.52,60.3
standard_benchmark,scannetpp,DepthAnythingV2-vitl,500,mdecalib_shift,0.0,137.52,
standard_benchmark,scannetpp,DepthAnythingV2-vitl,500,sf_shift,53.05,137.52,61.43
standard_benchmark,scannetpp,DepthAnythingV2-vitl,500,calib_ro,9.99,137.52,51.5
standard_benchmark,scannetpp,DepthAnythingV2-vitl,500,mdecalib_ro,0.0,137.52,
standard_benchmark,scannetpp,DepthAnythingV2-vitl,500,sf_ro,10.28,137.52,63.25
standard_benchmark,scannetpp,DepthAnythingV2-vitl,500,calib_shift_ro,38.17,137.52,63.52
standard_benchmark,scannetpp,DepthAnythingV2-vitl,500,mdecalib_shift_ro,0.0,137.52,
standard_benchmark,scannetpp,DepthAnythingV2-vitl,500,sf_shift_ro,31.14,137.52,71.62
standard_benchmark,scannetpp,DepthAnythingV2-vitl,1000,calib,14.27,137.52,36.07
standard_benchmark,scannetpp,DepthAnythingV2-vitl,1000,mdecalib,0.0,137.52,
standard_benchmark,scannetpp,DepthAnythingV2-vitl,1000,sf,18.75,137.52,52.57
standard_benchmark,scannetpp,DepthAnythingV2-vitl,1000,calib_shift,66.99,137.52,61.12
standard_benchmark,scannetpp,DepthAnythingV2-vitl,1000,mdecalib_shift,0.0,137.52,
standard_benchmark,scannetpp,DepthAnythingV2-vitl,1000,sf_shift,54.15,137.52,62.01
standard_benchmark,scannetpp,DepthAnythingV2-vitl,1000,calib_ro,9.99,137.52,51.53
standard_benchmark,scannetpp,DepthAnythingV2-vitl,1000,mdecalib_ro,0.0,137.52,
standard_benchmark,scannetpp,DepthAnythingV2-vitl,1000,sf_ro,10.31,137.52,63.54
standard_benchmark,scannetpp,DepthAnythingV2-vitl,1000,calib_shift_ro,38.09,137.52,63.58
standard_benchmark,scannetpp,DepthAnythingV2-vitl,1000,mdecalib_shift_ro,0.0,137.52,
standard_benchmark,scannetpp,DepthAnythingV2-vitl,1000,sf_shift_ro,31.26,137.52,71.81
standard_benchmark,scannetpp,DepthAnythingV2-vits,10,calib,19.64,49.04,45.86
standard_benchmark,scannetpp,DepthAnythingV2-vits,10,mdecalib,0.0,49.04,
standard_benchmark,scannetpp,DepthAnythingV2-vits,10,sf,14.55,49.04,41.85
standard_benchmark,scannetpp,DepthAnythingV2-vits,10,calib_shift,59.31,49.04,57.63
standard_benchmark,scannetpp,DepthAnythingV2-vits,10,mdecalib_shift,0.0,49.04,
standard_benchmark,scannetpp,DepthAnythingV2-vits,10,sf_shift,39.58,49.04,49.36
standard_benchmark,scannetpp,DepthAnythingV2-vits,10,calib_ro,10.5,49.04,50.72
standard_benchmark,scannetpp,DepthAnythingV2-vits,10,mdecalib_ro,0.0,49.04,
standard_benchmark,scannetpp,DepthAnythingV2-vits,10,sf_ro,10.1,49.04,58.67
standard_benchmark,scannetpp,DepthAnythingV2-vits,10,calib_shift_ro,36.66,49.04,60.48
standard_benchmark,scannetpp,DepthAnythingV2-vits,10,mdecalib_shift_ro,0.0,49.04,
standard_benchmark,scannetpp,DepthAnythingV2-vits,10,sf_shift_ro,27.63,49.04,64.55
standard_benchmark,scannetpp,DepthAnythingV2-vits,100,calib,26.68,49.04,53.12
standard_benchmark,scannetpp,DepthAnythingV2-vits,100,mdecalib,0.0,49.04,
standard_benchmark,scannetpp,DepthAnythingV2-vits,100,sf,18.34,49.04,50.14
standard_benchmark,scannetpp,DepthAnythingV2-vits,100,calib_shift,67.81,49.04,62.61
standard_benchmark,scannetpp,DepthAnythingV2-vits,100,mdecalib_shift,0.0,49.04,
standard_benchmark,scannetpp,DepthAnythingV2-vits,100,sf_shift,51.06,49.04,59.53
standard_benchmark,scannetpp,DepthAnythingV2-vits,100,calib_ro,11.02,49.04,52.21
standard_benchmark,scannetpp,DepthAnythingV2-vits,100,mdecalib_ro,0.0,49.04,
standard_benchmark,scannetpp,DepthAnythingV2-vits,100,sf_ro,10.94,49.04,63.33
standard_benchmark,scannetpp,DepthAnythingV2-vits,100,calib_shift_ro,38.99,49.04,62.84
standard_benchmark,scannetpp,DepthAnythingV2-vits,100,mdecalib_shift_ro,0.0,49.04,
standard_benchmark,scannetpp,DepthAnythingV2-vits,100,sf_shift_ro,31.24,49.04,70.48
standard_benchmark,scannetpp,DepthAnythingV2-vits,500,calib,31.5,49.04,57.44
standard_benchmark,scannetpp,DepthAnythingV2-vits,500,mdecalib,0.0,49.04,
standard_benchmark,scannetpp,DepthAnythingV2-vits,500,sf,20.49,49.04,53.54
standard_benchmark,scannetpp,DepthAnythingV2-vits,500,calib_shift,70.22,49.04,63.6
standard_benchmark,scannetpp,DepthAnythingV2-vits,500,mdecalib_shift,0.0,49.04,
standard_benchmark,scannetpp,DepthAnythingV2-vits,500,sf_shift,54.27,49.04,61.5
standard_benchmark,scannetpp,DepthAnythingV2-vits,500,calib_ro,11.17,49.04,52.42
standard_benchmark,scannetpp,DepthAnythingV2-vits,500,mdecalib_ro,0.0,49.04,
standard_benchmark,scannetpp,DepthAnythingV2-vits,500,sf_ro,11.06,49.04,64.21
standard_benchmark,scannetpp,DepthAnythingV2-vits,500,calib_shift_ro,39.59,49.04,63.09
standard_benchmark,scannetpp,DepthAnythingV2-vits,500,mdecalib_shift_ro,0.0,49.04,
standard_benchmark,scannetpp,DepthAnythingV2-vits,500,sf_shift_ro,31.96,49.04,71.38
standard_benchmark,scannetpp,DepthAnythingV2-vits,1000,calib,33.39,49.04,59.07
standard_benchmark,scannetpp,DepthAnythingV2-vits,1000,mdecalib,0.0,49.04,
standard_benchmark,scannetpp,DepthAnythingV2-vits,1000,sf,21.44,49.04,54.78
standard_benchmark,scannetpp,DepthAnythingV2-vits,1000,calib_shift,70.72,49.04,63.81
standard_benchmark,scannetpp,DepthAnythingV2-vits,1000,mdecalib_shift,0.0,49.04,
standard_benchmark,scannetpp,DepthAnythingV2-vits,1000,sf_shift,55.43,49.04,62.03
standard_benchmark,scannetpp,DepthAnythingV2-vits,1000,calib_ro,11.22,49.04,52.44
standard_benchmark,scannetpp,DepthAnythingV2-vits,1000,mdecalib_ro,0.0,49.04,
standard_benchmark,scannetpp,DepthAnythingV2-vits,1000,sf_ro,11.07,49.04,64.42
standard_benchmark,scannetpp,DepthAnythingV2-vits,1000,calib_shift_ro,39.59,49.04,63.15
standard_benchmark,scannetpp,DepthAnythingV2-vits,1000,mdecalib_shift_ro,0.0,49.04,
standard_benchmark,scannetpp,DepthAnythingV2-vits,1000,sf_shift_ro,32.12,49.04,71.61
standard_benchmark,scannetpp,DepthAnythingV3-DA3METRIC-LARGE,10,calib,75.63,60.02,61.66
standard_benchmark,scannetpp,DepthAnythingV3-DA3METRIC-LARGE,10,mdecalib,0.0,60.02,
standard_benchmark,scannetpp,DepthAnythingV3-DA3METRIC-LARGE,10,sf,66.95,60.02,59.54
standard_benchmark,scannetpp,DepthAnythingV3-DA3METRIC-LARGE,10,calib_shift,73.2,60.02,60.74
standard_benchmark,scannetpp,DepthAnythingV3-DA3METRIC-LARGE,10,mdecalib_shift,0.0,60.02,
standard_benchmark,scannetpp,DepthAnythingV3-DA3METRIC-LARGE,10,sf_shift,58.73,60.02,55.31
standard_benchmark,scannetpp,DepthAnythingV3-DA3METRIC-LARGE,10,calib_ro,66.37,60.02,67.7
standard_benchmark,scannetpp,DepthAnythingV3-DA3METRIC-LARGE,10,mdecalib_ro,0.0,60.02,
standard_benchmark,scannetpp,DepthAnythingV3-DA3METRIC-LARGE,10,sf_ro,61.12,60.02,74.74
standard_benchmark,scannetpp,DepthAnythingV3-DA3METRIC-LARGE,10,calib_shift_ro,63.65,60.02,68.56
standard_benchmark,scannetpp,DepthAnythingV3-DA3METRIC-LARGE,10,mdecalib_shift_ro,0.0,60.02,
standard_benchmark,scannetpp,DepthAnythingV3-DA3METRIC-LARGE,10,sf_shift_ro,55.13,60.02,72.7
standard_benchmark,scannetpp,DepthAnythingV3-DA3METRIC-LARGE,100,calib,78.88,60.02,63.5
standard_benchmark,scannetpp,DepthAnythingV3-DA3METRIC-LARGE,100,mdecalib,0.0,60.02,
standard_benchmark,scannetpp,DepthAnythingV3-DA3METRIC-LARGE,100,sf,71.07,60.02,62.34
standard_benchmark,scannetpp,DepthAnythingV3-DA3METRIC-LARGE,100,calib_shift,78.62,60.02,63.63
standard_benchmark,scannetpp,DepthAnythingV3-DA3METRIC-LARGE,100,mdecalib_shift,0.0,60.02,
standard_benchmark,scannetpp,DepthAnythingV3-DA3METRIC-LARGE,100,sf_shift,67.67,60.02,61.88
standard_benchmark,scannetpp,DepthAnythingV3-DA3METRIC-LARGE,100,calib_ro,68.11,60.02,68.49
standard_benchmark,scannetpp,DepthAnythingV3-DA3METRIC-LARGE,100,mdecalib_ro,0.0,60.02,
standard_benchmark,scannetpp,DepthAnythingV3-DA3METRIC-LARGE,100,sf_ro,63.77,60.02,76.12
standard_benchmark,scannetpp,DepthAnythingV3-DA3METRIC-LARGE,100,calib_shift_ro,66.86,60.02,70.25
standard_benchmark,scannetpp,DepthAnythingV3-DA3METRIC-LARGE,100,mdecalib_shift_ro,0.0,60.02,
standard_benchmark,scannetpp,DepthAnythingV3-DA3METRIC-LARGE,100,sf_shift_ro,60.42,60.02,76.69
standard_benchmark,scannetpp,DepthAnythingV3-DA3METRIC-LARGE,500,calib,79.51,60.02,63.95
standard_benchmark,scannetpp,DepthAnythingV3-DA3METRIC-LARGE,500,mdecalib,0.0,60.02,
standard_benchmark,scannetpp,DepthAnythingV3-DA3METRIC-LARGE,500,sf,71.98,60.02,62.87
standard_benchmark,scannetpp,DepthAnythingV3-DA3METRIC-LARGE,500,calib_shift,79.48,60.02,64.06
standard_benchmark,scannetpp,DepthAnythingV3-DA3METRIC-LARGE,500,mdecalib_shift,0.0,60.02,
standard_benchmark,scannetpp,DepthAnythingV3-DA3METRIC-LARGE,500,sf_shift,69.39,60.02,62.84
standard_benchmark,scannetpp,DepthAnythingV3-DA3METRIC-LARGE,500,calib_ro,68.47,60.02,68.57
standard_benchmark,scannetpp,DepthAnythingV3-DA3METRIC-LARGE,500,mdecalib_ro,0.0,60.02,
standard_benchmark,scannetpp,DepthAnythingV3-DA3METRIC-LARGE,500,sf_ro,64.01,60.02,76.3
standard_benchmark,scannetpp,DepthAnythingV3-DA3METRIC-LARGE,500,calib_shift_ro,67.24,60.02,70.4
standard_benchmark,scannetpp,DepthAnythingV3-DA3METRIC-LARGE,500,mdecalib_shift_ro,0.0,60.02,
standard_benchmark,scannetpp,DepthAnythingV3-DA3METRIC-LARGE,500,sf_shift_ro,61.25,60.02,77.1
standard_benchmark,scannetpp,DepthAnythingV3-DA3METRIC-LARGE,1000,calib,79.67,60.02,64.06
standard_benchmark,scannetpp,DepthAnythingV3-DA3METRIC-LARGE,1000,mdecalib,0.0,60.02,
standard_benchmark,scannetpp,DepthAnythingV3-DA3METRIC-LARGE,1000,sf,72.12,60.02,63.03
standard_benchmark,scannetpp,DepthAnythingV3-DA3METRIC-LARGE,1000,calib_shift,79.6,60.02,64.16
standard_benchmark,scannetpp,DepthAnythingV3-DA3METRIC-LARGE,1000,mdecalib_shift,0.0,60.02,
standard_benchmark,scannetpp,DepthAnythingV3-DA3METRIC-LARGE,1000,sf_shift,69.67,60.02,63.04
standard_benchmark,scannetpp,DepthAnythingV3-DA3METRIC-LARGE,1000,calib_ro,68.52,60.02,68.58
standard_benchmark,scannetpp,DepthAnythingV3-DA3METRIC-LARGE,1000,mdecalib_ro,0.0,60.02,
standard_benchmark,scannetpp,DepthAnythingV3-DA3METRIC-LARGE,1000,sf_ro,64.13,60.02,76.32
standard_benchmark,scannetpp,DepthAnythingV3-DA3METRIC-LARGE,1000,calib_shift_ro,67.36,60.02,70.43
standard_benchmark,scannetpp,DepthAnythingV3-DA3METRIC-LARGE,1000,mdecalib_shift_ro,0.0,60.02,
standard_benchmark,scannetpp,DepthAnythingV3-DA3METRIC-LARGE,1000,sf_shift_ro,61.45,60.02,77.19
standard_benchmark,scannetpp,DepthAnythingV3-DA3MONO-LARGE,10,calib,51.02,59.99,57.28
standard_benchmark,scannetpp,DepthAnythingV3-DA3MONO-LARGE,10,mdecalib,0.0,59.99,
standard_benchmark,scannetpp,DepthAnythingV3-DA3MONO-LARGE,10,sf,44.16,59.99,55.46
standard_benchmark,scannetpp,DepthAnythingV3-DA3MONO-LARGE,10,calib_shift,74.19,59.99,61.08
standard_benchmark,scannetpp,DepthAnythingV3-DA3MONO-LARGE,10,mdecalib_shift,0.0,59.99,
standard_benchmark,scannetpp,DepthAnythingV3-DA3MONO-LARGE,10,sf_shift,59.62,59.99,55.84
standard_benchmark,scannetpp,DepthAnythingV3-DA3MONO-LARGE,10,calib_ro,35.64,59.99,60.92
standard_benchmark,scannetpp,DepthAnythingV3-DA3MONO-LARGE,10,mdecalib_ro,0.0,59.99,
standard_benchmark,scannetpp,DepthAnythingV3-DA3MONO-LARGE,10,sf_ro,35.13,59.99,69.9
standard_benchmark,scannetpp,DepthAnythingV3-DA3MONO-LARGE,10,calib_shift_ro,65.24,59.99,69.42
standard_benchmark,scannetpp,DepthAnythingV3-DA3MONO-LARGE,10,mdecalib_shift_ro,0.0,59.99,
standard_benchmark,scannetpp,DepthAnythingV3-DA3MONO-LARGE,10,sf_shift_ro,56.11,59.99,73.56
standard_benchmark,scannetpp,DepthAnythingV3-DA3MONO-LARGE,100,calib,56.76,59.99,60.87
standard_benchmark,scannetpp,DepthAnythingV3-DA3MONO-LARGE,100,mdecalib,0.0,59.99,
standard_benchmark,scannetpp,DepthAnythingV3-DA3MONO-LARGE,100,sf,49.12,59.99,59.75
standard_benchmark,scannetpp,DepthAnythingV3-DA3MONO-LARGE,100,calib_shift,78.76,59.99,63.63
standard_benchmark,scannetpp,DepthAnythingV3-DA3MONO-LARGE,100,mdecalib_shift,0.0,59.99,
standard_benchmark,scannetpp,DepthAnythingV3-DA3MONO-LARGE,100,sf_shift,68.25,59.99,61.93
standard_benchmark,scannetpp,DepthAnythingV3-DA3MONO-LARGE,100,calib_ro,37.14,59.99,61.87
standard_benchmark,scannetpp,DepthAnythingV3-DA3MONO-LARGE,100,mdecalib_ro,0.0,59.99,
standard_benchmark,scannetpp,DepthAnythingV3-DA3MONO-LARGE,100,sf_ro,36.89,59.99,71.66
standard_benchmark,scannetpp,DepthAnythingV3-DA3MONO-LARGE,100,calib_shift_ro,68.07,59.99,71.09
standard_benchmark,scannetpp,DepthAnythingV3-DA3MONO-LARGE,100,mdecalib_shift_ro,0.0,59.99,
standard_benchmark,scannetpp,DepthAnythingV3-DA3MONO-LARGE,100,sf_shift_ro,61.41,59.99,77.27
standard_benchmark,scannetpp,DepthAnythingV3-DA3MONO-LARGE,500,calib,59.26,59.99,62.19
standard_benchmark,scannetpp,DepthAnythingV3-DA3MONO-LARGE,500,mdecalib,0.0,59.99,
standard_benchmark,scannetpp,DepthAnythingV3-DA3MONO-LARGE,500,sf,50.65,59.99,60.87
standard_benchmark,scannetpp,DepthAnythingV3-DA3MONO-LARGE,500,calib_shift,79.7,59.99,64.04
standard_benchmark,scannetpp,DepthAnythingV3-DA3MONO-LARGE,500,mdecalib_shift,0.0,59.99,
standard_benchmark,scannetpp,DepthAnythingV3-DA3MONO-LARGE,500,sf_shift,69.7,59.99,62.83
standard_benchmark,scannetpp,DepthAnythingV3-DA3MONO-LARGE,500,calib_ro,37.36,59.99,61.95
standard_benchmark,scannetpp,DepthAnythingV3-DA3MONO-LARGE,500,mdecalib_ro,0.0,59.99,
standard_benchmark,scannetpp,DepthAnythingV3-DA3MONO-LARGE,500,sf_ro,37.07,59.99,71.96
standard_benchmark,scannetpp,DepthAnythingV3-DA3MONO-LARGE,500,calib_shift_ro,68.48,59.99,71.24
standard_benchmark,scannetpp,DepthAnythingV3-DA3MONO-LARGE,500,mdecalib_shift_ro,0.0,59.99,
standard_benchmark,scannetpp,DepthAnythingV3-DA3MONO-LARGE,500,sf_shift_ro,62.23,59.99,77.65
standard_benchmark,scannetpp,DepthAnythingV3-DA3MONO-LARGE,1000,calib,60.09,59.99,62.66
standard_benchmark,scannetpp,DepthAnythingV3-DA3MONO-LARGE,1000,mdecalib,0.0,59.99,
standard_benchmark,scannetpp,DepthAnythingV3-DA3MONO-LARGE,1000,sf,51.09,59.99,61.25
standard_benchmark,scannetpp,DepthAnythingV3-DA3MONO-LARGE,1000,calib_shift,79.9,59.99,64.14
standard_benchmark,scannetpp,DepthAnythingV3-DA3MONO-LARGE,1000,mdecalib_shift,0.0,59.99,
standard_benchmark,scannetpp,DepthAnythingV3-DA3MONO-LARGE,1000,sf_shift,70.08,59.99,63.02
standard_benchmark,scannetpp,DepthAnythingV3-DA3MONO-LARGE,1000,calib_ro,37.43,59.99,61.99
standard_benchmark,scannetpp,DepthAnythingV3-DA3MONO-LARGE,1000,mdecalib_ro,0.0,59.99,
standard_benchmark,scannetpp,DepthAnythingV3-DA3MONO-LARGE,1000,sf_ro,37.14,59.99,72.01
standard_benchmark,scannetpp,DepthAnythingV3-DA3MONO-LARGE,1000,calib_shift_ro,68.52,59.99,71.25
standard_benchmark,scannetpp,DepthAnythingV3-DA3MONO-LARGE,1000,mdecalib_shift_ro,0.0,59.99,
standard_benchmark,scannetpp,DepthAnythingV3-DA3MONO-LARGE,1000,sf_shift_ro,62.37,59.99,77.72
standard_benchmark,scannetpp,DepthAnythingV3Calib-DA3METRIC-LARGE,10,calib,75.63,60.06,61.66
standard_benchmark,scannetpp,DepthAnythingV3Calib-DA3METRIC-LARGE,10,calib_shift,73.2,60.06,60.74
standard_benchmark,scannetpp,DepthAnythingV3Calib-DA3METRIC-LARGE,10,calib_ro,66.37,60.06,67.7
standard_benchmark,scannetpp,DepthAnythingV3Calib-DA3METRIC-LARGE,10,calib_shift_ro,63.66,60.06,68.56
standard_benchmark,scannetpp,DepthAnythingV3Calib-DA3METRIC-LARGE,100,calib,78.88,60.06,63.5
standard_benchmark,scannetpp,DepthAnythingV3Calib-DA3METRIC-LARGE,100,calib_shift,78.62,60.06,63.63
standard_benchmark,scannetpp,DepthAnythingV3Calib-DA3METRIC-LARGE,100,calib_ro,68.11,60.06,68.49
standard_benchmark,scannetpp,DepthAnythingV3Calib-DA3METRIC-LARGE,100,calib_shift_ro,66.85,60.06,70.25
standard_benchmark,scannetpp,DepthAnythingV3Calib-DA3METRIC-LARGE,500,calib,79.51,60.06,63.95
standard_benchmark,scannetpp,DepthAnythingV3Calib-DA3METRIC-LARGE,500,calib_shift,79.48,60.06,64.06
standard_benchmark,scannetpp,DepthAnythingV3Calib-DA3METRIC-LARGE,500,calib_ro,68.47,60.06,68.57
standard_benchmark,scannetpp,DepthAnythingV3Calib-DA3METRIC-LARGE,500,calib_shift_ro,67.24,60.06,70.4
standard_benchmark,scannetpp,DepthAnythingV3Calib-DA3METRIC-LARGE,1000,calib,79.67,60.06,64.06
standard_benchmark,scannetpp,DepthAnythingV3Calib-DA3METRIC-LARGE,1000,calib_shift,79.6,60.06,64.16
standard_benchmark,scannetpp,DepthAnythingV3Calib-DA3METRIC-LARGE,1000,calib_ro,68.52,60.06,68.58
standard_benchmark,scannetpp,DepthAnythingV3Calib-DA3METRIC-LARGE,1000,calib_shift_ro,67.36,60.06,70.43
standard_benchmark,scannetpp,DepthAnythingV3Calib-DA3MONO-LARGE,10,calib,51.02,60.35,57.28
standard_benchmark,scannetpp,DepthAnythingV3Calib-DA3MONO-LARGE,10,calib_shift,74.19,60.35,61.07
standard_benchmark,scannetpp,DepthAnythingV3Calib-DA3MONO-LARGE,10,calib_ro,35.64,60.35,60.92
standard_benchmark,scannetpp,DepthAnythingV3Calib-DA3MONO-LARGE,10,calib_shift_ro,65.25,60.35,69.42
standard_benchmark,scannetpp,DepthAnythingV3Calib-DA3MONO-LARGE,100,calib,56.76,60.35,60.87
standard_benchmark,scannetpp,DepthAnythingV3Calib-DA3MONO-LARGE,100,calib_shift,78.76,60.35,63.63
standard_benchmark,scannetpp,DepthAnythingV3Calib-DA3MONO-LARGE,100,calib_ro,37.14,60.35,61.87
standard_benchmark,scannetpp,DepthAnythingV3Calib-DA3MONO-LARGE,100,calib_shift_ro,68.07,60.35,71.09
standard_benchmark,scannetpp,DepthAnythingV3Calib-DA3MONO-LARGE,500,calib,59.26,60.35,62.19
standard_benchmark,scannetpp,DepthAnythingV3Calib-DA3MONO-LARGE,500,calib_shift,79.7,60.35,64.04
standard_benchmark,scannetpp,DepthAnythingV3Calib-DA3MONO-LARGE,500,calib_ro,37.36,60.35,61.95
standard_benchmark,scannetpp,DepthAnythingV3Calib-DA3MONO-LARGE,500,calib_shift_ro,68.48,60.35,71.24
standard_benchmark,scannetpp,DepthAnythingV3Calib-DA3MONO-LARGE,1000,calib,60.09,60.35,62.66
standard_benchmark,scannetpp,DepthAnythingV3Calib-DA3MONO-LARGE,1000,calib_shift,79.9,60.35,64.14
standard_benchmark,scannetpp,DepthAnythingV3Calib-DA3MONO-LARGE,1000,calib_ro,37.43,60.35,61.99
standard_benchmark,scannetpp,DepthAnythingV3Calib-DA3MONO-LARGE,1000,calib_shift_ro,68.52,60.35,71.25
standard_benchmark,scannetpp,DepthPro-vitl,10,calib,72.95,106.22,61.33
standard_benchmark,scannetpp,DepthPro-vitl,10,mdecalib,11.54,106.22,42.42
standard_benchmark,scannetpp,DepthPro-vitl,10,sf,63.25,106.22,58.76
standard_benchmark,scannetpp,DepthPro-vitl,10,calib_shift,71.71,106.22,60.26
standard_benchmark,scannetpp,DepthPro-vitl,10,mdecalib_shift,13.18,106.22,42.63
standard_benchmark,scannetpp,DepthPro-vitl,10,sf_shift,56.22,106.22,54.54
standard_benchmark,scannetpp,DepthPro-vitl,10,calib_ro,62.21,106.22,66.3
standard_benchmark,scannetpp,DepthPro-vitl,10,mdecalib_ro,10.0,106.22,53.16
standard_benchmark,scannetpp,DepthPro-vitl,10,sf_ro,56.36,106.22,74.2
standard_benchmark,scannetpp,DepthPro-vitl,10,calib_shift_ro,61.45,106.22,67.83
standard_benchmark,scannetpp,DepthPro-vitl,10,mdecalib_shift_ro,12.73,106.22,57.87
standard_benchmark,scannetpp,DepthPro-vitl,10,sf_shift_ro,52.09,106.22,72.49
standard_benchmark,scannetpp,DepthPro-vitl,100,calib,76.27,106.22,63.33
standard_benchmark,scannetpp,DepthPro-vitl,100,mdecalib,12.72,106.22,46.91
standard_benchmark,scannetpp,DepthPro-vitl,100,sf,67.86,106.22,61.93
standard_benchmark,scannetpp,DepthPro-vitl,100,calib_shift,77.26,106.22,63.49
standard_benchmark,scannetpp,DepthPro-vitl,100,mdecalib_shift,14.24,106.22,48.23
standard_benchmark,scannetpp,DepthPro-vitl,100,sf_shift,65.81,106.22,61.5
standard_benchmark,scannetpp,DepthPro-vitl,100,calib_ro,63.93,106.22,67.03
standard_benchmark,scannetpp,DepthPro-vitl,100,mdecalib_ro,10.41,106.22,54.34
standard_benchmark,scannetpp,DepthPro-vitl,100,sf_ro,58.82,106.22,75.76
standard_benchmark,scannetpp,DepthPro-vitl,100,calib_shift_ro,64.4,106.22,69.71
standard_benchmark,scannetpp,DepthPro-vitl,100,mdecalib_shift_ro,13.45,106.22,60.73
standard_benchmark,scannetpp,DepthPro-vitl,100,sf_shift_ro,57.71,106.22,76.83
standard_benchmark,scannetpp,DepthPro-vitl,500,calib,77.24,106.22,63.84
standard_benchmark,scannetpp,DepthPro-vitl,500,mdecalib,12.85,106.22,49.01
standard_benchmark,scannetpp,DepthPro-vitl,500,sf,69.05,106.22,62.63
standard_benchmark,scannetpp,DepthPro-vitl,500,calib_shift,78.31,106.22,63.99
standard_benchmark,scannetpp,DepthPro-vitl,500,mdecalib_shift,14.22,106.22,50.08
standard_benchmark,scannetpp,DepthPro-vitl,500,sf_shift,67.75,106.22,62.61
standard_benchmark,scannetpp,DepthPro-vitl,500,calib_ro,64.26,106.22,67.11
standard_benchmark,scannetpp,DepthPro-vitl,500,mdecalib_ro,10.58,106.22,54.51
standard_benchmark,scannetpp,DepthPro-vitl,500,sf_ro,59.38,106.22,75.96
standard_benchmark,scannetpp,DepthPro-vitl,500,calib_shift_ro,64.99,106.22,69.88
standard_benchmark,scannetpp,DepthPro-vitl,500,mdecalib_shift_ro,13.64,106.22,61.03
standard_benchmark,scannetpp,DepthPro-vitl,500,sf_shift_ro,58.53,106.22,77.28
standard_benchmark,scannetpp,DepthPro-vitl,1000,calib,77.47,106.22,63.98
standard_benchmark,scannetpp,DepthPro-vitl,1000,mdecalib,12.89,106.22,49.8
standard_benchmark,scannetpp,DepthPro-vitl,1000,sf,69.31,106.22,62.8
standard_benchmark,scannetpp,DepthPro-vitl,1000,calib_shift,78.6,106.22,64.11
standard_benchmark,scannetpp,DepthPro-vitl,1000,mdecalib_shift,14.25,106.22,50.7
standard_benchmark,scannetpp,DepthPro-vitl,1000,sf_shift,68.2,106.22,62.83
standard_benchmark,scannetpp,DepthPro-vitl,1000,calib_ro,64.31,106.22,67.11
standard_benchmark,scannetpp,DepthPro-vitl,1000,mdecalib_ro,10.59,106.22,54.53
standard_benchmark,scannetpp,DepthPro-vitl,1000,sf_ro,59.44,106.22,76.02
standard_benchmark,scannetpp,DepthPro-vitl,1000,calib_shift_ro,65.12,106.22,69.89
standard_benchmark,scannetpp,DepthPro-vitl,1000,mdecalib_shift_ro,13.67,106.22,61.08
standard_benchmark,scannetpp,DepthPro-vitl,1000,sf_shift_ro,58.85,106.22,77.35
standard_benchmark,scannetpp,DepthProCalib-vitl,10,calib,72.94,106.15,61.33
standard_benchmark,scannetpp,DepthProCalib-vitl,10,calib_shift,71.76,106.15,60.29
standard_benchmark,scannetpp,DepthProCalib-vitl,10,calib_ro,62.24,106.15,66.3
standard_benchmark,scannetpp,DepthProCalib-vitl,10,calib_shift_ro,61.36,106.15,67.85
standard_benchmark,scannetpp,DepthProCalib-vitl,100,calib,76.25,106.15,63.32
standard_benchmark,scannetpp,DepthProCalib-vitl,100,calib_shift,77.36,106.15,63.5
standard_benchmark,scannetpp,DepthProCalib-vitl,100,calib_ro,63.98,106.15,67.04
standard_benchmark,scannetpp,DepthProCalib-vitl,100,calib_shift_ro,64.3,106.15,69.72
standard_benchmark,scannetpp,DepthProCalib-vitl,500,calib,77.25,106.15,63.82
standard_benchmark,scannetpp,DepthProCalib-vitl,500,calib_shift,78.46,106.15,63.99
standard_benchmark,scannetpp,DepthProCalib-vitl,500,calib_ro,64.3,106.15,67.11
standard_benchmark,scannetpp,DepthProCalib-vitl,500,calib_shift_ro,64.88,106.15,69.88
standard_benchmark,scannetpp,DepthProCalib-vitl,1000,calib,77.48,106.15,63.96
standard_benchmark,scannetpp,DepthProCalib-vitl,1000,calib_shift,78.71,106.15,64.12
standard_benchmark,scannetpp,DepthProCalib-vitl,1000,calib_ro,64.33,106.15,67.11
standard_benchmark,scannetpp,DepthProCalib-vitl,1000,calib_shift_ro,65.03,106.15,69.89
standard_benchmark,scannetpp,MapAnything-map-anything,10,calib,72.71,229.69,62.44
standard_benchmark,scannetpp,MapAnything-map-anything,10,mdecalib,30.65,229.69,52.55
standard_benchmark,scannetpp,MapAnything-map-anything,10,sf,63.76,229.69,59.74
standard_benchmark,scannetpp,MapAnything-map-anything,10,calib_shift,70.49,229.69,61.17
standard_benchmark,scannetpp,MapAnything-map-anything,10,mdecalib_shift,30.97,229.69,52.65
standard_benchmark,scannetpp,MapAnything-map-anything,10,sf_shift,53.96,229.69,54.83
standard_benchmark,scannetpp,MapAnything-map-anything,10,calib_ro,63.41,229.69,66.29
standard_benchmark,scannetpp,MapAnything-map-anything,10,mdecalib_ro,27.29,229.69,62.07
standard_benchmark,scannetpp,MapAnything-map-anything,10,sf_ro,58.62,229.69,73.69
standard_benchmark,scannetpp,MapAnything-map-anything,10,calib_shift_ro,60.91,229.69,67.36
standard_benchmark,scannetpp,MapAnything-map-anything,10,mdecalib_shift_ro,27.68,229.69,64.71
standard_benchmark,scannetpp,MapAnything-map-anything,10,sf_shift_ro,50.61,229.69,71.08
standard_benchmark,scannetpp,MapAnything-map-anything,100,calib,76.6,229.69,64.61
standard_benchmark,scannetpp,MapAnything-map-anything,100,mdecalib,33.23,229.69,55.63
standard_benchmark,scannetpp,MapAnything-map-anything,100,sf,69.38,229.69,63.32
standard_benchmark,scannetpp,MapAnything-map-anything,100,calib_shift,76.95,229.69,64.74
standard_benchmark,scannetpp,MapAnything-map-anything,100,mdecalib_shift,34.37,229.69,56.75
standard_benchmark,scannetpp,MapAnything-map-anything,100,sf_shift,65.27,229.69,62.77
standard_benchmark,scannetpp,MapAnything-map-anything,100,calib_ro,65.94,229.69,67.23
standard_benchmark,scannetpp,MapAnything-map-anything,100,mdecalib_ro,28.56,229.69,63.2
standard_benchmark,scannetpp,MapAnything-map-anything,100,sf_ro,61.61,229.69,75.47
standard_benchmark,scannetpp,MapAnything-map-anything,100,calib_shift_ro,65.01,229.69,69.47
standard_benchmark,scannetpp,MapAnything-map-anything,100,mdecalib_shift_ro,30.06,229.69,67.0
standard_benchmark,scannetpp,MapAnything-map-anything,100,sf_shift_ro,58.14,229.69,76.32
standard_benchmark,scannetpp,MapAnything-map-anything,500,calib,77.41,229.69,65.09
standard_benchmark,scannetpp,MapAnything-map-anything,500,mdecalib,34.0,229.69,56.72
standard_benchmark,scannetpp,MapAnything-map-anything,500,sf,70.41,229.69,63.98
standard_benchmark,scannetpp,MapAnything-map-anything,500,calib_shift,78.0,229.69,65.19
standard_benchmark,scannetpp,MapAnything-map-anything,500,mdecalib_shift,35.13,229.69,57.64
standard_benchmark,scannetpp,MapAnything-map-anything,500,sf_shift,67.12,229.69,63.86
standard_benchmark,scannetpp,MapAnything-map-anything,500,calib_ro,66.19,229.69,67.33
standard_benchmark,scannetpp,MapAnything-map-anything,500,mdecalib_ro,28.72,229.69,63.3
standard_benchmark,scannetpp,MapAnything-map-anything,500,sf_ro,61.89,229.69,75.67
standard_benchmark,scannetpp,MapAnything-map-anything,500,calib_shift_ro,65.49,229.69,69.65
standard_benchmark,scannetpp,MapAnything-map-anything,500,mdecalib_shift_ro,30.38,229.69,67.22
standard_benchmark,scannetpp,MapAnything-map-anything,500,sf_shift_ro,59.23,229.69,76.77
standard_benchmark,scannetpp,MapAnything-map-anything,1000,calib,77.65,229.69,65.21
standard_benchmark,scannetpp,MapAnything-map-anything,1000,mdecalib,34.25,229.69,57.11
standard_benchmark,scannetpp,MapAnything-map-anything,1000,sf,70.73,229.69,64.15
standard_benchmark,scannetpp,MapAnything-map-anything,1000,calib_shift,78.19,229.69,65.3
standard_benchmark,scannetpp,MapAnything-map-anything,1000,mdecalib_shift,35.21,229.69,57.91
standard_benchmark,scannetpp,MapAnything-map-anything,1000,sf_shift,67.67,229.69,64.12
standard_benchmark,scannetpp,MapAnything-map-anything,1000,calib_ro,66.21,229.69,67.34
standard_benchmark,scannetpp,MapAnything-map-anything,1000,mdecalib_ro,28.75,229.69,63.31
standard_benchmark,scannetpp,MapAnything-map-anything,1000,sf_ro,61.91,229.69,75.7
standard_benchmark,scannetpp,MapAnything-map-anything,1000,calib_shift_ro,65.56,229.69,69.68
standard_benchmark,scannetpp,MapAnything-map-anything,1000,mdecalib_shift_ro,30.46,229.69,67.26
standard_benchmark,scannetpp,MapAnything-map-anything,1000,sf_shift_ro,59.43,229.69,76.85
standard_benchmark,scannetpp,MapAnythingCalib-map-anything,10,calib,72.66,230.44,62.37
standard_benchmark,scannetpp,MapAnythingCalib-map-anything,10,calib_shift,70.52,230.44,61.3
standard_benchmark,scannetpp,MapAnythingCalib-map-anything,10,calib_ro,63.95,230.44,66.28
standard_benchmark,scannetpp,MapAnythingCalib-map-anything,10,calib_shift_ro,61.12,230.44,67.2
standard_benchmark,scannetpp,MapAnythingCalib-map-anything,100,calib,76.53,230.44,64.55
standard_benchmark,scannetpp,MapAnythingCalib-map-anything,100,calib_shift,76.91,230.44,64.68
standard_benchmark,scannetpp,MapAnythingCalib-map-anything,100,calib_ro,66.13,230.44,67.25
standard_benchmark,scannetpp,MapAnythingCalib-map-anything,100,calib_shift_ro,65.29,230.44,69.41
standard_benchmark,scannetpp,MapAnythingCalib-map-anything,500,calib,77.4,230.44,65.06
standard_benchmark,scannetpp,MapAnythingCalib-map-anything,500,calib_shift,78.12,230.44,65.19
standard_benchmark,scannetpp,MapAnythingCalib-map-anything,500,calib_ro,66.44,230.44,67.34
standard_benchmark,scannetpp,MapAnythingCalib-map-anything,500,calib_shift_ro,65.91,230.44,69.61
standard_benchmark,scannetpp,MapAnythingCalib-map-anything,1000,calib,77.53,230.44,65.19
standard_benchmark,scannetpp,MapAnythingCalib-map-anything,1000,calib_shift,78.28,230.44,65.32
standard_benchmark,scannetpp,MapAnythingCalib-map-anything,1000,calib_ro,66.47,230.44,67.35
standard_benchmark,scannetpp,MapAnythingCalib-map-anything,1000,calib_shift_ro,65.99,230.44,69.62
standard_benchmark,scannetpp,Metric3DV2-vit_giant2,10,calib,73.26,645.99,61.37
standard_benchmark,scannetpp,Metric3DV2-vit_giant2,10,mdecalib,0.0,645.99,
standard_benchmark,scannetpp,Metric3DV2-vit_giant2,10,sf,63.46,645.99,59.09
standard_benchmark,scannetpp,Metric3DV2-vit_giant2,10,calib_shift,72.99,645.99,60.55
standard_benchmark,scannetpp,Metric3DV2-vit_giant2,10,mdecalib_shift,0.0,645.99,
standard_benchmark,scannetpp,Metric3DV2-vit_giant2,10,sf_shift,57.44,645.99,54.52
standard_benchmark,scannetpp,Metric3DV2-vit_giant2,10,calib_ro,62.43,645.99,65.62
standard_benchmark,scannetpp,Metric3DV2-vit_giant2,10,mdecalib_ro,0.0,645.99,
standard_benchmark,scannetpp,Metric3DV2-vit_giant2,10,sf_ro,57.42,645.99,73.88
standard_benchmark,scannetpp,Metric3DV2-vit_giant2,10,calib_shift_ro,62.54,645.99,67.04
standard_benchmark,scannetpp,Metric3DV2-vit_giant2,10,mdecalib_shift_ro,0.0,645.99,
standard_benchmark,scannetpp,Metric3DV2-vit_giant2,10,sf_shift_ro,53.29,645.99,72.03
standard_benchmark,scannetpp,Metric3DV2-vit_giant2,100,calib,76.75,645.99,63.42
standard_benchmark,scannetpp,Metric3DV2-vit_giant2,100,mdecalib,0.0,645.99,
standard_benchmark,scannetpp,Metric3DV2-vit_giant2,100,sf,68.17,645.99,62.14
standard_benchmark,scannetpp,Metric3DV2-vit_giant2,100,calib_shift,78.33,645.99,63.66
standard_benchmark,scannetpp,Metric3DV2-vit_giant2,100,mdecalib_shift,0.0,645.99,
standard_benchmark,scannetpp,Metric3DV2-vit_giant2,100,sf_shift,66.95,645.99,61.79
standard_benchmark,scannetpp,Metric3DV2-vit_giant2,100,calib_ro,64.42,645.99,66.33
standard_benchmark,scannetpp,Metric3DV2-vit_giant2,100,mdecalib_ro,0.0,645.99,
standard_benchmark,scannetpp,Metric3DV2-vit_giant2,100,sf_ro,59.74,645.99,75.33
standard_benchmark,scannetpp,Metric3DV2-vit_giant2,100,calib_shift_ro,65.43,645.99,68.94
standard_benchmark,scannetpp,Metric3DV2-vit_giant2,100,mdecalib_shift_ro,0.0,645.99,
standard_benchmark,scannetpp,Metric3DV2-vit_giant2,100,sf_shift_ro,58.95,645.99,76.16
standard_benchmark,scannetpp,Metric3DV2-vit_giant2,500,calib,77.62,645.99,63.89
standard_benchmark,scannetpp,Metric3DV2-vit_giant2,500,mdecalib,0.0,645.99,
standard_benchmark,scannetpp,Metric3DV2-vit_giant2,500,sf,69.04,645.99,62.73
standard_benchmark,scannetpp,Metric3DV2-vit_giant2,500,calib_shift,79.39,645.99,64.1
standard_benchmark,scannetpp,Metric3DV2-vit_giant2,500,mdecalib_shift,0.0,645.99,
standard_benchmark,scannetpp,Metric3DV2-vit_giant2,500,sf_shift,68.68,645.99,62.77
standard_benchmark,scannetpp,Metric3DV2-vit_giant2,500,calib_ro,64.76,645.99,66.39
standard_benchmark,scannetpp,Metric3DV2-vit_giant2,500,mdecalib_ro,0.0,645.99,
standard_benchmark,scannetpp,Metric3DV2-vit_giant2,500,sf_ro,60.18,645.99,75.51
standard_benchmark,scannetpp,Metric3DV2-vit_giant2,500,calib_shift_ro,65.88,645.99,69.12
standard_benchmark,scannetpp,Metric3DV2-vit_giant2,500,mdecalib_shift_ro,0.0,645.99,
standard_benchmark,scannetpp,Metric3DV2-vit_giant2,500,sf_shift_ro,59.8,645.99,76.66
standard_benchmark,scannetpp,Metric3DV2-vit_giant2,1000,calib,77.91,645.99,64.02
standard_benchmark,scannetpp,Metric3DV2-vit_giant2,1000,mdecalib,0.0,645.99,
standard_benchmark,scannetpp,Metric3DV2-vit_giant2,1000,sf,69.37,645.99,62.9
standard_benchmark,scannetpp,Metric3DV2-vit_giant2,1000,calib_shift,79.47,645.99,64.2
standard_benchmark,scannetpp,Metric3DV2-vit_giant2,1000,mdecalib_shift,0.0,645.99,
standard_benchmark,scannetpp,Metric3DV2-vit_giant2,1000,sf_shift,68.97,645.99,63.02
standard_benchmark,scannetpp,Metric3DV2-vit_giant2,1000,calib_ro,64.85,645.99,66.4
standard_benchmark,scannetpp,Metric3DV2-vit_giant2,1000,mdecalib_ro,0.0,645.99,
standard_benchmark,scannetpp,Metric3DV2-vit_giant2,1000,sf_ro,60.26,645.99,75.54
standard_benchmark,scannetpp,Metric3DV2-vit_giant2,1000,calib_shift_ro,65.98,645.99,69.15
standard_benchmark,scannetpp,Metric3DV2-vit_giant2,1000,mdecalib_shift_ro,0.0,645.99,
standard_benchmark,scannetpp,Metric3DV2-vit_giant2,1000,sf_shift_ro,60.08,645.99,76.75
standard_benchmark,scannetpp,Metric3DV2-vit_large,10,calib,74.42,220.92,61.63
standard_benchmark,scannetpp,Metric3DV2-vit_large,10,mdecalib,0.0,220.92,
standard_benchmark,scannetpp,Metric3DV2-vit_large,10,sf,66.02,220.92,59.42
standard_benchmark,scannetpp,Metric3DV2-vit_large,10,calib_shift,73.82,220.92,60.85
standard_benchmark,scannetpp,Metric3DV2-vit_large,10,mdecalib_shift,0.0,220.92,
standard_benchmark,scannetpp,Metric3DV2-vit_large,10,sf_shift,58.81,220.92,55.3
standard_benchmark,scannetpp,Metric3DV2-vit_large,10,calib_ro,64.96,220.92,67.01
standard_benchmark,scannetpp,Metric3DV2-vit_large,10,mdecalib_ro,0.0,220.92,
standard_benchmark,scannetpp,Metric3DV2-vit_large,10,sf_ro,60.6,220.92,74.61
standard_benchmark,scannetpp,Metric3DV2-vit_large,10,calib_shift_ro,64.36,220.92,68.02
standard_benchmark,scannetpp,Metric3DV2-vit_large,10,mdecalib_shift_ro,0.0,220.92,
standard_benchmark,scannetpp,Metric3DV2-vit_large,10,sf_shift_ro,54.9,220.92,72.5
standard_benchmark,scannetpp,Metric3DV2-vit_large,100,calib,77.59,220.92,63.47
standard_benchmark,scannetpp,Metric3DV2-vit_large,100,mdecalib,0.0,220.92,
standard_benchmark,scannetpp,Metric3DV2-vit_large,100,sf,70.12,220.92,62.23
standard_benchmark,scannetpp,Metric3DV2-vit_large,100,calib_shift,78.65,220.92,63.69
standard_benchmark,scannetpp,Metric3DV2-vit_large,100,mdecalib_shift,0.0,220.92,
standard_benchmark,scannetpp,Metric3DV2-vit_large,100,sf_shift,68.03,220.92,61.89
standard_benchmark,scannetpp,Metric3DV2-vit_large,100,calib_ro,66.76,220.92,67.8
standard_benchmark,scannetpp,Metric3DV2-vit_large,100,mdecalib_ro,0.0,220.92,
standard_benchmark,scannetpp,Metric3DV2-vit_large,100,sf_ro,62.84,220.92,76.01
standard_benchmark,scannetpp,Metric3DV2-vit_large,100,calib_shift_ro,67.53,220.92,69.9
standard_benchmark,scannetpp,Metric3DV2-vit_large,100,mdecalib_shift_ro,0.0,220.92,
standard_benchmark,scannetpp,Metric3DV2-vit_large,100,sf_shift_ro,61.03,220.92,76.63
standard_benchmark,scannetpp,Metric3DV2-vit_large,500,calib,78.37,220.92,63.88
standard_benchmark,scannetpp,Metric3DV2-vit_large,500,mdecalib,0.0,220.92,
standard_benchmark,scannetpp,Metric3DV2-vit_large,500,sf,70.87,220.92,62.78
standard_benchmark,scannetpp,Metric3DV2-vit_large,500,calib_shift,79.57,220.92,64.1
standard_benchmark,scannetpp,Metric3DV2-vit_large,500,mdecalib_shift,0.0,220.92,
standard_benchmark,scannetpp,Metric3DV2-vit_large,500,sf_shift,69.76,220.92,62.84
standard_benchmark,scannetpp,Metric3DV2-vit_large,500,calib_ro,67.12,220.92,67.85
standard_benchmark,scannetpp,Metric3DV2-vit_large,500,mdecalib_ro,0.0,220.92,
standard_benchmark,scannetpp,Metric3DV2-vit_large,500,sf_ro,63.25,220.92,76.19
standard_benchmark,scannetpp,Metric3DV2-vit_large,500,calib_shift_ro,67.8,220.92,70.08
standard_benchmark,scannetpp,Metric3DV2-vit_large,500,mdecalib_shift_ro,0.0,220.92,
standard_benchmark,scannetpp,Metric3DV2-vit_large,500,sf_shift_ro,61.95,220.92,77.04
standard_benchmark,scannetpp,Metric3DV2-vit_large,1000,calib,78.53,220.92,64.01
standard_benchmark,scannetpp,Metric3DV2-vit_large,1000,mdecalib,0.0,220.92,
standard_benchmark,scannetpp,Metric3DV2-vit_large,1000,sf,71.02,220.92,62.94
standard_benchmark,scannetpp,Metric3DV2-vit_large,1000,calib_shift,79.71,220.92,64.2
standard_benchmark,scannetpp,Metric3DV2-vit_large,1000,mdecalib_shift,0.0,220.92,
standard_benchmark,scannetpp,Metric3DV2-vit_large,1000,sf_shift,70.12,220.92,63.06
standard_benchmark,scannetpp,Metric3DV2-vit_large,1000,calib_ro,67.18,220.92,67.86
standard_benchmark,scannetpp,Metric3DV2-vit_large,1000,mdecalib_ro,0.0,220.92,
standard_benchmark,scannetpp,Metric3DV2-vit_large,1000,sf_ro,63.26,220.92,76.24
standard_benchmark,scannetpp,Metric3DV2-vit_large,1000,calib_shift_ro,67.92,220.92,70.11
standard_benchmark,scannetpp,Metric3DV2-vit_large,1000,mdecalib_shift_ro,0.0,220.92,
standard_benchmark,scannetpp,Metric3DV2-vit_large,1000,sf_shift_ro,62.09,220.92,77.12
standard_benchmark,scannetpp,Metric3DV2-vit_small,10,calib,72.59,45.7,60.95
standard_benchmark,scannetpp,Metric3DV2-vit_small,10,mdecalib,0.0,45.7,
standard_benchmark,scannetpp,Metric3DV2-vit_small,10,sf,62.06,45.7,58.27
standard_benchmark,scannetpp,Metric3DV2-vit_small,10,calib_shift,71.53,45.7,60.0
standard_benchmark,scannetpp,Metric3DV2-vit_small,10,mdecalib_shift,0.0,45.7,
standard_benchmark,scannetpp,Metric3DV2-vit_small,10,sf_shift,54.12,45.7,53.33
standard_benchmark,scannetpp,Metric3DV2-vit_small,10,calib_ro,61.12,45.7,64.44
standard_benchmark,scannetpp,Metric3DV2-vit_small,10,mdecalib_ro,0.0,45.7,
standard_benchmark,scannetpp,Metric3DV2-vit_small,10,sf_ro,54.81,45.7,72.28
standard_benchmark,scannetpp,Metric3DV2-vit_small,10,calib_shift_ro,59.8,45.7,65.58
standard_benchmark,scannetpp,Metric3DV2-vit_small,10,mdecalib_shift_ro,0.0,45.7,
standard_benchmark,scannetpp,Metric3DV2-vit_small,10,sf_shift_ro,49.7,45.7,70.16
standard_benchmark,scannetpp,Metric3DV2-vit_small,100,calib,76.27,45.7,63.27
standard_benchmark,scannetpp,Metric3DV2-vit_small,100,mdecalib,0.0,45.7,
standard_benchmark,scannetpp,Metric3DV2-vit_small,100,sf,66.88,45.7,61.84
standard_benchmark,scannetpp,Metric3DV2-vit_small,100,calib_shift,77.56,45.7,63.52
standard_benchmark,scannetpp,Metric3DV2-vit_small,100,mdecalib_shift,0.0,45.7,
standard_benchmark,scannetpp,Metric3DV2-vit_small,100,sf_shift,64.94,45.7,61.3
standard_benchmark,scannetpp,Metric3DV2-vit_small,100,calib_ro,63.16,45.7,65.27
standard_benchmark,scannetpp,Metric3DV2-vit_small,100,mdecalib_ro,0.0,45.7,
standard_benchmark,scannetpp,Metric3DV2-vit_small,100,sf_ro,57.63,45.7,74.07
standard_benchmark,scannetpp,Metric3DV2-vit_small,100,calib_shift_ro,63.44,45.7,67.59
standard_benchmark,scannetpp,Metric3DV2-vit_small,100,mdecalib_shift_ro,0.0,45.7,
standard_benchmark,scannetpp,Metric3DV2-vit_small,100,sf_shift_ro,56.09,45.7,74.89
standard_benchmark,scannetpp,Metric3DV2-vit_small,500,calib,77.13,45.7,63.83
standard_benchmark,scannetpp,Metric3DV2-vit_small,500,mdecalib,0.0,45.7,
standard_benchmark,scannetpp,Metric3DV2-vit_small,500,sf,68.01,45.7,62.57
standard_benchmark,scannetpp,Metric3DV2-vit_small,500,calib_shift,78.67,45.7,64.04
standard_benchmark,scannetpp,Metric3DV2-vit_small,500,mdecalib_shift,0.0,45.7,
standard_benchmark,scannetpp,Metric3DV2-vit_small,500,sf_shift,67.16,45.7,62.58
standard_benchmark,scannetpp,Metric3DV2-vit_small,500,calib_ro,63.58,45.7,65.33
standard_benchmark,scannetpp,Metric3DV2-vit_small,500,mdecalib_ro,0.0,45.7,
standard_benchmark,scannetpp,Metric3DV2-vit_small,500,sf_ro,58.02,45.7,74.28
standard_benchmark,scannetpp,Metric3DV2-vit_small,500,calib_shift_ro,63.96,45.7,67.78
standard_benchmark,scannetpp,Metric3DV2-vit_small,500,mdecalib_shift_ro,0.0,45.7,
standard_benchmark,scannetpp,Metric3DV2-vit_small,500,sf_shift_ro,57.28,45.7,75.38
standard_benchmark,scannetpp,Metric3DV2-vit_small,1000,calib,77.42,45.7,63.98
standard_benchmark,scannetpp,Metric3DV2-vit_small,1000,mdecalib,0.0,45.7,
standard_benchmark,scannetpp,Metric3DV2-vit_small,1000,sf,68.31,45.7,62.79
standard_benchmark,scannetpp,Metric3DV2-vit_small,1000,calib_shift,78.99,45.7,64.17
standard_benchmark,scannetpp,Metric3DV2-vit_small,1000,mdecalib_shift,0.0,45.7,
standard_benchmark,scannetpp,Metric3DV2-vit_small,1000,sf_shift,67.74,45.7,62.87
standard_benchmark,scannetpp,Metric3DV2-vit_small,1000,calib_ro,63.65,45.7,65.34
standard_benchmark,scannetpp,Metric3DV2-vit_small,1000,mdecalib_ro,0.0,45.7,
standard_benchmark,scannetpp,Metric3DV2-vit_small,1000,sf_ro,58.1,45.7,74.34
standard_benchmark,scannetpp,Metric3DV2-vit_small,1000,calib_shift_ro,64.14,45.7,67.8
standard_benchmark,scannetpp,Metric3DV2-vit_small,1000,mdecalib_shift_ro,0.0,45.7,
standard_benchmark,scannetpp,Metric3DV2-vit_small,1000,sf_shift_ro,57.44,45.7,75.48
standard_benchmark,scannetpp,Metric3DV2Calib-vit_giant2,10,calib,73.23,646.04,61.34
standard_benchmark,scannetpp,Metric3DV2Calib-vit_giant2,10,calib_shift,72.88,646.04,60.48
standard_benchmark,scannetpp,Metric3DV2Calib-vit_giant2,10,calib_ro,62.38,646.04,65.6
standard_benchmark,scannetpp,Metric3DV2Calib-vit_giant2,10,calib_shift_ro,62.36,646.04,67.02
standard_benchmark,scannetpp,Metric3DV2Calib-vit_giant2,100,calib,76.83,646.04,63.4
standard_benchmark,scannetpp,Metric3DV2Calib-vit_giant2,100,calib_shift,78.2,646.04,63.65
standard_benchmark,scannetpp,Metric3DV2Calib-vit_giant2,100,calib_ro,64.55,646.04,66.33
standard_benchmark,scannetpp,Metric3DV2Calib-vit_giant2,100,calib_shift_ro,65.42,646.04,68.91
standard_benchmark,scannetpp,Metric3DV2Calib-vit_giant2,500,calib,77.7,646.04,63.88
standard_benchmark,scannetpp,Metric3DV2Calib-vit_giant2,500,calib_shift,79.29,646.04,64.11
standard_benchmark,scannetpp,Metric3DV2Calib-vit_giant2,500,calib_ro,64.86,646.04,66.39
standard_benchmark,scannetpp,Metric3DV2Calib-vit_giant2,500,calib_shift_ro,65.88,646.04,69.12
standard_benchmark,scannetpp,Metric3DV2Calib-vit_giant2,1000,calib,77.92,646.04,64.01
standard_benchmark,scannetpp,Metric3DV2Calib-vit_giant2,1000,calib_shift,79.42,646.04,64.2
standard_benchmark,scannetpp,Metric3DV2Calib-vit_giant2,1000,calib_ro,64.93,646.04,66.39
standard_benchmark,scannetpp,Metric3DV2Calib-vit_giant2,1000,calib_shift_ro,65.99,646.04,69.15
standard_benchmark,scannetpp,Metric3DV2Calib-vit_large,10,calib,74.32,220.97,61.6
standard_benchmark,scannetpp,Metric3DV2Calib-vit_large,10,calib_shift,73.7,220.97,60.77
standard_benchmark,scannetpp,Metric3DV2Calib-vit_large,10,calib_ro,65.07,220.97,67.03
standard_benchmark,scannetpp,Metric3DV2Calib-vit_large,10,calib_shift_ro,64.15,220.97,67.99
standard_benchmark,scannetpp,Metric3DV2Calib-vit_large,100,calib,77.6,220.97,63.48
standard_benchmark,scannetpp,Metric3DV2Calib-vit_large,100,calib_shift,78.78,220.97,63.68
standard_benchmark,scannetpp,Metric3DV2Calib-vit_large,100,calib_ro,66.81,220.97,67.8
standard_benchmark,scannetpp,Metric3DV2Calib-vit_large,100,calib_shift_ro,67.45,220.97,69.92
standard_benchmark,scannetpp,Metric3DV2Calib-vit_large,500,calib,78.37,220.97,63.89
standard_benchmark,scannetpp,Metric3DV2Calib-vit_large,500,calib_shift,79.57,220.97,64.1
standard_benchmark,scannetpp,Metric3DV2Calib-vit_large,500,calib_ro,67.17,220.97,67.86
standard_benchmark,scannetpp,Metric3DV2Calib-vit_large,500,calib_shift_ro,67.76,220.97,70.09
standard_benchmark,scannetpp,Metric3DV2Calib-vit_large,1000,calib,78.55,220.97,64.02
standard_benchmark,scannetpp,Metric3DV2Calib-vit_large,1000,calib_shift,79.73,220.97,64.19
standard_benchmark,scannetpp,Metric3DV2Calib-vit_large,1000,calib_ro,67.19,220.97,67.87
standard_benchmark,scannetpp,Metric3DV2Calib-vit_large,1000,calib_shift_ro,67.91,220.97,70.11
standard_benchmark,scannetpp,Metric3DV2Calib-vit_small,10,calib,72.49,44.54,60.88
standard_benchmark,scannetpp,Metric3DV2Calib-vit_small,10,calib_shift,71.35,44.54,59.91
standard_benchmark,scannetpp,Metric3DV2Calib-vit_small,10,calib_ro,61.16,44.54,64.45
standard_benchmark,scannetpp,Metric3DV2Calib-vit_small,10,calib_shift_ro,59.74,44.54,65.56
standard_benchmark,scannetpp,Metric3DV2Calib-vit_small,100,calib,76.26,44.54,63.27
standard_benchmark,scannetpp,Metric3DV2Calib-vit_small,100,calib_shift,77.55,44.54,63.51
standard_benchmark,scannetpp,Metric3DV2Calib-vit_small,100,calib_ro,63.2,44.54,65.27
standard_benchmark,scannetpp,Metric3DV2Calib-vit_small,100,calib_shift_ro,63.45,44.54,67.59
standard_benchmark,scannetpp,Metric3DV2Calib-vit_small,500,calib,77.17,44.54,63.83
standard_benchmark,scannetpp,Metric3DV2Calib-vit_small,500,calib_shift,78.67,44.54,64.04
standard_benchmark,scannetpp,Metric3DV2Calib-vit_small,500,calib_ro,63.55,44.54,65.33
standard_benchmark,scannetpp,Metric3DV2Calib-vit_small,500,calib_shift_ro,64.01,44.54,67.75
standard_benchmark,scannetpp,Metric3DV2Calib-vit_small,1000,calib,77.48,44.54,63.98
standard_benchmark,scannetpp,Metric3DV2Calib-vit_small,1000,calib_shift,78.9,44.54,64.17
standard_benchmark,scannetpp,Metric3DV2Calib-vit_small,1000,calib_ro,63.6,44.54,65.33
standard_benchmark,scannetpp,Metric3DV2Calib-vit_small,1000,calib_shift_ro,64.17,44.54,67.78
standard_benchmark,scannetpp,MoGeV1-moge-vitl,10,calib,75.69,87.59,61.72
standard_benchmark,scannetpp,MoGeV1-moge-vitl,10,mdecalib,42.16,87.59,55.14
standard_benchmark,scannetpp,MoGeV1-moge-vitl,10,sf,67.37,87.59,59.61
standard_benchmark,scannetpp,MoGeV1-moge-vitl,10,calib_shift,74.29,87.59,60.97
standard_benchmark,scannetpp,MoGeV1-moge-vitl,10,mdecalib_shift,41.87,87.59,54.92
standard_benchmark,scannetpp,MoGeV1-moge-vitl,10,sf_shift,60.12,87.59,55.64
standard_benchmark,scannetpp,MoGeV1-moge-vitl,10,calib_ro,67.83,87.59,68.68
standard_benchmark,scannetpp,MoGeV1-moge-vitl,10,mdecalib_ro,38.24,87.59,66.69
standard_benchmark,scannetpp,MoGeV1-moge-vitl,10,sf_ro,63.2,87.59,75.37
standard_benchmark,scannetpp,MoGeV1-moge-vitl,10,calib_shift_ro,66.22,87.59,69.36
standard_benchmark,scannetpp,MoGeV1-moge-vitl,10,mdecalib_shift_ro,37.92,87.59,67.65
standard_benchmark,scannetpp,MoGeV1-moge-vitl,10,sf_shift_ro,57.33,87.59,73.45
standard_benchmark,scannetpp,MoGeV1-moge-vitl,100,calib,79.02,87.59,63.55
standard_benchmark,scannetpp,MoGeV1-moge-vitl,100,mdecalib,44.21,87.59,57.35
standard_benchmark,scannetpp,MoGeV1-moge-vitl,100,sf,71.47,87.59,62.32
standard_benchmark,scannetpp,MoGeV1-moge-vitl,100,calib_shift,78.96,87.59,63.69
standard_benchmark,scannetpp,MoGeV1-moge-vitl,100,mdecalib_shift,44.9,87.59,58.13
standard_benchmark,scannetpp,MoGeV1-moge-vitl,100,sf_shift,69.13,87.59,61.94
standard_benchmark,scannetpp,MoGeV1-moge-vitl,100,calib_ro,69.65,87.59,69.4
standard_benchmark,scannetpp,MoGeV1-moge-vitl,100,mdecalib_ro,39.58,87.59,67.51
standard_benchmark,scannetpp,MoGeV1-moge-vitl,100,sf_ro,65.78,87.59,76.78
standard_benchmark,scannetpp,MoGeV1-moge-vitl,100,calib_shift_ro,69.16,87.59,71.21
standard_benchmark,scannetpp,MoGeV1-moge-vitl,100,mdecalib_shift_ro,40.18,87.59,69.62
standard_benchmark,scannetpp,MoGeV1-moge-vitl,100,sf_shift_ro,63.21,87.59,77.32
standard_benchmark,scannetpp,MoGeV1-moge-vitl,500,calib,79.61,87.59,63.95
standard_benchmark,scannetpp,MoGeV1-moge-vitl,500,mdecalib,44.76,87.59,58.11
standard_benchmark,scannetpp,MoGeV1-moge-vitl,500,sf,72.12,87.59,62.83
standard_benchmark,scannetpp,MoGeV1-moge-vitl,500,calib_shift,79.96,87.59,64.12
standard_benchmark,scannetpp,MoGeV1-moge-vitl,500,mdecalib_shift,45.43,87.59,58.77
standard_benchmark,scannetpp,MoGeV1-moge-vitl,500,sf_shift,70.63,87.59,62.83
standard_benchmark,scannetpp,MoGeV1-moge-vitl,500,calib_ro,69.9,87.59,69.45
standard_benchmark,scannetpp,MoGeV1-moge-vitl,500,mdecalib_ro,39.83,87.59,67.58
standard_benchmark,scannetpp,MoGeV1-moge-vitl,500,sf_ro,66.02,87.59,76.91
standard_benchmark,scannetpp,MoGeV1-moge-vitl,500,calib_shift_ro,69.62,87.59,71.33
standard_benchmark,scannetpp,MoGeV1-moge-vitl,500,mdecalib_shift_ro,40.56,87.59,69.78
standard_benchmark,scannetpp,MoGeV1-moge-vitl,500,sf_shift_ro,64.07,87.59,77.72
standard_benchmark,scannetpp,MoGeV1-moge-vitl,1000,calib,79.75,87.59,64.07
standard_benchmark,scannetpp,MoGeV1-moge-vitl,1000,mdecalib,44.91,87.59,58.37
standard_benchmark,scannetpp,MoGeV1-moge-vitl,1000,sf,72.31,87.59,62.99
standard_benchmark,scannetpp,MoGeV1-moge-vitl,1000,calib_shift,80.17,87.59,64.21
standard_benchmark,scannetpp,MoGeV1-moge-vitl,1000,mdecalib_shift,45.62,87.59,58.96
standard_benchmark,scannetpp,MoGeV1-moge-vitl,1000,sf_shift,71.0,87.59,63.04
standard_benchmark,scannetpp,MoGeV1-moge-vitl,1000,calib_ro,69.93,87.59,69.46
standard_benchmark,scannetpp,MoGeV1-moge-vitl,1000,mdecalib_ro,39.88,87.59,67.59
standard_benchmark,scannetpp,MoGeV1-moge-vitl,1000,sf_ro,66.02,87.59,76.94
standard_benchmark,scannetpp,MoGeV1-moge-vitl,1000,calib_shift_ro,69.74,87.59,71.36
standard_benchmark,scannetpp,MoGeV1-moge-vitl,1000,mdecalib_shift_ro,40.65,87.59,69.81
standard_benchmark,scannetpp,MoGeV1-moge-vitl,1000,sf_shift_ro,64.22,87.59,77.79
standard_benchmark,scannetpp,MoGeV1Calib-moge-vitl,10,calib,76.13,87.35,61.8
standard_benchmark,scannetpp,MoGeV1Calib-moge-vitl,10,calib_shift,74.25,87.35,60.92
standard_benchmark,scannetpp,MoGeV1Calib-moge-vitl,10,calib_ro,68.02,87.35,68.71
standard_benchmark,scannetpp,MoGeV1Calib-moge-vitl,10,calib_shift_ro,66.22,87.35,69.34
standard_benchmark,scannetpp,MoGeV1Calib-moge-vitl,100,calib,79.28,87.35,63.56
standard_benchmark,scannetpp,MoGeV1Calib-moge-vitl,100,calib_shift,79.03,87.35,63.69
standard_benchmark,scannetpp,MoGeV1Calib-moge-vitl,100,calib_ro,69.67,87.35,69.44
standard_benchmark,scannetpp,MoGeV1Calib-moge-vitl,100,calib_shift_ro,69.14,87.35,71.22
standard_benchmark,scannetpp,MoGeV1Calib-moge-vitl,500,calib,79.92,87.35,63.98
standard_benchmark,scannetpp,MoGeV1Calib-moge-vitl,500,calib_shift,80.02,87.35,64.12
standard_benchmark,scannetpp,MoGeV1Calib-moge-vitl,500,calib_ro,69.9,87.35,69.5
standard_benchmark,scannetpp,MoGeV1Calib-moge-vitl,500,calib_shift_ro,69.68,87.35,71.33
standard_benchmark,scannetpp,MoGeV1Calib-moge-vitl,1000,calib,80.06,87.35,64.09
standard_benchmark,scannetpp,MoGeV1Calib-moge-vitl,1000,calib_shift,80.22,87.35,64.2
standard_benchmark,scannetpp,MoGeV1Calib-moge-vitl,1000,calib_ro,69.96,87.35,69.49
standard_benchmark,scannetpp,MoGeV1Calib-moge-vitl,1000,calib_shift_ro,69.72,87.35,71.35
standard_benchmark,scannetpp,MoGeV2-moge-2-vitl,10,calib,78.48,65.86,62.45
standard_benchmark,scannetpp,MoGeV2-moge-2-vitl,10,mdecalib,49.81,65.86,57.71
standard_benchmark,scannetpp,MoGeV2-moge-2-vitl,10,sf,71.59,65.86,60.57
standard_benchmark,scannetpp,MoGeV2-moge-2-vitl,10,calib_shift,76.66,65.86,61.74
standard_benchmark,scannetpp,MoGeV2-moge-2-vitl,10,mdecalib_shift,50.41,65.86,57.66
standard_benchmark,scannetpp,MoGeV2-moge-2-vitl,10,sf_shift,63.89,65.86,57.24
standard_benchmark,scannetpp,MoGeV2-moge-2-vitl,10,calib_ro,71.66,65.86,71.18
standard_benchmark,scannetpp,MoGeV2-moge-2-vitl,10,mdecalib_ro,45.4,65.86,69.91
standard_benchmark,scannetpp,MoGeV2-moge-2-vitl,10,sf_ro,67.7,65.86,77.65
standard_benchmark,scannetpp,MoGeV2-moge-2-vitl,10,calib_shift_ro,70.1,65.86,71.94
standard_benchmark,scannetpp,MoGeV2-moge-2-vitl,10,mdecalib_shift_ro,46.31,65.86,70.89
standard_benchmark,scannetpp,MoGeV2-moge-2-vitl,10,sf_shift_ro,62.15,65.86,76.0
standard_benchmark,scannetpp,MoGeV2-moge-2-vitl,100,calib,80.91,65.86,63.83
standard_benchmark,scannetpp,MoGeV2-moge-2-vitl,100,mdecalib,51.76,65.86,59.3
standard_benchmark,scannetpp,MoGeV2-moge-2-vitl,100,sf,74.83,65.86,62.69
standard_benchmark,scannetpp,MoGeV2-moge-2-vitl,100,calib_shift,80.42,65.86,63.87
standard_benchmark,scannetpp,MoGeV2-moge-2-vitl,100,mdecalib_shift,53.44,65.86,59.93
standard_benchmark,scannetpp,MoGeV2-moge-2-vitl,100,sf_shift,71.27,65.86,62.31
standard_benchmark,scannetpp,MoGeV2-moge-2-vitl,100,calib_ro,73.32,65.86,71.81
standard_benchmark,scannetpp,MoGeV2-moge-2-vitl,100,mdecalib_ro,46.86,65.86,70.59
standard_benchmark,scannetpp,MoGeV2-moge-2-vitl,100,sf_ro,69.78,65.86,78.74
standard_benchmark,scannetpp,MoGeV2-moge-2-vitl,100,calib_shift_ro,72.77,65.86,73.32
standard_benchmark,scannetpp,MoGeV2-moge-2-vitl,100,mdecalib_shift_ro,48.32,65.86,72.39
standard_benchmark,scannetpp,MoGeV2-moge-2-vitl,100,sf_shift_ro,66.83,65.86,79.11
standard_benchmark,scannetpp,MoGeV2-moge-2-vitl,500,calib,81.33,65.86,64.1
standard_benchmark,scannetpp,MoGeV2-moge-2-vitl,500,mdecalib,52.22,65.86,59.8
standard_benchmark,scannetpp,MoGeV2-moge-2-vitl,500,sf,75.32,65.86,63.07
standard_benchmark,scannetpp,MoGeV2-moge-2-vitl,500,calib_shift,80.98,65.86,64.18
standard_benchmark,scannetpp,MoGeV2-moge-2-vitl,500,mdecalib_shift,53.93,65.86,60.35
standard_benchmark,scannetpp,MoGeV2-moge-2-vitl,500,sf_shift,72.5,65.86,62.99
standard_benchmark,scannetpp,MoGeV2-moge-2-vitl,500,calib_ro,73.49,65.86,71.89
standard_benchmark,scannetpp,MoGeV2-moge-2-vitl,500,mdecalib_ro,46.92,65.86,70.65
standard_benchmark,scannetpp,MoGeV2-moge-2-vitl,500,sf_ro,70.0,65.86,78.86
standard_benchmark,scannetpp,MoGeV2-moge-2-vitl,500,calib_shift_ro,73.07,65.86,73.43
standard_benchmark,scannetpp,MoGeV2-moge-2-vitl,500,mdecalib_shift_ro,48.64,65.86,72.5
standard_benchmark,scannetpp,MoGeV2-moge-2-vitl,500,sf_shift_ro,67.68,65.86,79.42
standard_benchmark,scannetpp,MoGeV2-moge-2-vitl,1000,calib,81.38,65.86,64.19
standard_benchmark,scannetpp,MoGeV2-moge-2-vitl,1000,mdecalib,52.35,65.86,59.98
standard_benchmark,scannetpp,MoGeV2-moge-2-vitl,1000,sf,75.35,65.86,63.18
standard_benchmark,scannetpp,MoGeV2-moge-2-vitl,1000,calib_shift,81.06,65.86,64.27
standard_benchmark,scannetpp,MoGeV2-moge-2-vitl,1000,mdecalib_shift,54.14,65.86,60.47
standard_benchmark,scannetpp,MoGeV2-moge-2-vitl,1000,sf_shift,72.77,65.86,63.19
standard_benchmark,scannetpp,MoGeV2-moge-2-vitl,1000,calib_ro,73.53,65.86,71.9
standard_benchmark,scannetpp,MoGeV2-moge-2-vitl,1000,mdecalib_ro,46.94,65.86,70.66
standard_benchmark,scannetpp,MoGeV2-moge-2-vitl,1000,sf_ro,70.07,65.86,78.88
standard_benchmark,scannetpp,MoGeV2-moge-2-vitl,1000,calib_shift_ro,73.12,65.86,73.45
standard_benchmark,scannetpp,MoGeV2-moge-2-vitl,1000,mdecalib_shift_ro,48.67,65.86,72.52
standard_benchmark,scannetpp,MoGeV2-moge-2-vitl,1000,sf_shift_ro,67.75,65.86,79.47
standard_benchmark,scannetpp,MoGeV2Calib-moge-2-vitl,10,calib,78.81,65.65,62.49
standard_benchmark,scannetpp,MoGeV2Calib-moge-2-vitl,10,calib_shift,76.7,65.65,61.73
standard_benchmark,scannetpp,MoGeV2Calib-moge-2-vitl,10,calib_ro,72.18,65.65,71.26
standard_benchmark,scannetpp,MoGeV2Calib-moge-2-vitl,10,calib_shift_ro,70.09,65.65,71.94
standard_benchmark,scannetpp,MoGeV2Calib-moge-2-vitl,100,calib,81.24,65.65,63.86
standard_benchmark,scannetpp,MoGeV2Calib-moge-2-vitl,100,calib_shift,80.56,65.65,63.87
standard_benchmark,scannetpp,MoGeV2Calib-moge-2-vitl,100,calib_ro,73.92,65.65,71.9
standard_benchmark,scannetpp,MoGeV2Calib-moge-2-vitl,100,calib_shift_ro,72.78,65.65,73.32
standard_benchmark,scannetpp,MoGeV2Calib-moge-2-vitl,500,calib,81.63,65.65,64.13
standard_benchmark,scannetpp,MoGeV2Calib-moge-2-vitl,500,calib_shift,81.04,65.65,64.17
standard_benchmark,scannetpp,MoGeV2Calib-moge-2-vitl,500,calib_ro,74.09,65.65,71.96
standard_benchmark,scannetpp,MoGeV2Calib-moge-2-vitl,500,calib_shift_ro,73.08,65.65,73.43
standard_benchmark,scannetpp,MoGeV2Calib-moge-2-vitl,1000,calib,81.63,65.65,64.21
standard_benchmark,scannetpp,MoGeV2Calib-moge-2-vitl,1000,calib_shift,81.1,65.65,64.25
standard_benchmark,scannetpp,MoGeV2Calib-moge-2-vitl,1000,calib_ro,74.15,65.65,71.96
standard_benchmark,scannetpp,MoGeV2Calib-moge-2-vitl,1000,calib_shift_ro,73.11,65.65,73.45
standard_benchmark,scannetpp,Pi3-Pi3X,10,calib,77.64,115.63,62.25
standard_benchmark,scannetpp,Pi3-Pi3X,10,mdecalib,42.89,115.63,56.1
standard_benchmark,scannetpp,Pi3-Pi3X,10,sf,69.42,115.63,60.22
standard_benchmark,scannetpp,Pi3-Pi3X,10,calib_shift,75.62,115.63,61.37
standard_benchmark,scannetpp,Pi3-Pi3X,10,mdecalib_shift,43.96,115.63,56.2
standard_benchmark,scannetpp,Pi3-Pi3X,10,sf_shift,62.18,115.63,56.61
standard_benchmark,scannetpp,Pi3-Pi3X,10,calib_ro,70.73,115.63,70.17
standard_benchmark,scannetpp,Pi3-Pi3X,10,mdecalib_ro,38.94,115.63,68.12
standard_benchmark,scannetpp,Pi3-Pi3X,10,sf_ro,66.16,115.63,76.72
standard_benchmark,scannetpp,Pi3-Pi3X,10,calib_shift_ro,68.52,115.63,70.87
standard_benchmark,scannetpp,Pi3-Pi3X,10,mdecalib_shift_ro,39.96,115.63,69.47
standard_benchmark,scannetpp,Pi3-Pi3X,10,sf_shift_ro,60.41,115.63,75.15
standard_benchmark,scannetpp,Pi3-Pi3X,100,calib,80.39,115.63,63.74
standard_benchmark,scannetpp,Pi3-Pi3X,100,mdecalib,44.84,115.63,58.01
standard_benchmark,scannetpp,Pi3-Pi3X,100,sf,73.44,115.63,62.55
standard_benchmark,scannetpp,Pi3-Pi3X,100,calib_shift,79.9,115.63,63.8
standard_benchmark,scannetpp,Pi3-Pi3X,100,mdecalib_shift,46.81,115.63,58.83
standard_benchmark,scannetpp,Pi3-Pi3X,100,sf_shift,70.3,115.63,62.22
standard_benchmark,scannetpp,Pi3-Pi3X,100,calib_ro,72.45,115.63,70.84
standard_benchmark,scannetpp,Pi3-Pi3X,100,mdecalib_ro,40.16,115.63,68.9
standard_benchmark,scannetpp,Pi3-Pi3X,100,sf_ro,68.33,115.63,77.88
standard_benchmark,scannetpp,Pi3-Pi3X,100,calib_shift_ro,71.45,115.63,72.49
standard_benchmark,scannetpp,Pi3-Pi3X,100,mdecalib_shift_ro,42.11,115.63,71.09
standard_benchmark,scannetpp,Pi3-Pi3X,100,sf_shift_ro,65.49,115.63,78.41
standard_benchmark,scannetpp,Pi3-Pi3X,500,calib,80.94,115.63,64.08
standard_benchmark,scannetpp,Pi3-Pi3X,500,mdecalib,45.45,115.63,58.65
standard_benchmark,scannetpp,Pi3-Pi3X,500,sf,73.87,115.63,62.97
standard_benchmark,scannetpp,Pi3-Pi3X,500,calib_shift,80.5,115.63,64.14
standard_benchmark,scannetpp,Pi3-Pi3X,500,mdecalib_shift,47.46,115.63,59.32
standard_benchmark,scannetpp,Pi3-Pi3X,500,sf_shift,71.45,115.63,62.95
standard_benchmark,scannetpp,Pi3-Pi3X,500,calib_ro,72.55,115.63,70.86
standard_benchmark,scannetpp,Pi3-Pi3X,500,mdecalib_ro,40.24,115.63,68.96
standard_benchmark,scannetpp,Pi3-Pi3X,500,sf_ro,68.53,115.63,78.03
standard_benchmark,scannetpp,Pi3-Pi3X,500,calib_shift_ro,71.65,115.63,72.62
standard_benchmark,scannetpp,Pi3-Pi3X,500,mdecalib_shift_ro,42.27,115.63,71.25
standard_benchmark,scannetpp,Pi3-Pi3X,500,sf_shift_ro,66.41,115.63,78.76
standard_benchmark,scannetpp,Pi3-Pi3X,1000,calib,80.88,115.63,64.18
standard_benchmark,scannetpp,Pi3-Pi3X,1000,mdecalib,45.66,115.63,58.88
standard_benchmark,scannetpp,Pi3-Pi3X,1000,sf,74.01,115.63,63.12
standard_benchmark,scannetpp,Pi3-Pi3X,1000,calib_shift,80.6,115.63,64.22
standard_benchmark,scannetpp,Pi3-Pi3X,1000,mdecalib_shift,47.56,115.63,59.46
standard_benchmark,scannetpp,Pi3-Pi3X,1000,sf_shift,71.75,115.63,63.14
standard_benchmark,scannetpp,Pi3-Pi3X,1000,calib_ro,72.56,115.63,70.87
standard_benchmark,scannetpp,Pi3-Pi3X,1000,mdecalib_ro,40.26,115.63,68.96
standard_benchmark,scannetpp,Pi3-Pi3X,1000,sf_ro,68.59,115.63,78.06
standard_benchmark,scannetpp,Pi3-Pi3X,1000,calib_shift_ro,71.69,115.63,72.63
standard_benchmark,scannetpp,Pi3-Pi3X,1000,mdecalib_shift_ro,42.28,115.63,71.26
standard_benchmark,scannetpp,Pi3-Pi3X,1000,sf_shift_ro,66.45,115.63,78.82
standard_benchmark,scannetpp,Pi3Calib-Pi3X,10,calib,78.06,118.48,62.36
standard_benchmark,scannetpp,Pi3Calib-Pi3X,10,calib_shift,75.73,118.48,61.41
standard_benchmark,scannetpp,Pi3Calib-Pi3X,10,calib_ro,71.38,118.48,70.47
standard_benchmark,scannetpp,Pi3Calib-Pi3X,10,calib_shift_ro,68.9,118.48,70.93
standard_benchmark,scannetpp,Pi3Calib-Pi3X,100,calib,80.79,118.48,63.83
standard_benchmark,scannetpp,Pi3Calib-Pi3X,100,calib_shift,79.98,118.48,63.84
standard_benchmark,scannetpp,Pi3Calib-Pi3X,100,calib_ro,73.06,118.48,71.16
standard_benchmark,scannetpp,Pi3Calib-Pi3X,100,calib_shift_ro,71.59,118.48,72.54
standard_benchmark,scannetpp,Pi3Calib-Pi3X,500,calib,81.22,118.48,64.13
standard_benchmark,scannetpp,Pi3Calib-Pi3X,500,calib_shift,80.39,118.48,64.15
standard_benchmark,scannetpp,Pi3Calib-Pi3X,500,calib_ro,73.26,118.48,71.22
standard_benchmark,scannetpp,Pi3Calib-Pi3X,500,calib_shift_ro,71.85,118.48,72.66
standard_benchmark,scannetpp,Pi3Calib-Pi3X,1000,calib,81.2,118.48,64.22
standard_benchmark,scannetpp,Pi3Calib-Pi3X,1000,calib_shift,80.5,118.48,64.24
standard_benchmark,scannetpp,Pi3Calib-Pi3X,1000,calib_ro,73.33,118.48,71.23
standard_benchmark,scannetpp,Pi3Calib-Pi3X,1000,calib_shift_ro,71.89,118.48,72.69
standard_benchmark,scannetpp,UniDepth1-cnvnxtl,10,calib,69.71,75.12,60.36
standard_benchmark,scannetpp,UniDepth1-cnvnxtl,10,mdecalib,35.17,75.12,49.3
standard_benchmark,scannetpp,UniDepth1-cnvnxtl,10,sf,58.35,75.12,57.49
standard_benchmark,scannetpp,UniDepth1-cnvnxtl,10,calib_shift,68.58,75.12,59.25
standard_benchmark,scannetpp,UniDepth1-cnvnxtl,10,mdecalib_shift,31.67,75.12,48.81
standard_benchmark,scannetpp,UniDepth1-cnvnxtl,10,sf_shift,51.24,75.12,52.43
standard_benchmark,scannetpp,UniDepth1-cnvnxtl,10,calib_ro,55.53,75.12,63.08
standard_benchmark,scannetpp,UniDepth1-cnvnxtl,10,mdecalib_ro,30.45,75.12,58.98
standard_benchmark,scannetpp,UniDepth1-cnvnxtl,10,sf_ro,49.28,75.12,71.35
standard_benchmark,scannetpp,UniDepth1-cnvnxtl,10,calib_shift_ro,54.55,75.12,64.53
standard_benchmark,scannetpp,UniDepth1-cnvnxtl,10,mdecalib_shift_ro,28.59,75.12,60.78
standard_benchmark,scannetpp,UniDepth1-cnvnxtl,10,sf_shift_ro,45.34,75.12,69.48
standard_benchmark,scannetpp,UniDepth1-cnvnxtl,100,calib,74.28,75.12,63.04
standard_benchmark,scannetpp,UniDepth1-cnvnxtl,100,mdecalib,36.97,75.12,52.89
standard_benchmark,scannetpp,UniDepth1-cnvnxtl,100,sf,63.62,75.12,61.41
standard_benchmark,scannetpp,UniDepth1-cnvnxtl,100,calib_shift,75.58,75.12,63.21
standard_benchmark,scannetpp,UniDepth1-cnvnxtl,100,mdecalib_shift,34.72,75.12,53.8
standard_benchmark,scannetpp,UniDepth1-cnvnxtl,100,sf_shift,61.72,75.12,60.89
standard_benchmark,scannetpp,UniDepth1-cnvnxtl,100,calib_ro,57.7,75.12,64.02
standard_benchmark,scannetpp,UniDepth1-cnvnxtl,100,mdecalib_ro,32.04,75.12,59.92
standard_benchmark,scannetpp,UniDepth1-cnvnxtl,100,sf_ro,52.04,75.12,73.17
standard_benchmark,scannetpp,UniDepth1-cnvnxtl,100,calib_shift_ro,57.88,75.12,66.68
standard_benchmark,scannetpp,UniDepth1-cnvnxtl,100,mdecalib_shift_ro,30.75,75.12,63.31
standard_benchmark,scannetpp,UniDepth1-cnvnxtl,100,sf_shift_ro,50.7,75.12,74.32
standard_benchmark,scannetpp,UniDepth1-cnvnxtl,500,calib,75.64,75.12,63.68
standard_benchmark,scannetpp,UniDepth1-cnvnxtl,500,mdecalib,37.25,75.12,54.31
standard_benchmark,scannetpp,UniDepth1-cnvnxtl,500,sf,64.99,75.12,62.33
standard_benchmark,scannetpp,UniDepth1-cnvnxtl,500,calib_shift,77.18,75.12,63.89
standard_benchmark,scannetpp,UniDepth1-cnvnxtl,500,mdecalib_shift,35.05,75.12,55.13
standard_benchmark,scannetpp,UniDepth1-cnvnxtl,500,sf_shift,64.3,75.12,62.31
standard_benchmark,scannetpp,UniDepth1-cnvnxtl,500,calib_ro,58.03,75.12,64.06
standard_benchmark,scannetpp,UniDepth1-cnvnxtl,500,mdecalib_ro,32.34,75.12,60.02
standard_benchmark,scannetpp,UniDepth1-cnvnxtl,500,sf_ro,52.56,75.12,73.4
standard_benchmark,scannetpp,UniDepth1-cnvnxtl,500,calib_shift_ro,58.42,75.12,66.85
standard_benchmark,scannetpp,UniDepth1-cnvnxtl,500,mdecalib_shift_ro,31.15,75.12,63.55
standard_benchmark,scannetpp,UniDepth1-cnvnxtl,500,sf_shift_ro,51.76,75.12,74.87
standard_benchmark,scannetpp,UniDepth1-cnvnxtl,1000,calib,75.89,75.12,63.86
standard_benchmark,scannetpp,UniDepth1-cnvnxtl,1000,mdecalib,37.4,75.12,54.81
standard_benchmark,scannetpp,UniDepth1-cnvnxtl,1000,sf,65.45,75.12,62.57
standard_benchmark,scannetpp,UniDepth1-cnvnxtl,1000,calib_shift,77.45,75.12,64.05
standard_benchmark,scannetpp,UniDepth1-cnvnxtl,1000,mdecalib_shift,35.07,75.12,55.52
standard_benchmark,scannetpp,UniDepth1-cnvnxtl,1000,sf_shift,65.07,75.12,62.66
standard_benchmark,scannetpp,UniDepth1-cnvnxtl,1000,calib_ro,58.09,75.12,64.06
standard_benchmark,scannetpp,UniDepth1-cnvnxtl,1000,mdecalib_ro,32.35,75.12,60.02
standard_benchmark,scannetpp,UniDepth1-cnvnxtl,1000,sf_ro,52.62,75.12,73.44
standard_benchmark,scannetpp,UniDepth1-cnvnxtl,1000,calib_shift_ro,58.68,75.12,66.88
standard_benchmark,scannetpp,UniDepth1-cnvnxtl,1000,mdecalib_shift_ro,31.16,75.12,63.59
standard_benchmark,scannetpp,UniDepth1-cnvnxtl,1000,sf_shift_ro,52.01,75.12,75.0
standard_benchmark,scannetpp,UniDepth1-vitl14,10,calib,72.27,122.42,61.13
standard_benchmark,scannetpp,UniDepth1-vitl14,10,mdecalib,29.99,122.42,46.78
standard_benchmark,scannetpp,UniDepth1-vitl14,10,sf,62.08,122.42,59.02
standard_benchmark,scannetpp,UniDepth1-vitl14,10,calib_shift,71.6,122.42,60.36
standard_benchmark,scannetpp,UniDepth1-vitl14,10,mdecalib_shift,26.46,122.42,46.54
standard_benchmark,scannetpp,UniDepth1-vitl14,10,sf_shift,56.58,122.42,55.09
standard_benchmark,scannetpp,UniDepth1-vitl14,10,calib_ro,61.55,122.42,66.45
standard_benchmark,scannetpp,UniDepth1-vitl14,10,mdecalib_ro,28.28,122.42,57.89
standard_benchmark,scannetpp,UniDepth1-vitl14,10,sf_ro,55.66,122.42,74.36
standard_benchmark,scannetpp,UniDepth1-vitl14,10,calib_shift_ro,60.94,122.42,67.67
standard_benchmark,scannetpp,UniDepth1-vitl14,10,mdecalib_shift_ro,25.73,122.42,60.07
standard_benchmark,scannetpp,UniDepth1-vitl14,10,sf_shift_ro,52.12,122.42,72.69
standard_benchmark,scannetpp,UniDepth1-vitl14,100,calib,75.81,122.42,63.27
standard_benchmark,scannetpp,UniDepth1-vitl14,100,mdecalib,31.46,122.42,50.74
standard_benchmark,scannetpp,UniDepth1-vitl14,100,sf,66.04,122.42,61.93
standard_benchmark,scannetpp,UniDepth1-vitl14,100,calib_shift,77.23,122.42,63.56
standard_benchmark,scannetpp,UniDepth1-vitl14,100,mdecalib_shift,28.68,122.42,51.91
standard_benchmark,scannetpp,UniDepth1-vitl14,100,sf_shift,65.57,122.42,61.73
standard_benchmark,scannetpp,UniDepth1-vitl14,100,calib_ro,63.25,122.42,67.16
standard_benchmark,scannetpp,UniDepth1-vitl14,100,mdecalib_ro,29.45,122.42,58.98
standard_benchmark,scannetpp,UniDepth1-vitl14,100,sf_ro,57.84,122.42,75.74
standard_benchmark,scannetpp,UniDepth1-vitl14,100,calib_shift_ro,63.92,122.42,69.44
standard_benchmark,scannetpp,UniDepth1-vitl14,100,mdecalib_shift_ro,27.6,122.42,62.67
standard_benchmark,scannetpp,UniDepth1-vitl14,100,sf_shift_ro,57.21,122.42,76.64
standard_benchmark,scannetpp,UniDepth1-vitl14,500,calib,76.61,122.42,63.78
standard_benchmark,scannetpp,UniDepth1-vitl14,500,mdecalib,31.5,122.42,52.43
standard_benchmark,scannetpp,UniDepth1-vitl14,500,sf,67.04,122.42,62.59
standard_benchmark,scannetpp,UniDepth1-vitl14,500,calib_shift,78.43,122.42,64.08
standard_benchmark,scannetpp,UniDepth1-vitl14,500,mdecalib_shift,28.67,122.42,53.38
standard_benchmark,scannetpp,UniDepth1-vitl14,500,sf_shift,67.2,122.42,62.73
standard_benchmark,scannetpp,UniDepth1-vitl14,500,calib_ro,63.44,122.42,67.26
standard_benchmark,scannetpp,UniDepth1-vitl14,500,mdecalib_ro,29.6,122.42,59.11
standard_benchmark,scannetpp,UniDepth1-vitl14,500,sf_ro,58.09,122.42,75.95
standard_benchmark,scannetpp,UniDepth1-vitl14,500,calib_shift_ro,64.33,122.42,69.63
standard_benchmark,scannetpp,UniDepth1-vitl14,500,mdecalib_shift_ro,27.83,122.42,62.91
standard_benchmark,scannetpp,UniDepth1-vitl14,500,sf_shift_ro,58.15,122.42,77.05
standard_benchmark,scannetpp,UniDepth1-vitl14,1000,calib,76.89,122.42,63.92
standard_benchmark,scannetpp,UniDepth1-vitl14,1000,mdecalib,31.55,122.42,53.06
standard_benchmark,scannetpp,UniDepth1-vitl14,1000,sf,67.24,122.42,62.77
standard_benchmark,scannetpp,UniDepth1-vitl14,1000,calib_shift,78.71,122.42,64.19
standard_benchmark,scannetpp,UniDepth1-vitl14,1000,mdecalib_shift,28.7,122.42,53.83
standard_benchmark,scannetpp,UniDepth1-vitl14,1000,sf_shift,67.52,122.42,62.94
standard_benchmark,scannetpp,UniDepth1-vitl14,1000,calib_ro,63.54,122.42,67.27
standard_benchmark,scannetpp,UniDepth1-vitl14,1000,mdecalib_ro,29.59,122.42,59.13
standard_benchmark,scannetpp,UniDepth1-vitl14,1000,sf_ro,58.12,122.42,75.98
standard_benchmark,scannetpp,UniDepth1-vitl14,1000,calib_shift_ro,64.44,122.42,69.66
standard_benchmark,scannetpp,UniDepth1-vitl14,1000,mdecalib_shift_ro,27.88,122.42,62.97
standard_benchmark,scannetpp,UniDepth1-vitl14,1000,sf_shift_ro,58.31,122.42,77.15
standard_benchmark,scannetpp,UniDepth1Calib-cnvnxtl,10,calib,70.11,71.48,60.4
standard_benchmark,scannetpp,UniDepth1Calib-cnvnxtl,10,calib_shift,68.45,71.48,59.21
standard_benchmark,scannetpp,UniDepth1Calib-cnvnxtl,10,calib_ro,55.66,71.48,63.04
standard_benchmark,scannetpp,UniDepth1Calib-cnvnxtl,10,calib_shift_ro,54.26,71.48,64.37
standard_benchmark,scannetpp,UniDepth1Calib-cnvnxtl,100,calib,74.46,71.48,63.06
standard_benchmark,scannetpp,UniDepth1Calib-cnvnxtl,100,calib_shift,75.44,71.48,63.21
standard_benchmark,scannetpp,UniDepth1Calib-cnvnxtl,100,calib_ro,57.93,71.48,63.92
standard_benchmark,scannetpp,UniDepth1Calib-cnvnxtl,100,calib_shift_ro,57.65,71.48,66.54
standard_benchmark,scannetpp,UniDepth1Calib-cnvnxtl,500,calib,75.74,71.48,63.71
standard_benchmark,scannetpp,UniDepth1Calib-cnvnxtl,500,calib_shift,77.12,71.48,63.89
standard_benchmark,scannetpp,UniDepth1Calib-cnvnxtl,500,calib_ro,58.28,71.48,63.98
standard_benchmark,scannetpp,UniDepth1Calib-cnvnxtl,500,calib_shift_ro,58.25,71.48,66.73
standard_benchmark,scannetpp,UniDepth1Calib-cnvnxtl,1000,calib,76.14,71.48,63.89
standard_benchmark,scannetpp,UniDepth1Calib-cnvnxtl,1000,calib_shift,77.57,71.48,64.07
standard_benchmark,scannetpp,UniDepth1Calib-cnvnxtl,1000,calib_ro,58.4,71.48,63.98
standard_benchmark,scannetpp,UniDepth1Calib-cnvnxtl,1000,calib_shift_ro,58.4,71.48,66.74
standard_benchmark,scannetpp,UniDepth1Calib-vitl14,10,calib,72.66,121.53,61.23
standard_benchmark,scannetpp,UniDepth1Calib-vitl14,10,calib_shift,71.14,121.53,60.31
standard_benchmark,scannetpp,UniDepth1Calib-vitl14,10,calib_ro,61.59,121.53,66.25
standard_benchmark,scannetpp,UniDepth1Calib-vitl14,10,calib_shift_ro,60.18,121.53,67.39
standard_benchmark,scannetpp,UniDepth1Calib-vitl14,100,calib,76.08,121.53,63.29
standard_benchmark,scannetpp,UniDepth1Calib-vitl14,100,calib_shift,77.03,121.53,63.53
standard_benchmark,scannetpp,UniDepth1Calib-vitl14,100,calib_ro,63.38,121.53,67.04
standard_benchmark,scannetpp,UniDepth1Calib-vitl14,100,calib_shift_ro,63.38,121.53,69.25
standard_benchmark,scannetpp,UniDepth1Calib-vitl14,500,calib,76.81,121.53,63.79
standard_benchmark,scannetpp,UniDepth1Calib-vitl14,500,calib_shift,78.08,121.53,64.01
standard_benchmark,scannetpp,UniDepth1Calib-vitl14,500,calib_ro,63.73,121.53,67.1
standard_benchmark,scannetpp,UniDepth1Calib-vitl14,500,calib_shift_ro,63.87,121.53,69.42
standard_benchmark,scannetpp,UniDepth1Calib-vitl14,1000,calib,77.06,121.53,63.93
standard_benchmark,scannetpp,UniDepth1Calib-vitl14,1000,calib_shift,78.29,121.53,64.14
standard_benchmark,scannetpp,UniDepth1Calib-vitl14,1000,calib_ro,63.77,121.53,67.12
standard_benchmark,scannetpp,UniDepth1Calib-vitl14,1000,calib_shift_ro,63.95,121.53,69.44
standard_benchmark,scannetpp,UniDepth2-vitb14,10,calib,76.23,28.3,61.87
standard_benchmark,scannetpp,UniDepth2-vitb14,10,mdecalib,58.29,28.3,58.92
standard_benchmark,scannetpp,UniDepth2-vitb14,10,sf,68.1,28.3,59.74
standard_benchmark,scannetpp,UniDepth2-vitb14,10,calib_shift,74.27,28.3,61.09
standard_benchmark,scannetpp,UniDepth2-vitb14,10,mdecalib_shift,57.7,28.3,58.41
standard_benchmark,scannetpp,UniDepth2-vitb14,10,sf_shift,59.63,28.3,55.64
standard_benchmark,scannetpp,UniDepth2-vitb14,10,calib_ro,67.55,28.3,68.18
standard_benchmark,scannetpp,UniDepth2-vitb14,10,mdecalib_ro,52.14,28.3,67.58
standard_benchmark,scannetpp,UniDepth2-vitb14,10,sf_ro,62.76,28.3,75.12
standard_benchmark,scannetpp,UniDepth2-vitb14,10,calib_shift_ro,65.18,28.3,69.04
standard_benchmark,scannetpp,UniDepth2-vitb14,10,mdecalib_shift_ro,51.3,28.3,68.5
standard_benchmark,scannetpp,UniDepth2-vitb14,10,sf_shift_ro,56.46,28.3,73.29
standard_benchmark,scannetpp,UniDepth2-vitb14,100,calib,79.24,28.3,63.62
standard_benchmark,scannetpp,UniDepth2-vitb14,100,mdecalib,60.95,28.3,60.77
standard_benchmark,scannetpp,UniDepth2-vitb14,100,sf,72.21,28.3,62.43
standard_benchmark,scannetpp,UniDepth2-vitb14,100,calib_shift,78.9,28.3,63.7
standard_benchmark,scannetpp,UniDepth2-vitb14,100,mdecalib_shift,61.68,28.3,61.15
standard_benchmark,scannetpp,UniDepth2-vitb14,100,sf_shift,68.58,28.3,61.94
standard_benchmark,scannetpp,UniDepth2-vitb14,100,calib_ro,69.44,28.3,68.96
standard_benchmark,scannetpp,UniDepth2-vitb14,100,mdecalib_ro,53.93,28.3,68.35
standard_benchmark,scannetpp,UniDepth2-vitb14,100,sf_ro,65.02,28.3,76.43
standard_benchmark,scannetpp,UniDepth2-vitb14,100,calib_shift_ro,68.32,28.3,70.76
standard_benchmark,scannetpp,UniDepth2-vitb14,100,mdecalib_shift_ro,54.17,28.3,70.26
standard_benchmark,scannetpp,UniDepth2-vitb14,100,sf_shift_ro,61.98,28.3,77.06
standard_benchmark,scannetpp,UniDepth2-vitb14,500,calib,80.05,28.3,64.02
standard_benchmark,scannetpp,UniDepth2-vitb14,500,mdecalib,61.68,28.3,61.28
standard_benchmark,scannetpp,UniDepth2-vitb14,500,sf,72.93,28.3,62.93
standard_benchmark,scannetpp,UniDepth2-vitb14,500,calib_shift,79.73,28.3,64.1
standard_benchmark,scannetpp,UniDepth2-vitb14,500,mdecalib_shift,62.37,28.3,61.6
standard_benchmark,scannetpp,UniDepth2-vitb14,500,sf_shift,70.28,28.3,62.83
standard_benchmark,scannetpp,UniDepth2-vitb14,500,calib_ro,69.72,28.3,69.03
standard_benchmark,scannetpp,UniDepth2-vitb14,500,mdecalib_ro,54.2,28.3,68.42
standard_benchmark,scannetpp,UniDepth2-vitb14,500,sf_ro,65.46,28.3,76.59
standard_benchmark,scannetpp,UniDepth2-vitb14,500,calib_shift_ro,68.77,28.3,70.9
standard_benchmark,scannetpp,UniDepth2-vitb14,500,mdecalib_shift_ro,54.65,28.3,70.41
standard_benchmark,scannetpp,UniDepth2-vitb14,500,sf_shift_ro,62.77,28.3,77.4
standard_benchmark,scannetpp,UniDepth2-vitb14,1000,calib,80.11,28.3,64.12
standard_benchmark,scannetpp,UniDepth2-vitb14,1000,mdecalib,61.87,28.3,61.42
standard_benchmark,scannetpp,UniDepth2-vitb14,1000,sf,73.04,28.3,63.06
standard_benchmark,scannetpp,UniDepth2-vitb14,1000,calib_shift,79.88,28.3,64.2
standard_benchmark,scannetpp,UniDepth2-vitb14,1000,mdecalib_shift,62.57,28.3,61.72
standard_benchmark,scannetpp,UniDepth2-vitb14,1000,sf_shift,70.55,28.3,63.04
standard_benchmark,scannetpp,UniDepth2-vitb14,1000,calib_ro,69.73,28.3,69.04
standard_benchmark,scannetpp,UniDepth2-vitb14,1000,mdecalib_ro,54.21,28.3,68.42
standard_benchmark,scannetpp,UniDepth2-vitb14,1000,sf_ro,65.49,28.3,76.64
standard_benchmark,scannetpp,UniDepth2-vitb14,1000,calib_shift_ro,68.88,28.3,70.92
standard_benchmark,scannetpp,UniDepth2-vitb14,1000,mdecalib_shift_ro,54.72,28.3,70.43
standard_benchmark,scannetpp,UniDepth2-vitb14,1000,sf_shift_ro,62.96,28.3,77.46
standard_benchmark,scannetpp,UniDepth2-vitl14,10,calib,77.94,40.54,62.29
standard_benchmark,scannetpp,UniDepth2-vitl14,10,mdecalib,66.37,40.54,60.16
standard_benchmark,scannetpp,UniDepth2-vitl14,10,sf,70.62,40.54,60.38
standard_benchmark,scannetpp,UniDepth2-vitl14,10,calib_shift,75.8,40.54,61.46
standard_benchmark,scannetpp,UniDepth2-vitl14,10,mdecalib_shift,64.81,40.54,59.57
standard_benchmark,scannetpp,UniDepth2-vitl14,10,sf_shift,62.95,40.54,56.94
standard_benchmark,scannetpp,UniDepth2-vitl14,10,calib_ro,70.85,40.54,70.41
standard_benchmark,scannetpp,UniDepth2-vitl14,10,mdecalib_ro,61.35,40.54,70.07
standard_benchmark,scannetpp,UniDepth2-vitl14,10,sf_ro,66.62,40.54,76.63
standard_benchmark,scannetpp,UniDepth2-vitl14,10,calib_shift_ro,68.58,40.54,71.19
standard_benchmark,scannetpp,UniDepth2-vitl14,10,mdecalib_shift_ro,60.26,40.54,70.82
standard_benchmark,scannetpp,UniDepth2-vitl14,10,sf_shift_ro,60.35,40.54,74.81
standard_benchmark,scannetpp,UniDepth2-vitl14,100,calib,80.69,40.54,63.78
standard_benchmark,scannetpp,UniDepth2-vitl14,100,mdecalib,68.77,40.54,61.74
standard_benchmark,scannetpp,UniDepth2-vitl14,100,sf,74.22,40.54,62.66
standard_benchmark,scannetpp,UniDepth2-vitl14,100,calib_shift,79.92,40.54,63.8
standard_benchmark,scannetpp,UniDepth2-vitl14,100,mdecalib_shift,68.71,40.54,62.0
standard_benchmark,scannetpp,UniDepth2-vitl14,100,sf_shift,70.56,40.54,62.24
standard_benchmark,scannetpp,UniDepth2-vitl14,100,calib_ro,72.62,40.54,71.11
standard_benchmark,scannetpp,UniDepth2-vitl14,100,mdecalib_ro,63.02,40.54,70.76
standard_benchmark,scannetpp,UniDepth2-vitl14,100,sf_ro,68.95,40.54,77.76
standard_benchmark,scannetpp,UniDepth2-vitl14,100,calib_shift_ro,71.39,40.54,72.69
standard_benchmark,scannetpp,UniDepth2-vitl14,100,mdecalib_shift_ro,62.93,40.54,72.33
standard_benchmark,scannetpp,UniDepth2-vitl14,100,sf_shift_ro,65.74,40.54,78.26
standard_benchmark,scannetpp,UniDepth2-vitl14,500,calib,81.15,40.54,64.08
standard_benchmark,scannetpp,UniDepth2-vitl14,500,mdecalib,69.23,40.54,62.13
standard_benchmark,scannetpp,UniDepth2-vitl14,500,sf,74.75,40.54,63.07
standard_benchmark,scannetpp,UniDepth2-vitl14,500,calib_shift,80.62,40.54,64.14
standard_benchmark,scannetpp,UniDepth2-vitl14,500,mdecalib_shift,69.3,40.54,62.36
standard_benchmark,scannetpp,UniDepth2-vitl14,500,sf_shift,71.8,40.54,62.96
standard_benchmark,scannetpp,UniDepth2-vitl14,500,calib_ro,72.78,40.54,71.19
standard_benchmark,scannetpp,UniDepth2-vitl14,500,mdecalib_ro,63.18,40.54,70.82
standard_benchmark,scannetpp,UniDepth2-vitl14,500,sf_ro,69.2,40.54,77.88
standard_benchmark,scannetpp,UniDepth2-vitl14,500,calib_shift_ro,71.63,40.54,72.8
standard_benchmark,scannetpp,UniDepth2-vitl14,500,mdecalib_shift_ro,63.22,40.54,72.45
standard_benchmark,scannetpp,UniDepth2-vitl14,500,sf_shift_ro,66.46,40.54,78.56
standard_benchmark,scannetpp,UniDepth2-vitl14,1000,calib,81.16,40.54,64.17
standard_benchmark,scannetpp,UniDepth2-vitl14,1000,mdecalib,69.31,40.54,62.22
standard_benchmark,scannetpp,UniDepth2-vitl14,1000,sf,74.82,40.54,63.18
standard_benchmark,scannetpp,UniDepth2-vitl14,1000,calib_shift,80.69,40.54,64.23
standard_benchmark,scannetpp,UniDepth2-vitl14,1000,mdecalib_shift,69.34,40.54,62.46
standard_benchmark,scannetpp,UniDepth2-vitl14,1000,sf_shift,72.12,40.54,63.14
standard_benchmark,scannetpp,UniDepth2-vitl14,1000,calib_ro,72.78,40.54,71.19
standard_benchmark,scannetpp,UniDepth2-vitl14,1000,mdecalib_ro,63.2,40.54,70.84
standard_benchmark,scannetpp,UniDepth2-vitl14,1000,sf_ro,69.22,40.54,77.91
standard_benchmark,scannetpp,UniDepth2-vitl14,1000,calib_shift_ro,71.6,40.54,72.81
standard_benchmark,scannetpp,UniDepth2-vitl14,1000,mdecalib_shift_ro,63.27,40.54,72.47
standard_benchmark,scannetpp,UniDepth2-vitl14,1000,sf_shift_ro,66.64,40.54,78.61
standard_benchmark,scannetpp,UniDepth2-vits14,10,calib,73.11,19.56,61.21
standard_benchmark,scannetpp,UniDepth2-vits14,10,mdecalib,51.31,19.56,56.89
standard_benchmark,scannetpp,UniDepth2-vits14,10,sf,63.65,19.56,58.76
standard_benchmark,scannetpp,UniDepth2-vits14,10,calib_shift,71.38,19.56,60.1
standard_benchmark,scannetpp,UniDepth2-vits14,10,mdecalib_shift,50.41,19.56,56.14
standard_benchmark,scannetpp,UniDepth2-vits14,10,sf_shift,55.45,19.56,54.08
standard_benchmark,scannetpp,UniDepth2-vits14,10,calib_ro,61.71,19.56,64.86
standard_benchmark,scannetpp,UniDepth2-vits14,10,mdecalib_ro,43.89,19.56,63.61
standard_benchmark,scannetpp,UniDepth2-vits14,10,sf_ro,55.88,19.56,72.76
standard_benchmark,scannetpp,UniDepth2-vits14,10,calib_shift_ro,60.09,19.56,66.17
standard_benchmark,scannetpp,UniDepth2-vits14,10,mdecalib_shift_ro,43.3,19.56,65.01
standard_benchmark,scannetpp,UniDepth2-vits14,10,sf_shift_ro,50.49,19.56,70.9
standard_benchmark,scannetpp,UniDepth2-vits14,100,calib,77.01,19.56,63.41
standard_benchmark,scannetpp,UniDepth2-vits14,100,mdecalib,54.5,19.56,59.36
standard_benchmark,scannetpp,UniDepth2-vits14,100,sf,68.48,19.56,62.06
standard_benchmark,scannetpp,UniDepth2-vits14,100,calib_shift,77.64,19.56,63.55
standard_benchmark,scannetpp,UniDepth2-vits14,100,mdecalib_shift,55.04,19.56,59.72
standard_benchmark,scannetpp,UniDepth2-vits14,100,sf_shift,65.41,19.56,61.53
standard_benchmark,scannetpp,UniDepth2-vits14,100,calib_ro,63.82,19.56,65.73
standard_benchmark,scannetpp,UniDepth2-vits14,100,mdecalib_ro,45.73,19.56,64.5
standard_benchmark,scannetpp,UniDepth2-vits14,100,sf_ro,58.53,19.56,74.46
standard_benchmark,scannetpp,UniDepth2-vits14,100,calib_shift_ro,63.34,19.56,68.01
standard_benchmark,scannetpp,UniDepth2-vits14,100,mdecalib_shift_ro,46.21,19.56,66.95
standard_benchmark,scannetpp,UniDepth2-vits14,100,sf_shift_ro,56.31,19.56,75.43
standard_benchmark,scannetpp,UniDepth2-vits14,500,calib,77.98,19.56,63.9
standard_benchmark,scannetpp,UniDepth2-vits14,500,mdecalib,55.24,19.56,60.0
standard_benchmark,scannetpp,UniDepth2-vits14,500,sf,69.6,19.56,62.74
standard_benchmark,scannetpp,UniDepth2-vits14,500,calib_shift,78.72,19.56,64.02
standard_benchmark,scannetpp,UniDepth2-vits14,500,mdecalib_shift,55.8,19.56,60.37
standard_benchmark,scannetpp,UniDepth2-vits14,500,sf_shift,67.28,19.56,62.64
standard_benchmark,scannetpp,UniDepth2-vits14,500,calib_ro,64.16,19.56,65.81
standard_benchmark,scannetpp,UniDepth2-vits14,500,mdecalib_ro,46.12,19.56,64.59
standard_benchmark,scannetpp,UniDepth2-vits14,500,sf_ro,59.05,19.56,74.7
standard_benchmark,scannetpp,UniDepth2-vits14,500,calib_shift_ro,63.95,19.56,68.22
standard_benchmark,scannetpp,UniDepth2-vits14,500,mdecalib_shift_ro,46.75,19.56,67.15
standard_benchmark,scannetpp,UniDepth2-vits14,500,sf_shift_ro,57.48,19.56,75.92
standard_benchmark,scannetpp,UniDepth2-vits14,1000,calib,78.2,19.56,64.03
standard_benchmark,scannetpp,UniDepth2-vits14,1000,mdecalib,55.49,19.56,60.2
standard_benchmark,scannetpp,UniDepth2-vits14,1000,sf,69.81,19.56,62.91
standard_benchmark,scannetpp,UniDepth2-vits14,1000,calib_shift,78.94,19.56,64.13
standard_benchmark,scannetpp,UniDepth2-vits14,1000,mdecalib_shift,56.12,19.56,60.52
standard_benchmark,scannetpp,UniDepth2-vits14,1000,sf_shift,67.84,19.56,62.91
standard_benchmark,scannetpp,UniDepth2-vits14,1000,calib_ro,64.32,19.56,65.81
standard_benchmark,scannetpp,UniDepth2-vits14,1000,mdecalib_ro,46.19,19.56,64.59
standard_benchmark,scannetpp,UniDepth2-vits14,1000,sf_ro,59.18,19.56,74.75
standard_benchmark,scannetpp,UniDepth2-vits14,1000,calib_shift_ro,64.1,19.56,68.26
standard_benchmark,scannetpp,UniDepth2-vits14,1000,mdecalib_shift_ro,46.88,19.56,67.19
standard_benchmark,scannetpp,UniDepth2-vits14,1000,sf_shift_ro,57.76,19.56,76.0
standard_benchmark,scannetpp,UniDepth2Calib-vitb14,10,calib,76.14,29.13,61.82
standard_benchmark,scannetpp,UniDepth2Calib-vitb14,10,calib_shift,74.27,29.13,61.12
standard_benchmark,scannetpp,UniDepth2Calib-vitb14,10,calib_ro,67.54,29.13,68.17
standard_benchmark,scannetpp,UniDepth2Calib-vitb14,10,calib_shift_ro,65.12,29.13,69.03
standard_benchmark,scannetpp,UniDepth2Calib-vitb14,100,calib,79.21,29.13,63.62
standard_benchmark,scannetpp,UniDepth2Calib-vitb14,100,calib_shift,78.91,29.13,63.71
standard_benchmark,scannetpp,UniDepth2Calib-vitb14,100,calib_ro,69.49,29.13,68.97
standard_benchmark,scannetpp,UniDepth2Calib-vitb14,100,calib_shift_ro,68.27,29.13,70.79
standard_benchmark,scannetpp,UniDepth2Calib-vitb14,500,calib,79.97,29.13,64.02
standard_benchmark,scannetpp,UniDepth2Calib-vitb14,500,calib_shift,79.74,29.13,64.12
standard_benchmark,scannetpp,UniDepth2Calib-vitb14,500,calib_ro,69.75,29.13,69.05
standard_benchmark,scannetpp,UniDepth2Calib-vitb14,500,calib_shift_ro,68.69,29.13,70.92
standard_benchmark,scannetpp,UniDepth2Calib-vitb14,1000,calib,80.03,29.13,64.13
standard_benchmark,scannetpp,UniDepth2Calib-vitb14,1000,calib_shift,79.86,29.13,64.21
standard_benchmark,scannetpp,UniDepth2Calib-vitb14,1000,calib_ro,69.8,29.13,69.07
standard_benchmark,scannetpp,UniDepth2Calib-vitb14,1000,calib_shift_ro,68.85,29.13,70.93
standard_benchmark,scannetpp,UniDepth2Calib-vitl14,10,calib,78.18,41.66,62.33
standard_benchmark,scannetpp,UniDepth2Calib-vitl14,10,calib_shift,75.84,41.66,61.5
standard_benchmark,scannetpp,UniDepth2Calib-vitl14,10,calib_ro,71.03,41.66,70.5
standard_benchmark,scannetpp,UniDepth2Calib-vitl14,10,calib_shift_ro,68.65,41.66,71.22
standard_benchmark,scannetpp,UniDepth2Calib-vitl14,100,calib,80.78,41.66,63.79
standard_benchmark,scannetpp,UniDepth2Calib-vitl14,100,calib_shift,79.92,41.66,63.81
standard_benchmark,scannetpp,UniDepth2Calib-vitl14,100,calib_ro,72.86,41.66,71.21
standard_benchmark,scannetpp,UniDepth2Calib-vitl14,100,calib_shift_ro,71.45,41.66,72.71
standard_benchmark,scannetpp,UniDepth2Calib-vitl14,500,calib,81.31,41.66,64.09
standard_benchmark,scannetpp,UniDepth2Calib-vitl14,500,calib_shift,80.64,41.66,64.14
standard_benchmark,scannetpp,UniDepth2Calib-vitl14,500,calib_ro,73.02,41.66,71.27
standard_benchmark,scannetpp,UniDepth2Calib-vitl14,500,calib_shift_ro,71.59,41.66,72.83
standard_benchmark,scannetpp,UniDepth2Calib-vitl14,1000,calib,81.28,41.66,64.19
standard_benchmark,scannetpp,UniDepth2Calib-vitl14,1000,calib_shift,80.8,41.66,64.24
standard_benchmark,scannetpp,UniDepth2Calib-vitl14,1000,calib_ro,73.05,41.66,71.27
standard_benchmark,scannetpp,UniDepth2Calib-vitl14,1000,calib_shift_ro,71.62,41.66,72.84
standard_benchmark,scannetpp,UniDepth2Calib-vits14,10,calib,73.15,20.8,61.22
standard_benchmark,scannetpp,UniDepth2Calib-vits14,10,calib_shift,71.31,20.8,60.03
standard_benchmark,scannetpp,UniDepth2Calib-vits14,10,calib_ro,61.63,20.8,64.88
standard_benchmark,scannetpp,UniDepth2Calib-vits14,10,calib_shift_ro,59.87,20.8,66.12
standard_benchmark,scannetpp,UniDepth2Calib-vits14,100,calib,77.09,20.8,63.42
standard_benchmark,scannetpp,UniDepth2Calib-vits14,100,calib_shift,77.59,20.8,63.51
standard_benchmark,scannetpp,UniDepth2Calib-vits14,100,calib_ro,63.73,20.8,65.76
standard_benchmark,scannetpp,UniDepth2Calib-vits14,100,calib_shift_ro,63.38,20.8,67.98
standard_benchmark,scannetpp,UniDepth2Calib-vits14,500,calib,78.11,20.8,63.91
standard_benchmark,scannetpp,UniDepth2Calib-vits14,500,calib_shift,78.57,20.8,64.02
standard_benchmark,scannetpp,UniDepth2Calib-vits14,500,calib_ro,64.15,20.8,65.84
standard_benchmark,scannetpp,UniDepth2Calib-vits14,500,calib_shift_ro,63.95,20.8,68.17
standard_benchmark,scannetpp,UniDepth2Calib-vits14,1000,calib,78.27,20.8,64.05
standard_benchmark,scannetpp,UniDepth2Calib-vits14,1000,calib_shift,78.87,20.8,64.14
standard_benchmark,scannetpp,UniDepth2Calib-vits14,1000,calib_ro,64.28,20.8,65.84
standard_benchmark,scannetpp,UniDepth2Calib-vits14,1000,calib_shift_ro,64.12,20.8,68.21
standard_benchmark,scannetpp,UniK3D-vitl,10,calib,78.26,42.98,62.35
standard_benchmark,scannetpp,UniK3D-vitl,10,mdecalib,0.0,42.98,
standard_benchmark,scannetpp,UniK3D-vitl,10,sf,70.86,42.98,60.49
standard_benchmark,scannetpp,UniK3D-vitl,10,calib_shift,76.31,42.98,61.54
standard_benchmark,scannetpp,UniK3D-vitl,10,mdecalib_shift,0.0,42.98,
standard_benchmark,scannetpp,UniK3D-vitl,10,sf_shift,63.12,42.98,56.77
standard_benchmark,scannetpp,UniK3D-vitl,10,calib_ro,71.16,42.98,70.8
standard_benchmark,scannetpp,UniK3D-vitl,10,mdecalib_ro,0.0,42.98,
standard_benchmark,scannetpp,UniK3D-vitl,10,sf_ro,67.1,42.98,76.85
standard_benchmark,scannetpp,UniK3D-vitl,10,calib_shift_ro,69.07,42.98,71.39
standard_benchmark,scannetpp,UniK3D-vitl,10,mdecalib_shift_ro,0.0,42.98,
standard_benchmark,scannetpp,UniK3D-vitl,10,sf_shift_ro,61.03,42.98,75.23
standard_benchmark,scannetpp,UniK3D-vitl,100,calib,81.02,42.98,63.82
standard_benchmark,scannetpp,UniK3D-vitl,100,mdecalib,0.0,42.98,
standard_benchmark,scannetpp,UniK3D-vitl,100,sf,74.38,42.98,62.65
standard_benchmark,scannetpp,UniK3D-vitl,100,calib_shift,80.2,42.98,63.8
standard_benchmark,scannetpp,UniK3D-vitl,100,mdecalib_shift,0.0,42.98,
standard_benchmark,scannetpp,UniK3D-vitl,100,sf_shift,71.02,42.98,62.34
standard_benchmark,scannetpp,UniK3D-vitl,100,calib_ro,73.01,42.98,71.43
standard_benchmark,scannetpp,UniK3D-vitl,100,mdecalib_ro,0.0,42.98,
standard_benchmark,scannetpp,UniK3D-vitl,100,sf_ro,69.33,42.98,77.95
standard_benchmark,scannetpp,UniK3D-vitl,100,calib_shift_ro,71.94,42.98,72.91
standard_benchmark,scannetpp,UniK3D-vitl,100,mdecalib_shift_ro,0.0,42.98,
standard_benchmark,scannetpp,UniK3D-vitl,100,sf_shift_ro,66.23,42.98,78.46
standard_benchmark,scannetpp,UniK3D-vitl,500,calib,81.43,42.98,64.1
standard_benchmark,scannetpp,UniK3D-vitl,500,mdecalib,0.0,42.98,
standard_benchmark,scannetpp,UniK3D-vitl,500,sf,74.94,42.98,63.03
standard_benchmark,scannetpp,UniK3D-vitl,500,calib_shift,80.75,42.98,64.14
standard_benchmark,scannetpp,UniK3D-vitl,500,mdecalib_shift,0.0,42.98,
standard_benchmark,scannetpp,UniK3D-vitl,500,sf_shift,72.25,42.98,62.99
standard_benchmark,scannetpp,UniK3D-vitl,500,calib_ro,73.19,42.98,71.47
standard_benchmark,scannetpp,UniK3D-vitl,500,mdecalib_ro,0.0,42.98,
standard_benchmark,scannetpp,UniK3D-vitl,500,sf_ro,69.58,42.98,78.08
standard_benchmark,scannetpp,UniK3D-vitl,500,calib_shift_ro,72.23,42.98,73.04
standard_benchmark,scannetpp,UniK3D-vitl,500,mdecalib_shift_ro,0.0,42.98,
standard_benchmark,scannetpp,UniK3D-vitl,500,sf_shift_ro,66.96,42.98,78.75
standard_benchmark,scannetpp,UniK3D-vitl,1000,calib,81.43,42.98,64.19
standard_benchmark,scannetpp,UniK3D-vitl,1000,mdecalib,0.0,42.98,
standard_benchmark,scannetpp,UniK3D-vitl,1000,sf,75.04,42.98,63.15
standard_benchmark,scannetpp,UniK3D-vitl,1000,calib_shift,80.84,42.98,64.22
standard_benchmark,scannetpp,UniK3D-vitl,1000,mdecalib_shift,0.0,42.98,
standard_benchmark,scannetpp,UniK3D-vitl,1000,sf_shift,72.47,42.98,63.16
standard_benchmark,scannetpp,UniK3D-vitl,1000,calib_ro,73.23,42.98,71.48
standard_benchmark,scannetpp,UniK3D-vitl,1000,mdecalib_ro,0.0,42.98,
standard_benchmark,scannetpp,UniK3D-vitl,1000,sf_ro,69.61,42.98,78.11
standard_benchmark,scannetpp,UniK3D-vitl,1000,calib_shift_ro,72.29,42.98,73.05
standard_benchmark,scannetpp,UniK3D-vitl,1000,mdecalib_shift_ro,0.0,42.98,
standard_benchmark,scannetpp,UniK3D-vitl,1000,sf_shift_ro,67.17,42.98,78.8
standard_benchmark,scannetpp,UniK3DCalib-vitl,10,calib,78.46,44.38,62.39
standard_benchmark,scannetpp,UniK3DCalib-vitl,10,calib_shift,76.07,44.38,61.52
standard_benchmark,scannetpp,UniK3DCalib-vitl,10,calib_ro,71.4,44.38,70.88
standard_benchmark,scannetpp,UniK3DCalib-vitl,10,calib_shift_ro,69.03,44.38,71.38
standard_benchmark,scannetpp,UniK3DCalib-vitl,100,calib,81.1,44.38,63.82
standard_benchmark,scannetpp,UniK3DCalib-vitl,100,calib_shift,80.13,44.38,63.81
standard_benchmark,scannetpp,UniK3DCalib-vitl,100,calib_ro,73.24,44.38,71.51
standard_benchmark,scannetpp,UniK3DCalib-vitl,100,calib_shift_ro,72.02,44.38,72.92
standard_benchmark,scannetpp,UniK3DCalib-vitl,500,calib,81.47,44.38,64.1
standard_benchmark,scannetpp,UniK3DCalib-vitl,500,calib_shift,80.78,44.38,64.14
standard_benchmark,scannetpp,UniK3DCalib-vitl,500,calib_ro,73.41,44.38,71.55
standard_benchmark,scannetpp,UniK3DCalib-vitl,500,calib_shift_ro,72.26,44.38,73.04
standard_benchmark,scannetpp,UniK3DCalib-vitl,1000,calib,81.48,44.38,64.18
standard_benchmark,scannetpp,UniK3DCalib-vitl,1000,calib_shift,80.85,44.38,64.22
standard_benchmark,scannetpp,UniK3DCalib-vitl,1000,calib_ro,73.46,44.38,71.56
standard_benchmark,scannetpp,UniK3DCalib-vitl,1000,calib_shift_ro,72.31,44.38,73.05
standard_benchmark,scannetpp,VGGT-VGGT-1B,10,calib,77.44,91.41,62.2
standard_benchmark,scannetpp,VGGT-VGGT-1B,10,mdecalib,40.97,91.41,54.68
standard_benchmark,scannetpp,VGGT-VGGT-1B,10,sf,68.67,91.41,60.16
standard_benchmark,scannetpp,VGGT-VGGT-1B,10,calib_shift,76.01,91.41,61.64
standard_benchmark,scannetpp,VGGT-VGGT-1B,10,mdecalib_shift,41.4,91.41,54.7
standard_benchmark,scannetpp,VGGT-VGGT-1B,10,sf_shift,62.25,91.41,56.73
standard_benchmark,scannetpp,VGGT-VGGT-1B,10,calib_ro,70.26,91.41,70.62
standard_benchmark,scannetpp,VGGT-VGGT-1B,10,mdecalib_ro,37.63,91.41,67.73
standard_benchmark,scannetpp,VGGT-VGGT-1B,10,sf_ro,65.38,91.41,77.71
standard_benchmark,scannetpp,VGGT-VGGT-1B,10,calib_shift_ro,68.85,91.41,71.59
standard_benchmark,scannetpp,VGGT-VGGT-1B,10,mdecalib_shift_ro,38.3,91.41,69.43
standard_benchmark,scannetpp,VGGT-VGGT-1B,10,sf_shift_ro,60.64,91.41,76.05
standard_benchmark,scannetpp,VGGT-VGGT-1B,100,calib,79.94,91.41,63.69
standard_benchmark,scannetpp,VGGT-VGGT-1B,100,mdecalib,42.57,91.41,56.7
standard_benchmark,scannetpp,VGGT-VGGT-1B,100,sf,72.15,91.41,62.45
standard_benchmark,scannetpp,VGGT-VGGT-1B,100,calib_shift,79.97,91.41,63.8
standard_benchmark,scannetpp,VGGT-VGGT-1B,100,mdecalib_shift,43.95,91.41,57.43
standard_benchmark,scannetpp,VGGT-VGGT-1B,100,sf_shift,70.14,91.41,62.25
standard_benchmark,scannetpp,VGGT-VGGT-1B,100,calib_ro,71.59,91.41,71.26
standard_benchmark,scannetpp,VGGT-VGGT-1B,100,mdecalib_ro,38.57,91.41,68.5
standard_benchmark,scannetpp,VGGT-VGGT-1B,100,sf_ro,67.44,91.41,78.85
standard_benchmark,scannetpp,VGGT-VGGT-1B,100,calib_shift_ro,71.65,91.41,73.09
standard_benchmark,scannetpp,VGGT-VGGT-1B,100,mdecalib_shift_ro,40.21,91.41,71.1
standard_benchmark,scannetpp,VGGT-VGGT-1B,100,sf_shift_ro,65.89,91.41,79.46
standard_benchmark,scannetpp,VGGT-VGGT-1B,500,calib,80.4,91.41,64.03
standard_benchmark,scannetpp,VGGT-VGGT-1B,500,mdecalib,43.05,91.41,57.38
standard_benchmark,scannetpp,VGGT-VGGT-1B,500,sf,72.72,91.41,62.89
standard_benchmark,scannetpp,VGGT-VGGT-1B,500,calib_shift,80.45,91.41,64.15
standard_benchmark,scannetpp,VGGT-VGGT-1B,500,mdecalib_shift,44.42,91.41,58.03
standard_benchmark,scannetpp,VGGT-VGGT-1B,500,sf_shift,71.52,91.41,62.98
standard_benchmark,scannetpp,VGGT-VGGT-1B,500,calib_ro,71.78,91.41,71.3
standard_benchmark,scannetpp,VGGT-VGGT-1B,500,mdecalib_ro,38.72,91.41,68.53
standard_benchmark,scannetpp,VGGT-VGGT-1B,500,sf_ro,67.69,91.41,78.95
standard_benchmark,scannetpp,VGGT-VGGT-1B,500,calib_shift_ro,71.9,91.41,73.24
standard_benchmark,scannetpp,VGGT-VGGT-1B,500,mdecalib_shift_ro,40.34,91.41,71.26
standard_benchmark,scannetpp,VGGT-VGGT-1B,500,sf_shift_ro,66.74,91.41,79.78
standard_benchmark,scannetpp,VGGT-VGGT-1B,1000,calib,80.49,91.41,64.13
standard_benchmark,scannetpp,VGGT-VGGT-1B,1000,mdecalib,43.14,91.41,57.63
standard_benchmark,scannetpp,VGGT-VGGT-1B,1000,sf,72.79,91.41,63.03
standard_benchmark,scannetpp,VGGT-VGGT-1B,1000,calib_shift,80.61,91.41,64.24
standard_benchmark,scannetpp,VGGT-VGGT-1B,1000,mdecalib_shift,44.46,91.41,58.2
standard_benchmark,scannetpp,VGGT-VGGT-1B,1000,sf_shift,71.9,91.41,63.17
standard_benchmark,scannetpp,VGGT-VGGT-1B,1000,calib_ro,71.83,91.41,71.32
standard_benchmark,scannetpp,VGGT-VGGT-1B,1000,mdecalib_ro,38.72,91.41,68.53
standard_benchmark,scannetpp,VGGT-VGGT-1B,1000,sf_ro,67.74,91.41,78.98
standard_benchmark,scannetpp,VGGT-VGGT-1B,1000,calib_shift_ro,71.97,91.41,73.26
standard_benchmark,scannetpp,VGGT-VGGT-1B,1000,mdecalib_shift_ro,40.35,91.41,71.28
standard_benchmark,scannetpp,VGGT-VGGT-1B,1000,sf_shift_ro,66.94,91.41,79.83
standard_benchmark,scannetpp,gt,10,calib,86.68,0.0,63.92
standard_benchmark,scannetpp,gt,10,mdecalib,0.0,0.0,
standard_benchmark,scannetpp,gt,10,sf,84.21,0.0,62.77
standard_benchmark,scannetpp,gt,10,calib_shift,85.87,0.0,64.04
standard_benchmark,scannetpp,gt,10,mdecalib_shift,0.0,0.0,
standard_benchmark,scannetpp,gt,10,sf_shift,82.88,0.0,62.86
standard_benchmark,scannetpp,gt,10,calib_ro,90.16,0.0,97.91
standard_benchmark,scannetpp,gt,10,mdecalib_ro,0.0,0.0,
standard_benchmark,scannetpp,gt,10,sf_ro,94.16,0.0,97.92
standard_benchmark,scannetpp,gt,10,calib_shift_ro,88.77,0.0,97.9
standard_benchmark,scannetpp,gt,10,mdecalib_shift_ro,0.0,0.0,
standard_benchmark,scannetpp,gt,10,sf_shift_ro,93.45,0.0,97.66
standard_benchmark,scannetpp,gt,100,calib,86.59,0.0,64.12
standard_benchmark,scannetpp,gt,100,mdecalib,0.0,0.0,
standard_benchmark,scannetpp,gt,100,sf,84.14,0.0,63.02
standard_benchmark,scannetpp,gt,100,calib_shift,85.83,0.0,64.25
standard_benchmark,scannetpp,gt,100,mdecalib_shift,0.0,0.0,
standard_benchmark,scannetpp,gt,100,sf_shift,82.85,0.0,63.18
standard_benchmark,scannetpp,gt,100,calib_ro,90.16,0.0,97.92
standard_benchmark,scannetpp,gt,100,mdecalib_ro,0.0,0.0,
standard_benchmark,scannetpp,gt,100,sf_ro,94.16,0.0,97.92
standard_benchmark,scannetpp,gt,100,calib_shift_ro,88.8,0.0,97.91
standard_benchmark,scannetpp,gt,100,mdecalib_shift_ro,0.0,0.0,
standard_benchmark,scannetpp,gt,100,sf_shift_ro,93.47,0.0,97.66
standard_benchmark,scannetpp,gt,500,calib,86.21,0.0,64.22
standard_benchmark,scannetpp,gt,500,mdecalib,0.0,0.0,
standard_benchmark,scannetpp,gt,500,sf,83.71,0.0,63.12
standard_benchmark,scannetpp,gt,500,calib_shift,85.48,0.0,64.32
standard_benchmark,scannetpp,gt,500,mdecalib_shift,0.0,0.0,
standard_benchmark,scannetpp,gt,500,sf_shift,82.48,0.0,63.29
standard_benchmark,scannetpp,gt,500,calib_ro,90.16,0.0,97.92
standard_benchmark,scannetpp,gt,500,mdecalib_ro,0.0,0.0,
standard_benchmark,scannetpp,gt,500,sf_ro,94.16,0.0,97.92
standard_benchmark,scannetpp,gt,500,calib_shift_ro,88.79,0.0,97.91
standard_benchmark,scannetpp,gt,500,mdecalib_shift_ro,0.0,0.0,
standard_benchmark,scannetpp,gt,500,sf_shift_ro,93.48,0.0,97.66
standard_benchmark,scannetpp,gt,1000,calib,86.05,0.0,64.27
standard_benchmark,scannetpp,gt,1000,mdecalib,0.0,0.0,
standard_benchmark,scannetpp,gt,1000,sf,83.51,0.0,63.16
standard_benchmark,scannetpp,gt,1000,calib_shift,85.32,0.0,64.36
standard_benchmark,scannetpp,gt,1000,mdecalib_shift,0.0,0.0,
standard_benchmark,scannetpp,gt,1000,sf_shift,82.19,0.0,63.33
standard_benchmark,scannetpp,gt,1000,calib_ro,90.16,0.0,97.92
standard_benchmark,scannetpp,gt,1000,mdecalib_ro,0.0,0.0,
standard_benchmark,scannetpp,gt,1000,sf_ro,94.16,0.0,97.92
standard_benchmark,scannetpp,gt,1000,calib_shift_ro,88.79,0.0,97.91
standard_benchmark,scannetpp,gt,1000,mdecalib_shift_ro,0.0,0.0,
standard_benchmark,scannetpp,gt,1000,sf_shift_ro,93.47,0.0,97.66
standard_benchmark,scannetpp,none,10,baseline_calib,67.83,0.0,60.83
standard_benchmark,scannetpp,none,10,baseline_sf,49.42,0.0,57.59
standard_benchmark,scannetpp,none,100,baseline_calib,75.89,0.0,64.15
standard_benchmark,scannetpp,none,100,baseline_sf,59.53,0.0,62.84
standard_benchmark,scannetpp,none,500,baseline_calib,77.49,0.0,64.6
standard_benchmark,scannetpp,none,500,baseline_sf,62.36,0.0,63.63
standard_benchmark,scannetpp,none,1000,baseline_calib,77.82,0.0,64.68
standard_benchmark,scannetpp,none,1000,baseline_sf,63.06,0.0,63.81
standard_benchmark,lamar,DepthAnythingV2-vitb,10,calib,67.89,77.69,64.79
standard_benchmark,lamar,DepthAnythingV2-vitb,10,mdecalib,0.0,77.69,
standard_benchmark,lamar,DepthAnythingV2-vitb,10,sf,43.68,77.69,56.23
standard_benchmark,lamar,DepthAnythingV2-vitb,10,calib_shift,70.58,77.69,64.63
standard_benchmark,lamar,DepthAnythingV2-vitb,10,mdecalib_shift,0.0,77.69,
standard_benchmark,lamar,DepthAnythingV2-vitb,10,sf_shift,49.3,77.69,58.02
standard_benchmark,lamar,DepthAnythingV2-vitb,10,calib_ro,52.1,77.69,58.5
standard_benchmark,lamar,DepthAnythingV2-vitb,10,mdecalib_ro,0.0,77.69,
standard_benchmark,lamar,DepthAnythingV2-vitb,10,sf_ro,31.08,77.69,69.31
standard_benchmark,lamar,DepthAnythingV2-vitb,10,calib_shift_ro,60.28,77.69,68.84
standard_benchmark,lamar,DepthAnythingV2-vitb,10,mdecalib_shift_ro,0.0,77.69,
standard_benchmark,lamar,DepthAnythingV2-vitb,10,sf_shift_ro,39.16,77.69,76.3
standard_benchmark,lamar,DepthAnythingV2-vitb,100,calib,75.25,77.69,69.3
standard_benchmark,lamar,DepthAnythingV2-vitb,100,mdecalib,0.0,77.69,
standard_benchmark,lamar,DepthAnythingV2-vitb,100,sf,52.77,77.69,66.19
standard_benchmark,lamar,DepthAnythingV2-vitb,100,calib_shift,80.43,77.69,70.57
standard_benchmark,lamar,DepthAnythingV2-vitb,100,mdecalib_shift,0.0,77.69,
standard_benchmark,lamar,DepthAnythingV2-vitb,100,sf_shift,61.77,77.69,68.95
standard_benchmark,lamar,DepthAnythingV2-vitb,100,calib_ro,53.3,77.69,59.69
standard_benchmark,lamar,DepthAnythingV2-vitb,100,mdecalib_ro,0.0,77.69,
standard_benchmark,lamar,DepthAnythingV2-vitb,100,sf_ro,32.35,77.69,74.54
standard_benchmark,lamar,DepthAnythingV2-vitb,100,calib_shift_ro,63.56,77.69,71.62
standard_benchmark,lamar,DepthAnythingV2-vitb,100,mdecalib_shift_ro,0.0,77.69,
standard_benchmark,lamar,DepthAnythingV2-vitb,100,sf_shift_ro,43.15,77.69,82.15
standard_benchmark,lamar,DepthAnythingV2-vitb,500,calib,78.2,77.69,70.8
standard_benchmark,lamar,DepthAnythingV2-vitb,500,mdecalib,0.0,77.69,
standard_benchmark,lamar,DepthAnythingV2-vitb,500,sf,56.03,77.69,68.97
standard_benchmark,lamar,DepthAnythingV2-vitb,500,calib_shift,83.17,77.69,71.68
standard_benchmark,lamar,DepthAnythingV2-vitb,500,mdecalib_shift,0.0,77.69,
standard_benchmark,lamar,DepthAnythingV2-vitb,500,sf_shift,65.63,77.69,71.0
standard_benchmark,lamar,DepthAnythingV2-vitb,500,calib_ro,53.5,77.69,59.78
standard_benchmark,lamar,DepthAnythingV2-vitb,500,mdecalib_ro,0.0,77.69,
standard_benchmark,lamar,DepthAnythingV2-vitb,500,sf_ro,32.49,77.69,75.24
standard_benchmark,lamar,DepthAnythingV2-vitb,500,calib_shift_ro,63.97,77.69,72.04
standard_benchmark,lamar,DepthAnythingV2-vitb,500,mdecalib_shift_ro,0.0,77.69,
standard_benchmark,lamar,DepthAnythingV2-vitb,500,sf_shift_ro,43.81,77.69,82.76
standard_benchmark,lamar,DepthAnythingV2-vitb,1000,calib,79.17,77.69,71.26
standard_benchmark,lamar,DepthAnythingV2-vitb,1000,mdecalib,0.0,77.69,
standard_benchmark,lamar,DepthAnythingV2-vitb,1000,sf,57.22,77.69,69.66
standard_benchmark,lamar,DepthAnythingV2-vitb,1000,calib_shift,83.87,77.69,71.94
standard_benchmark,lamar,DepthAnythingV2-vitb,1000,mdecalib_shift,0.0,77.69,
standard_benchmark,lamar,DepthAnythingV2-vitb,1000,sf_shift,66.77,77.69,71.57
standard_benchmark,lamar,DepthAnythingV2-vitb,1000,calib_ro,53.57,77.69,59.79
standard_benchmark,lamar,DepthAnythingV2-vitb,1000,mdecalib_ro,0.0,77.69,
standard_benchmark,lamar,DepthAnythingV2-vitb,1000,sf_ro,32.5,77.69,75.4
standard_benchmark,lamar,DepthAnythingV2-vitb,1000,calib_shift_ro,64.1,77.69,72.14
standard_benchmark,lamar,DepthAnythingV2-vitb,1000,mdecalib_shift_ro,0.0,77.69,
standard_benchmark,lamar,DepthAnythingV2-vitb,1000,sf_shift_ro,44.01,77.69,82.89
standard_benchmark,lamar,DepthAnythingV2-vitl,10,calib,58.68,156.59,42.34
standard_benchmark,lamar,DepthAnythingV2-vitl,10,mdecalib,0.0,156.59,
standard_benchmark,lamar,DepthAnythingV2-vitl,10,sf,43.79,156.59,56.2
standard_benchmark,lamar,DepthAnythingV2-vitl,10,calib_shift,65.27,156.59,53.74
standard_benchmark,lamar,DepthAnythingV2-vitl,10,mdecalib_shift,0.0,156.59,
standard_benchmark,lamar,DepthAnythingV2-vitl,10,sf_shift,49.21,156.59,58.65
standard_benchmark,lamar,DepthAnythingV2-vitl,10,calib_ro,52.36,156.59,58.19
standard_benchmark,lamar,DepthAnythingV2-vitl,10,mdecalib_ro,0.0,156.59,
standard_benchmark,lamar,DepthAnythingV2-vitl,10,sf_ro,30.73,156.59,69.12
standard_benchmark,lamar,DepthAnythingV2-vitl,10,calib_shift_ro,58.78,156.59,69.2
standard_benchmark,lamar,DepthAnythingV2-vitl,10,mdecalib_shift_ro,0.0,156.59,
standard_benchmark,lamar,DepthAnythingV2-vitl,10,sf_shift_ro,38.27,156.59,76.78
standard_benchmark,lamar,DepthAnythingV2-vitl,100,calib,64.6,156.59,47.67
standard_benchmark,lamar,DepthAnythingV2-vitl,100,mdecalib,0.0,156.59,
standard_benchmark,lamar,DepthAnythingV2-vitl,100,sf,52.38,156.59,65.87
standard_benchmark,lamar,DepthAnythingV2-vitl,100,calib_shift,74.99,156.59,61.46
standard_benchmark,lamar,DepthAnythingV2-vitl,100,mdecalib_shift,0.0,156.59,
standard_benchmark,lamar,DepthAnythingV2-vitl,100,sf_shift,60.96,156.59,69.02
standard_benchmark,lamar,DepthAnythingV2-vitl,100,calib_ro,53.53,156.59,59.28
standard_benchmark,lamar,DepthAnythingV2-vitl,100,mdecalib_ro,0.0,156.59,
standard_benchmark,lamar,DepthAnythingV2-vitl,100,sf_ro,32.41,156.59,74.14
standard_benchmark,lamar,DepthAnythingV2-vitl,100,calib_shift_ro,61.71,156.59,71.7
standard_benchmark,lamar,DepthAnythingV2-vitl,100,mdecalib_shift_ro,0.0,156.59,
standard_benchmark,lamar,DepthAnythingV2-vitl,100,sf_shift_ro,41.48,156.59,82.19
standard_benchmark,lamar,DepthAnythingV2-vitl,500,calib,67.52,156.59,50.53
standard_benchmark,lamar,DepthAnythingV2-vitl,500,mdecalib,0.0,156.59,
standard_benchmark,lamar,DepthAnythingV2-vitl,500,sf,55.9,156.59,68.65
standard_benchmark,lamar,DepthAnythingV2-vitl,500,calib_shift,78.62,156.59,64.6
standard_benchmark,lamar,DepthAnythingV2-vitl,500,mdecalib_shift,0.0,156.59,
standard_benchmark,lamar,DepthAnythingV2-vitl,500,sf_shift,65.06,156.59,71.07
standard_benchmark,lamar,DepthAnythingV2-vitl,500,calib_ro,53.76,156.59,59.38
standard_benchmark,lamar,DepthAnythingV2-vitl,500,mdecalib_ro,0.0,156.59,
standard_benchmark,lamar,DepthAnythingV2-vitl,500,sf_ro,32.58,156.59,74.78
standard_benchmark,lamar,DepthAnythingV2-vitl,500,calib_shift_ro,62.35,156.59,72.05
standard_benchmark,lamar,DepthAnythingV2-vitl,500,mdecalib_shift_ro,0.0,156.59,
standard_benchmark,lamar,DepthAnythingV2-vitl,500,sf_shift_ro,42.22,156.59,82.72
standard_benchmark,lamar,DepthAnythingV2-vitl,1000,calib,68.64,156.59,51.71
standard_benchmark,lamar,DepthAnythingV2-vitl,1000,mdecalib,0.0,156.59,
standard_benchmark,lamar,DepthAnythingV2-vitl,1000,sf,56.92,156.59,69.45
standard_benchmark,lamar,DepthAnythingV2-vitl,1000,calib_shift,80.02,156.59,65.74
standard_benchmark,lamar,DepthAnythingV2-vitl,1000,mdecalib_shift,0.0,156.59,
standard_benchmark,lamar,DepthAnythingV2-vitl,1000,sf_shift,66.39,156.59,71.57
standard_benchmark,lamar,DepthAnythingV2-vitl,1000,calib_ro,53.83,156.59,59.39
standard_benchmark,lamar,DepthAnythingV2-vitl,1000,mdecalib_ro,0.0,156.59,
standard_benchmark,lamar,DepthAnythingV2-vitl,1000,sf_ro,32.57,156.59,74.95
standard_benchmark,lamar,DepthAnythingV2-vitl,1000,calib_shift_ro,62.54,156.59,72.09
standard_benchmark,lamar,DepthAnythingV2-vitl,1000,mdecalib_shift_ro,0.0,156.59,
standard_benchmark,lamar,DepthAnythingV2-vitl,1000,sf_shift_ro,42.34,156.59,82.83
standard_benchmark,lamar,DepthAnythingV2-vits,10,calib,68.21,53.46,64.93
standard_benchmark,lamar,DepthAnythingV2-vits,10,mdecalib,0.0,53.46,
standard_benchmark,lamar,DepthAnythingV2-vits,10,sf,43.8,53.46,56.02
standard_benchmark,lamar,DepthAnythingV2-vits,10,calib_shift,69.44,53.46,63.9
standard_benchmark,lamar,DepthAnythingV2-vits,10,mdecalib_shift,0.0,53.46,
standard_benchmark,lamar,DepthAnythingV2-vits,10,sf_shift,48.3,53.46,56.86
standard_benchmark,lamar,DepthAnythingV2-vits,10,calib_ro,51.68,53.46,57.44
standard_benchmark,lamar,DepthAnythingV2-vits,10,mdecalib_ro,0.0,53.46,
standard_benchmark,lamar,DepthAnythingV2-vits,10,sf_ro,30.0,53.46,68.81
standard_benchmark,lamar,DepthAnythingV2-vits,10,calib_shift_ro,58.48,53.46,67.41
standard_benchmark,lamar,DepthAnythingV2-vits,10,mdecalib_shift_ro,0.0,53.46,
standard_benchmark,lamar,DepthAnythingV2-vits,10,sf_shift_ro,37.31,53.46,75.22
standard_benchmark,lamar,DepthAnythingV2-vits,100,calib,75.75,53.46,69.39
standard_benchmark,lamar,DepthAnythingV2-vits,100,mdecalib,0.0,53.46,
standard_benchmark,lamar,DepthAnythingV2-vits,100,sf,53.02,53.46,66.24
standard_benchmark,lamar,DepthAnythingV2-vits,100,calib_shift,80.15,53.46,70.5
standard_benchmark,lamar,DepthAnythingV2-vits,100,mdecalib_shift,0.0,53.46,
standard_benchmark,lamar,DepthAnythingV2-vits,100,sf_shift,61.45,53.46,68.6
standard_benchmark,lamar,DepthAnythingV2-vits,100,calib_ro,52.87,53.46,58.55
standard_benchmark,lamar,DepthAnythingV2-vits,100,mdecalib_ro,0.0,53.46,
standard_benchmark,lamar,DepthAnythingV2-vits,100,sf_ro,31.74,53.46,74.07
standard_benchmark,lamar,DepthAnythingV2-vits,100,calib_shift_ro,62.33,53.46,70.52
standard_benchmark,lamar,DepthAnythingV2-vits,100,mdecalib_shift_ro,0.0,53.46,
standard_benchmark,lamar,DepthAnythingV2-vits,100,sf_shift_ro,42.09,53.46,81.45
standard_benchmark,lamar,DepthAnythingV2-vits,500,calib,78.63,53.46,70.94
standard_benchmark,lamar,DepthAnythingV2-vits,500,mdecalib,0.0,53.46,
standard_benchmark,lamar,DepthAnythingV2-vits,500,sf,56.37,53.46,68.93
standard_benchmark,lamar,DepthAnythingV2-vits,500,calib_shift,83.07,53.46,71.69
standard_benchmark,lamar,DepthAnythingV2-vits,500,mdecalib_shift,0.0,53.46,
standard_benchmark,lamar,DepthAnythingV2-vits,500,sf_shift,65.4,53.46,70.86
standard_benchmark,lamar,DepthAnythingV2-vits,500,calib_ro,53.16,53.46,58.68
standard_benchmark,lamar,DepthAnythingV2-vits,500,mdecalib_ro,0.0,53.46,
standard_benchmark,lamar,DepthAnythingV2-vits,500,sf_ro,31.99,53.46,74.81
standard_benchmark,lamar,DepthAnythingV2-vits,500,calib_shift_ro,63.09,53.46,70.97
standard_benchmark,lamar,DepthAnythingV2-vits,500,mdecalib_shift_ro,0.0,53.46,
standard_benchmark,lamar,DepthAnythingV2-vits,500,sf_shift_ro,42.76,53.46,82.15
standard_benchmark,lamar,DepthAnythingV2-vits,1000,calib,79.47,53.46,71.36
standard_benchmark,lamar,DepthAnythingV2-vits,1000,mdecalib,0.0,53.46,
standard_benchmark,lamar,DepthAnythingV2-vits,1000,sf,57.47,53.46,69.59
standard_benchmark,lamar,DepthAnythingV2-vits,1000,calib_shift,83.85,53.46,71.97
standard_benchmark,lamar,DepthAnythingV2-vits,1000,mdecalib_shift,0.0,53.46,
standard_benchmark,lamar,DepthAnythingV2-vits,1000,sf_shift,66.69,53.46,71.45
standard_benchmark,lamar,DepthAnythingV2-vits,1000,calib_ro,53.26,53.46,58.68
standard_benchmark,lamar,DepthAnythingV2-vits,1000,mdecalib_ro,0.0,53.46,
standard_benchmark,lamar,DepthAnythingV2-vits,1000,sf_ro,32.12,53.46,74.94
standard_benchmark,lamar,DepthAnythingV2-vits,1000,calib_shift_ro,63.26,53.46,71.04
standard_benchmark,lamar,DepthAnythingV2-vits,1000,mdecalib_shift_ro,0.0,53.46,
standard_benchmark,lamar,DepthAnythingV2-vits,1000,sf_shift_ro,43.02,53.46,82.34
standard_benchmark,lamar,DepthAnythingV3-DA3METRIC-LARGE,10,calib,79.83,76.72,69.01
standard_benchmark,lamar,DepthAnythingV3-DA3METRIC-LARGE,10,mdecalib,0.0,76.72,
standard_benchmark,lamar,DepthAnythingV3-DA3METRIC-LARGE,10,sf,64.17,76.72,65.52
standard_benchmark,lamar,DepthAnythingV3-DA3METRIC-LARGE,10,calib_shift,73.58,76.72,65.33
standard_benchmark,lamar,DepthAnythingV3-DA3METRIC-LARGE,10,mdecalib_shift,0.0,76.72,
standard_benchmark,lamar,DepthAnythingV3-DA3METRIC-LARGE,10,sf_shift,57.48,76.72,60.14
standard_benchmark,lamar,DepthAnythingV3-DA3METRIC-LARGE,10,calib_ro,74.09,76.72,73.32
standard_benchmark,lamar,DepthAnythingV3-DA3METRIC-LARGE,10,mdecalib_ro,0.0,76.72,
standard_benchmark,lamar,DepthAnythingV3-DA3METRIC-LARGE,10,sf_ro,57.51,76.72,82.7
standard_benchmark,lamar,DepthAnythingV3-DA3METRIC-LARGE,10,calib_shift_ro,70.82,76.72,73.69
standard_benchmark,lamar,DepthAnythingV3-DA3METRIC-LARGE,10,mdecalib_shift_ro,0.0,76.72,
standard_benchmark,lamar,DepthAnythingV3-DA3METRIC-LARGE,10,sf_shift_ro,53.29,76.72,80.55
standard_benchmark,lamar,DepthAnythingV3-DA3METRIC-LARGE,100,calib,84.65,76.72,71.45
standard_benchmark,lamar,DepthAnythingV3-DA3METRIC-LARGE,100,mdecalib,0.0,76.72,
standard_benchmark,lamar,DepthAnythingV3-DA3METRIC-LARGE,100,sf,71.21,76.72,70.92
standard_benchmark,lamar,DepthAnythingV3-DA3METRIC-LARGE,100,calib_shift,83.68,76.72,71.06
standard_benchmark,lamar,DepthAnythingV3-DA3METRIC-LARGE,100,mdecalib_shift,0.0,76.72,
standard_benchmark,lamar,DepthAnythingV3-DA3METRIC-LARGE,100,sf_shift,69.0,76.72,69.67
standard_benchmark,lamar,DepthAnythingV3-DA3METRIC-LARGE,100,calib_ro,74.9,76.72,73.87
standard_benchmark,lamar,DepthAnythingV3-DA3METRIC-LARGE,100,mdecalib_ro,0.0,76.72,
standard_benchmark,lamar,DepthAnythingV3-DA3METRIC-LARGE,100,sf_ro,59.2,76.72,84.31
standard_benchmark,lamar,DepthAnythingV3-DA3METRIC-LARGE,100,calib_shift_ro,74.72,76.72,76.29
standard_benchmark,lamar,DepthAnythingV3-DA3METRIC-LARGE,100,mdecalib_shift_ro,0.0,76.72,
standard_benchmark,lamar,DepthAnythingV3-DA3METRIC-LARGE,100,sf_shift_ro,58.38,76.72,85.3
standard_benchmark,lamar,DepthAnythingV3-DA3METRIC-LARGE,500,calib,86.08,76.72,72.09
standard_benchmark,lamar,DepthAnythingV3-DA3METRIC-LARGE,500,mdecalib,0.0,76.72,
standard_benchmark,lamar,DepthAnythingV3-DA3METRIC-LARGE,500,sf,72.83,76.72,71.89
standard_benchmark,lamar,DepthAnythingV3-DA3METRIC-LARGE,500,calib_shift,86.08,76.72,72.01
standard_benchmark,lamar,DepthAnythingV3-DA3METRIC-LARGE,500,mdecalib_shift,0.0,76.72,
standard_benchmark,lamar,DepthAnythingV3-DA3METRIC-LARGE,500,sf_shift,72.33,76.72,71.51
standard_benchmark,lamar,DepthAnythingV3-DA3METRIC-LARGE,500,calib_ro,75.13,76.72,73.91
standard_benchmark,lamar,DepthAnythingV3-DA3METRIC-LARGE,500,mdecalib_ro,0.0,76.72,
standard_benchmark,lamar,DepthAnythingV3-DA3METRIC-LARGE,500,sf_ro,59.33,76.72,84.51
standard_benchmark,lamar,DepthAnythingV3-DA3METRIC-LARGE,500,calib_shift_ro,75.6,76.72,76.55
standard_benchmark,lamar,DepthAnythingV3-DA3METRIC-LARGE,500,mdecalib_shift_ro,0.0,76.72,
standard_benchmark,lamar,DepthAnythingV3-DA3METRIC-LARGE,500,sf_shift_ro,59.33,76.72,85.78
standard_benchmark,lamar,DepthAnythingV3-DA3METRIC-LARGE,1000,calib,86.5,76.72,72.23
standard_benchmark,lamar,DepthAnythingV3-DA3METRIC-LARGE,1000,mdecalib,0.0,76.72,
standard_benchmark,lamar,DepthAnythingV3-DA3METRIC-LARGE,1000,sf,73.37,76.72,72.13
standard_benchmark,lamar,DepthAnythingV3-DA3METRIC-LARGE,1000,calib_shift,86.79,76.72,72.23
standard_benchmark,lamar,DepthAnythingV3-DA3METRIC-LARGE,1000,mdecalib_shift,0.0,76.72,
standard_benchmark,lamar,DepthAnythingV3-DA3METRIC-LARGE,1000,sf_shift,73.46,76.72,72.02
standard_benchmark,lamar,DepthAnythingV3-DA3METRIC-LARGE,1000,calib_ro,75.14,76.72,73.91
standard_benchmark,lamar,DepthAnythingV3-DA3METRIC-LARGE,1000,mdecalib_ro,0.0,76.72,
standard_benchmark,lamar,DepthAnythingV3-DA3METRIC-LARGE,1000,sf_ro,59.22,76.72,84.56
standard_benchmark,lamar,DepthAnythingV3-DA3METRIC-LARGE,1000,calib_shift_ro,75.79,76.72,76.61
standard_benchmark,lamar,DepthAnythingV3-DA3METRIC-LARGE,1000,mdecalib_shift_ro,0.0,76.72,
standard_benchmark,lamar,DepthAnythingV3-DA3METRIC-LARGE,1000,sf_shift_ro,59.47,76.72,85.86
standard_benchmark,lamar,DepthAnythingV3-DA3MONO-LARGE,10,calib,79.18,76.35,68.73
standard_benchmark,lamar,DepthAnythingV3-DA3MONO-LARGE,10,mdecalib,0.0,76.35,
standard_benchmark,lamar,DepthAnythingV3-DA3MONO-LARGE,10,sf,60.51,76.35,64.24
standard_benchmark,lamar,DepthAnythingV3-DA3MONO-LARGE,10,calib_shift,73.55,76.35,65.29
standard_benchmark,lamar,DepthAnythingV3-DA3MONO-LARGE,10,mdecalib_shift,0.0,76.35,
standard_benchmark,lamar,DepthAnythingV3-DA3MONO-LARGE,10,sf_shift,55.34,76.35,59.51
standard_benchmark,lamar,DepthAnythingV3-DA3MONO-LARGE,10,calib_ro,71.15,76.35,69.33
standard_benchmark,lamar,DepthAnythingV3-DA3MONO-LARGE,10,mdecalib_ro,0.0,76.35,
standard_benchmark,lamar,DepthAnythingV3-DA3MONO-LARGE,10,sf_ro,50.97,76.35,79.59
standard_benchmark,lamar,DepthAnythingV3-DA3MONO-LARGE,10,calib_shift_ro,69.77,76.35,72.39
standard_benchmark,lamar,DepthAnythingV3-DA3MONO-LARGE,10,mdecalib_shift_ro,0.0,76.35,
standard_benchmark,lamar,DepthAnythingV3-DA3MONO-LARGE,10,sf_shift_ro,49.68,76.35,80.25
standard_benchmark,lamar,DepthAnythingV3-DA3MONO-LARGE,100,calib,84.14,76.35,71.32
standard_benchmark,lamar,DepthAnythingV3-DA3MONO-LARGE,100,mdecalib,0.0,76.35,
standard_benchmark,lamar,DepthAnythingV3-DA3MONO-LARGE,100,sf,68.22,76.35,70.61
standard_benchmark,lamar,DepthAnythingV3-DA3MONO-LARGE,100,calib_shift,82.74,76.35,70.82
standard_benchmark,lamar,DepthAnythingV3-DA3MONO-LARGE,100,mdecalib_shift,0.0,76.35,
standard_benchmark,lamar,DepthAnythingV3-DA3MONO-LARGE,100,sf_shift,67.29,76.35,69.72
standard_benchmark,lamar,DepthAnythingV3-DA3MONO-LARGE,100,calib_ro,72.18,76.35,70.02
standard_benchmark,lamar,DepthAnythingV3-DA3MONO-LARGE,100,mdecalib_ro,0.0,76.35,
standard_benchmark,lamar,DepthAnythingV3-DA3MONO-LARGE,100,sf_ro,52.92,76.35,81.87
standard_benchmark,lamar,DepthAnythingV3-DA3MONO-LARGE,100,calib_shift_ro,73.09,76.35,74.9
standard_benchmark,lamar,DepthAnythingV3-DA3MONO-LARGE,100,mdecalib_shift_ro,0.0,76.35,
standard_benchmark,lamar,DepthAnythingV3-DA3MONO-LARGE,100,sf_shift_ro,54.19,76.35,85.22
standard_benchmark,lamar,DepthAnythingV3-DA3MONO-LARGE,500,calib,85.8,76.35,71.97
standard_benchmark,lamar,DepthAnythingV3-DA3MONO-LARGE,500,mdecalib,0.0,76.35,
standard_benchmark,lamar,DepthAnythingV3-DA3MONO-LARGE,500,sf,70.46,76.35,71.71
standard_benchmark,lamar,DepthAnythingV3-DA3MONO-LARGE,500,calib_shift,85.69,76.35,71.88
standard_benchmark,lamar,DepthAnythingV3-DA3MONO-LARGE,500,mdecalib_shift,0.0,76.35,
standard_benchmark,lamar,DepthAnythingV3-DA3MONO-LARGE,500,sf_shift,71.08,76.35,71.49
standard_benchmark,lamar,DepthAnythingV3-DA3MONO-LARGE,500,calib_ro,72.42,76.35,70.07
standard_benchmark,lamar,DepthAnythingV3-DA3MONO-LARGE,500,mdecalib_ro,0.0,76.35,
standard_benchmark,lamar,DepthAnythingV3-DA3MONO-LARGE,500,sf_ro,53.07,76.35,82.11
standard_benchmark,lamar,DepthAnythingV3-DA3MONO-LARGE,500,calib_shift_ro,73.74,76.35,75.18
standard_benchmark,lamar,DepthAnythingV3-DA3MONO-LARGE,500,mdecalib_shift_ro,0.0,76.35,
standard_benchmark,lamar,DepthAnythingV3-DA3MONO-LARGE,500,sf_shift_ro,55.08,76.35,85.66
standard_benchmark,lamar,DepthAnythingV3-DA3MONO-LARGE,1000,calib,86.26,76.35,72.17
standard_benchmark,lamar,DepthAnythingV3-DA3MONO-LARGE,1000,mdecalib,0.0,76.35,
standard_benchmark,lamar,DepthAnythingV3-DA3MONO-LARGE,1000,sf,70.9,76.35,71.98
standard_benchmark,lamar,DepthAnythingV3-DA3MONO-LARGE,1000,calib_shift,86.39,76.35,72.14
standard_benchmark,lamar,DepthAnythingV3-DA3MONO-LARGE,1000,mdecalib_shift,0.0,76.35,
standard_benchmark,lamar,DepthAnythingV3-DA3MONO-LARGE,1000,sf_shift,71.97,76.35,71.94
standard_benchmark,lamar,DepthAnythingV3-DA3MONO-LARGE,1000,calib_ro,72.48,76.35,70.07
standard_benchmark,lamar,DepthAnythingV3-DA3MONO-LARGE,1000,mdecalib_ro,0.0,76.35,
standard_benchmark,lamar,DepthAnythingV3-DA3MONO-LARGE,1000,sf_ro,53.03,76.35,82.15
standard_benchmark,lamar,DepthAnythingV3-DA3MONO-LARGE,1000,calib_shift_ro,73.91,76.35,75.22
standard_benchmark,lamar,DepthAnythingV3-DA3MONO-LARGE,1000,mdecalib_shift_ro,0.0,76.35,
standard_benchmark,lamar,DepthAnythingV3-DA3MONO-LARGE,1000,sf_shift_ro,55.22,76.35,85.74
standard_benchmark,lamar,DepthAnythingV3Calib-DA3METRIC-LARGE,10,calib,79.85,56.59,69.02
standard_benchmark,lamar,DepthAnythingV3Calib-DA3METRIC-LARGE,10,calib_shift,73.6,56.59,65.34
standard_benchmark,lamar,DepthAnythingV3Calib-DA3METRIC-LARGE,10,calib_ro,74.1,56.59,73.32
standard_benchmark,lamar,DepthAnythingV3Calib-DA3METRIC-LARGE,10,calib_shift_ro,70.88,56.59,73.72
standard_benchmark,lamar,DepthAnythingV3Calib-DA3METRIC-LARGE,100,calib,84.66,56.59,71.46
standard_benchmark,lamar,DepthAnythingV3Calib-DA3METRIC-LARGE,100,calib_shift,83.7,56.59,71.06
standard_benchmark,lamar,DepthAnythingV3Calib-DA3METRIC-LARGE,100,calib_ro,74.92,56.59,73.87
standard_benchmark,lamar,DepthAnythingV3Calib-DA3METRIC-LARGE,100,calib_shift_ro,74.71,56.59,76.29
standard_benchmark,lamar,DepthAnythingV3Calib-DA3METRIC-LARGE,500,calib,86.07,56.59,72.09
standard_benchmark,lamar,DepthAnythingV3Calib-DA3METRIC-LARGE,500,calib_shift,86.06,56.59,72.01
standard_benchmark,lamar,DepthAnythingV3Calib-DA3METRIC-LARGE,500,calib_ro,75.14,56.59,73.91
standard_benchmark,lamar,DepthAnythingV3Calib-DA3METRIC-LARGE,500,calib_shift_ro,75.56,56.59,76.55
standard_benchmark,lamar,DepthAnythingV3Calib-DA3METRIC-LARGE,1000,calib,86.48,56.59,72.23
standard_benchmark,lamar,DepthAnythingV3Calib-DA3METRIC-LARGE,1000,calib_shift,86.75,56.59,72.23
standard_benchmark,lamar,DepthAnythingV3Calib-DA3METRIC-LARGE,1000,calib_ro,75.15,56.59,73.91
standard_benchmark,lamar,DepthAnythingV3Calib-DA3METRIC-LARGE,1000,calib_shift_ro,75.76,56.59,76.6
standard_benchmark,lamar,DepthAnythingV3Calib-DA3MONO-LARGE,10,calib,79.23,56.14,68.75
standard_benchmark,lamar,DepthAnythingV3Calib-DA3MONO-LARGE,10,calib_shift,73.54,56.14,65.28
standard_benchmark,lamar,DepthAnythingV3Calib-DA3MONO-LARGE,10,calib_ro,71.16,56.14,69.33
standard_benchmark,lamar,DepthAnythingV3Calib-DA3MONO-LARGE,10,calib_shift_ro,69.75,56.14,72.37
standard_benchmark,lamar,DepthAnythingV3Calib-DA3MONO-LARGE,100,calib,84.18,56.14,71.32
standard_benchmark,lamar,DepthAnythingV3Calib-DA3MONO-LARGE,100,calib_shift,82.73,56.14,70.83
standard_benchmark,lamar,DepthAnythingV3Calib-DA3MONO-LARGE,100,calib_ro,72.16,56.14,70.02
standard_benchmark,lamar,DepthAnythingV3Calib-DA3MONO-LARGE,100,calib_shift_ro,73.09,56.14,74.91
standard_benchmark,lamar,DepthAnythingV3Calib-DA3MONO-LARGE,500,calib,85.82,56.14,71.97
standard_benchmark,lamar,DepthAnythingV3Calib-DA3MONO-LARGE,500,calib_shift,85.65,56.14,71.88
standard_benchmark,lamar,DepthAnythingV3Calib-DA3MONO-LARGE,500,calib_ro,72.41,56.14,70.07
standard_benchmark,lamar,DepthAnythingV3Calib-DA3MONO-LARGE,500,calib_shift_ro,73.78,56.14,75.17
standard_benchmark,lamar,DepthAnythingV3Calib-DA3MONO-LARGE,1000,calib,86.26,56.14,72.16
standard_benchmark,lamar,DepthAnythingV3Calib-DA3MONO-LARGE,1000,calib_shift,86.36,56.14,72.14
standard_benchmark,lamar,DepthAnythingV3Calib-DA3MONO-LARGE,1000,calib_ro,72.46,56.14,70.08
standard_benchmark,lamar,DepthAnythingV3Calib-DA3MONO-LARGE,1000,calib_shift_ro,73.94,56.14,75.21
standard_benchmark,lamar,DepthPro-vitl,10,calib,81.61,106.75,69.8
standard_benchmark,lamar,DepthPro-vitl,10,mdecalib,50.26,106.75,59.67
standard_benchmark,lamar,DepthPro-vitl,10,sf,65.64,106.75,66.3
standard_benchmark,lamar,DepthPro-vitl,10,calib_shift,75.23,106.75,65.94
standard_benchmark,lamar,DepthPro-vitl,10,mdecalib_shift,46.96,106.75,57.65
standard_benchmark,lamar,DepthPro-vitl,10,sf_shift,58.43,106.75,59.99
standard_benchmark,lamar,DepthPro-vitl,10,calib_ro,76.27,106.75,73.94
standard_benchmark,lamar,DepthPro-vitl,10,mdecalib_ro,45.48,106.75,66.01
standard_benchmark,lamar,DepthPro-vitl,10,sf_ro,59.63,106.75,83.79
standard_benchmark,lamar,DepthPro-vitl,10,calib_shift_ro,72.86,106.75,74.27
standard_benchmark,lamar,DepthPro-vitl,10,mdecalib_shift_ro,47.0,106.75,70.38
standard_benchmark,lamar,DepthPro-vitl,10,sf_shift_ro,55.43,106.75,81.11
standard_benchmark,lamar,DepthPro-vitl,100,calib,85.51,106.75,71.7
standard_benchmark,lamar,DepthPro-vitl,100,mdecalib,53.45,106.75,62.83
standard_benchmark,lamar,DepthPro-vitl,100,sf,72.04,106.75,71.36
standard_benchmark,lamar,DepthPro-vitl,100,calib_shift,84.28,106.75,71.21
standard_benchmark,lamar,DepthPro-vitl,100,mdecalib_shift,52.99,106.75,63.17
standard_benchmark,lamar,DepthPro-vitl,100,sf_shift,70.15,106.75,70.05
standard_benchmark,lamar,DepthPro-vitl,100,calib_ro,77.1,106.75,74.38
standard_benchmark,lamar,DepthPro-vitl,100,mdecalib_ro,45.99,106.75,66.66
standard_benchmark,lamar,DepthPro-vitl,100,sf_ro,61.2,106.75,85.45
standard_benchmark,lamar,DepthPro-vitl,100,calib_shift_ro,77.06,106.75,77.02
standard_benchmark,lamar,DepthPro-vitl,100,mdecalib_shift_ro,49.87,106.75,73.19
standard_benchmark,lamar,DepthPro-vitl,100,sf_shift_ro,61.01,106.75,86.24
standard_benchmark,lamar,DepthPro-vitl,500,calib,86.64,106.75,72.18
standard_benchmark,lamar,DepthPro-vitl,500,mdecalib,54.57,106.75,63.86
standard_benchmark,lamar,DepthPro-vitl,500,sf,73.88,106.75,72.18
standard_benchmark,lamar,DepthPro-vitl,500,calib_shift,86.57,106.75,72.08
standard_benchmark,lamar,DepthPro-vitl,500,mdecalib_shift,54.63,106.75,64.37
standard_benchmark,lamar,DepthPro-vitl,500,sf_shift,73.42,106.75,71.78
standard_benchmark,lamar,DepthPro-vitl,500,calib_ro,77.3,106.75,74.45
standard_benchmark,lamar,DepthPro-vitl,500,mdecalib_ro,46.12,106.75,66.71
standard_benchmark,lamar,DepthPro-vitl,500,sf_ro,61.3,106.75,85.6
standard_benchmark,lamar,DepthPro-vitl,500,calib_shift_ro,77.81,106.75,77.33
standard_benchmark,lamar,DepthPro-vitl,500,mdecalib_shift_ro,50.64,106.75,73.57
standard_benchmark,lamar,DepthPro-vitl,500,sf_shift_ro,62.02,106.75,86.7
standard_benchmark,lamar,DepthPro-vitl,1000,calib,86.96,106.75,72.3
standard_benchmark,lamar,DepthPro-vitl,1000,mdecalib,54.96,106.75,64.18
standard_benchmark,lamar,DepthPro-vitl,1000,sf,74.34,106.75,72.38
standard_benchmark,lamar,DepthPro-vitl,1000,calib_shift,87.26,106.75,72.28
standard_benchmark,lamar,DepthPro-vitl,1000,mdecalib_shift,55.17,106.75,64.67
standard_benchmark,lamar,DepthPro-vitl,1000,sf_shift,74.28,106.75,72.17
standard_benchmark,lamar,DepthPro-vitl,1000,calib_ro,77.35,106.75,74.44
standard_benchmark,lamar,DepthPro-vitl,1000,mdecalib_ro,46.17,106.75,66.71
standard_benchmark,lamar,DepthPro-vitl,1000,sf_ro,61.29,106.75,85.64
standard_benchmark,lamar,DepthPro-vitl,1000,calib_shift_ro,78.01,106.75,77.38
standard_benchmark,lamar,DepthPro-vitl,1000,mdecalib_shift_ro,50.82,106.75,73.64
standard_benchmark,lamar,DepthPro-vitl,1000,sf_shift_ro,62.15,106.75,86.81
standard_benchmark,lamar,DepthProCalib-vitl,10,calib,81.65,106.81,69.78
standard_benchmark,lamar,DepthProCalib-vitl,10,calib_shift,75.26,106.81,65.96
standard_benchmark,lamar,DepthProCalib-vitl,10,calib_ro,76.38,106.81,73.92
standard_benchmark,lamar,DepthProCalib-vitl,10,calib_shift_ro,72.86,106.81,74.25
standard_benchmark,lamar,DepthProCalib-vitl,100,calib,85.57,106.81,71.7
standard_benchmark,lamar,DepthProCalib-vitl,100,calib_shift,84.32,106.81,71.22
standard_benchmark,lamar,DepthProCalib-vitl,100,calib_ro,77.12,106.81,74.39
standard_benchmark,lamar,DepthProCalib-vitl,100,calib_shift_ro,76.98,106.81,77.04
standard_benchmark,lamar,DepthProCalib-vitl,500,calib,86.64,106.81,72.17
standard_benchmark,lamar,DepthProCalib-vitl,500,calib_shift,86.73,106.81,72.11
standard_benchmark,lamar,DepthProCalib-vitl,500,calib_ro,77.26,106.81,74.45
standard_benchmark,lamar,DepthProCalib-vitl,500,calib_shift_ro,77.71,106.81,77.32
standard_benchmark,lamar,DepthProCalib-vitl,1000,calib,87.0,106.81,72.3
standard_benchmark,lamar,DepthProCalib-vitl,1000,calib_shift,87.31,106.81,72.3
standard_benchmark,lamar,DepthProCalib-vitl,1000,calib_ro,77.29,106.81,74.44
standard_benchmark,lamar,DepthProCalib-vitl,1000,calib_shift_ro,77.88,106.81,77.39
standard_benchmark,lamar,MapAnything-map-anything,10,calib,77.23,208.54,69.25
standard_benchmark,lamar,MapAnything-map-anything,10,mdecalib,55.71,208.54,63.58
standard_benchmark,lamar,MapAnything-map-anything,10,sf,60.83,208.54,64.24
standard_benchmark,lamar,MapAnything-map-anything,10,calib_shift,67.72,208.54,64.24
standard_benchmark,lamar,MapAnything-map-anything,10,mdecalib_shift,48.88,208.54,59.56
standard_benchmark,lamar,MapAnything-map-anything,10,sf_shift,51.86,208.54,58.27
standard_benchmark,lamar,MapAnything-map-anything,10,calib_ro,74.1,208.54,68.68
standard_benchmark,lamar,MapAnything-map-anything,10,mdecalib_ro,52.94,208.54,65.63
standard_benchmark,lamar,MapAnything-map-anything,10,sf_ro,58.3,208.54,78.93
standard_benchmark,lamar,MapAnything-map-anything,10,calib_shift_ro,66.56,208.54,68.48
standard_benchmark,lamar,MapAnything-map-anything,10,mdecalib_shift_ro,49.58,208.54,66.78
standard_benchmark,lamar,MapAnything-map-anything,10,sf_shift_ro,50.29,208.54,75.97
standard_benchmark,lamar,MapAnything-map-anything,100,calib,83.46,208.54,72.48
standard_benchmark,lamar,MapAnything-map-anything,100,mdecalib,60.8,208.54,67.36
standard_benchmark,lamar,MapAnything-map-anything,100,sf,69.67,208.54,71.36
standard_benchmark,lamar,MapAnything-map-anything,100,calib_shift,79.97,208.54,71.39
standard_benchmark,lamar,MapAnything-map-anything,100,mdecalib_shift,58.22,208.54,66.8
standard_benchmark,lamar,MapAnything-map-anything,100,sf_shift,65.83,208.54,69.91
standard_benchmark,lamar,MapAnything-map-anything,100,calib_ro,76.03,208.54,69.51
standard_benchmark,lamar,MapAnything-map-anything,100,mdecalib_ro,54.48,208.54,66.58
standard_benchmark,lamar,MapAnything-map-anything,100,sf_ro,61.91,208.54,82.43
standard_benchmark,lamar,MapAnything-map-anything,100,calib_shift_ro,72.71,208.54,72.07
standard_benchmark,lamar,MapAnything-map-anything,100,mdecalib_shift_ro,54.98,208.54,70.58
standard_benchmark,lamar,MapAnything-map-anything,100,sf_shift_ro,58.62,208.54,82.99
standard_benchmark,lamar,MapAnything-map-anything,500,calib,85.05,208.54,73.16
standard_benchmark,lamar,MapAnything-map-anything,500,mdecalib,62.14,208.54,68.47
standard_benchmark,lamar,MapAnything-map-anything,500,sf,71.87,208.54,72.79
standard_benchmark,lamar,MapAnything-map-anything,500,calib_shift,83.26,208.54,72.74
standard_benchmark,lamar,MapAnything-map-anything,500,mdecalib_shift,60.84,208.54,68.39
standard_benchmark,lamar,MapAnything-map-anything,500,sf_shift,70.29,208.54,72.14
standard_benchmark,lamar,MapAnything-map-anything,500,calib_ro,76.31,208.54,69.57
standard_benchmark,lamar,MapAnything-map-anything,500,mdecalib_ro,54.82,208.54,66.66
standard_benchmark,lamar,MapAnything-map-anything,500,sf_ro,62.25,208.54,82.75
standard_benchmark,lamar,MapAnything-map-anything,500,calib_shift_ro,73.88,208.54,72.41
standard_benchmark,lamar,MapAnything-map-anything,500,mdecalib_shift_ro,56.08,208.54,70.97
standard_benchmark,lamar,MapAnything-map-anything,500,sf_shift_ro,60.61,208.54,83.7
standard_benchmark,lamar,MapAnything-map-anything,1000,calib,85.5,208.54,73.37
standard_benchmark,lamar,MapAnything-map-anything,1000,mdecalib,62.57,208.54,68.84
standard_benchmark,lamar,MapAnything-map-anything,1000,sf,72.49,208.54,73.13
standard_benchmark,lamar,MapAnything-map-anything,1000,calib_shift,84.41,208.54,73.08
standard_benchmark,lamar,MapAnything-map-anything,1000,mdecalib_shift,61.35,208.54,68.78
standard_benchmark,lamar,MapAnything-map-anything,1000,sf_shift,71.52,208.54,72.73
standard_benchmark,lamar,MapAnything-map-anything,1000,calib_ro,76.39,208.54,69.57
standard_benchmark,lamar,MapAnything-map-anything,1000,mdecalib_ro,54.87,208.54,66.66
standard_benchmark,lamar,MapAnything-map-anything,1000,sf_ro,62.26,208.54,82.84
standard_benchmark,lamar,MapAnything-map-anything,1000,calib_shift_ro,74.25,208.54,72.46
standard_benchmark,lamar,MapAnything-map-anything,1000,mdecalib_shift_ro,56.27,208.54,71.04
standard_benchmark,lamar,MapAnything-map-anything,1000,sf_shift_ro,60.91,208.54,83.86
standard_benchmark,lamar,MapAnythingCalib-map-anything,10,calib,77.92,210.93,69.48
standard_benchmark,lamar,MapAnythingCalib-map-anything,10,calib_shift,68.21,210.93,64.53
standard_benchmark,lamar,MapAnythingCalib-map-anything,10,calib_ro,75.1,210.93,68.68
standard_benchmark,lamar,MapAnythingCalib-map-anything,10,calib_shift_ro,66.99,210.93,68.64
standard_benchmark,lamar,MapAnythingCalib-map-anything,100,calib,83.98,210.93,72.54
standard_benchmark,lamar,MapAnythingCalib-map-anything,100,calib_shift,80.17,210.93,71.45
standard_benchmark,lamar,MapAnythingCalib-map-anything,100,calib_ro,76.97,210.93,69.54
standard_benchmark,lamar,MapAnythingCalib-map-anything,100,calib_shift_ro,73.15,210.93,72.22
standard_benchmark,lamar,MapAnythingCalib-map-anything,500,calib,85.49,210.93,73.17
standard_benchmark,lamar,MapAnythingCalib-map-anything,500,calib_shift,83.1,210.93,72.72
standard_benchmark,lamar,MapAnythingCalib-map-anything,500,calib_ro,77.36,210.93,69.56
standard_benchmark,lamar,MapAnythingCalib-map-anything,500,calib_shift_ro,74.47,210.93,72.53
standard_benchmark,lamar,MapAnythingCalib-map-anything,1000,calib,85.88,210.93,73.33
standard_benchmark,lamar,MapAnythingCalib-map-anything,1000,calib_shift,83.91,210.93,73.02
standard_benchmark,lamar,MapAnythingCalib-map-anything,1000,calib_ro,77.46,210.93,69.56
standard_benchmark,lamar,MapAnythingCalib-map-anything,1000,calib_shift_ro,74.8,210.93,72.57
standard_benchmark,lamar,Metric3DV2-vit_giant2,10,calib,82.47,652.09,69.85
standard_benchmark,lamar,Metric3DV2-vit_giant2,10,mdecalib,0.0,652.09,
standard_benchmark,lamar,Metric3DV2-vit_giant2,10,sf,67.69,652.09,66.55
standard_benchmark,lamar,Metric3DV2-vit_giant2,10,calib_shift,74.9,652.09,65.71
standard_benchmark,lamar,Metric3DV2-vit_giant2,10,mdecalib_shift,0.0,652.09,
standard_benchmark,lamar,Metric3DV2-vit_giant2,10,sf_shift,57.61,652.09,59.76
standard_benchmark,lamar,Metric3DV2-vit_giant2,10,calib_ro,78.18,652.09,74.07
standard_benchmark,lamar,Metric3DV2-vit_giant2,10,mdecalib_ro,0.0,652.09,
standard_benchmark,lamar,Metric3DV2-vit_giant2,10,sf_ro,62.59,652.09,84.41
standard_benchmark,lamar,Metric3DV2-vit_giant2,10,calib_shift_ro,73.06,652.09,73.71
standard_benchmark,lamar,Metric3DV2-vit_giant2,10,mdecalib_shift_ro,0.0,652.09,
standard_benchmark,lamar,Metric3DV2-vit_giant2,10,sf_shift_ro,55.31,652.09,80.94
standard_benchmark,lamar,Metric3DV2-vit_giant2,100,calib,86.59,652.09,71.82
standard_benchmark,lamar,Metric3DV2-vit_giant2,100,mdecalib,0.0,652.09,
standard_benchmark,lamar,Metric3DV2-vit_giant2,100,sf,73.77,652.09,71.44
standard_benchmark,lamar,Metric3DV2-vit_giant2,100,calib_shift,84.4,652.09,71.24
standard_benchmark,lamar,Metric3DV2-vit_giant2,100,mdecalib_shift,0.0,652.09,
standard_benchmark,lamar,Metric3DV2-vit_giant2,100,sf_shift,69.8,652.09,70.01
standard_benchmark,lamar,Metric3DV2-vit_giant2,100,calib_ro,79.13,652.09,74.58
standard_benchmark,lamar,Metric3DV2-vit_giant2,100,mdecalib_ro,0.0,652.09,
standard_benchmark,lamar,Metric3DV2-vit_giant2,100,sf_ro,64.05,652.09,85.9
standard_benchmark,lamar,Metric3DV2-vit_giant2,100,calib_shift_ro,77.72,652.09,76.63
standard_benchmark,lamar,Metric3DV2-vit_giant2,100,mdecalib_shift_ro,0.0,652.09,
standard_benchmark,lamar,Metric3DV2-vit_giant2,100,sf_shift_ro,61.97,652.09,86.39
standard_benchmark,lamar,Metric3DV2-vit_giant2,500,calib,87.47,652.09,72.24
standard_benchmark,lamar,Metric3DV2-vit_giant2,500,mdecalib,0.0,652.09,
standard_benchmark,lamar,Metric3DV2-vit_giant2,500,sf,75.36,652.09,72.25
standard_benchmark,lamar,Metric3DV2-vit_giant2,500,calib_shift,86.66,652.09,72.12
standard_benchmark,lamar,Metric3DV2-vit_giant2,500,mdecalib_shift,0.0,652.09,
standard_benchmark,lamar,Metric3DV2-vit_giant2,500,sf_shift,73.5,652.09,71.79
standard_benchmark,lamar,Metric3DV2-vit_giant2,500,calib_ro,79.24,652.09,74.59
standard_benchmark,lamar,Metric3DV2-vit_giant2,500,mdecalib_ro,0.0,652.09,
standard_benchmark,lamar,Metric3DV2-vit_giant2,500,sf_ro,64.28,652.09,86.02
standard_benchmark,lamar,Metric3DV2-vit_giant2,500,calib_shift_ro,78.48,652.09,76.94
standard_benchmark,lamar,Metric3DV2-vit_giant2,500,mdecalib_shift_ro,0.0,652.09,
standard_benchmark,lamar,Metric3DV2-vit_giant2,500,sf_shift_ro,62.89,652.09,86.9
standard_benchmark,lamar,Metric3DV2-vit_giant2,1000,calib,87.73,652.09,72.36
standard_benchmark,lamar,Metric3DV2-vit_giant2,1000,mdecalib,0.0,652.09,
standard_benchmark,lamar,Metric3DV2-vit_giant2,1000,sf,75.81,652.09,72.45
standard_benchmark,lamar,Metric3DV2-vit_giant2,1000,calib_shift,87.22,652.09,72.31
standard_benchmark,lamar,Metric3DV2-vit_giant2,1000,mdecalib_shift,0.0,652.09,
standard_benchmark,lamar,Metric3DV2-vit_giant2,1000,sf_shift,74.45,652.09,72.14
standard_benchmark,lamar,Metric3DV2-vit_giant2,1000,calib_ro,79.3,652.09,74.58
standard_benchmark,lamar,Metric3DV2-vit_giant2,1000,mdecalib_ro,0.0,652.09,
standard_benchmark,lamar,Metric3DV2-vit_giant2,1000,sf_ro,64.3,652.09,86.06
standard_benchmark,lamar,Metric3DV2-vit_giant2,1000,calib_shift_ro,78.62,652.09,76.98
standard_benchmark,lamar,Metric3DV2-vit_giant2,1000,mdecalib_shift_ro,0.0,652.09,
standard_benchmark,lamar,Metric3DV2-vit_giant2,1000,sf_shift_ro,63.27,652.09,87.0
standard_benchmark,lamar,Metric3DV2-vit_large,10,calib,82.72,224.26,69.91
standard_benchmark,lamar,Metric3DV2-vit_large,10,mdecalib,0.0,224.26,
standard_benchmark,lamar,Metric3DV2-vit_large,10,sf,68.34,224.26,66.76
standard_benchmark,lamar,Metric3DV2-vit_large,10,calib_shift,75.18,224.26,65.51
standard_benchmark,lamar,Metric3DV2-vit_large,10,mdecalib_shift,0.0,224.26,
standard_benchmark,lamar,Metric3DV2-vit_large,10,sf_shift,58.76,224.26,59.8
standard_benchmark,lamar,Metric3DV2-vit_large,10,calib_ro,78.88,224.26,74.27
standard_benchmark,lamar,Metric3DV2-vit_large,10,mdecalib_ro,0.0,224.26,
standard_benchmark,lamar,Metric3DV2-vit_large,10,sf_ro,63.76,224.26,84.34
standard_benchmark,lamar,Metric3DV2-vit_large,10,calib_shift_ro,73.64,224.26,73.97
standard_benchmark,lamar,Metric3DV2-vit_large,10,mdecalib_shift_ro,0.0,224.26,
standard_benchmark,lamar,Metric3DV2-vit_large,10,sf_shift_ro,56.93,224.26,80.9
standard_benchmark,lamar,Metric3DV2-vit_large,100,calib,86.72,224.26,71.87
standard_benchmark,lamar,Metric3DV2-vit_large,100,mdecalib,0.0,224.26,
standard_benchmark,lamar,Metric3DV2-vit_large,100,sf,74.58,224.26,71.57
standard_benchmark,lamar,Metric3DV2-vit_large,100,calib_shift,84.81,224.26,71.32
standard_benchmark,lamar,Metric3DV2-vit_large,100,mdecalib_shift,0.0,224.26,
standard_benchmark,lamar,Metric3DV2-vit_large,100,sf_shift,71.26,224.26,70.23
standard_benchmark,lamar,Metric3DV2-vit_large,100,calib_ro,79.79,224.26,74.76
standard_benchmark,lamar,Metric3DV2-vit_large,100,mdecalib_ro,0.0,224.26,
standard_benchmark,lamar,Metric3DV2-vit_large,100,sf_ro,65.53,224.26,85.87
standard_benchmark,lamar,Metric3DV2-vit_large,100,calib_shift_ro,78.34,224.26,76.83
standard_benchmark,lamar,Metric3DV2-vit_large,100,mdecalib_shift_ro,0.0,224.26,
standard_benchmark,lamar,Metric3DV2-vit_large,100,sf_shift_ro,63.23,224.26,86.39
standard_benchmark,lamar,Metric3DV2-vit_large,500,calib,87.72,224.26,72.27
standard_benchmark,lamar,Metric3DV2-vit_large,500,mdecalib,0.0,224.26,
standard_benchmark,lamar,Metric3DV2-vit_large,500,sf,75.83,224.26,72.31
standard_benchmark,lamar,Metric3DV2-vit_large,500,calib_shift,86.8,224.26,72.09
standard_benchmark,lamar,Metric3DV2-vit_large,500,mdecalib_shift,0.0,224.26,
standard_benchmark,lamar,Metric3DV2-vit_large,500,sf_shift,74.51,224.26,71.85
standard_benchmark,lamar,Metric3DV2-vit_large,500,calib_ro,79.89,224.26,74.82
standard_benchmark,lamar,Metric3DV2-vit_large,500,mdecalib_ro,0.0,224.26,
standard_benchmark,lamar,Metric3DV2-vit_large,500,sf_ro,65.67,224.26,86.0
standard_benchmark,lamar,Metric3DV2-vit_large,500,calib_shift_ro,79.24,224.26,77.17
standard_benchmark,lamar,Metric3DV2-vit_large,500,mdecalib_shift_ro,0.0,224.26,
standard_benchmark,lamar,Metric3DV2-vit_large,500,sf_shift_ro,64.34,224.26,86.89
standard_benchmark,lamar,Metric3DV2-vit_large,1000,calib,88.02,224.26,72.38
standard_benchmark,lamar,Metric3DV2-vit_large,1000,mdecalib,0.0,224.26,
standard_benchmark,lamar,Metric3DV2-vit_large,1000,sf,76.32,224.26,72.52
standard_benchmark,lamar,Metric3DV2-vit_large,1000,calib_shift,87.44,224.26,72.3
standard_benchmark,lamar,Metric3DV2-vit_large,1000,mdecalib_shift,0.0,224.26,
standard_benchmark,lamar,Metric3DV2-vit_large,1000,sf_shift,75.37,224.26,72.25
standard_benchmark,lamar,Metric3DV2-vit_large,1000,calib_ro,79.94,224.26,74.82
standard_benchmark,lamar,Metric3DV2-vit_large,1000,mdecalib_ro,0.0,224.26,
standard_benchmark,lamar,Metric3DV2-vit_large,1000,sf_ro,65.64,224.26,86.03
standard_benchmark,lamar,Metric3DV2-vit_large,1000,calib_shift_ro,79.42,224.26,77.21
standard_benchmark,lamar,Metric3DV2-vit_large,1000,mdecalib_shift_ro,0.0,224.26,
standard_benchmark,lamar,Metric3DV2-vit_large,1000,sf_shift_ro,64.56,224.26,86.98
standard_benchmark,lamar,Metric3DV2-vit_small,10,calib,80.34,56.58,69.07
standard_benchmark,lamar,Metric3DV2-vit_small,10,mdecalib,0.0,56.58,
standard_benchmark,lamar,Metric3DV2-vit_small,10,sf,62.85,56.58,63.71
standard_benchmark,lamar,Metric3DV2-vit_small,10,calib_shift,70.33,56.58,63.07
standard_benchmark,lamar,Metric3DV2-vit_small,10,mdecalib_shift,0.0,56.58,
standard_benchmark,lamar,Metric3DV2-vit_small,10,sf_shift,51.81,56.58,55.85
standard_benchmark,lamar,Metric3DV2-vit_small,10,calib_ro,72.91,56.58,67.94
standard_benchmark,lamar,Metric3DV2-vit_small,10,mdecalib_ro,0.0,56.58,
standard_benchmark,lamar,Metric3DV2-vit_small,10,sf_ro,56.39,56.58,79.67
standard_benchmark,lamar,Metric3DV2-vit_small,10,calib_shift_ro,65.8,56.58,68.18
standard_benchmark,lamar,Metric3DV2-vit_small,10,mdecalib_shift_ro,0.0,56.58,
standard_benchmark,lamar,Metric3DV2-vit_small,10,sf_shift_ro,48.02,56.58,76.44
standard_benchmark,lamar,Metric3DV2-vit_small,100,calib,85.31,56.58,71.62
standard_benchmark,lamar,Metric3DV2-vit_small,100,mdecalib,0.0,56.58,
standard_benchmark,lamar,Metric3DV2-vit_small,100,sf,70.87,56.58,70.68
standard_benchmark,lamar,Metric3DV2-vit_small,100,calib_shift,81.97,56.58,70.39
standard_benchmark,lamar,Metric3DV2-vit_small,100,mdecalib_shift,0.0,56.58,
standard_benchmark,lamar,Metric3DV2-vit_small,100,sf_shift,66.67,56.58,68.54
standard_benchmark,lamar,Metric3DV2-vit_small,100,calib_ro,74.39,56.58,68.59
standard_benchmark,lamar,Metric3DV2-vit_small,100,mdecalib_ro,0.0,56.58,
standard_benchmark,lamar,Metric3DV2-vit_small,100,sf_ro,58.66,56.58,82.05
standard_benchmark,lamar,Metric3DV2-vit_small,100,calib_shift_ro,71.77,56.58,71.62
standard_benchmark,lamar,Metric3DV2-vit_small,100,mdecalib_shift_ro,0.0,56.58,
standard_benchmark,lamar,Metric3DV2-vit_small,100,sf_shift_ro,54.91,56.58,82.92
standard_benchmark,lamar,Metric3DV2-vit_small,500,calib,86.7,56.58,72.17
standard_benchmark,lamar,Metric3DV2-vit_small,500,mdecalib,0.0,56.58,
standard_benchmark,lamar,Metric3DV2-vit_small,500,sf,73.08,56.58,71.89
standard_benchmark,lamar,Metric3DV2-vit_small,500,calib_shift,85.31,56.58,71.75
standard_benchmark,lamar,Metric3DV2-vit_small,500,mdecalib_shift,0.0,56.58,
standard_benchmark,lamar,Metric3DV2-vit_small,500,sf_shift,71.02,56.58,70.99
standard_benchmark,lamar,Metric3DV2-vit_small,500,calib_ro,74.68,56.58,68.62
standard_benchmark,lamar,Metric3DV2-vit_small,500,mdecalib_ro,0.0,56.58,
standard_benchmark,lamar,Metric3DV2-vit_small,500,sf_ro,59.05,56.58,82.29
standard_benchmark,lamar,Metric3DV2-vit_small,500,calib_shift_ro,73.07,56.58,72.06
standard_benchmark,lamar,Metric3DV2-vit_small,500,mdecalib_shift_ro,0.0,56.58,
standard_benchmark,lamar,Metric3DV2-vit_small,500,sf_shift_ro,56.32,56.58,83.64
standard_benchmark,lamar,Metric3DV2-vit_small,1000,calib,87.06,56.58,72.3
standard_benchmark,lamar,Metric3DV2-vit_small,1000,mdecalib,0.0,56.58,
standard_benchmark,lamar,Metric3DV2-vit_small,1000,sf,73.67,56.58,72.19
standard_benchmark,lamar,Metric3DV2-vit_small,1000,calib_shift,86.27,56.58,72.07
standard_benchmark,lamar,Metric3DV2-vit_small,1000,mdecalib_shift,0.0,56.58,
standard_benchmark,lamar,Metric3DV2-vit_small,1000,sf_shift,72.57,56.58,71.64
standard_benchmark,lamar,Metric3DV2-vit_small,1000,calib_ro,74.68,56.58,68.61
standard_benchmark,lamar,Metric3DV2-vit_small,1000,mdecalib_ro,0.0,56.58,
standard_benchmark,lamar,Metric3DV2-vit_small,1000,sf_ro,59.05,56.58,82.33
standard_benchmark,lamar,Metric3DV2-vit_small,1000,calib_shift_ro,73.45,56.58,72.13
standard_benchmark,lamar,Metric3DV2-vit_small,1000,mdecalib_shift_ro,0.0,56.58,
standard_benchmark,lamar,Metric3DV2-vit_small,1000,sf_shift_ro,56.86,56.58,83.77
standard_benchmark,lamar,Metric3DV2Calib-vit_giant2,10,calib,82.39,648.83,69.87
standard_benchmark,lamar,Metric3DV2Calib-vit_giant2,10,calib_shift,74.9,648.83,65.67
standard_benchmark,lamar,Metric3DV2Calib-vit_giant2,10,calib_ro,78.16,648.83,74.07
standard_benchmark,lamar,Metric3DV2Calib-vit_giant2,10,calib_shift_ro,73.12,648.83,73.73
standard_benchmark,lamar,Metric3DV2Calib-vit_giant2,100,calib,86.57,648.83,71.82
standard_benchmark,lamar,Metric3DV2Calib-vit_giant2,100,calib_shift,84.38,648.83,71.23
standard_benchmark,lamar,Metric3DV2Calib-vit_giant2,100,calib_ro,79.07,648.83,74.58
standard_benchmark,lamar,Metric3DV2Calib-vit_giant2,100,calib_shift_ro,77.74,648.83,76.63
standard_benchmark,lamar,Metric3DV2Calib-vit_giant2,500,calib,87.48,648.83,72.24
standard_benchmark,lamar,Metric3DV2Calib-vit_giant2,500,calib_shift,86.63,648.83,72.12
standard_benchmark,lamar,Metric3DV2Calib-vit_giant2,500,calib_ro,79.2,648.83,74.6
standard_benchmark,lamar,Metric3DV2Calib-vit_giant2,500,calib_shift_ro,78.5,648.83,76.94
standard_benchmark,lamar,Metric3DV2Calib-vit_giant2,1000,calib,87.71,648.83,72.35
standard_benchmark,lamar,Metric3DV2Calib-vit_giant2,1000,calib_shift,87.09,648.83,72.31
standard_benchmark,lamar,Metric3DV2Calib-vit_giant2,1000,calib_ro,79.29,648.83,74.59
standard_benchmark,lamar,Metric3DV2Calib-vit_giant2,1000,calib_shift_ro,78.67,648.83,76.99
standard_benchmark,lamar,Metric3DV2Calib-vit_large,10,calib,82.7,224.19,69.91
standard_benchmark,lamar,Metric3DV2Calib-vit_large,10,calib_shift,75.17,224.19,65.51
standard_benchmark,lamar,Metric3DV2Calib-vit_large,10,calib_ro,78.86,224.19,74.28
standard_benchmark,lamar,Metric3DV2Calib-vit_large,10,calib_shift_ro,73.86,224.19,73.96
standard_benchmark,lamar,Metric3DV2Calib-vit_large,100,calib,86.69,224.19,71.88
standard_benchmark,lamar,Metric3DV2Calib-vit_large,100,calib_shift,84.78,224.19,71.32
standard_benchmark,lamar,Metric3DV2Calib-vit_large,100,calib_ro,79.81,224.19,74.76
standard_benchmark,lamar,Metric3DV2Calib-vit_large,100,calib_shift_ro,78.32,224.19,76.81
standard_benchmark,lamar,Metric3DV2Calib-vit_large,500,calib,87.73,224.19,72.27
standard_benchmark,lamar,Metric3DV2Calib-vit_large,500,calib_shift,86.88,224.19,72.1
standard_benchmark,lamar,Metric3DV2Calib-vit_large,500,calib_ro,79.92,224.19,74.82
standard_benchmark,lamar,Metric3DV2Calib-vit_large,500,calib_shift_ro,79.22,224.19,77.15
standard_benchmark,lamar,Metric3DV2Calib-vit_large,1000,calib,88.04,224.19,72.38
standard_benchmark,lamar,Metric3DV2Calib-vit_large,1000,calib_shift,87.49,224.19,72.3
standard_benchmark,lamar,Metric3DV2Calib-vit_large,1000,calib_ro,79.96,224.19,74.82
standard_benchmark,lamar,Metric3DV2Calib-vit_large,1000,calib_shift_ro,79.44,224.19,77.21
standard_benchmark,lamar,Metric3DV2Calib-vit_small,10,calib,80.33,44.6,69.05
standard_benchmark,lamar,Metric3DV2Calib-vit_small,10,calib_shift,70.25,44.6,63.04
standard_benchmark,lamar,Metric3DV2Calib-vit_small,10,calib_ro,72.92,44.6,67.94
standard_benchmark,lamar,Metric3DV2Calib-vit_small,10,calib_shift_ro,65.88,44.6,68.19
standard_benchmark,lamar,Metric3DV2Calib-vit_small,100,calib,85.29,44.6,71.61
standard_benchmark,lamar,Metric3DV2Calib-vit_small,100,calib_shift,81.95,44.6,70.36
standard_benchmark,lamar,Metric3DV2Calib-vit_small,100,calib_ro,74.42,44.6,68.6
standard_benchmark,lamar,Metric3DV2Calib-vit_small,100,calib_shift_ro,71.77,44.6,71.6
standard_benchmark,lamar,Metric3DV2Calib-vit_small,500,calib,86.6,44.6,72.16
standard_benchmark,lamar,Metric3DV2Calib-vit_small,500,calib_shift,85.28,44.6,71.77
standard_benchmark,lamar,Metric3DV2Calib-vit_small,500,calib_ro,74.68,44.6,68.62
standard_benchmark,lamar,Metric3DV2Calib-vit_small,500,calib_shift_ro,73.12,44.6,72.03
standard_benchmark,lamar,Metric3DV2Calib-vit_small,1000,calib,86.99,44.6,72.3
standard_benchmark,lamar,Metric3DV2Calib-vit_small,1000,calib_shift,86.23,44.6,72.09
standard_benchmark,lamar,Metric3DV2Calib-vit_small,1000,calib_ro,74.72,44.6,68.61
standard_benchmark,lamar,Metric3DV2Calib-vit_small,1000,calib_shift_ro,73.44,44.6,72.11
standard_benchmark,lamar,MoGeV1-moge-vitl,10,calib,84.68,90.49,70.79
standard_benchmark,lamar,MoGeV1-moge-vitl,10,mdecalib,74.53,90.49,68.44
standard_benchmark,lamar,MoGeV1-moge-vitl,10,sf,71.72,90.49,68.45
standard_benchmark,lamar,MoGeV1-moge-vitl,10,calib_shift,79.56,90.49,68.06
standard_benchmark,lamar,MoGeV1-moge-vitl,10,mdecalib_shift,70.08,90.49,66.13
standard_benchmark,lamar,MoGeV1-moge-vitl,10,sf_shift,65.79,90.49,63.77
standard_benchmark,lamar,MoGeV1-moge-vitl,10,calib_ro,82.86,90.49,78.57
standard_benchmark,lamar,MoGeV1-moge-vitl,10,mdecalib_ro,72.89,90.49,77.46
standard_benchmark,lamar,MoGeV1-moge-vitl,10,sf_ro,69.17,90.49,86.91
standard_benchmark,lamar,MoGeV1-moge-vitl,10,calib_shift_ro,80.46,90.49,78.56
standard_benchmark,lamar,MoGeV1-moge-vitl,10,mdecalib_shift_ro,72.48,90.49,78.12
standard_benchmark,lamar,MoGeV1-moge-vitl,10,sf_shift_ro,66.18,90.49,84.57
standard_benchmark,lamar,MoGeV1-moge-vitl,100,calib,87.98,90.49,72.24
standard_benchmark,lamar,MoGeV1-moge-vitl,100,mdecalib,77.78,90.49,70.18
standard_benchmark,lamar,MoGeV1-moge-vitl,100,sf,77.27,90.49,72.23
standard_benchmark,lamar,MoGeV1-moge-vitl,100,calib_shift,86.65,90.49,71.94
standard_benchmark,lamar,MoGeV1-moge-vitl,100,mdecalib_shift,76.8,90.49,70.16
standard_benchmark,lamar,MoGeV1-moge-vitl,100,sf_shift,75.64,90.49,71.46
standard_benchmark,lamar,MoGeV1-moge-vitl,100,calib_ro,83.38,90.49,78.95
standard_benchmark,lamar,MoGeV1-moge-vitl,100,mdecalib_ro,73.39,90.49,77.88
standard_benchmark,lamar,MoGeV1-moge-vitl,100,sf_ro,70.19,90.49,88.07
standard_benchmark,lamar,MoGeV1-moge-vitl,100,calib_shift_ro,83.18,90.49,80.64
standard_benchmark,lamar,MoGeV1-moge-vitl,100,mdecalib_shift_ro,74.87,90.49,80.2
standard_benchmark,lamar,MoGeV1-moge-vitl,100,sf_shift_ro,70.06,90.49,88.64
standard_benchmark,lamar,MoGeV1-moge-vitl,500,calib,88.63,90.49,72.53
standard_benchmark,lamar,MoGeV1-moge-vitl,500,mdecalib,78.45,90.49,70.61
standard_benchmark,lamar,MoGeV1-moge-vitl,500,sf,78.26,90.49,72.76
standard_benchmark,lamar,MoGeV1-moge-vitl,500,calib_shift,88.16,90.49,72.5
standard_benchmark,lamar,MoGeV1-moge-vitl,500,mdecalib_shift,78.1,90.49,70.78
standard_benchmark,lamar,MoGeV1-moge-vitl,500,sf_shift,78.11,90.49,72.56
standard_benchmark,lamar,MoGeV1-moge-vitl,500,calib_ro,83.46,90.49,78.96
standard_benchmark,lamar,MoGeV1-moge-vitl,500,mdecalib_ro,73.45,90.49,77.9
standard_benchmark,lamar,MoGeV1-moge-vitl,500,sf_ro,70.26,90.49,88.15
standard_benchmark,lamar,MoGeV1-moge-vitl,500,calib_shift_ro,83.5,90.49,80.86
standard_benchmark,lamar,MoGeV1-moge-vitl,500,mdecalib_shift_ro,75.23,90.49,80.43
standard_benchmark,lamar,MoGeV1-moge-vitl,500,sf_shift_ro,70.54,90.49,88.95
standard_benchmark,lamar,MoGeV1-moge-vitl,1000,calib,88.78,90.49,72.6
standard_benchmark,lamar,MoGeV1-moge-vitl,1000,mdecalib,78.66,90.49,70.74
standard_benchmark,lamar,MoGeV1-moge-vitl,1000,sf,78.51,90.49,72.88
standard_benchmark,lamar,MoGeV1-moge-vitl,1000,calib_shift,88.58,90.49,72.63
standard_benchmark,lamar,MoGeV1-moge-vitl,1000,mdecalib_shift,78.52,90.49,70.93
standard_benchmark,lamar,MoGeV1-moge-vitl,1000,sf_shift,78.55,90.49,72.78
standard_benchmark,lamar,MoGeV1-moge-vitl,1000,calib_ro,83.48,90.49,78.96
standard_benchmark,lamar,MoGeV1-moge-vitl,1000,mdecalib_ro,73.46,90.49,77.9
standard_benchmark,lamar,MoGeV1-moge-vitl,1000,sf_ro,70.23,90.49,88.18
standard_benchmark,lamar,MoGeV1-moge-vitl,1000,calib_shift_ro,83.56,90.49,80.89
standard_benchmark,lamar,MoGeV1-moge-vitl,1000,mdecalib_shift_ro,75.3,90.49,80.46
standard_benchmark,lamar,MoGeV1-moge-vitl,1000,sf_shift_ro,70.71,90.49,89.01
standard_benchmark,lamar,MoGeV1Calib-moge-vitl,10,calib,84.51,90.77,70.76
standard_benchmark,lamar,MoGeV1Calib-moge-vitl,10,calib_shift,79.55,90.77,68.1
standard_benchmark,lamar,MoGeV1Calib-moge-vitl,10,calib_ro,82.65,90.77,78.34
standard_benchmark,lamar,MoGeV1Calib-moge-vitl,10,calib_shift_ro,80.57,90.77,78.58
standard_benchmark,lamar,MoGeV1Calib-moge-vitl,100,calib,87.91,90.77,72.23
standard_benchmark,lamar,MoGeV1Calib-moge-vitl,100,calib_shift,86.58,90.77,71.94
standard_benchmark,lamar,MoGeV1Calib-moge-vitl,100,calib_ro,83.29,90.77,78.77
standard_benchmark,lamar,MoGeV1Calib-moge-vitl,100,calib_shift_ro,83.2,90.77,80.65
standard_benchmark,lamar,MoGeV1Calib-moge-vitl,500,calib,88.57,90.77,72.52
standard_benchmark,lamar,MoGeV1Calib-moge-vitl,500,calib_shift,88.12,90.77,72.49
standard_benchmark,lamar,MoGeV1Calib-moge-vitl,500,calib_ro,83.36,90.77,78.79
standard_benchmark,lamar,MoGeV1Calib-moge-vitl,500,calib_shift_ro,83.56,90.77,80.86
standard_benchmark,lamar,MoGeV1Calib-moge-vitl,1000,calib,88.76,90.77,72.6
standard_benchmark,lamar,MoGeV1Calib-moge-vitl,1000,calib_shift,88.64,90.77,72.63
standard_benchmark,lamar,MoGeV1Calib-moge-vitl,1000,calib_ro,83.35,90.77,78.79
standard_benchmark,lamar,MoGeV1Calib-moge-vitl,1000,calib_shift_ro,83.61,90.77,80.88
standard_benchmark,lamar,MoGeV2-moge-2-vitl,10,calib,84.25,66.21,70.65
standard_benchmark,lamar,MoGeV2-moge-2-vitl,10,mdecalib,72.64,66.21,67.76
standard_benchmark,lamar,MoGeV2-moge-2-vitl,10,sf,71.54,66.21,68.24
standard_benchmark,lamar,MoGeV2-moge-2-vitl,10,calib_shift,78.14,66.21,67.3
standard_benchmark,lamar,MoGeV2-moge-2-vitl,10,mdecalib_shift,67.8,66.21,64.99
standard_benchmark,lamar,MoGeV2-moge-2-vitl,10,sf_shift,64.72,66.21,63.37
standard_benchmark,lamar,MoGeV2-moge-2-vitl,10,calib_ro,82.49,66.21,78.46
standard_benchmark,lamar,MoGeV2-moge-2-vitl,10,mdecalib_ro,70.73,66.21,76.95
standard_benchmark,lamar,MoGeV2-moge-2-vitl,10,sf_ro,69.25,66.21,86.97
standard_benchmark,lamar,MoGeV2-moge-2-vitl,10,calib_shift_ro,79.38,66.21,78.48
standard_benchmark,lamar,MoGeV2-moge-2-vitl,10,mdecalib_shift_ro,70.2,66.21,77.74
standard_benchmark,lamar,MoGeV2-moge-2-vitl,10,sf_shift_ro,64.97,66.21,84.53
standard_benchmark,lamar,MoGeV2-moge-2-vitl,100,calib,87.54,66.21,72.15
standard_benchmark,lamar,MoGeV2-moge-2-vitl,100,mdecalib,75.84,66.21,69.6
standard_benchmark,lamar,MoGeV2-moge-2-vitl,100,sf,77.13,66.21,72.07
standard_benchmark,lamar,MoGeV2-moge-2-vitl,100,calib_shift,86.1,66.21,71.79
standard_benchmark,lamar,MoGeV2-moge-2-vitl,100,mdecalib_shift,74.76,66.21,69.58
standard_benchmark,lamar,MoGeV2-moge-2-vitl,100,sf_shift,74.78,66.21,71.15
standard_benchmark,lamar,MoGeV2-moge-2-vitl,100,calib_ro,83.25,66.21,78.9
standard_benchmark,lamar,MoGeV2-moge-2-vitl,100,mdecalib_ro,71.53,66.21,77.43
standard_benchmark,lamar,MoGeV2-moge-2-vitl,100,sf_ro,70.29,66.21,88.16
standard_benchmark,lamar,MoGeV2-moge-2-vitl,100,calib_shift_ro,82.55,66.21,80.62
standard_benchmark,lamar,MoGeV2-moge-2-vitl,100,mdecalib_shift_ro,73.03,66.21,79.97
standard_benchmark,lamar,MoGeV2-moge-2-vitl,100,sf_shift_ro,69.62,66.21,88.77
standard_benchmark,lamar,MoGeV2-moge-2-vitl,500,calib,88.36,66.21,72.45
standard_benchmark,lamar,MoGeV2-moge-2-vitl,500,mdecalib,76.66,66.21,70.07
standard_benchmark,lamar,MoGeV2-moge-2-vitl,500,sf,78.06,66.21,72.63
standard_benchmark,lamar,MoGeV2-moge-2-vitl,500,calib_shift,87.95,66.21,72.44
standard_benchmark,lamar,MoGeV2-moge-2-vitl,500,mdecalib_shift,76.44,66.21,70.32
standard_benchmark,lamar,MoGeV2-moge-2-vitl,500,sf_shift,77.36,66.21,72.4
standard_benchmark,lamar,MoGeV2-moge-2-vitl,500,calib_ro,83.39,66.21,78.93
standard_benchmark,lamar,MoGeV2-moge-2-vitl,500,mdecalib_ro,71.56,66.21,77.46
standard_benchmark,lamar,MoGeV2-moge-2-vitl,500,sf_ro,70.21,66.21,88.26
standard_benchmark,lamar,MoGeV2-moge-2-vitl,500,calib_shift_ro,83.07,66.21,80.86
standard_benchmark,lamar,MoGeV2-moge-2-vitl,500,mdecalib_shift_ro,73.6,66.21,80.22
standard_benchmark,lamar,MoGeV2-moge-2-vitl,500,sf_shift_ro,70.27,66.21,89.09
standard_benchmark,lamar,MoGeV2-moge-2-vitl,1000,calib,88.56,66.21,72.55
standard_benchmark,lamar,MoGeV2-moge-2-vitl,1000,mdecalib,76.82,66.21,70.22
standard_benchmark,lamar,MoGeV2-moge-2-vitl,1000,sf,78.36,66.21,72.76
standard_benchmark,lamar,MoGeV2-moge-2-vitl,1000,calib_shift,88.28,66.21,72.56
standard_benchmark,lamar,MoGeV2-moge-2-vitl,1000,mdecalib_shift,76.74,66.21,70.46
standard_benchmark,lamar,MoGeV2-moge-2-vitl,1000,sf_shift,77.99,66.21,72.67
standard_benchmark,lamar,MoGeV2-moge-2-vitl,1000,calib_ro,83.37,66.21,78.93
standard_benchmark,lamar,MoGeV2-moge-2-vitl,1000,mdecalib_ro,71.58,66.21,77.47
standard_benchmark,lamar,MoGeV2-moge-2-vitl,1000,sf_ro,70.19,66.21,88.29
standard_benchmark,lamar,MoGeV2-moge-2-vitl,1000,calib_shift_ro,83.15,66.21,80.89
standard_benchmark,lamar,MoGeV2-moge-2-vitl,1000,mdecalib_shift_ro,73.68,66.21,80.25
standard_benchmark,lamar,MoGeV2-moge-2-vitl,1000,sf_shift_ro,70.45,66.21,89.15
standard_benchmark,lamar,MoGeV2Calib-moge-2-vitl,10,calib,84.21,66.1,70.61
standard_benchmark,lamar,MoGeV2Calib-moge-2-vitl,10,calib_shift,78.18,66.1,67.36
standard_benchmark,lamar,MoGeV2Calib-moge-2-vitl,10,calib_ro,82.21,66.1,78.28
standard_benchmark,lamar,MoGeV2Calib-moge-2-vitl,10,calib_shift_ro,79.46,66.1,78.47
standard_benchmark,lamar,MoGeV2Calib-moge-2-vitl,100,calib,87.43,66.1,72.12
standard_benchmark,lamar,MoGeV2Calib-moge-2-vitl,100,calib_shift,86.21,66.1,71.83
standard_benchmark,lamar,MoGeV2Calib-moge-2-vitl,100,calib_ro,83.06,66.1,78.77
standard_benchmark,lamar,MoGeV2Calib-moge-2-vitl,100,calib_shift_ro,82.54,66.1,80.63
standard_benchmark,lamar,MoGeV2Calib-moge-2-vitl,500,calib,88.2,66.1,72.45
standard_benchmark,lamar,MoGeV2Calib-moge-2-vitl,500,calib_shift,87.97,66.1,72.47
standard_benchmark,lamar,MoGeV2Calib-moge-2-vitl,500,calib_ro,83.16,66.1,78.8
standard_benchmark,lamar,MoGeV2Calib-moge-2-vitl,500,calib_shift_ro,83.08,66.1,80.86
standard_benchmark,lamar,MoGeV2Calib-moge-2-vitl,1000,calib,88.51,66.1,72.54
standard_benchmark,lamar,MoGeV2Calib-moge-2-vitl,1000,calib_shift,88.34,66.1,72.58
standard_benchmark,lamar,MoGeV2Calib-moge-2-vitl,1000,calib_ro,83.16,66.1,78.8
standard_benchmark,lamar,MoGeV2Calib-moge-2-vitl,1000,calib_shift_ro,83.12,66.1,80.89
standard_benchmark,lamar,Pi3-Pi3X,10,calib,83.96,114.96,70.18
standard_benchmark,lamar,Pi3-Pi3X,10,mdecalib,73.39,114.96,67.45
standard_benchmark,lamar,Pi3-Pi3X,10,sf,71.06,114.96,67.31
standard_benchmark,lamar,Pi3-Pi3X,10,calib_shift,77.42,114.96,66.69
standard_benchmark,lamar,Pi3-Pi3X,10,mdecalib_shift,67.76,114.96,64.41
standard_benchmark,lamar,Pi3-Pi3X,10,sf_shift,63.29,114.96,62.29
standard_benchmark,lamar,Pi3-Pi3X,10,calib_ro,81.9,114.96,77.14
standard_benchmark,lamar,Pi3-Pi3X,10,mdecalib_ro,71.89,114.96,75.89
standard_benchmark,lamar,Pi3-Pi3X,10,sf_ro,67.85,114.96,86.0
standard_benchmark,lamar,Pi3-Pi3X,10,calib_shift_ro,78.86,114.96,77.05
standard_benchmark,lamar,Pi3-Pi3X,10,mdecalib_shift_ro,70.71,114.96,76.4
standard_benchmark,lamar,Pi3-Pi3X,10,sf_shift_ro,64.13,114.96,83.93
standard_benchmark,lamar,Pi3-Pi3X,100,calib,87.81,114.96,72.04
standard_benchmark,lamar,Pi3-Pi3X,100,mdecalib,77.12,114.96,69.53
standard_benchmark,lamar,Pi3-Pi3X,100,sf,76.88,114.96,71.81
standard_benchmark,lamar,Pi3-Pi3X,100,calib_shift,85.68,114.96,71.46
standard_benchmark,lamar,Pi3-Pi3X,100,mdecalib_shift,75.44,114.96,69.25
standard_benchmark,lamar,Pi3-Pi3X,100,sf_shift,73.92,114.96,70.7
standard_benchmark,lamar,Pi3-Pi3X,100,calib_ro,82.8,114.96,77.59
standard_benchmark,lamar,Pi3-Pi3X,100,mdecalib_ro,72.79,114.96,76.4
standard_benchmark,lamar,Pi3-Pi3X,100,sf_ro,69.35,114.96,87.49
standard_benchmark,lamar,Pi3-Pi3X,100,calib_shift_ro,82.05,114.96,79.2
standard_benchmark,lamar,Pi3-Pi3X,100,mdecalib_shift_ro,73.89,114.96,78.64
standard_benchmark,lamar,Pi3-Pi3X,100,sf_shift_ro,68.86,114.96,87.97
standard_benchmark,lamar,Pi3-Pi3X,500,calib,88.67,114.96,72.37
standard_benchmark,lamar,Pi3-Pi3X,500,mdecalib,78.13,114.96,70.07
standard_benchmark,lamar,Pi3-Pi3X,500,sf,78.32,114.96,72.5
standard_benchmark,lamar,Pi3-Pi3X,500,calib_shift,87.62,114.96,72.22
standard_benchmark,lamar,Pi3-Pi3X,500,mdecalib_shift,77.53,114.96,70.13
standard_benchmark,lamar,Pi3-Pi3X,500,sf_shift,76.91,114.96,72.11
standard_benchmark,lamar,Pi3-Pi3X,500,calib_ro,82.85,114.96,77.61
standard_benchmark,lamar,Pi3-Pi3X,500,mdecalib_ro,72.95,114.96,76.42
standard_benchmark,lamar,Pi3-Pi3X,500,sf_ro,69.39,114.96,87.63
standard_benchmark,lamar,Pi3-Pi3X,500,calib_shift_ro,82.7,114.96,79.44
standard_benchmark,lamar,Pi3-Pi3X,500,mdecalib_shift_ro,74.55,114.96,78.88
standard_benchmark,lamar,Pi3-Pi3X,500,sf_shift_ro,69.79,114.96,88.32
standard_benchmark,lamar,Pi3-Pi3X,1000,calib,88.92,114.96,72.45
standard_benchmark,lamar,Pi3-Pi3X,1000,mdecalib,78.3,114.96,70.19
standard_benchmark,lamar,Pi3-Pi3X,1000,sf,78.84,114.96,72.69
standard_benchmark,lamar,Pi3-Pi3X,1000,calib_shift,88.15,114.96,72.38
standard_benchmark,lamar,Pi3-Pi3X,1000,mdecalib_shift,77.95,114.96,70.32
standard_benchmark,lamar,Pi3-Pi3X,1000,sf_shift,77.73,114.96,72.42
standard_benchmark,lamar,Pi3-Pi3X,1000,calib_ro,82.87,114.96,77.6
standard_benchmark,lamar,Pi3-Pi3X,1000,mdecalib_ro,72.98,114.96,76.41
standard_benchmark,lamar,Pi3-Pi3X,1000,sf_ro,69.35,114.96,87.65
standard_benchmark,lamar,Pi3-Pi3X,1000,calib_shift_ro,82.88,114.96,79.48
standard_benchmark,lamar,Pi3-Pi3X,1000,mdecalib_shift_ro,74.68,114.96,78.93
standard_benchmark,lamar,Pi3-Pi3X,1000,sf_shift_ro,70.0,114.96,88.41
standard_benchmark,lamar,Pi3Calib-Pi3X,10,calib,84.35,117.62,70.26
standard_benchmark,lamar,Pi3Calib-Pi3X,10,calib_shift,77.77,117.62,66.89
standard_benchmark,lamar,Pi3Calib-Pi3X,10,calib_ro,82.16,117.62,77.26
standard_benchmark,lamar,Pi3Calib-Pi3X,10,calib_shift_ro,79.05,117.62,77.25
standard_benchmark,lamar,Pi3Calib-Pi3X,100,calib,88.07,117.62,72.02
standard_benchmark,lamar,Pi3Calib-Pi3X,100,calib_shift,85.88,117.62,71.51
standard_benchmark,lamar,Pi3Calib-Pi3X,100,calib_ro,83.13,117.62,77.76
standard_benchmark,lamar,Pi3Calib-Pi3X,100,calib_shift_ro,82.2,117.62,79.41
standard_benchmark,lamar,Pi3Calib-Pi3X,500,calib,88.83,117.62,72.36
standard_benchmark,lamar,Pi3Calib-Pi3X,500,calib_shift,87.93,117.62,72.25
standard_benchmark,lamar,Pi3Calib-Pi3X,500,calib_ro,83.18,117.62,77.78
standard_benchmark,lamar,Pi3Calib-Pi3X,500,calib_shift_ro,82.76,117.62,79.67
standard_benchmark,lamar,Pi3Calib-Pi3X,1000,calib,89.08,117.62,72.46
standard_benchmark,lamar,Pi3Calib-Pi3X,1000,calib_shift,88.43,117.62,72.41
standard_benchmark,lamar,Pi3Calib-Pi3X,1000,calib_ro,83.22,117.62,77.78
standard_benchmark,lamar,Pi3Calib-Pi3X,1000,calib_shift_ro,82.88,117.62,79.7
standard_benchmark,lamar,UniDepth1-cnvnxtl,10,calib,78.24,72.0,68.72
standard_benchmark,lamar,UniDepth1-cnvnxtl,10,mdecalib,14.06,72.0,46.89
standard_benchmark,lamar,UniDepth1-cnvnxtl,10,sf,60.44,72.0,64.16
standard_benchmark,lamar,UniDepth1-cnvnxtl,10,calib_shift,70.91,72.0,64.09
standard_benchmark,lamar,UniDepth1-cnvnxtl,10,mdecalib_shift,11.89,72.0,42.42
standard_benchmark,lamar,UniDepth1-cnvnxtl,10,sf_shift,53.15,72.0,57.59
standard_benchmark,lamar,UniDepth1-cnvnxtl,10,calib_ro,70.0,72.0,69.08
standard_benchmark,lamar,UniDepth1-cnvnxtl,10,mdecalib_ro,14.59,72.0,52.39
standard_benchmark,lamar,UniDepth1-cnvnxtl,10,sf_ro,51.62,72.0,80.53
standard_benchmark,lamar,UniDepth1-cnvnxtl,10,calib_shift_ro,65.64,72.0,69.9
standard_benchmark,lamar,UniDepth1-cnvnxtl,10,mdecalib_shift_ro,13.23,72.0,55.53
standard_benchmark,lamar,UniDepth1-cnvnxtl,10,sf_shift_ro,46.31,72.0,77.73
standard_benchmark,lamar,UniDepth1-cnvnxtl,100,calib,83.36,72.0,71.43
standard_benchmark,lamar,UniDepth1-cnvnxtl,100,mdecalib,14.45,72.0,52.22
standard_benchmark,lamar,UniDepth1-cnvnxtl,100,sf,68.39,72.0,70.64
standard_benchmark,lamar,UniDepth1-cnvnxtl,100,calib_shift,81.54,72.0,70.61
standard_benchmark,lamar,UniDepth1-cnvnxtl,100,mdecalib_shift,13.62,72.0,51.36
standard_benchmark,lamar,UniDepth1-cnvnxtl,100,sf_shift,65.87,72.0,69.16
standard_benchmark,lamar,UniDepth1-cnvnxtl,100,calib_ro,71.3,72.0,69.71
standard_benchmark,lamar,UniDepth1-cnvnxtl,100,mdecalib_ro,14.87,72.0,53.71
standard_benchmark,lamar,UniDepth1-cnvnxtl,100,sf_ro,53.5,72.0,82.81
standard_benchmark,lamar,UniDepth1-cnvnxtl,100,calib_shift_ro,69.85,72.0,72.93
standard_benchmark,lamar,UniDepth1-cnvnxtl,100,mdecalib_shift_ro,14.3,72.0,60.57
standard_benchmark,lamar,UniDepth1-cnvnxtl,100,sf_shift_ro,52.33,72.0,83.91
standard_benchmark,lamar,UniDepth1-cnvnxtl,500,calib,84.84,72.0,72.04
standard_benchmark,lamar,UniDepth1-cnvnxtl,500,mdecalib,14.43,72.0,54.44
standard_benchmark,lamar,UniDepth1-cnvnxtl,500,sf,70.48,72.0,71.78
standard_benchmark,lamar,UniDepth1-cnvnxtl,500,calib_shift,84.77,72.0,71.87
standard_benchmark,lamar,UniDepth1-cnvnxtl,500,mdecalib_shift,13.9,72.0,54.18
standard_benchmark,lamar,UniDepth1-cnvnxtl,500,sf_shift,69.71,72.0,71.25
standard_benchmark,lamar,UniDepth1-cnvnxtl,500,calib_ro,71.51,72.0,69.74
standard_benchmark,lamar,UniDepth1-cnvnxtl,500,mdecalib_ro,14.93,72.0,53.89
standard_benchmark,lamar,UniDepth1-cnvnxtl,500,sf_ro,53.63,72.0,83.02
standard_benchmark,lamar,UniDepth1-cnvnxtl,500,calib_shift_ro,70.87,72.0,73.32
standard_benchmark,lamar,UniDepth1-cnvnxtl,500,mdecalib_shift_ro,14.55,72.0,61.43
standard_benchmark,lamar,UniDepth1-cnvnxtl,500,sf_shift_ro,53.6,72.0,84.55
standard_benchmark,lamar,UniDepth1-cnvnxtl,1000,calib,85.28,72.0,72.2
standard_benchmark,lamar,UniDepth1-cnvnxtl,1000,mdecalib,14.53,72.0,55.23
standard_benchmark,lamar,UniDepth1-cnvnxtl,1000,sf,71.12,72.0,72.08
standard_benchmark,lamar,UniDepth1-cnvnxtl,1000,calib_shift,85.56,72.0,72.14
standard_benchmark,lamar,UniDepth1-cnvnxtl,1000,mdecalib_shift,14.04,72.0,55.06
standard_benchmark,lamar,UniDepth1-cnvnxtl,1000,sf_shift,70.86,72.0,71.74
standard_benchmark,lamar,UniDepth1-cnvnxtl,1000,calib_ro,71.54,72.0,69.74
standard_benchmark,lamar,UniDepth1-cnvnxtl,1000,mdecalib_ro,14.95,72.0,53.91
standard_benchmark,lamar,UniDepth1-cnvnxtl,1000,sf_ro,53.6,72.0,83.07
standard_benchmark,lamar,UniDepth1-cnvnxtl,1000,calib_shift_ro,71.24,72.0,73.37
standard_benchmark,lamar,UniDepth1-cnvnxtl,1000,mdecalib_shift_ro,14.64,72.0,61.62
standard_benchmark,lamar,UniDepth1-cnvnxtl,1000,sf_shift_ro,53.84,72.0,84.69
standard_benchmark,lamar,UniDepth1-vitl14,10,calib,81.65,121.93,69.75
standard_benchmark,lamar,UniDepth1-vitl14,10,mdecalib,15.74,121.93,47.37
standard_benchmark,lamar,UniDepth1-vitl14,10,sf,65.95,121.93,66.26
standard_benchmark,lamar,UniDepth1-vitl14,10,calib_shift,74.83,121.93,65.89
standard_benchmark,lamar,UniDepth1-vitl14,10,mdecalib_shift,14.65,121.93,45.99
standard_benchmark,lamar,UniDepth1-vitl14,10,sf_shift,58.53,121.93,60.43
standard_benchmark,lamar,UniDepth1-vitl14,10,calib_ro,76.02,121.93,72.62
standard_benchmark,lamar,UniDepth1-vitl14,10,mdecalib_ro,15.05,121.93,55.24
standard_benchmark,lamar,UniDepth1-vitl14,10,sf_ro,58.99,121.93,83.39
standard_benchmark,lamar,UniDepth1-vitl14,10,calib_shift_ro,72.35,121.93,73.39
standard_benchmark,lamar,UniDepth1-vitl14,10,mdecalib_shift_ro,15.64,121.93,60.62
standard_benchmark,lamar,UniDepth1-vitl14,10,sf_shift_ro,53.9,121.93,80.84
standard_benchmark,lamar,UniDepth1-vitl14,100,calib,85.85,121.93,71.75
standard_benchmark,lamar,UniDepth1-vitl14,100,mdecalib,16.07,121.93,52.28
standard_benchmark,lamar,UniDepth1-vitl14,100,sf,72.79,121.93,71.39
standard_benchmark,lamar,UniDepth1-vitl14,100,calib_shift,84.07,121.93,71.3
standard_benchmark,lamar,UniDepth1-vitl14,100,mdecalib_shift,15.61,121.93,52.71
standard_benchmark,lamar,UniDepth1-vitl14,100,sf_shift,70.75,121.93,70.16
standard_benchmark,lamar,UniDepth1-vitl14,100,calib_ro,76.99,121.93,73.14
standard_benchmark,lamar,UniDepth1-vitl14,100,mdecalib_ro,15.29,121.93,56.57
standard_benchmark,lamar,UniDepth1-vitl14,100,sf_ro,60.72,121.93,85.08
standard_benchmark,lamar,UniDepth1-vitl14,100,calib_shift_ro,75.44,121.93,75.82
standard_benchmark,lamar,UniDepth1-vitl14,100,mdecalib_shift_ro,16.38,121.93,64.2
standard_benchmark,lamar,UniDepth1-vitl14,100,sf_shift_ro,59.11,121.93,86.1
standard_benchmark,lamar,UniDepth1-vitl14,500,calib,86.86,121.93,72.18
standard_benchmark,lamar,UniDepth1-vitl14,500,mdecalib,16.19,121.93,54.35
standard_benchmark,lamar,UniDepth1-vitl14,500,sf,74.45,121.93,72.2
standard_benchmark,lamar,UniDepth1-vitl14,500,calib_shift,86.41,121.93,72.14
standard_benchmark,lamar,UniDepth1-vitl14,500,mdecalib_shift,15.87,121.93,54.78
standard_benchmark,lamar,UniDepth1-vitl14,500,sf_shift,73.76,121.93,71.78
standard_benchmark,lamar,UniDepth1-vitl14,500,calib_ro,77.1,121.93,73.15
standard_benchmark,lamar,UniDepth1-vitl14,500,mdecalib_ro,15.33,121.93,56.74
standard_benchmark,lamar,UniDepth1-vitl14,500,sf_ro,60.77,121.93,85.24
standard_benchmark,lamar,UniDepth1-vitl14,500,calib_shift_ro,76.11,121.93,76.14
standard_benchmark,lamar,UniDepth1-vitl14,500,mdecalib_shift_ro,16.54,121.93,64.76
standard_benchmark,lamar,UniDepth1-vitl14,500,sf_shift_ro,59.77,121.93,86.56
standard_benchmark,lamar,UniDepth1-vitl14,1000,calib,87.21,121.93,72.31
standard_benchmark,lamar,UniDepth1-vitl14,1000,mdecalib,16.26,121.93,55.04
standard_benchmark,lamar,UniDepth1-vitl14,1000,sf,74.9,121.93,72.4
standard_benchmark,lamar,UniDepth1-vitl14,1000,calib_shift,87.02,121.93,72.32
standard_benchmark,lamar,UniDepth1-vitl14,1000,mdecalib_shift,15.93,121.93,55.39
standard_benchmark,lamar,UniDepth1-vitl14,1000,sf_shift,74.67,121.93,72.18
standard_benchmark,lamar,UniDepth1-vitl14,1000,calib_ro,77.15,121.93,73.15
standard_benchmark,lamar,UniDepth1-vitl14,1000,mdecalib_ro,15.34,121.93,56.77
standard_benchmark,lamar,UniDepth1-vitl14,1000,sf_ro,60.81,121.93,85.28
standard_benchmark,lamar,UniDepth1-vitl14,1000,calib_shift_ro,76.26,121.93,76.17
standard_benchmark,lamar,UniDepth1-vitl14,1000,mdecalib_shift_ro,16.59,121.93,64.89
standard_benchmark,lamar,UniDepth1-vitl14,1000,sf_shift_ro,59.94,121.93,86.66
standard_benchmark,lamar,UniDepth1Calib-cnvnxtl,10,calib,79.31,73.55,69.03
standard_benchmark,lamar,UniDepth1Calib-cnvnxtl,10,calib_shift,71.48,73.55,64.34
standard_benchmark,lamar,UniDepth1Calib-cnvnxtl,10,calib_ro,71.42,73.55,69.02
standard_benchmark,lamar,UniDepth1Calib-cnvnxtl,10,calib_shift_ro,66.4,73.55,70.08
standard_benchmark,lamar,UniDepth1Calib-cnvnxtl,100,calib,83.91,73.55,71.47
standard_benchmark,lamar,UniDepth1Calib-cnvnxtl,100,calib_shift,81.7,73.55,70.76
standard_benchmark,lamar,UniDepth1Calib-cnvnxtl,100,calib_ro,72.81,73.55,69.65
standard_benchmark,lamar,UniDepth1Calib-cnvnxtl,100,calib_shift_ro,70.61,73.55,73.08
standard_benchmark,lamar,UniDepth1Calib-cnvnxtl,500,calib,85.52,73.55,72.08
standard_benchmark,lamar,UniDepth1Calib-cnvnxtl,500,calib_shift,84.87,73.55,71.91
standard_benchmark,lamar,UniDepth1Calib-cnvnxtl,500,calib_ro,73.1,73.55,69.69
standard_benchmark,lamar,UniDepth1Calib-cnvnxtl,500,calib_shift_ro,71.7,73.55,73.42
standard_benchmark,lamar,UniDepth1Calib-cnvnxtl,1000,calib,85.95,73.55,72.25
standard_benchmark,lamar,UniDepth1Calib-cnvnxtl,1000,calib_shift,85.81,73.55,72.2
standard_benchmark,lamar,UniDepth1Calib-cnvnxtl,1000,calib_ro,73.16,73.55,69.68
standard_benchmark,lamar,UniDepth1Calib-cnvnxtl,1000,calib_shift_ro,71.88,73.55,73.48
standard_benchmark,lamar,UniDepth1Calib-vitl14,10,calib,82.09,121.31,69.86
standard_benchmark,lamar,UniDepth1Calib-vitl14,10,calib_shift,75.82,121.31,66.13
standard_benchmark,lamar,UniDepth1Calib-vitl14,10,calib_ro,76.94,121.31,72.91
standard_benchmark,lamar,UniDepth1Calib-vitl14,10,calib_shift_ro,73.25,121.31,73.77
standard_benchmark,lamar,UniDepth1Calib-vitl14,100,calib,86.13,121.31,71.82
standard_benchmark,lamar,UniDepth1Calib-vitl14,100,calib_shift,84.26,121.31,71.32
standard_benchmark,lamar,UniDepth1Calib-vitl14,100,calib_ro,77.87,121.31,73.42
standard_benchmark,lamar,UniDepth1Calib-vitl14,100,calib_shift_ro,76.54,121.31,76.18
standard_benchmark,lamar,UniDepth1Calib-vitl14,500,calib,87.23,121.31,72.24
standard_benchmark,lamar,UniDepth1Calib-vitl14,500,calib_shift,86.71,121.31,72.15
standard_benchmark,lamar,UniDepth1Calib-vitl14,500,calib_ro,78.02,121.31,73.45
standard_benchmark,lamar,UniDepth1Calib-vitl14,500,calib_shift_ro,77.26,121.31,76.49
standard_benchmark,lamar,UniDepth1Calib-vitl14,1000,calib,87.49,121.31,72.34
standard_benchmark,lamar,UniDepth1Calib-vitl14,1000,calib_shift,87.28,121.31,72.33
standard_benchmark,lamar,UniDepth1Calib-vitl14,1000,calib_ro,78.1,121.31,73.45
standard_benchmark,lamar,UniDepth1Calib-vitl14,1000,calib_shift_ro,77.38,121.31,76.54
standard_benchmark,lamar,UniDepth2-vitb14,10,calib,82.58,29.82,70.13
standard_benchmark,lamar,UniDepth2-vitb14,10,mdecalib,49.38,29.82,61.02
standard_benchmark,lamar,UniDepth2-vitb14,10,sf,67.94,29.82,67.0
standard_benchmark,lamar,UniDepth2-vitb14,10,calib_shift,76.42,29.82,66.4
standard_benchmark,lamar,UniDepth2-vitb14,10,mdecalib_shift,45.11,29.82,57.87
standard_benchmark,lamar,UniDepth2-vitb14,10,sf_shift,60.24,29.82,61.17
standard_benchmark,lamar,UniDepth2-vitb14,10,calib_ro,79.17,29.82,75.9
standard_benchmark,lamar,UniDepth2-vitb14,10,mdecalib_ro,48.85,29.82,70.72
standard_benchmark,lamar,UniDepth2-vitb14,10,sf_ro,63.87,29.82,84.74
standard_benchmark,lamar,UniDepth2-vitb14,10,calib_shift_ro,75.94,29.82,76.15
standard_benchmark,lamar,UniDepth2-vitb14,10,mdecalib_shift_ro,48.8,29.82,73.07
standard_benchmark,lamar,UniDepth2-vitb14,10,sf_shift_ro,58.77,29.82,82.17
standard_benchmark,lamar,UniDepth2-vitb14,100,calib,86.17,29.82,71.85
standard_benchmark,lamar,UniDepth2-vitb14,100,mdecalib,51.7,29.82,63.54
standard_benchmark,lamar,UniDepth2-vitb14,100,sf,74.26,29.82,71.55
standard_benchmark,lamar,UniDepth2-vitb14,100,calib_shift,84.89,29.82,71.52
standard_benchmark,lamar,UniDepth2-vitb14,100,mdecalib_shift,50.83,29.82,63.64
standard_benchmark,lamar,UniDepth2-vitb14,100,sf_shift,72.08,29.82,70.55
standard_benchmark,lamar,UniDepth2-vitb14,100,calib_ro,79.86,29.82,76.38
standard_benchmark,lamar,UniDepth2-vitb14,100,mdecalib_ro,49.43,29.82,71.34
standard_benchmark,lamar,UniDepth2-vitb14,100,sf_ro,65.32,29.82,86.34
standard_benchmark,lamar,UniDepth2-vitb14,100,calib_shift_ro,79.37,29.82,78.63
standard_benchmark,lamar,UniDepth2-vitb14,100,mdecalib_shift_ro,51.57,29.82,75.9
standard_benchmark,lamar,UniDepth2-vitb14,100,sf_shift_ro,64.09,29.82,87.1
standard_benchmark,lamar,UniDepth2-vitb14,500,calib,87.05,29.82,72.24
standard_benchmark,lamar,UniDepth2-vitb14,500,mdecalib,52.38,29.82,64.45
standard_benchmark,lamar,UniDepth2-vitb14,500,sf,75.86,29.82,72.33
standard_benchmark,lamar,UniDepth2-vitb14,500,calib_shift,86.82,29.82,72.22
standard_benchmark,lamar,UniDepth2-vitb14,500,mdecalib_shift,51.88,29.82,64.76
standard_benchmark,lamar,UniDepth2-vitb14,500,sf_shift,75.16,29.82,72.07
standard_benchmark,lamar,UniDepth2-vitb14,500,calib_ro,79.93,29.82,76.42
standard_benchmark,lamar,UniDepth2-vitb14,500,mdecalib_ro,49.49,29.82,71.42
standard_benchmark,lamar,UniDepth2-vitb14,500,sf_ro,65.32,29.82,86.49
standard_benchmark,lamar,UniDepth2-vitb14,500,calib_shift_ro,80.09,29.82,78.87
standard_benchmark,lamar,UniDepth2-vitb14,500,mdecalib_shift_ro,52.0,29.82,76.29
standard_benchmark,lamar,UniDepth2-vitb14,500,sf_shift_ro,65.02,29.82,87.55
standard_benchmark,lamar,UniDepth2-vitb14,1000,calib,87.35,29.82,72.36
standard_benchmark,lamar,UniDepth2-vitb14,1000,mdecalib,52.5,29.82,64.77
standard_benchmark,lamar,UniDepth2-vitb14,1000,sf,76.33,29.82,72.49
standard_benchmark,lamar,UniDepth2-vitb14,1000,calib_shift,87.47,29.82,72.37
standard_benchmark,lamar,UniDepth2-vitb14,1000,mdecalib_shift,52.21,29.82,65.1
standard_benchmark,lamar,UniDepth2-vitb14,1000,sf_shift,75.81,29.82,72.38
standard_benchmark,lamar,UniDepth2-vitb14,1000,calib_ro,79.96,29.82,76.42
standard_benchmark,lamar,UniDepth2-vitb14,1000,mdecalib_ro,49.51,29.82,71.42
standard_benchmark,lamar,UniDepth2-vitb14,1000,sf_ro,65.25,29.82,86.51
standard_benchmark,lamar,UniDepth2-vitb14,1000,calib_shift_ro,80.28,29.82,78.91
standard_benchmark,lamar,UniDepth2-vitb14,1000,mdecalib_shift_ro,52.16,29.82,76.34
standard_benchmark,lamar,UniDepth2-vitb14,1000,sf_shift_ro,65.18,29.82,87.61
standard_benchmark,lamar,UniDepth2-vitl14,10,calib,84.0,43.5,70.45
standard_benchmark,lamar,UniDepth2-vitl14,10,mdecalib,56.61,43.5,62.52
standard_benchmark,lamar,UniDepth2-vitl14,10,sf,70.93,43.5,67.93
standard_benchmark,lamar,UniDepth2-vitl14,10,calib_shift,78.69,43.5,67.52
standard_benchmark,lamar,UniDepth2-vitl14,10,mdecalib_shift,52.69,43.5,60.56
standard_benchmark,lamar,UniDepth2-vitl14,10,sf_shift,63.34,43.5,62.78
standard_benchmark,lamar,UniDepth2-vitl14,10,calib_ro,81.58,43.5,78.16
standard_benchmark,lamar,UniDepth2-vitl14,10,mdecalib_ro,55.65,43.5,73.52
standard_benchmark,lamar,UniDepth2-vitl14,10,sf_ro,67.89,43.5,86.24
standard_benchmark,lamar,UniDepth2-vitl14,10,calib_shift_ro,79.17,43.5,78.3
standard_benchmark,lamar,UniDepth2-vitl14,10,mdecalib_shift_ro,56.35,43.5,75.7
standard_benchmark,lamar,UniDepth2-vitl14,10,sf_shift_ro,63.84,43.5,83.85
standard_benchmark,lamar,UniDepth2-vitl14,100,calib,87.34,43.5,71.98
standard_benchmark,lamar,UniDepth2-vitl14,100,mdecalib,58.89,43.5,64.85
standard_benchmark,lamar,UniDepth2-vitl14,100,sf,76.31,43.5,71.93
standard_benchmark,lamar,UniDepth2-vitl14,100,calib_shift,86.07,43.5,71.68
standard_benchmark,lamar,UniDepth2-vitl14,100,mdecalib_shift,57.88,43.5,65.26
standard_benchmark,lamar,UniDepth2-vitl14,100,sf_shift,74.42,43.5,71.08
standard_benchmark,lamar,UniDepth2-vitl14,100,calib_ro,82.42,43.5,78.56
standard_benchmark,lamar,UniDepth2-vitl14,100,mdecalib_ro,56.28,43.5,74.08
standard_benchmark,lamar,UniDepth2-vitl14,100,sf_ro,69.04,43.5,87.38
standard_benchmark,lamar,UniDepth2-vitl14,100,calib_shift_ro,82.12,43.5,80.36
standard_benchmark,lamar,UniDepth2-vitl14,100,mdecalib_shift_ro,59.01,43.5,78.19
standard_benchmark,lamar,UniDepth2-vitl14,100,sf_shift_ro,68.54,43.5,88.03
standard_benchmark,lamar,UniDepth2-vitl14,500,calib,88.17,43.5,72.3
standard_benchmark,lamar,UniDepth2-vitl14,500,mdecalib,59.44,43.5,65.65
standard_benchmark,lamar,UniDepth2-vitl14,500,sf,77.46,43.5,72.47
standard_benchmark,lamar,UniDepth2-vitl14,500,calib_shift,87.71,43.5,72.28
standard_benchmark,lamar,UniDepth2-vitl14,500,mdecalib_shift,59.07,43.5,66.15
standard_benchmark,lamar,UniDepth2-vitl14,500,sf_shift,77.07,43.5,72.3
standard_benchmark,lamar,UniDepth2-vitl14,500,calib_ro,82.51,43.5,78.59
standard_benchmark,lamar,UniDepth2-vitl14,500,mdecalib_ro,56.44,43.5,74.11
standard_benchmark,lamar,UniDepth2-vitl14,500,sf_ro,68.92,43.5,87.47
standard_benchmark,lamar,UniDepth2-vitl14,500,calib_shift_ro,82.78,43.5,80.59
standard_benchmark,lamar,UniDepth2-vitl14,500,mdecalib_shift_ro,59.36,43.5,78.48
standard_benchmark,lamar,UniDepth2-vitl14,500,sf_shift_ro,69.1,43.5,88.34
standard_benchmark,lamar,UniDepth2-vitl14,1000,calib,88.3,43.5,72.4
standard_benchmark,lamar,UniDepth2-vitl14,1000,mdecalib,59.64,43.5,65.92
standard_benchmark,lamar,UniDepth2-vitl14,1000,sf,77.76,43.5,72.62
standard_benchmark,lamar,UniDepth2-vitl14,1000,calib_shift,88.27,43.5,72.43
standard_benchmark,lamar,UniDepth2-vitl14,1000,mdecalib_shift,59.38,43.5,66.4
standard_benchmark,lamar,UniDepth2-vitl14,1000,sf_shift,77.79,43.5,72.56
standard_benchmark,lamar,UniDepth2-vitl14,1000,calib_ro,82.54,43.5,78.59
standard_benchmark,lamar,UniDepth2-vitl14,1000,mdecalib_ro,56.5,43.5,74.12
standard_benchmark,lamar,UniDepth2-vitl14,1000,sf_ro,68.89,43.5,87.51
standard_benchmark,lamar,UniDepth2-vitl14,1000,calib_shift_ro,82.77,43.5,80.62
standard_benchmark,lamar,UniDepth2-vitl14,1000,mdecalib_shift_ro,59.48,43.5,78.52
standard_benchmark,lamar,UniDepth2-vitl14,1000,sf_shift_ro,69.21,43.5,88.39
standard_benchmark,lamar,UniDepth2-vits14,10,calib,80.62,20.61,69.52
standard_benchmark,lamar,UniDepth2-vits14,10,mdecalib,36.83,20.61,53.91
standard_benchmark,lamar,UniDepth2-vits14,10,sf,64.15,20.61,65.63
standard_benchmark,lamar,UniDepth2-vits14,10,calib_shift,73.64,20.61,65.23
standard_benchmark,lamar,UniDepth2-vits14,10,mdecalib_shift,33.37,20.61,51.22
standard_benchmark,lamar,UniDepth2-vits14,10,sf_shift,56.35,20.61,59.29
standard_benchmark,lamar,UniDepth2-vits14,10,calib_ro,73.78,20.61,71.92
standard_benchmark,lamar,UniDepth2-vits14,10,mdecalib_ro,35.47,20.61,62.19
standard_benchmark,lamar,UniDepth2-vits14,10,sf_ro,57.6,20.61,82.35
standard_benchmark,lamar,UniDepth2-vits14,10,calib_shift_ro,70.42,20.61,72.42
standard_benchmark,lamar,UniDepth2-vits14,10,mdecalib_shift_ro,35.32,20.61,66.15
standard_benchmark,lamar,UniDepth2-vits14,10,sf_shift_ro,52.07,20.61,79.62
standard_benchmark,lamar,UniDepth2-vits14,100,calib,84.85,20.61,71.63
standard_benchmark,lamar,UniDepth2-vits14,100,mdecalib,39.01,20.61,57.53
standard_benchmark,lamar,UniDepth2-vits14,100,sf,71.03,20.61,71.09
standard_benchmark,lamar,UniDepth2-vits14,100,calib_shift,82.92,20.61,71.12
standard_benchmark,lamar,UniDepth2-vits14,100,mdecalib_shift,37.84,20.61,57.8
standard_benchmark,lamar,UniDepth2-vits14,100,sf_shift,68.92,20.61,69.93
standard_benchmark,lamar,UniDepth2-vits14,100,calib_ro,74.92,20.61,72.42
standard_benchmark,lamar,UniDepth2-vits14,100,mdecalib_ro,36.03,20.61,63.1
standard_benchmark,lamar,UniDepth2-vits14,100,sf_ro,59.7,20.61,84.13
standard_benchmark,lamar,UniDepth2-vits14,100,calib_shift_ro,75.11,20.61,75.43
standard_benchmark,lamar,UniDepth2-vits14,100,mdecalib_shift_ro,38.03,20.61,69.63
standard_benchmark,lamar,UniDepth2-vits14,100,sf_shift_ro,58.18,20.61,85.21
standard_benchmark,lamar,UniDepth2-vits14,500,calib,86.22,20.61,72.15
standard_benchmark,lamar,UniDepth2-vits14,500,mdecalib,39.42,20.61,58.92
standard_benchmark,lamar,UniDepth2-vits14,500,sf,72.88,20.61,72.09
standard_benchmark,lamar,UniDepth2-vits14,500,calib_shift,85.53,20.61,72.09
standard_benchmark,lamar,UniDepth2-vits14,500,mdecalib_shift,38.86,20.61,59.37
standard_benchmark,lamar,UniDepth2-vits14,500,sf_shift,72.4,20.61,71.74
standard_benchmark,lamar,UniDepth2-vits14,500,calib_ro,75.06,20.61,72.46
standard_benchmark,lamar,UniDepth2-vits14,500,mdecalib_ro,36.17,20.61,63.19
standard_benchmark,lamar,UniDepth2-vits14,500,sf_ro,59.73,20.61,84.32
standard_benchmark,lamar,UniDepth2-vits14,500,calib_shift_ro,75.87,20.61,75.8
standard_benchmark,lamar,UniDepth2-vits14,500,mdecalib_shift_ro,38.65,20.61,70.11
standard_benchmark,lamar,UniDepth2-vits14,500,sf_shift_ro,59.15,20.61,85.76
standard_benchmark,lamar,UniDepth2-vits14,1000,calib,86.46,20.61,72.29
standard_benchmark,lamar,UniDepth2-vits14,1000,mdecalib,39.57,20.61,59.44
standard_benchmark,lamar,UniDepth2-vits14,1000,sf,73.36,20.61,72.29
standard_benchmark,lamar,UniDepth2-vits14,1000,calib_shift,86.47,20.61,72.29
standard_benchmark,lamar,UniDepth2-vits14,1000,mdecalib_shift,39.3,20.61,59.83
standard_benchmark,lamar,UniDepth2-vits14,1000,sf_shift,73.33,20.61,72.14
standard_benchmark,lamar,UniDepth2-vits14,1000,calib_ro,75.1,20.61,72.46
standard_benchmark,lamar,UniDepth2-vits14,1000,mdecalib_ro,36.17,20.61,63.2
standard_benchmark,lamar,UniDepth2-vits14,1000,sf_ro,59.68,20.61,84.35
standard_benchmark,lamar,UniDepth2-vits14,1000,calib_shift_ro,76.04,20.61,75.87
standard_benchmark,lamar,UniDepth2-vits14,1000,mdecalib_shift_ro,38.86,20.61,70.19
standard_benchmark,lamar,UniDepth2-vits14,1000,sf_shift_ro,59.4,20.61,85.88
standard_benchmark,lamar,UniDepth2Calib-vitb14,10,calib,83.0,30.58,70.3
standard_benchmark,lamar,UniDepth2Calib-vitb14,10,calib_shift,76.6,30.58,66.38
standard_benchmark,lamar,UniDepth2Calib-vitb14,10,calib_ro,79.88,30.58,75.88
standard_benchmark,lamar,UniDepth2Calib-vitb14,10,calib_shift_ro,76.12,30.58,76.17
standard_benchmark,lamar,UniDepth2Calib-vitb14,100,calib,86.62,30.58,71.92
standard_benchmark,lamar,UniDepth2Calib-vitb14,100,calib_shift,85.03,30.58,71.56
standard_benchmark,lamar,UniDepth2Calib-vitb14,100,calib_ro,80.55,30.58,76.33
standard_benchmark,lamar,UniDepth2Calib-vitb14,100,calib_shift_ro,79.87,30.58,78.65
standard_benchmark,lamar,UniDepth2Calib-vitb14,500,calib,87.61,30.58,72.3
standard_benchmark,lamar,UniDepth2Calib-vitb14,500,calib_shift,87.09,30.58,72.26
standard_benchmark,lamar,UniDepth2Calib-vitb14,500,calib_ro,80.56,30.58,76.37
standard_benchmark,lamar,UniDepth2Calib-vitb14,500,calib_shift_ro,80.62,30.58,78.97
standard_benchmark,lamar,UniDepth2Calib-vitb14,1000,calib,87.76,30.58,72.41
standard_benchmark,lamar,UniDepth2Calib-vitb14,1000,calib_shift,87.58,30.58,72.41
standard_benchmark,lamar,UniDepth2Calib-vitb14,1000,calib_ro,80.59,30.58,76.38
standard_benchmark,lamar,UniDepth2Calib-vitb14,1000,calib_shift_ro,80.72,30.58,79.0
standard_benchmark,lamar,UniDepth2Calib-vitl14,10,calib,84.22,44.36,70.49
standard_benchmark,lamar,UniDepth2Calib-vitl14,10,calib_shift,78.3,44.36,67.45
standard_benchmark,lamar,UniDepth2Calib-vitl14,10,calib_ro,82.14,44.36,77.96
standard_benchmark,lamar,UniDepth2Calib-vitl14,10,calib_shift_ro,79.04,44.36,78.14
standard_benchmark,lamar,UniDepth2Calib-vitl14,100,calib,87.49,44.36,72.03
standard_benchmark,lamar,UniDepth2Calib-vitl14,100,calib_shift,86.15,44.36,71.72
standard_benchmark,lamar,UniDepth2Calib-vitl14,100,calib_ro,82.85,44.36,78.36
standard_benchmark,lamar,UniDepth2Calib-vitl14,100,calib_shift_ro,82.24,44.36,80.36
standard_benchmark,lamar,UniDepth2Calib-vitl14,500,calib,88.28,44.36,72.34
standard_benchmark,lamar,UniDepth2Calib-vitl14,500,calib_shift,87.8,44.36,72.29
standard_benchmark,lamar,UniDepth2Calib-vitl14,500,calib_ro,82.96,44.36,78.38
standard_benchmark,lamar,UniDepth2Calib-vitl14,500,calib_shift_ro,82.77,44.36,80.58
standard_benchmark,lamar,UniDepth2Calib-vitl14,1000,calib,88.4,44.36,72.42
standard_benchmark,lamar,UniDepth2Calib-vitl14,1000,calib_shift,88.29,44.36,72.43
standard_benchmark,lamar,UniDepth2Calib-vitl14,1000,calib_ro,82.99,44.36,78.38
standard_benchmark,lamar,UniDepth2Calib-vitl14,1000,calib_shift_ro,82.84,44.36,80.61
standard_benchmark,lamar,UniDepth2Calib-vits14,10,calib,80.92,21.38,69.65
standard_benchmark,lamar,UniDepth2Calib-vits14,10,calib_shift,72.94,21.38,65.11
standard_benchmark,lamar,UniDepth2Calib-vits14,10,calib_ro,74.25,21.38,71.64
standard_benchmark,lamar,UniDepth2Calib-vits14,10,calib_shift_ro,70.01,21.38,72.38
standard_benchmark,lamar,UniDepth2Calib-vits14,100,calib,85.1,21.38,71.69
standard_benchmark,lamar,UniDepth2Calib-vits14,100,calib_shift,83.29,21.38,71.22
standard_benchmark,lamar,UniDepth2Calib-vits14,100,calib_ro,75.23,21.38,72.17
standard_benchmark,lamar,UniDepth2Calib-vits14,100,calib_shift_ro,74.93,21.38,75.29
standard_benchmark,lamar,UniDepth2Calib-vits14,500,calib,86.23,21.38,72.18
standard_benchmark,lamar,UniDepth2Calib-vits14,500,calib_shift,85.8,21.38,72.1
standard_benchmark,lamar,UniDepth2Calib-vits14,500,calib_ro,75.46,21.38,72.22
standard_benchmark,lamar,UniDepth2Calib-vits14,500,calib_shift_ro,75.84,21.38,75.62
standard_benchmark,lamar,UniDepth2Calib-vits14,1000,calib,86.58,21.38,72.32
standard_benchmark,lamar,UniDepth2Calib-vits14,1000,calib_shift,86.57,21.38,72.32
standard_benchmark,lamar,UniDepth2Calib-vits14,1000,calib_ro,75.53,21.38,72.22
standard_benchmark,lamar,UniDepth2Calib-vits14,1000,calib_shift_ro,76.18,21.38,75.7
standard_benchmark,lamar,UniK3D-vitl,10,calib,84.43,45.45,70.51
standard_benchmark,lamar,UniK3D-vitl,10,mdecalib,0.0,45.45,
standard_benchmark,lamar,UniK3D-vitl,10,sf,70.82,45.45,67.87
standard_benchmark,lamar,UniK3D-vitl,10,calib_shift,78.68,45.45,67.44
standard_benchmark,lamar,UniK3D-vitl,10,mdecalib_shift,0.0,45.45,
standard_benchmark,lamar,UniK3D-vitl,10,sf_shift,63.85,45.45,62.36
standard_benchmark,lamar,UniK3D-vitl,10,calib_ro,82.67,45.45,77.95
standard_benchmark,lamar,UniK3D-vitl,10,mdecalib_ro,0.0,45.45,
standard_benchmark,lamar,UniK3D-vitl,10,sf_ro,68.32,45.45,85.98
standard_benchmark,lamar,UniK3D-vitl,10,calib_shift_ro,79.66,45.45,77.98
standard_benchmark,lamar,UniK3D-vitl,10,mdecalib_shift_ro,0.0,45.45,
standard_benchmark,lamar,UniK3D-vitl,10,sf_shift_ro,64.2,45.45,83.08
standard_benchmark,lamar,UniK3D-vitl,100,calib,87.72,45.45,72.06
standard_benchmark,lamar,UniK3D-vitl,100,mdecalib,0.0,45.45,
standard_benchmark,lamar,UniK3D-vitl,100,sf,76.72,45.45,71.99
standard_benchmark,lamar,UniK3D-vitl,100,calib_shift,86.42,45.45,71.75
standard_benchmark,lamar,UniK3D-vitl,100,mdecalib_shift,0.0,45.45,
standard_benchmark,lamar,UniK3D-vitl,100,sf_shift,74.82,45.45,71.0
standard_benchmark,lamar,UniK3D-vitl,100,calib_ro,83.28,45.45,78.31
standard_benchmark,lamar,UniK3D-vitl,100,mdecalib_ro,0.0,45.45,
standard_benchmark,lamar,UniK3D-vitl,100,sf_ro,69.69,45.45,87.21
standard_benchmark,lamar,UniK3D-vitl,100,calib_shift_ro,83.16,45.45,80.23
standard_benchmark,lamar,UniK3D-vitl,100,mdecalib_shift_ro,0.0,45.45,
standard_benchmark,lamar,UniK3D-vitl,100,sf_shift_ro,69.91,45.45,87.82
standard_benchmark,lamar,UniK3D-vitl,500,calib,88.42,45.45,72.36
standard_benchmark,lamar,UniK3D-vitl,500,mdecalib,0.0,45.45,
standard_benchmark,lamar,UniK3D-vitl,500,sf,77.94,45.45,72.55
standard_benchmark,lamar,UniK3D-vitl,500,calib_shift,88.35,45.45,72.41
standard_benchmark,lamar,UniK3D-vitl,500,mdecalib_shift,0.0,45.45,
standard_benchmark,lamar,UniK3D-vitl,500,sf_shift,77.65,45.45,72.31
standard_benchmark,lamar,UniK3D-vitl,500,calib_ro,83.4,45.45,78.34
standard_benchmark,lamar,UniK3D-vitl,500,mdecalib_ro,0.0,45.45,
standard_benchmark,lamar,UniK3D-vitl,500,sf_ro,69.76,45.45,87.3
standard_benchmark,lamar,UniK3D-vitl,500,calib_shift_ro,83.81,45.45,80.47
standard_benchmark,lamar,UniK3D-vitl,500,mdecalib_shift_ro,0.0,45.45,
standard_benchmark,lamar,UniK3D-vitl,500,sf_shift_ro,70.75,45.45,88.12
standard_benchmark,lamar,UniK3D-vitl,1000,calib,88.6,45.45,72.43
standard_benchmark,lamar,UniK3D-vitl,1000,mdecalib,0.0,45.45,
standard_benchmark,lamar,UniK3D-vitl,1000,sf,78.14,45.45,72.69
standard_benchmark,lamar,UniK3D-vitl,1000,calib_shift,88.62,45.45,72.51
standard_benchmark,lamar,UniK3D-vitl,1000,mdecalib_shift,0.0,45.45,
standard_benchmark,lamar,UniK3D-vitl,1000,sf_shift,78.33,45.45,72.58
standard_benchmark,lamar,UniK3D-vitl,1000,calib_ro,83.41,45.45,78.35
standard_benchmark,lamar,UniK3D-vitl,1000,mdecalib_ro,0.0,45.45,
standard_benchmark,lamar,UniK3D-vitl,1000,sf_ro,69.8,45.45,87.31
standard_benchmark,lamar,UniK3D-vitl,1000,calib_shift_ro,83.95,45.45,80.49
standard_benchmark,lamar,UniK3D-vitl,1000,mdecalib_shift_ro,0.0,45.45,
standard_benchmark,lamar,UniK3D-vitl,1000,sf_shift_ro,70.82,45.45,88.16
standard_benchmark,lamar,UniK3DCalib-vitl,10,calib,84.6,47.8,70.58
standard_benchmark,lamar,UniK3DCalib-vitl,10,calib_shift,78.68,47.8,67.4
standard_benchmark,lamar,UniK3DCalib-vitl,10,calib_ro,82.95,47.8,78.14
standard_benchmark,lamar,UniK3DCalib-vitl,10,calib_shift_ro,80.31,47.8,78.21
standard_benchmark,lamar,UniK3DCalib-vitl,100,calib,87.98,47.8,72.1
standard_benchmark,lamar,UniK3DCalib-vitl,100,calib_shift,86.59,47.8,71.79
standard_benchmark,lamar,UniK3DCalib-vitl,100,calib_ro,83.65,47.8,78.53
standard_benchmark,lamar,UniK3DCalib-vitl,100,calib_shift_ro,83.43,47.8,80.36
standard_benchmark,lamar,UniK3DCalib-vitl,500,calib,88.64,47.8,72.38
standard_benchmark,lamar,UniK3DCalib-vitl,500,calib_shift,88.17,47.8,72.38
standard_benchmark,lamar,UniK3DCalib-vitl,500,calib_ro,83.8,47.8,78.55
standard_benchmark,lamar,UniK3DCalib-vitl,500,calib_shift_ro,83.93,47.8,80.62
standard_benchmark,lamar,UniK3DCalib-vitl,1000,calib,88.82,47.8,72.44
standard_benchmark,lamar,UniK3DCalib-vitl,1000,calib_shift,88.48,47.8,72.5
standard_benchmark,lamar,UniK3DCalib-vitl,1000,calib_ro,83.83,47.8,78.55
standard_benchmark,lamar,UniK3DCalib-vitl,1000,calib_shift_ro,84.01,47.8,80.65
standard_benchmark,lamar,VGGT-VGGT-1B,10,calib,79.29,90.57,68.86
standard_benchmark,lamar,VGGT-VGGT-1B,10,mdecalib,66.29,90.57,65.31
standard_benchmark,lamar,VGGT-VGGT-1B,10,sf,63.53,90.57,65.41
standard_benchmark,lamar,VGGT-VGGT-1B,10,calib_shift,74.15,90.57,65.62
standard_benchmark,lamar,VGGT-VGGT-1B,10,mdecalib_shift,60.99,90.57,62.29
standard_benchmark,lamar,VGGT-VGGT-1B,10,sf_shift,59.16,90.57,60.56
standard_benchmark,lamar,VGGT-VGGT-1B,10,calib_ro,71.96,90.57,72.59
standard_benchmark,lamar,VGGT-VGGT-1B,10,mdecalib_ro,62.22,90.57,71.53
standard_benchmark,lamar,VGGT-VGGT-1B,10,sf_ro,56.4,90.57,83.06
standard_benchmark,lamar,VGGT-VGGT-1B,10,calib_shift_ro,72.76,90.57,73.65
standard_benchmark,lamar,VGGT-VGGT-1B,10,mdecalib_shift_ro,62.91,90.57,72.72
standard_benchmark,lamar,VGGT-VGGT-1B,10,sf_shift_ro,56.65,90.57,81.6
standard_benchmark,lamar,VGGT-VGGT-1B,100,calib,84.38,90.57,71.34
standard_benchmark,lamar,VGGT-VGGT-1B,100,mdecalib,70.06,90.57,67.9
standard_benchmark,lamar,VGGT-VGGT-1B,100,sf,69.85,90.57,70.55
standard_benchmark,lamar,VGGT-VGGT-1B,100,calib_shift,83.58,90.57,71.06
standard_benchmark,lamar,VGGT-VGGT-1B,100,mdecalib_shift,68.64,90.57,67.81
standard_benchmark,lamar,VGGT-VGGT-1B,100,sf_shift,70.17,90.57,69.88
standard_benchmark,lamar,VGGT-VGGT-1B,100,calib_ro,72.94,90.57,73.1
standard_benchmark,lamar,VGGT-VGGT-1B,100,mdecalib_ro,62.9,90.57,72.08
standard_benchmark,lamar,VGGT-VGGT-1B,100,sf_ro,58.01,90.57,84.9
standard_benchmark,lamar,VGGT-VGGT-1B,100,calib_shift_ro,75.96,90.57,76.11
standard_benchmark,lamar,VGGT-VGGT-1B,100,mdecalib_shift_ro,65.91,90.57,75.36
standard_benchmark,lamar,VGGT-VGGT-1B,100,sf_shift_ro,61.06,90.57,86.34
standard_benchmark,lamar,VGGT-VGGT-1B,500,calib,85.96,90.57,72.0
standard_benchmark,lamar,VGGT-VGGT-1B,500,mdecalib,71.5,90.57,68.75
standard_benchmark,lamar,VGGT-VGGT-1B,500,sf,71.87,90.57,71.75
standard_benchmark,lamar,VGGT-VGGT-1B,500,calib_shift,86.11,90.57,71.96
standard_benchmark,lamar,VGGT-VGGT-1B,500,mdecalib_shift,70.63,90.57,68.82
standard_benchmark,lamar,VGGT-VGGT-1B,500,sf_shift,73.27,90.57,71.59
standard_benchmark,lamar,VGGT-VGGT-1B,500,calib_ro,73.06,90.57,73.13
standard_benchmark,lamar,VGGT-VGGT-1B,500,mdecalib_ro,63.02,90.57,72.1
standard_benchmark,lamar,VGGT-VGGT-1B,500,sf_ro,58.1,90.57,85.08
standard_benchmark,lamar,VGGT-VGGT-1B,500,calib_shift_ro,76.79,90.57,76.4
standard_benchmark,lamar,VGGT-VGGT-1B,500,mdecalib_shift_ro,66.65,90.57,75.66
standard_benchmark,lamar,VGGT-VGGT-1B,500,sf_shift_ro,62.02,90.57,86.77
standard_benchmark,lamar,VGGT-VGGT-1B,1000,calib,86.46,90.57,72.15
standard_benchmark,lamar,VGGT-VGGT-1B,1000,mdecalib,71.83,90.57,68.97
standard_benchmark,lamar,VGGT-VGGT-1B,1000,sf,72.42,90.57,72.03
standard_benchmark,lamar,VGGT-VGGT-1B,1000,calib_shift,86.73,90.57,72.2
standard_benchmark,lamar,VGGT-VGGT-1B,1000,mdecalib_shift,71.24,90.57,69.12
standard_benchmark,lamar,VGGT-VGGT-1B,1000,sf_shift,74.16,90.57,72.02
standard_benchmark,lamar,VGGT-VGGT-1B,1000,calib_ro,73.04,90.57,73.13
standard_benchmark,lamar,VGGT-VGGT-1B,1000,mdecalib_ro,63.07,90.57,72.11
standard_benchmark,lamar,VGGT-VGGT-1B,1000,sf_ro,58.15,90.57,85.12
standard_benchmark,lamar,VGGT-VGGT-1B,1000,calib_shift_ro,76.99,90.57,76.45
standard_benchmark,lamar,VGGT-VGGT-1B,1000,mdecalib_shift_ro,66.85,90.57,75.72
standard_benchmark,lamar,VGGT-VGGT-1B,1000,sf_shift_ro,62.21,90.57,86.85
standard_benchmark,lamar,gt,10,calib,93.28,0.0,72.81
standard_benchmark,lamar,gt,10,mdecalib,0.0,0.0,
standard_benchmark,lamar,gt,10,sf,88.7,0.0,72.79
standard_benchmark,lamar,gt,10,calib_shift,92.92,0.0,72.79
standard_benchmark,lamar,gt,10,mdecalib_shift,0.0,0.0,
standard_benchmark,lamar,gt,10,sf_shift,87.84,0.0,72.89
standard_benchmark,lamar,gt,10,calib_ro,97.4,0.0,99.04
standard_benchmark,lamar,gt,10,mdecalib_ro,0.0,0.0,
standard_benchmark,lamar,gt,10,sf_ro,95.28,0.0,99.07
standard_benchmark,lamar,gt,10,calib_shift_ro,97.2,0.0,99.05
standard_benchmark,lamar,gt,10,mdecalib_shift_ro,0.0,0.0,
standard_benchmark,lamar,gt,10,sf_shift_ro,94.87,0.0,98.94
standard_benchmark,lamar,gt,100,calib,93.65,0.0,73.12
standard_benchmark,lamar,gt,100,mdecalib,0.0,0.0,
standard_benchmark,lamar,gt,100,sf,89.03,0.0,73.2
standard_benchmark,lamar,gt,100,calib_shift,93.29,0.0,73.13
standard_benchmark,lamar,gt,100,mdecalib_shift,0.0,0.0,
standard_benchmark,lamar,gt,100,sf_shift,88.43,0.0,73.33
standard_benchmark,lamar,gt,100,calib_ro,97.4,0.0,99.05
standard_benchmark,lamar,gt,100,mdecalib_ro,0.0,0.0,
standard_benchmark,lamar,gt,100,sf_ro,95.28,0.0,99.07
standard_benchmark,lamar,gt,100,calib_shift_ro,97.2,0.0,99.05
standard_benchmark,lamar,gt,100,mdecalib_shift_ro,0.0,0.0,
standard_benchmark,lamar,gt,100,sf_shift_ro,94.87,0.0,98.94
standard_benchmark,lamar,gt,500,calib,93.53,0.0,73.23
standard_benchmark,lamar,gt,500,mdecalib,0.0,0.0,
standard_benchmark,lamar,gt,500,sf,88.79,0.0,73.33
standard_benchmark,lamar,gt,500,calib_shift,93.15,0.0,73.24
standard_benchmark,lamar,gt,500,mdecalib_shift,0.0,0.0,
standard_benchmark,lamar,gt,500,sf_shift,88.3,0.0,73.46
standard_benchmark,lamar,gt,500,calib_ro,97.39,0.0,99.05
standard_benchmark,lamar,gt,500,mdecalib_ro,0.0,0.0,
standard_benchmark,lamar,gt,500,sf_ro,95.28,0.0,99.07
standard_benchmark,lamar,gt,500,calib_shift_ro,97.2,0.0,99.05
standard_benchmark,lamar,gt,500,mdecalib_shift_ro,0.0,0.0,
standard_benchmark,lamar,gt,500,sf_shift_ro,94.87,0.0,98.94
standard_benchmark,lamar,gt,1000,calib,93.49,0.0,73.26
standard_benchmark,lamar,gt,1000,mdecalib,0.0,0.0,
standard_benchmark,lamar,gt,1000,sf,88.67,0.0,73.37
standard_benchmark,lamar,gt,1000,calib_shift,93.07,0.0,73.28
standard_benchmark,lamar,gt,1000,mdecalib_shift,0.0,0.0,
standard_benchmark,lamar,gt,1000,sf_shift,88.24,0.0,73.49
standard_benchmark,lamar,gt,1000,calib_ro,97.39,0.0,99.05
standard_benchmark,lamar,gt,1000,mdecalib_ro,0.0,0.0,
standard_benchmark,lamar,gt,1000,sf_ro,95.28,0.0,99.07
standard_benchmark,lamar,gt,1000,calib_shift_ro,97.2,0.0,99.05
standard_benchmark,lamar,gt,1000,mdecalib_shift_ro,0.0,0.0,
standard_benchmark,lamar,gt,1000,sf_shift_ro,94.88,0.0,98.94
standard_benchmark,lamar,none,10,baseline_calib,81.3,0.0,69.95
standard_benchmark,lamar,none,10,baseline_sf,67.71,0.0,68.14
standard_benchmark,lamar,none,100,baseline_calib,87.63,0.0,72.5
standard_benchmark,lamar,none,100,baseline_sf,76.92,0.0,72.63
standard_benchmark,lamar,none,500,baseline_calib,88.66,0.0,72.78
standard_benchmark,lamar,none,500,baseline_sf,78.78,0.0,73.2
standard_benchmark,lamar,none,1000,baseline_calib,89.01,0.0,72.83
standard_benchmark,lamar,none,1000,baseline_sf,79.34,0.0,73.3
