group,dataset,mde,seed,solver,pose_mAA_10,mean_inliers
standard_benchmark,sintel,DepthAnythingV2-vitb,0,calib,47.96,83.27
standard_benchmark,sintel,DepthAnythingV2-vitb,1,calib,47.97,83.26
standard_benchmark,sintel,DepthAnythingV2-vitb,2,calib,47.74,83.26
standard_benchmark,sintel,DepthAnythingV2-vitb,3,calib,47.92,83.26
standard_benchmark,sintel,DepthAnythingV2-vitb,4,calib,47.84,83.13
standard_benchmark,sintel,DepthAnythingV2-vitb,5,calib,48.27,83.24
standard_benchmark,sintel,DepthAnythingV2-vitb,6,calib,47.76,83.26
standard_benchmark,sintel,DepthAnythingV2-vitb,7,calib,48.09,83.2
standard_benchmark,sintel,DepthAnythingV2-vitb,8,calib,48.0,83.28
standard_benchmark,sintel,DepthAnythingV2-vitb,9,calib,48.16,83.31
standard_benchmark,sintel,DepthAnythingV2-vitb,10,calib,47.64,83.26
standard_benchmark,sintel,DepthAnythingV2-vitb,11,calib,48.41,83.24
standard_benchmark,sintel,DepthAnythingV2-vitb,12,calib,48.25,83.27
standard_benchmark,sintel,DepthAnythingV2-vitb,13,calib,48.38,83.26
standard_benchmark,sintel,DepthAnythingV2-vitb,14,calib,48.02,83.28
standard_benchmark,sintel,DepthAnythingV2-vitb,15,calib,48.05,83.28
standard_benchmark,sintel,DepthAnythingV2-vitb,16,calib,48.06,83.25
standard_benchmark,sintel,DepthAnythingV2-vitb,17,calib,48.13,83.27
standard_benchmark,sintel,DepthAnythingV2-vitb,18,calib,47.83,83.27
standard_benchmark,sintel,DepthAnythingV2-vitb,19,calib,47.81,83.23
standard_benchmark,sintel,DepthAnythingV2-vitl,0,calib,37.68,61.28
standard_benchmark,sintel,DepthAnythingV2-vitl,1,calib,37.7,61.57
standard_benchmark,sintel,DepthAnythingV2-vitl,2,calib,37.96,61.38
standard_benchmark,sintel,DepthAnythingV2-vitl,3,calib,38.25,61.29
standard_benchmark,sintel,DepthAnythingV2-vitl,4,calib,38.16,61.38
standard_benchmark,sintel,DepthAnythingV2-vitl,5,calib,37.88,61.3
standard_benchmark,sintel,DepthAnythingV2-vitl,6,calib,37.87,61.29
standard_benchmark,sintel,DepthAnythingV2-vitl,7,calib,37.65,61.21
standard_benchmark,sintel,DepthAnythingV2-vitl,8,calib,37.83,61.54
standard_benchmark,sintel,DepthAnythingV2-vitl,9,calib,38.44,61.32
standard_benchmark,sintel,DepthAnythingV2-vitl,10,calib,37.79,61.46
standard_benchmark,sintel,DepthAnythingV2-vitl,11,calib,37.81,61.53
standard_benchmark,sintel,DepthAnythingV2-vitl,12,calib,37.77,61.32
standard_benchmark,sintel,DepthAnythingV2-vitl,13,calib,37.78,61.2
standard_benchmark,sintel,DepthAnythingV2-vitl,14,calib,37.9,61.22
standard_benchmark,sintel,DepthAnythingV2-vitl,15,calib,37.54,61.38
standard_benchmark,sintel,DepthAnythingV2-vitl,16,calib,38.0,61.13
standard_benchmark,sintel,DepthAnythingV2-vitl,17,calib,37.26,61.44
standard_benchmark,sintel,DepthAnythingV2-vitl,18,calib,37.38,61.18
standard_benchmark,sintel,DepthAnythingV2-vitl,19,calib,37.55,61.25
standard_benchmark,sintel,DepthAnythingV2-vits,0,calib,48.18,83.21
standard_benchmark,sintel,DepthAnythingV2-vits,1,calib,48.14,83.15
standard_benchmark,sintel,DepthAnythingV2-vits,2,calib,48.21,83.19
standard_benchmark,sintel,DepthAnythingV2-vits,3,calib,48.3,83.24
standard_benchmark,sintel,DepthAnythingV2-vits,4,calib,48.18,83.23
standard_benchmark,sintel,DepthAnythingV2-vits,5,calib,48.01,83.13
standard_benchmark,sintel,DepthAnythingV2-vits,6,calib,48.04,83.18
standard_benchmark,sintel,DepthAnythingV2-vits,7,calib,48.21,83.25
standard_benchmark,sintel,DepthAnythingV2-vits,8,calib,48.36,83.19
standard_benchmark,sintel,DepthAnythingV2-vits,9,calib,47.86,83.17
standard_benchmark,sintel,DepthAnythingV2-vits,10,calib,47.95,83.18
standard_benchmark,sintel,DepthAnythingV2-vits,11,calib,48.16,83.17
standard_benchmark,sintel,DepthAnythingV2-vits,12,calib,47.77,83.23
standard_benchmark,sintel,DepthAnythingV2-vits,13,calib,48.11,83.19
standard_benchmark,sintel,DepthAnythingV2-vits,14,calib,47.8,83.2
standard_benchmark,sintel,DepthAnythingV2-vits,15,calib,48.55,83.12
standard_benchmark,sintel,DepthAnythingV2-vits,16,calib,47.68,83.13
standard_benchmark,sintel,DepthAnythingV2-vits,17,calib,48.33,83.17
standard_benchmark,sintel,DepthAnythingV2-vits,18,calib,48.3,83.16
standard_benchmark,sintel,DepthAnythingV2-vits,19,calib,48.07,83.21
standard_benchmark,sintel,DepthAnythingV3-DA3METRIC-LARGE,0,calib,63.57,83.77
standard_benchmark,sintel,DepthAnythingV3-DA3METRIC-LARGE,1,calib,63.33,83.82
standard_benchmark,sintel,DepthAnythingV3-DA3METRIC-LARGE,2,calib,63.1,83.71
standard_benchmark,sintel,DepthAnythingV3-DA3METRIC-LARGE,3,calib,63.44,83.74
standard_benchmark,sintel,DepthAnythingV3-DA3METRIC-LARGE,4,calib,63.58,83.8
standard_benchmark,sintel,DepthAnythingV3-DA3METRIC-LARGE,5,calib,63.37,83.75
standard_benchmark,sintel,DepthAnythingV3-DA3METRIC-LARGE,6,calib,63.45,83.78
standard_benchmark,sintel,DepthAnythingV3-DA3METRIC-LARGE,7,calib,63.24,83.78
standard_benchmark,sintel,DepthAnythingV3-DA3METRIC-LARGE,8,calib,63.66,83.78
standard_benchmark,sintel,DepthAnythingV3-DA3METRIC-LARGE,9,calib,63.44,83.75
standard_benchmark,sintel,DepthAnythingV3-DA3METRIC-LARGE,10,calib,63.42,83.76
standard_benchmark,sintel,DepthAnythingV3-DA3METRIC-LARGE,11,calib,63.17,83.75
standard_benchmark,sintel,DepthAnythingV3-DA3METRIC-LARGE,12,calib,63.23,83.82
standard_benchmark,sintel,DepthAnythingV3-DA3METRIC-LARGE,13,calib,63.47,83.81
standard_benchmark,sintel,DepthAnythingV3-DA3METRIC-LARGE,14,calib,63.02,83.82
standard_benchmark,sintel,DepthAnythingV3-DA3METRIC-LARGE,15,calib,63.42,83.75
standard_benchmark,sintel,DepthAnythingV3-DA3METRIC-LARGE,16,calib,63.79,83.79
standard_benchmark,sintel,DepthAnythingV3-DA3METRIC-LARGE,17,calib,63.47,83.76
standard_benchmark,sintel,DepthAnythingV3-DA3METRIC-LARGE,18,calib,63.21,83.78
standard_benchmark,sintel,DepthAnythingV3-DA3METRIC-LARGE,19,calib,63.34,83.81
standard_benchmark,sintel,DepthAnythingV3-DA3MONO-LARGE,0,calib,51.98,83.64
standard_benchmark,sintel,DepthAnythingV3-DA3MONO-LARGE,1,calib,51.99,83.63
standard_benchmark,sintel,DepthAnythingV3-DA3MONO-LARGE,2,calib,51.69,83.61
standard_benchmark,sintel,DepthAnythingV3-DA3MONO-LARGE,3,calib,51.84,83.64
standard_benchmark,sintel,DepthAnythingV3-DA3MONO-LARGE,4,calib,51.83,83.64
standard_benchmark,sintel,DepthAnythingV3-DA3MONO-LARGE,5,calib,51.69,83.61
standard_benchmark,sintel,DepthAnythingV3-DA3MONO-LARGE,6,calib,52.1,83.59
standard_benchmark,sintel,DepthAnythingV3-DA3MONO-LARGE,7,calib,51.83,83.62
standard_benchmark,sintel,DepthAnythingV3-DA3MONO-LARGE,8,calib,52.14,83.62
standard_benchmark,sintel,DepthAnythingV3-DA3MONO-LARGE,9,calib,52.05,83.61
standard_benchmark,sintel,DepthAnythingV3-DA3MONO-LARGE,10,calib,51.83,83.58
standard_benchmark,sintel,DepthAnythingV3-DA3MONO-LARGE,11,calib,51.76,83.59
standard_benchmark,sintel,DepthAnythingV3-DA3MONO-LARGE,12,calib,51.87,83.57
standard_benchmark,sintel,DepthAnythingV3-DA3MONO-LARGE,13,calib,51.98,83.56
standard_benchmark,sintel,DepthAnythingV3-DA3MONO-LARGE,14,calib,51.86,83.62
standard_benchmark,sintel,DepthAnythingV3-DA3MONO-LARGE,15,calib,51.92,83.58
standard_benchmark,sintel,DepthAnythingV3-DA3MONO-LARGE,16,calib,52.1,83.65
standard_benchmark,sintel,DepthAnythingV3-DA3MONO-LARGE,17,calib,51.94,83.6
standard_benchmark,sintel,DepthAnythingV3-DA3MONO-LARGE,18,calib,52.16,83.63
standard_benchmark,sintel,DepthAnythingV3-DA3MONO-LARGE,19,calib,51.64,83.62
standard_benchmark,sintel,DepthAnythingV3Calib-DA3METRIC-LARGE,0,calib,63.57,83.77
standard_benchmark,sintel,DepthAnythingV3Calib-DA3METRIC-LARGE,1,calib,63.33,83.82
standard_benchmark,sintel,DepthAnythingV3Calib-DA3METRIC-LARGE,2,calib,63.1,83.71
standard_benchmark,sintel,DepthAnythingV3Calib-DA3METRIC-LARGE,3,calib,63.44,83.74
standard_benchmark,sintel,DepthAnythingV3Calib-DA3METRIC-LARGE,4,calib,63.58,83.8
standard_benchmark,sintel,DepthAnythingV3Calib-DA3METRIC-LARGE,5,calib,63.37,83.75
standard_benchmark,sintel,DepthAnythingV3Calib-DA3METRIC-LARGE,6,calib,63.45,83.78
standard_benchmark,sintel,DepthAnythingV3Calib-DA3METRIC-LARGE,7,calib,63.24,83.78
standard_benchmark,sintel,DepthAnythingV3Calib-DA3METRIC-LARGE,8,calib,63.66,83.78
standard_benchmark,sintel,DepthAnythingV3Calib-DA3METRIC-LARGE,9,calib,63.44,83.75
standard_benchmark,sintel,DepthAnythingV3Calib-DA3METRIC-LARGE,10,calib,63.42,83.76
standard_benchmark,sintel,DepthAnythingV3Calib-DA3METRIC-LARGE,11,calib,63.17,83.75
standard_benchmark,sintel,DepthAnythingV3Calib-DA3METRIC-LARGE,12,calib,63.23,83.82
standard_benchmark,sintel,DepthAnythingV3Calib-DA3METRIC-LARGE,13,calib,63.47,83.81
standard_benchmark,sintel,DepthAnythingV3Calib-DA3METRIC-LARGE,14,calib,63.02,83.82
standard_benchmark,sintel,DepthAnythingV3Calib-DA3METRIC-LARGE,15,calib,63.42,83.75
standard_benchmark,sintel,DepthAnythingV3Calib-DA3METRIC-LARGE,16,calib,63.79,83.79
standard_benchmark,sintel,DepthAnythingV3Calib-DA3METRIC-LARGE,17,calib,63.47,83.76
standard_benchmark,sintel,DepthAnythingV3Calib-DA3METRIC-LARGE,18,calib,63.21,83.78
standard_benchmark,sintel,DepthAnythingV3Calib-DA3METRIC-LARGE,19,calib,63.34,83.81
standard_benchmark,sintel,DepthAnythingV3Calib-DA3MONO-LARGE,0,calib,51.98,83.65
standard_benchmark,sintel,DepthAnythingV3Calib-DA3MONO-LARGE,1,calib,51.99,83.63
standard_benchmark,sintel,DepthAnythingV3Calib-DA3MONO-LARGE,2,calib,51.69,83.61
standard_benchmark,sintel,DepthAnythingV3Calib-DA3MONO-LARGE,3,calib,51.84,83.64
standard_benchmark,sintel,DepthAnythingV3Calib-DA3MONO-LARGE,4,calib,51.83,83.64
standard_benchmark,sintel,DepthAnythingV3Calib-DA3MONO-LARGE,5,calib,51.69,83.61
standard_benchmark,sintel,DepthAnythingV3Calib-DA3MONO-LARGE,6,calib,52.1,83.59
standard_benchmark,sintel,DepthAnythingV3Calib-DA3MONO-LARGE,7,calib,51.83,83.62
standard_benchmark,sintel,DepthAnythingV3Calib-DA3MONO-LARGE,8,calib,52.14,83.62
standard_benchmark,sintel,DepthAnythingV3Calib-DA3MONO-LARGE,9,calib,52.05,83.61
standard_benchmark,sintel,DepthAnythingV3Calib-DA3MONO-LARGE,10,calib,51.83,83.58
standard_benchmark,sintel,DepthAnythingV3Calib-DA3MONO-LARGE,11,calib,51.76,83.59
standard_benchmark,sintel,DepthAnythingV3Calib-DA3MONO-LARGE,12,calib,51.89,83.58
standard_benchmark,sintel,DepthAnythingV3Calib-DA3MONO-LARGE,13,calib,51.98,83.56
standard_benchmark,sintel,DepthAnythingV3Calib-DA3MONO-LARGE,14,calib,51.86,83.62
standard_benchmark,sintel,DepthAnythingV3Calib-DA3MONO-LARGE,15,calib,51.92,83.58
standard_benchmark,sintel,DepthAnythingV3Calib-DA3MONO-LARGE,16,calib,52.1,83.65
standard_benchmark,sintel,DepthAnythingV3Calib-DA3MONO-LARGE,17,calib,51.94,83.6
standard_benchmark,sintel,DepthAnythingV3Calib-DA3MONO-LARGE,18,calib,52.16,83.63
standard_benchmark,sintel,DepthAnythingV3Calib-DA3MONO-LARGE,19,calib,51.64,83.62
standard_benchmark,sintel,DepthPro-vitl,0,calib,64.38,83.76
standard_benchmark,sintel,DepthPro-vitl,1,calib,64.32,83.79
standard_benchmark,sintel,DepthPro-vitl,2,calib,64.13,83.76
standard_benchmark,sintel,DepthPro-vitl,3,calib,63.91,83.83
standard_benchmark,sintel,DepthPro-vitl,4,calib,63.91,83.81
standard_benchmark,sintel,DepthPro-vitl,5,calib,64.5,83.74
standard_benchmark,sintel,DepthPro-vitl,6,calib,64.17,83.78
standard_benchmark,sintel,DepthPro-vitl,7,calib,64.14,83.82
standard_benchmark,sintel,DepthPro-vitl,8,calib,64.13,83.78
standard_benchmark,sintel,DepthPro-vitl,9,calib,64.27,83.81
standard_benchmark,sintel,DepthPro-vitl,10,calib,64.4,83.8
standard_benchmark,sintel,DepthPro-vitl,11,calib,64.24,83.81
standard_benchmark,sintel,DepthPro-vitl,12,calib,64.29,83.81
standard_benchmark,sintel,DepthPro-vitl,13,calib,64.48,83.8
standard_benchmark,sintel,DepthPro-vitl,14,calib,64.35,83.79
standard_benchmark,sintel,DepthPro-vitl,15,calib,64.18,83.8
standard_benchmark,sintel,DepthPro-vitl,16,calib,64.39,83.75
standard_benchmark,sintel,DepthPro-vitl,17,calib,64.52,83.82
standard_benchmark,sintel,DepthPro-vitl,18,calib,63.86,83.79
standard_benchmark,sintel,DepthPro-vitl,19,calib,64.37,83.77
standard_benchmark,sintel,DepthProCalib-vitl,0,calib,64.36,83.77
standard_benchmark,sintel,DepthProCalib-vitl,1,calib,64.41,83.77
standard_benchmark,sintel,DepthProCalib-vitl,2,calib,64.27,83.75
standard_benchmark,sintel,DepthProCalib-vitl,3,calib,64.05,83.83
standard_benchmark,sintel,DepthProCalib-vitl,4,calib,63.88,83.81
standard_benchmark,sintel,DepthProCalib-vitl,5,calib,64.49,83.75
standard_benchmark,sintel,DepthProCalib-vitl,6,calib,64.11,83.79
standard_benchmark,sintel,DepthProCalib-vitl,7,calib,64.06,83.83
standard_benchmark,sintel,DepthProCalib-vitl,8,calib,64.29,83.76
standard_benchmark,sintel,DepthProCalib-vitl,9,calib,64.36,83.82
standard_benchmark,sintel,DepthProCalib-vitl,10,calib,64.38,83.8
standard_benchmark,sintel,DepthProCalib-vitl,11,calib,64.3,83.82
standard_benchmark,sintel,DepthProCalib-vitl,12,calib,64.17,83.79
standard_benchmark,sintel,DepthProCalib-vitl,13,calib,64.29,83.78
standard_benchmark,sintel,DepthProCalib-vitl,14,calib,64.48,83.8
standard_benchmark,sintel,DepthProCalib-vitl,15,calib,64.01,83.82
standard_benchmark,sintel,DepthProCalib-vitl,16,calib,64.4,83.78
standard_benchmark,sintel,DepthProCalib-vitl,17,calib,64.41,83.81
standard_benchmark,sintel,DepthProCalib-vitl,18,calib,64.11,83.81
standard_benchmark,sintel,DepthProCalib-vitl,19,calib,64.14,83.77
standard_benchmark,sintel,MapAnything-map-anything,0,calib,55.55,83.56
standard_benchmark,sintel,MapAnything-map-anything,1,calib,55.26,83.58
standard_benchmark,sintel,MapAnything-map-anything,2,calib,55.63,83.6
standard_benchmark,sintel,MapAnything-map-anything,3,calib,55.56,83.61
standard_benchmark,sintel,MapAnything-map-anything,4,calib,55.39,83.59
standard_benchmark,sintel,MapAnything-map-anything,5,calib,55.57,83.59
standard_benchmark,sintel,MapAnything-map-anything,6,calib,55.68,83.55
standard_benchmark,sintel,MapAnything-map-anything,7,calib,55.68,83.6
standard_benchmark,sintel,MapAnything-map-anything,8,calib,55.37,83.59
standard_benchmark,sintel,MapAnything-map-anything,9,calib,55.83,83.56
standard_benchmark,sintel,MapAnything-map-anything,10,calib,55.67,83.6
standard_benchmark,sintel,MapAnything-map-anything,11,calib,55.71,83.58
standard_benchmark,sintel,MapAnything-map-anything,12,calib,56.02,83.61
standard_benchmark,sintel,MapAnything-map-anything,13,calib,55.49,83.62
standard_benchmark,sintel,MapAnything-map-anything,14,calib,55.52,83.58
standard_benchmark,sintel,MapAnything-map-anything,15,calib,55.5,83.57
standard_benchmark,sintel,MapAnything-map-anything,16,calib,55.96,83.59
standard_benchmark,sintel,MapAnything-map-anything,17,calib,55.69,83.63
standard_benchmark,sintel,MapAnything-map-anything,18,calib,55.52,83.58
standard_benchmark,sintel,MapAnything-map-anything,19,calib,55.42,83.58
standard_benchmark,sintel,MapAnythingCalib-map-anything,0,calib,54.52,83.6
standard_benchmark,sintel,MapAnythingCalib-map-anything,1,calib,54.61,83.62
standard_benchmark,sintel,MapAnythingCalib-map-anything,2,calib,54.36,83.64
standard_benchmark,sintel,MapAnythingCalib-map-anything,3,calib,54.71,83.61
standard_benchmark,sintel,MapAnythingCalib-map-anything,4,calib,54.26,83.63
standard_benchmark,sintel,MapAnythingCalib-map-anything,5,calib,54.59,83.6
standard_benchmark,sintel,MapAnythingCalib-map-anything,6,calib,54.53,83.61
standard_benchmark,sintel,MapAnythingCalib-map-anything,7,calib,54.32,83.62
standard_benchmark,sintel,MapAnythingCalib-map-anything,8,calib,54.57,83.63
standard_benchmark,sintel,MapAnythingCalib-map-anything,9,calib,54.62,83.6
standard_benchmark,sintel,MapAnythingCalib-map-anything,10,calib,54.48,83.65
standard_benchmark,sintel,MapAnythingCalib-map-anything,11,calib,54.48,83.59
standard_benchmark,sintel,MapAnythingCalib-map-anything,12,calib,54.28,83.62
standard_benchmark,sintel,MapAnythingCalib-map-anything,13,calib,54.6,83.61
standard_benchmark,sintel,MapAnythingCalib-map-anything,14,calib,54.14,83.62
standard_benchmark,sintel,MapAnythingCalib-map-anything,15,calib,54.3,83.63
standard_benchmark,sintel,MapAnythingCalib-map-anything,16,calib,54.36,83.62
standard_benchmark,sintel,MapAnythingCalib-map-anything,17,calib,54.39,83.62
standard_benchmark,sintel,MapAnythingCalib-map-anything,18,calib,54.6,83.63
standard_benchmark,sintel,MapAnythingCalib-map-anything,19,calib,54.78,83.67
standard_benchmark,sintel,Metric3DV2-vit_giant2,0,calib,67.19,83.82
standard_benchmark,sintel,Metric3DV2-vit_giant2,1,calib,67.26,83.82
standard_benchmark,sintel,Metric3DV2-vit_giant2,2,calib,67.26,83.74
standard_benchmark,sintel,Metric3DV2-vit_giant2,3,calib,67.14,83.79
standard_benchmark,sintel,Metric3DV2-vit_giant2,4,calib,67.6,83.75
standard_benchmark,sintel,Metric3DV2-vit_giant2,5,calib,67.18,83.79
standard_benchmark,sintel,Metric3DV2-vit_giant2,6,calib,67.23,83.81
standard_benchmark,sintel,Metric3DV2-vit_giant2,7,calib,67.39,83.73
standard_benchmark,sintel,Metric3DV2-vit_giant2,8,calib,67.11,83.77
standard_benchmark,sintel,Metric3DV2-vit_giant2,9,calib,67.39,83.75
standard_benchmark,sintel,Metric3DV2-vit_giant2,10,calib,67.17,83.78
standard_benchmark,sintel,Metric3DV2-vit_giant2,11,calib,67.36,83.71
standard_benchmark,sintel,Metric3DV2-vit_giant2,12,calib,67.28,83.73
standard_benchmark,sintel,Metric3DV2-vit_giant2,13,calib,67.31,83.78
standard_benchmark,sintel,Metric3DV2-vit_giant2,14,calib,67.41,83.74
standard_benchmark,sintel,Metric3DV2-vit_giant2,15,calib,67.37,83.79
standard_benchmark,sintel,Metric3DV2-vit_giant2,16,calib,67.42,83.79
standard_benchmark,sintel,Metric3DV2-vit_giant2,17,calib,67.34,83.77
standard_benchmark,sintel,Metric3DV2-vit_giant2,18,calib,67.45,83.77
standard_benchmark,sintel,Metric3DV2-vit_giant2,19,calib,67.21,83.79
standard_benchmark,sintel,Metric3DV2-vit_large,0,calib,60.12,83.78
standard_benchmark,sintel,Metric3DV2-vit_large,1,calib,59.67,83.74
standard_benchmark,sintel,Metric3DV2-vit_large,2,calib,59.59,83.78
standard_benchmark,sintel,Metric3DV2-vit_large,3,calib,59.8,83.78
standard_benchmark,sintel,Metric3DV2-vit_large,4,calib,59.45,83.79
standard_benchmark,sintel,Metric3DV2-vit_large,5,calib,59.98,83.79
standard_benchmark,sintel,Metric3DV2-vit_large,6,calib,59.62,83.77
standard_benchmark,sintel,Metric3DV2-vit_large,7,calib,59.69,83.75
standard_benchmark,sintel,Metric3DV2-vit_large,8,calib,59.88,83.86
standard_benchmark,sintel,Metric3DV2-vit_large,9,calib,60.05,83.72
standard_benchmark,sintel,Metric3DV2-vit_large,10,calib,59.63,83.79
standard_benchmark,sintel,Metric3DV2-vit_large,11,calib,59.5,83.81
standard_benchmark,sintel,Metric3DV2-vit_large,12,calib,59.85,83.76
standard_benchmark,sintel,Metric3DV2-vit_large,13,calib,59.77,83.77
standard_benchmark,sintel,Metric3DV2-vit_large,14,calib,59.7,83.76
standard_benchmark,sintel,Metric3DV2-vit_large,15,calib,59.66,83.76
standard_benchmark,sintel,Metric3DV2-vit_large,16,calib,60.01,83.78
standard_benchmark,sintel,Metric3DV2-vit_large,17,calib,59.55,83.79
standard_benchmark,sintel,Metric3DV2-vit_large,18,calib,60.16,83.78
standard_benchmark,sintel,Metric3DV2-vit_large,19,calib,59.67,83.77
standard_benchmark,sintel,Metric3DV2-vit_small,0,calib,63.95,83.26
standard_benchmark,sintel,Metric3DV2-vit_small,1,calib,63.98,83.29
standard_benchmark,sintel,Metric3DV2-vit_small,2,calib,64.41,83.37
standard_benchmark,sintel,Metric3DV2-vit_small,3,calib,63.89,83.3
standard_benchmark,sintel,Metric3DV2-vit_small,4,calib,64.11,83.31
standard_benchmark,sintel,Metric3DV2-vit_small,5,calib,64.24,83.33
standard_benchmark,sintel,Metric3DV2-vit_small,6,calib,63.84,83.26
standard_benchmark,sintel,Metric3DV2-vit_small,7,calib,64.09,83.24
standard_benchmark,sintel,Metric3DV2-vit_small,8,calib,64.21,83.35
standard_benchmark,sintel,Metric3DV2-vit_small,9,calib,64.34,83.38
standard_benchmark,sintel,Metric3DV2-vit_small,10,calib,63.96,83.41
standard_benchmark,sintel,Metric3DV2-vit_small,11,calib,64.18,83.38
standard_benchmark,sintel,Metric3DV2-vit_small,12,calib,64.24,83.29
standard_benchmark,sintel,Metric3DV2-vit_small,13,calib,64.06,83.33
standard_benchmark,sintel,Metric3DV2-vit_small,14,calib,64.29,83.42
standard_benchmark,sintel,Metric3DV2-vit_small,15,calib,64.18,83.26
standard_benchmark,sintel,Metric3DV2-vit_small,16,calib,64.44,83.34
standard_benchmark,sintel,Metric3DV2-vit_small,17,calib,63.98,83.32
standard_benchmark,sintel,Metric3DV2-vit_small,18,calib,64.18,83.38
standard_benchmark,sintel,Metric3DV2-vit_small,19,calib,64.22,83.37
standard_benchmark,sintel,Metric3DV2Calib-vit_giant2,0,calib,67.25,83.81
standard_benchmark,sintel,Metric3DV2Calib-vit_giant2,1,calib,67.25,83.81
standard_benchmark,sintel,Metric3DV2Calib-vit_giant2,2,calib,67.48,83.73
standard_benchmark,sintel,Metric3DV2Calib-vit_giant2,3,calib,67.22,83.78
standard_benchmark,sintel,Metric3DV2Calib-vit_giant2,4,calib,67.53,83.75
standard_benchmark,sintel,Metric3DV2Calib-vit_giant2,5,calib,67.17,83.79
standard_benchmark,sintel,Metric3DV2Calib-vit_giant2,6,calib,67.21,83.8
standard_benchmark,sintel,Metric3DV2Calib-vit_giant2,7,calib,67.48,83.75
standard_benchmark,sintel,Metric3DV2Calib-vit_giant2,8,calib,67.01,83.76
standard_benchmark,sintel,Metric3DV2Calib-vit_giant2,9,calib,67.37,83.76
standard_benchmark,sintel,Metric3DV2Calib-vit_giant2,10,calib,67.24,83.77
standard_benchmark,sintel,Metric3DV2Calib-vit_giant2,11,calib,67.47,83.73
standard_benchmark,sintel,Metric3DV2Calib-vit_giant2,12,calib,67.35,83.73
standard_benchmark,sintel,Metric3DV2Calib-vit_giant2,13,calib,67.39,83.78
standard_benchmark,sintel,Metric3DV2Calib-vit_giant2,14,calib,67.4,83.73
standard_benchmark,sintel,Metric3DV2Calib-vit_giant2,15,calib,67.34,83.79
standard_benchmark,sintel,Metric3DV2Calib-vit_giant2,16,calib,67.46,83.8
standard_benchmark,sintel,Metric3DV2Calib-vit_giant2,17,calib,67.34,83.77
standard_benchmark,sintel,Metric3DV2Calib-vit_giant2,18,calib,67.54,83.76
standard_benchmark,sintel,Metric3DV2Calib-vit_giant2,19,calib,67.36,83.77
standard_benchmark,sintel,Metric3DV2Calib-vit_large,0,calib,60.04,83.78
standard_benchmark,sintel,Metric3DV2Calib-vit_large,1,calib,59.66,83.73
standard_benchmark,sintel,Metric3DV2Calib-vit_large,2,calib,59.63,83.78
standard_benchmark,sintel,Metric3DV2Calib-vit_large,3,calib,59.78,83.78
standard_benchmark,sintel,Metric3DV2Calib-vit_large,4,calib,59.46,83.8
standard_benchmark,sintel,Metric3DV2Calib-vit_large,5,calib,59.89,83.77
standard_benchmark,sintel,Metric3DV2Calib-vit_large,6,calib,59.48,83.77
standard_benchmark,sintel,Metric3DV2Calib-vit_large,7,calib,59.52,83.75
standard_benchmark,sintel,Metric3DV2Calib-vit_large,8,calib,59.91,83.84
standard_benchmark,sintel,Metric3DV2Calib-vit_large,9,calib,59.98,83.73
standard_benchmark,sintel,Metric3DV2Calib-vit_large,10,calib,59.79,83.77
standard_benchmark,sintel,Metric3DV2Calib-vit_large,11,calib,59.4,83.82
standard_benchmark,sintel,Metric3DV2Calib-vit_large,12,calib,59.96,83.76
standard_benchmark,sintel,Metric3DV2Calib-vit_large,13,calib,59.89,83.78
standard_benchmark,sintel,Metric3DV2Calib-vit_large,14,calib,59.95,83.73
standard_benchmark,sintel,Metric3DV2Calib-vit_large,15,calib,59.69,83.77
standard_benchmark,sintel,Metric3DV2Calib-vit_large,16,calib,59.96,83.76
standard_benchmark,sintel,Metric3DV2Calib-vit_large,17,calib,59.58,83.78
standard_benchmark,sintel,Metric3DV2Calib-vit_large,18,calib,60.22,83.79
standard_benchmark,sintel,Metric3DV2Calib-vit_large,19,calib,59.7,83.77
standard_benchmark,sintel,Metric3DV2Calib-vit_small,0,calib,63.98,83.26
standard_benchmark,sintel,Metric3DV2Calib-vit_small,1,calib,64.09,83.33
standard_benchmark,sintel,Metric3DV2Calib-vit_small,2,calib,64.37,83.37
standard_benchmark,sintel,Metric3DV2Calib-vit_small,3,calib,63.97,83.31
standard_benchmark,sintel,Metric3DV2Calib-vit_small,4,calib,64.04,83.3
standard_benchmark,sintel,Metric3DV2Calib-vit_small,5,calib,64.6,83.31
standard_benchmark,sintel,Metric3DV2Calib-vit_small,6,calib,63.83,83.24
standard_benchmark,sintel,Metric3DV2Calib-vit_small,7,calib,64.26,83.3
standard_benchmark,sintel,Metric3DV2Calib-vit_small,8,calib,64.16,83.33
standard_benchmark,sintel,Metric3DV2Calib-vit_small,9,calib,64.17,83.34
standard_benchmark,sintel,Metric3DV2Calib-vit_small,10,calib,63.92,83.38
standard_benchmark,sintel,Metric3DV2Calib-vit_small,11,calib,63.97,83.39
standard_benchmark,sintel,Metric3DV2Calib-vit_small,12,calib,64.22,83.3
standard_benchmark,sintel,Metric3DV2Calib-vit_small,13,calib,64.06,83.35
standard_benchmark,sintel,Metric3DV2Calib-vit_small,14,calib,64.11,83.4
standard_benchmark,sintel,Metric3DV2Calib-vit_small,15,calib,64.27,83.27
standard_benchmark,sintel,Metric3DV2Calib-vit_small,16,calib,64.39,83.36
standard_benchmark,sintel,Metric3DV2Calib-vit_small,17,calib,64.0,83.34
standard_benchmark,sintel,Metric3DV2Calib-vit_small,18,calib,64.17,83.35
standard_benchmark,sintel,Metric3DV2Calib-vit_small,19,calib,64.27,83.34
standard_benchmark,sintel,MoGeV1-moge-vitl,0,calib,63.81,83.84
standard_benchmark,sintel,MoGeV1-moge-vitl,1,calib,63.85,83.81
standard_benchmark,sintel,MoGeV1-moge-vitl,2,calib,63.67,83.86
standard_benchmark,sintel,MoGeV1-moge-vitl,3,calib,63.69,83.82
standard_benchmark,sintel,MoGeV1-moge-vitl,4,calib,63.99,83.85
standard_benchmark,sintel,MoGeV1-moge-vitl,5,calib,63.75,83.84
standard_benchmark,sintel,MoGeV1-moge-vitl,6,calib,63.93,83.82
standard_benchmark,sintel,MoGeV1-moge-vitl,7,calib,63.8,83.86
standard_benchmark,sintel,MoGeV1-moge-vitl,8,calib,63.55,83.81
standard_benchmark,sintel,MoGeV1-moge-vitl,9,calib,63.77,83.84
standard_benchmark,sintel,MoGeV1-moge-vitl,10,calib,63.79,83.81
standard_benchmark,sintel,MoGeV1-moge-vitl,11,calib,64.19,83.77
standard_benchmark,sintel,MoGeV1-moge-vitl,12,calib,63.85,83.76
standard_benchmark,sintel,MoGeV1-moge-vitl,13,calib,63.48,83.81
standard_benchmark,sintel,MoGeV1-moge-vitl,14,calib,63.79,83.83
standard_benchmark,sintel,MoGeV1-moge-vitl,15,calib,63.71,83.83
standard_benchmark,sintel,MoGeV1-moge-vitl,16,calib,64.2,83.82
standard_benchmark,sintel,MoGeV1-moge-vitl,17,calib,63.77,83.82
standard_benchmark,sintel,MoGeV1-moge-vitl,18,calib,64.0,83.8
standard_benchmark,sintel,MoGeV1-moge-vitl,19,calib,63.82,83.78
standard_benchmark,sintel,MoGeV1Calib-moge-vitl,0,calib,63.87,83.9
standard_benchmark,sintel,MoGeV1Calib-moge-vitl,1,calib,63.7,83.91
standard_benchmark,sintel,MoGeV1Calib-moge-vitl,2,calib,63.57,83.88
standard_benchmark,sintel,MoGeV1Calib-moge-vitl,3,calib,63.66,83.87
standard_benchmark,sintel,MoGeV1Calib-moge-vitl,4,calib,64.1,83.89
standard_benchmark,sintel,MoGeV1Calib-moge-vitl,5,calib,64.0,83.88
standard_benchmark,sintel,MoGeV1Calib-moge-vitl,6,calib,63.88,83.85
standard_benchmark,sintel,MoGeV1Calib-moge-vitl,7,calib,64.01,83.89
standard_benchmark,sintel,MoGeV1Calib-moge-vitl,8,calib,63.92,83.89
standard_benchmark,sintel,MoGeV1Calib-moge-vitl,9,calib,63.79,83.88
standard_benchmark,sintel,MoGeV1Calib-moge-vitl,10,calib,64.0,83.88
standard_benchmark,sintel,MoGeV1Calib-moge-vitl,11,calib,63.94,83.88
standard_benchmark,sintel,MoGeV1Calib-moge-vitl,12,calib,63.97,83.86
standard_benchmark,sintel,MoGeV1Calib-moge-vitl,13,calib,63.79,83.9
standard_benchmark,sintel,MoGeV1Calib-moge-vitl,14,calib,63.86,83.87
standard_benchmark,sintel,MoGeV1Calib-moge-vitl,15,calib,63.75,83.85
standard_benchmark,sintel,MoGeV1Calib-moge-vitl,16,calib,64.16,83.85
standard_benchmark,sintel,MoGeV1Calib-moge-vitl,17,calib,63.85,83.89
standard_benchmark,sintel,MoGeV1Calib-moge-vitl,18,calib,63.92,83.86
standard_benchmark,sintel,MoGeV1Calib-moge-vitl,19,calib,63.96,83.84
standard_benchmark,sintel,MoGeV2-moge-2-vitl,0,calib,64.59,83.88
standard_benchmark,sintel,MoGeV2-moge-2-vitl,1,calib,64.88,83.9
standard_benchmark,sintel,MoGeV2-moge-2-vitl,2,calib,65.03,83.87
standard_benchmark,sintel,MoGeV2-moge-2-vitl,3,calib,64.74,83.89
standard_benchmark,sintel,MoGeV2-moge-2-vitl,4,calib,64.87,83.86
standard_benchmark,sintel,MoGeV2-moge-2-vitl,5,calib,64.71,83.89
standard_benchmark,sintel,MoGeV2-moge-2-vitl,6,calib,64.84,83.91
standard_benchmark,sintel,MoGeV2-moge-2-vitl,7,calib,64.88,83.88
standard_benchmark,sintel,MoGeV2-moge-2-vitl,8,calib,65.06,83.88
standard_benchmark,sintel,MoGeV2-moge-2-vitl,9,calib,64.77,83.87
standard_benchmark,sintel,MoGeV2-moge-2-vitl,10,calib,64.91,83.88
standard_benchmark,sintel,MoGeV2-moge-2-vitl,11,calib,64.87,83.89
standard_benchmark,sintel,MoGeV2-moge-2-vitl,12,calib,64.67,83.88
standard_benchmark,sintel,MoGeV2-moge-2-vitl,13,calib,64.74,83.89
standard_benchmark,sintel,MoGeV2-moge-2-vitl,14,calib,65.06,83.88
standard_benchmark,sintel,MoGeV2-moge-2-vitl,15,calib,64.92,83.86
standard_benchmark,sintel,MoGeV2-moge-2-vitl,16,calib,64.81,83.86
standard_benchmark,sintel,MoGeV2-moge-2-vitl,17,calib,65.07,83.88
standard_benchmark,sintel,MoGeV2-moge-2-vitl,18,calib,64.82,83.91
standard_benchmark,sintel,MoGeV2-moge-2-vitl,19,calib,64.75,83.89
standard_benchmark,sintel,MoGeV2Calib-moge-2-vitl,0,calib,67.06,83.96
standard_benchmark,sintel,MoGeV2Calib-moge-2-vitl,1,calib,66.65,83.99
standard_benchmark,sintel,MoGeV2Calib-moge-2-vitl,2,calib,67.2,83.95
standard_benchmark,sintel,MoGeV2Calib-moge-2-vitl,3,calib,66.96,83.97
standard_benchmark,sintel,MoGeV2Calib-moge-2-vitl,4,calib,66.95,83.96
standard_benchmark,sintel,MoGeV2Calib-moge-2-vitl,5,calib,67.02,83.93
standard_benchmark,sintel,MoGeV2Calib-moge-2-vitl,6,calib,66.89,83.99
standard_benchmark,sintel,MoGeV2Calib-moge-2-vitl,7,calib,66.91,83.95
standard_benchmark,sintel,MoGeV2Calib-moge-2-vitl,8,calib,66.79,83.97
standard_benchmark,sintel,MoGeV2Calib-moge-2-vitl,9,calib,66.88,83.96
standard_benchmark,sintel,MoGeV2Calib-moge-2-vitl,10,calib,66.81,83.95
standard_benchmark,sintel,MoGeV2Calib-moge-2-vitl,11,calib,66.88,83.97
standard_benchmark,sintel,MoGeV2Calib-moge-2-vitl,12,calib,66.8,83.97
standard_benchmark,sintel,MoGeV2Calib-moge-2-vitl,13,calib,66.65,83.98
standard_benchmark,sintel,MoGeV2Calib-moge-2-vitl,14,calib,67.1,83.95
standard_benchmark,sintel,MoGeV2Calib-moge-2-vitl,15,calib,67.18,83.97
standard_benchmark,sintel,MoGeV2Calib-moge-2-vitl,16,calib,66.89,83.96
standard_benchmark,sintel,MoGeV2Calib-moge-2-vitl,17,calib,67.02,83.97
standard_benchmark,sintel,MoGeV2Calib-moge-2-vitl,18,calib,66.65,83.98
standard_benchmark,sintel,MoGeV2Calib-moge-2-vitl,19,calib,67.16,83.95
standard_benchmark,sintel,Pi3-Pi3X,0,calib,64.36,83.83
standard_benchmark,sintel,Pi3-Pi3X,1,calib,64.37,83.84
standard_benchmark,sintel,Pi3-Pi3X,2,calib,64.47,83.81
standard_benchmark,sintel,Pi3-Pi3X,3,calib,64.4,83.86
standard_benchmark,sintel,Pi3-Pi3X,4,calib,64.34,83.81
standard_benchmark,sintel,Pi3-Pi3X,5,calib,64.44,83.82
standard_benchmark,sintel,Pi3-Pi3X,6,calib,64.54,83.82
standard_benchmark,sintel,Pi3-Pi3X,7,calib,64.58,83.83
standard_benchmark,sintel,Pi3-Pi3X,8,calib,64.24,83.86
standard_benchmark,sintel,Pi3-Pi3X,9,calib,64.47,83.82
standard_benchmark,sintel,Pi3-Pi3X,10,calib,64.41,83.83
standard_benchmark,sintel,Pi3-Pi3X,11,calib,64.51,83.84
standard_benchmark,sintel,Pi3-Pi3X,12,calib,64.52,83.81
standard_benchmark,sintel,Pi3-Pi3X,13,calib,64.48,83.83
standard_benchmark,sintel,Pi3-Pi3X,14,calib,64.36,83.84
standard_benchmark,sintel,Pi3-Pi3X,15,calib,64.58,83.8
standard_benchmark,sintel,Pi3-Pi3X,16,calib,64.4,83.81
standard_benchmark,sintel,Pi3-Pi3X,17,calib,64.3,83.84
standard_benchmark,sintel,Pi3-Pi3X,18,calib,64.7,83.84
standard_benchmark,sintel,Pi3-Pi3X,19,calib,64.3,83.8
standard_benchmark,sintel,Pi3Calib-Pi3X,0,calib,64.2,83.87
standard_benchmark,sintel,Pi3Calib-Pi3X,1,calib,64.1,83.84
standard_benchmark,sintel,Pi3Calib-Pi3X,2,calib,64.21,83.87
standard_benchmark,sintel,Pi3Calib-Pi3X,3,calib,64.31,83.89
standard_benchmark,sintel,Pi3Calib-Pi3X,4,calib,64.11,83.89
standard_benchmark,sintel,Pi3Calib-Pi3X,5,calib,64.27,83.87
standard_benchmark,sintel,Pi3Calib-Pi3X,6,calib,64.15,83.9
standard_benchmark,sintel,Pi3Calib-Pi3X,7,calib,64.28,83.9
standard_benchmark,sintel,Pi3Calib-Pi3X,8,calib,64.02,83.9
standard_benchmark,sintel,Pi3Calib-Pi3X,9,calib,64.03,83.89
standard_benchmark,sintel,Pi3Calib-Pi3X,10,calib,64.01,83.87
standard_benchmark,sintel,Pi3Calib-Pi3X,11,calib,63.93,83.89
standard_benchmark,sintel,Pi3Calib-Pi3X,12,calib,64.18,83.87
standard_benchmark,sintel,Pi3Calib-Pi3X,13,calib,64.45,83.89
standard_benchmark,sintel,Pi3Calib-Pi3X,14,calib,64.35,83.86
standard_benchmark,sintel,Pi3Calib-Pi3X,15,calib,64.53,83.84
standard_benchmark,sintel,Pi3Calib-Pi3X,16,calib,64.02,83.87
standard_benchmark,sintel,Pi3Calib-Pi3X,17,calib,64.31,83.87
standard_benchmark,sintel,Pi3Calib-Pi3X,18,calib,64.17,83.85
standard_benchmark,sintel,Pi3Calib-Pi3X,19,calib,64.29,83.84
standard_benchmark,sintel,UniDepth1-cnvnxtl,0,calib,66.03,83.75
standard_benchmark,sintel,UniDepth1-cnvnxtl,1,calib,65.71,83.76
standard_benchmark,sintel,UniDepth1-cnvnxtl,2,calib,65.79,83.79
standard_benchmark,sintel,UniDepth1-cnvnxtl,3,calib,65.5,83.74
standard_benchmark,sintel,UniDepth1-cnvnxtl,4,calib,65.39,83.77
standard_benchmark,sintel,UniDepth1-cnvnxtl,5,calib,65.76,83.75
standard_benchmark,sintel,UniDepth1-cnvnxtl,6,calib,65.89,83.79
standard_benchmark,sintel,UniDepth1-cnvnxtl,7,calib,65.63,83.75
standard_benchmark,sintel,UniDepth1-cnvnxtl,8,calib,65.66,83.77
standard_benchmark,sintel,UniDepth1-cnvnxtl,9,calib,65.8,83.74
standard_benchmark,sintel,UniDepth1-cnvnxtl,10,calib,65.78,83.76
standard_benchmark,sintel,UniDepth1-cnvnxtl,11,calib,65.75,83.73
standard_benchmark,sintel,UniDepth1-cnvnxtl,12,calib,65.61,83.78
standard_benchmark,sintel,UniDepth1-cnvnxtl,13,calib,65.75,83.74
standard_benchmark,sintel,UniDepth1-cnvnxtl,14,calib,65.91,83.74
standard_benchmark,sintel,UniDepth1-cnvnxtl,15,calib,65.55,83.77
standard_benchmark,sintel,UniDepth1-cnvnxtl,16,calib,65.91,83.77
standard_benchmark,sintel,UniDepth1-cnvnxtl,17,calib,65.69,83.76
standard_benchmark,sintel,UniDepth1-cnvnxtl,18,calib,65.89,83.76
standard_benchmark,sintel,UniDepth1-cnvnxtl,19,calib,65.63,83.77
standard_benchmark,sintel,UniDepth1-vitl14,0,calib,64.94,83.75
standard_benchmark,sintel,UniDepth1-vitl14,1,calib,64.78,83.75
standard_benchmark,sintel,UniDepth1-vitl14,2,calib,64.99,83.69
standard_benchmark,sintel,UniDepth1-vitl14,3,calib,65.12,83.8
standard_benchmark,sintel,UniDepth1-vitl14,4,calib,64.88,83.79
standard_benchmark,sintel,UniDepth1-vitl14,5,calib,64.74,83.77
standard_benchmark,sintel,UniDepth1-vitl14,6,calib,65.07,83.76
standard_benchmark,sintel,UniDepth1-vitl14,7,calib,64.94,83.76
standard_benchmark,sintel,UniDepth1-vitl14,8,calib,64.91,83.76
standard_benchmark,sintel,UniDepth1-vitl14,9,calib,64.65,83.77
standard_benchmark,sintel,UniDepth1-vitl14,10,calib,64.69,83.72
standard_benchmark,sintel,UniDepth1-vitl14,11,calib,64.56,83.73
standard_benchmark,sintel,UniDepth1-vitl14,12,calib,64.93,83.74
standard_benchmark,sintel,UniDepth1-vitl14,13,calib,64.81,83.76
standard_benchmark,sintel,UniDepth1-vitl14,14,calib,65.03,83.79
standard_benchmark,sintel,UniDepth1-vitl14,15,calib,65.01,83.76
standard_benchmark,sintel,UniDepth1-vitl14,16,calib,64.92,83.7
standard_benchmark,sintel,UniDepth1-vitl14,17,calib,64.99,83.74
standard_benchmark,sintel,UniDepth1-vitl14,18,calib,64.89,83.81
standard_benchmark,sintel,UniDepth1-vitl14,19,calib,65.03,83.76
standard_benchmark,sintel,UniDepth1Calib-cnvnxtl,0,calib,66.11,83.76
standard_benchmark,sintel,UniDepth1Calib-cnvnxtl,1,calib,65.94,83.77
standard_benchmark,sintel,UniDepth1Calib-cnvnxtl,2,calib,66.02,83.78
standard_benchmark,sintel,UniDepth1Calib-cnvnxtl,3,calib,65.43,83.75
standard_benchmark,sintel,UniDepth1Calib-cnvnxtl,4,calib,65.6,83.76
standard_benchmark,sintel,UniDepth1Calib-cnvnxtl,5,calib,65.97,83.77
standard_benchmark,sintel,UniDepth1Calib-cnvnxtl,6,calib,66.05,83.77
standard_benchmark,sintel,UniDepth1Calib-cnvnxtl,7,calib,65.62,83.76
standard_benchmark,sintel,UniDepth1Calib-cnvnxtl,8,calib,65.8,83.76
standard_benchmark,sintel,UniDepth1Calib-cnvnxtl,9,calib,66.19,83.73
standard_benchmark,sintel,UniDepth1Calib-cnvnxtl,10,calib,65.58,83.78
standard_benchmark,sintel,UniDepth1Calib-cnvnxtl,11,calib,65.56,83.79
standard_benchmark,sintel,UniDepth1Calib-cnvnxtl,12,calib,65.93,83.77
standard_benchmark,sintel,UniDepth1Calib-cnvnxtl,13,calib,65.76,83.74
standard_benchmark,sintel,UniDepth1Calib-cnvnxtl,14,calib,65.94,83.77
standard_benchmark,sintel,UniDepth1Calib-cnvnxtl,15,calib,65.66,83.75
standard_benchmark,sintel,UniDepth1Calib-cnvnxtl,16,calib,65.95,83.77
standard_benchmark,sintel,UniDepth1Calib-cnvnxtl,17,calib,66.04,83.77
standard_benchmark,sintel,UniDepth1Calib-cnvnxtl,18,calib,65.9,83.75
standard_benchmark,sintel,UniDepth1Calib-cnvnxtl,19,calib,65.7,83.74
standard_benchmark,sintel,UniDepth1Calib-vitl14,0,calib,64.82,83.76
standard_benchmark,sintel,UniDepth1Calib-vitl14,1,calib,64.96,83.77
standard_benchmark,sintel,UniDepth1Calib-vitl14,2,calib,64.94,83.76
standard_benchmark,sintel,UniDepth1Calib-vitl14,3,calib,64.95,83.81
standard_benchmark,sintel,UniDepth1Calib-vitl14,4,calib,64.84,83.79
standard_benchmark,sintel,UniDepth1Calib-vitl14,5,calib,64.8,83.8
standard_benchmark,sintel,UniDepth1Calib-vitl14,6,calib,65.08,83.78
standard_benchmark,sintel,UniDepth1Calib-vitl14,7,calib,64.8,83.78
standard_benchmark,sintel,UniDepth1Calib-vitl14,8,calib,64.74,83.78
standard_benchmark,sintel,UniDepth1Calib-vitl14,9,calib,64.67,83.7
standard_benchmark,sintel,UniDepth1Calib-vitl14,10,calib,64.98,83.74
standard_benchmark,sintel,UniDepth1Calib-vitl14,11,calib,64.68,83.78
standard_benchmark,sintel,UniDepth1Calib-vitl14,12,calib,64.99,83.77
standard_benchmark,sintel,UniDepth1Calib-vitl14,13,calib,64.72,83.77
standard_benchmark,sintel,UniDepth1Calib-vitl14,14,calib,65.07,83.8
standard_benchmark,sintel,UniDepth1Calib-vitl14,15,calib,65.08,83.78
standard_benchmark,sintel,UniDepth1Calib-vitl14,16,calib,65.05,83.74
standard_benchmark,sintel,UniDepth1Calib-vitl14,17,calib,64.78,83.79
standard_benchmark,sintel,UniDepth1Calib-vitl14,18,calib,65.11,83.8
standard_benchmark,sintel,UniDepth1Calib-vitl14,19,calib,64.82,83.73
standard_benchmark,sintel,UniDepth2-vitb14,0,calib,64.59,83.94
standard_benchmark,sintel,UniDepth2-vitb14,1,calib,64.24,83.93
standard_benchmark,sintel,UniDepth2-vitb14,2,calib,64.26,83.98
standard_benchmark,sintel,UniDepth2-vitb14,3,calib,64.29,83.98
standard_benchmark,sintel,UniDepth2-vitb14,4,calib,64.33,83.95
standard_benchmark,sintel,UniDepth2-vitb14,5,calib,64.34,83.93
standard_benchmark,sintel,UniDepth2-vitb14,6,calib,64.13,83.96
standard_benchmark,sintel,UniDepth2-vitb14,7,calib,64.35,83.94
standard_benchmark,sintel,UniDepth2-vitb14,8,calib,64.28,83.95
standard_benchmark,sintel,UniDepth2-vitb14,9,calib,64.48,83.96
standard_benchmark,sintel,UniDepth2-vitb14,10,calib,64.42,83.97
standard_benchmark,sintel,UniDepth2-vitb14,11,calib,64.5,83.96
standard_benchmark,sintel,UniDepth2-vitb14,12,calib,64.02,83.96
standard_benchmark,sintel,UniDepth2-vitb14,13,calib,63.95,83.94
standard_benchmark,sintel,UniDepth2-vitb14,14,calib,64.49,83.94
standard_benchmark,sintel,UniDepth2-vitb14,15,calib,64.54,83.96
standard_benchmark,sintel,UniDepth2-vitb14,16,calib,64.19,83.92
standard_benchmark,sintel,UniDepth2-vitb14,17,calib,64.19,83.93
standard_benchmark,sintel,UniDepth2-vitb14,18,calib,64.47,83.93
standard_benchmark,sintel,UniDepth2-vitb14,19,calib,64.29,83.99
standard_benchmark,sintel,UniDepth2-vitl14,0,calib,66.39,83.89
standard_benchmark,sintel,UniDepth2-vitl14,1,calib,66.35,83.94
standard_benchmark,sintel,UniDepth2-vitl14,2,calib,66.4,83.92
standard_benchmark,sintel,UniDepth2-vitl14,3,calib,66.2,83.93
standard_benchmark,sintel,UniDepth2-vitl14,4,calib,66.02,83.95
standard_benchmark,sintel,UniDepth2-vitl14,5,calib,66.11,83.89
standard_benchmark,sintel,UniDepth2-vitl14,6,calib,66.24,83.96
standard_benchmark,sintel,UniDepth2-vitl14,7,calib,66.46,83.93
standard_benchmark,sintel,UniDepth2-vitl14,8,calib,66.36,83.89
standard_benchmark,sintel,UniDepth2-vitl14,9,calib,66.52,83.91
standard_benchmark,sintel,UniDepth2-vitl14,10,calib,66.05,83.93
standard_benchmark,sintel,UniDepth2-vitl14,11,calib,66.34,83.95
standard_benchmark,sintel,UniDepth2-vitl14,12,calib,66.32,83.93
standard_benchmark,sintel,UniDepth2-vitl14,13,calib,66.16,83.96
standard_benchmark,sintel,UniDepth2-vitl14,14,calib,66.51,83.92
standard_benchmark,sintel,UniDepth2-vitl14,15,calib,66.41,83.93
standard_benchmark,sintel,UniDepth2-vitl14,16,calib,66.25,83.93
standard_benchmark,sintel,UniDepth2-vitl14,17,calib,66.05,83.91
standard_benchmark,sintel,UniDepth2-vitl14,18,calib,66.61,83.92
standard_benchmark,sintel,UniDepth2-vitl14,19,calib,66.3,83.94
standard_benchmark,sintel,UniDepth2-vits14,0,calib,60.35,83.82
standard_benchmark,sintel,UniDepth2-vits14,1,calib,60.42,83.79
standard_benchmark,sintel,UniDepth2-vits14,2,calib,60.24,83.76
standard_benchmark,sintel,UniDepth2-vits14,3,calib,60.34,83.82
standard_benchmark,sintel,UniDepth2-vits14,4,calib,60.58,83.75
standard_benchmark,sintel,UniDepth2-vits14,5,calib,60.5,83.81
standard_benchmark,sintel,UniDepth2-vits14,6,calib,60.4,83.81
standard_benchmark,sintel,UniDepth2-vits14,7,calib,60.29,83.79
standard_benchmark,sintel,UniDepth2-vits14,8,calib,60.0,83.81
standard_benchmark,sintel,UniDepth2-vits14,9,calib,60.31,83.82
standard_benchmark,sintel,UniDepth2-vits14,10,calib,60.34,83.82
standard_benchmark,sintel,UniDepth2-vits14,11,calib,60.43,83.82
standard_benchmark,sintel,UniDepth2-vits14,12,calib,60.7,83.78
standard_benchmark,sintel,UniDepth2-vits14,13,calib,60.24,83.82
standard_benchmark,sintel,UniDepth2-vits14,14,calib,60.41,83.81
standard_benchmark,sintel,UniDepth2-vits14,15,calib,60.48,83.82
standard_benchmark,sintel,UniDepth2-vits14,16,calib,60.55,83.83
standard_benchmark,sintel,UniDepth2-vits14,17,calib,60.56,83.82
standard_benchmark,sintel,UniDepth2-vits14,18,calib,60.16,83.8
standard_benchmark,sintel,UniDepth2-vits14,19,calib,60.15,83.81
standard_benchmark,sintel,UniDepth2Calib-vitb14,0,calib,64.24,83.94
standard_benchmark,sintel,UniDepth2Calib-vitb14,1,calib,64.27,83.96
standard_benchmark,sintel,UniDepth2Calib-vitb14,2,calib,64.54,83.93
standard_benchmark,sintel,UniDepth2Calib-vitb14,3,calib,64.43,83.94
standard_benchmark,sintel,UniDepth2Calib-vitb14,4,calib,64.36,83.93
standard_benchmark,sintel,UniDepth2Calib-vitb14,5,calib,64.44,83.94
standard_benchmark,sintel,UniDepth2Calib-vitb14,6,calib,64.32,83.97
standard_benchmark,sintel,UniDepth2Calib-vitb14,7,calib,64.52,83.94
standard_benchmark,sintel,UniDepth2Calib-vitb14,8,calib,64.71,83.94
standard_benchmark,sintel,UniDepth2Calib-vitb14,9,calib,64.74,83.95
standard_benchmark,sintel,UniDepth2Calib-vitb14,10,calib,64.38,83.94
standard_benchmark,sintel,UniDepth2Calib-vitb14,11,calib,64.58,83.92
standard_benchmark,sintel,UniDepth2Calib-vitb14,12,calib,64.37,83.95
standard_benchmark,sintel,UniDepth2Calib-vitb14,13,calib,64.26,83.93
standard_benchmark,sintel,UniDepth2Calib-vitb14,14,calib,64.47,83.93
standard_benchmark,sintel,UniDepth2Calib-vitb14,15,calib,64.48,83.94
standard_benchmark,sintel,UniDepth2Calib-vitb14,16,calib,64.6,83.96
standard_benchmark,sintel,UniDepth2Calib-vitb14,17,calib,64.57,83.95
standard_benchmark,sintel,UniDepth2Calib-vitb14,18,calib,64.57,83.93
standard_benchmark,sintel,UniDepth2Calib-vitb14,19,calib,64.35,83.92
standard_benchmark,sintel,UniDepth2Calib-vitl14,0,calib,66.7,83.93
standard_benchmark,sintel,UniDepth2Calib-vitl14,1,calib,66.51,83.93
standard_benchmark,sintel,UniDepth2Calib-vitl14,2,calib,66.79,83.93
standard_benchmark,sintel,UniDepth2Calib-vitl14,3,calib,66.7,83.94
standard_benchmark,sintel,UniDepth2Calib-vitl14,4,calib,66.39,83.95
standard_benchmark,sintel,UniDepth2Calib-vitl14,5,calib,66.49,83.93
standard_benchmark,sintel,UniDepth2Calib-vitl14,6,calib,66.48,83.94
standard_benchmark,sintel,UniDepth2Calib-vitl14,7,calib,66.6,83.94
standard_benchmark,sintel,UniDepth2Calib-vitl14,8,calib,66.46,83.93
standard_benchmark,sintel,UniDepth2Calib-vitl14,9,calib,66.83,83.89
standard_benchmark,sintel,UniDepth2Calib-vitl14,10,calib,66.44,83.95
standard_benchmark,sintel,UniDepth2Calib-vitl14,11,calib,66.58,83.93
standard_benchmark,sintel,UniDepth2Calib-vitl14,12,calib,66.64,83.94
standard_benchmark,sintel,UniDepth2Calib-vitl14,13,calib,66.8,83.93
standard_benchmark,sintel,UniDepth2Calib-vitl14,14,calib,66.53,83.92
standard_benchmark,sintel,UniDepth2Calib-vitl14,15,calib,66.28,83.96
standard_benchmark,sintel,UniDepth2Calib-vitl14,16,calib,66.7,83.98
standard_benchmark,sintel,UniDepth2Calib-vitl14,17,calib,66.68,83.91
standard_benchmark,sintel,UniDepth2Calib-vitl14,18,calib,66.73,83.93
standard_benchmark,sintel,UniDepth2Calib-vitl14,19,calib,66.78,83.92
standard_benchmark,sintel,UniDepth2Calib-vits14,0,calib,60.19,83.78
standard_benchmark,sintel,UniDepth2Calib-vits14,1,calib,60.48,83.79
standard_benchmark,sintel,UniDepth2Calib-vits14,2,calib,60.16,83.83
standard_benchmark,sintel,UniDepth2Calib-vits14,3,calib,60.38,83.83
standard_benchmark,sintel,UniDepth2Calib-vits14,4,calib,60.48,83.78
standard_benchmark,sintel,UniDepth2Calib-vits14,5,calib,60.24,83.81
standard_benchmark,sintel,UniDepth2Calib-vits14,6,calib,60.42,83.78
standard_benchmark,sintel,UniDepth2Calib-vits14,7,calib,60.23,83.77
standard_benchmark,sintel,UniDepth2Calib-vits14,8,calib,60.15,83.82
standard_benchmark,sintel,UniDepth2Calib-vits14,9,calib,60.21,83.8
standard_benchmark,sintel,UniDepth2Calib-vits14,10,calib,60.47,83.79
standard_benchmark,sintel,UniDepth2Calib-vits14,11,calib,60.23,83.8
standard_benchmark,sintel,UniDepth2Calib-vits14,12,calib,60.37,83.82
standard_benchmark,sintel,UniDepth2Calib-vits14,13,calib,60.24,83.81
standard_benchmark,sintel,UniDepth2Calib-vits14,14,calib,60.22,83.81
standard_benchmark,sintel,UniDepth2Calib-vits14,15,calib,60.38,83.79
standard_benchmark,sintel,UniDepth2Calib-vits14,16,calib,60.22,83.81
standard_benchmark,sintel,UniDepth2Calib-vits14,17,calib,60.23,83.78
standard_benchmark,sintel,UniDepth2Calib-vits14,18,calib,60.35,83.76
standard_benchmark,sintel,UniDepth2Calib-vits14,19,calib,60.39,83.82
standard_benchmark,sintel,UniK3D-vitl,0,calib,62.53,83.91
standard_benchmark,sintel,UniK3D-vitl,1,calib,62.61,83.93
standard_benchmark,sintel,UniK3D-vitl,2,calib,62.77,83.97
standard_benchmark,sintel,UniK3D-vitl,3,calib,62.28,83.95
standard_benchmark,sintel,UniK3D-vitl,4,calib,62.27,83.92
standard_benchmark,sintel,UniK3D-vitl,5,calib,62.62,83.9
standard_benchmark,sintel,UniK3D-vitl,6,calib,62.35,83.94
standard_benchmark,sintel,UniK3D-vitl,7,calib,62.76,83.94
standard_benchmark,sintel,UniK3D-vitl,8,calib,62.67,83.91
standard_benchmark,sintel,UniK3D-vitl,9,calib,62.45,83.94
standard_benchmark,sintel,UniK3D-vitl,10,calib,62.41,83.92
standard_benchmark,sintel,UniK3D-vitl,11,calib,62.73,83.93
standard_benchmark,sintel,UniK3D-vitl,12,calib,62.49,83.93
standard_benchmark,sintel,UniK3D-vitl,13,calib,62.42,83.93
standard_benchmark,sintel,UniK3D-vitl,14,calib,62.45,83.91
standard_benchmark,sintel,UniK3D-vitl,15,calib,62.39,83.93
standard_benchmark,sintel,UniK3D-vitl,16,calib,62.81,83.93
standard_benchmark,sintel,UniK3D-vitl,17,calib,62.54,83.92
standard_benchmark,sintel,UniK3D-vitl,18,calib,62.6,83.91
standard_benchmark,sintel,UniK3D-vitl,19,calib,62.55,83.96
standard_benchmark,sintel,UniK3DCalib-vitl,0,calib,62.41,83.92
standard_benchmark,sintel,UniK3DCalib-vitl,1,calib,62.6,83.92
standard_benchmark,sintel,UniK3DCalib-vitl,2,calib,62.6,83.93
standard_benchmark,sintel,UniK3DCalib-vitl,3,calib,62.42,83.92
standard_benchmark,sintel,UniK3DCalib-vitl,4,calib,62.53,83.89
standard_benchmark,sintel,UniK3DCalib-vitl,5,calib,62.6,83.9
standard_benchmark,sintel,UniK3DCalib-vitl,6,calib,62.45,83.95
standard_benchmark,sintel,UniK3DCalib-vitl,7,calib,62.7,83.9
standard_benchmark,sintel,UniK3DCalib-vitl,8,calib,62.51,83.89
standard_benchmark,sintel,UniK3DCalib-vitl,9,calib,62.39,83.92
standard_benchmark,sintel,UniK3DCalib-vitl,10,calib,62.54,83.91
standard_benchmark,sintel,UniK3DCalib-vitl,11,calib,62.55,83.93
standard_benchmark,sintel,UniK3DCalib-vitl,12,calib,62.44,83.9
standard_benchmark,sintel,UniK3DCalib-vitl,13,calib,62.48,83.92
standard_benchmark,sintel,UniK3DCalib-vitl,14,calib,62.4,83.88
standard_benchmark,sintel,UniK3DCalib-vitl,15,calib,62.39,83.93
standard_benchmark,sintel,UniK3DCalib-vitl,16,calib,62.6,83.9
standard_benchmark,sintel,UniK3DCalib-vitl,17,calib,62.44,83.9
standard_benchmark,sintel,UniK3DCalib-vitl,18,calib,62.58,83.91
standard_benchmark,sintel,UniK3DCalib-vitl,19,calib,62.67,83.89
standard_benchmark,sintel,VGGT-VGGT-1B,0,calib,54.93,83.38
standard_benchmark,sintel,VGGT-VGGT-1B,1,calib,55.0,83.37
standard_benchmark,sintel,VGGT-VGGT-1B,2,calib,55.3,83.46
standard_benchmark,sintel,VGGT-VGGT-1B,3,calib,54.86,83.22
standard_benchmark,sintel,VGGT-VGGT-1B,4,calib,54.82,83.36
standard_benchmark,sintel,VGGT-VGGT-1B,5,calib,55.0,83.38
standard_benchmark,sintel,VGGT-VGGT-1B,6,calib,55.29,83.44
standard_benchmark,sintel,VGGT-VGGT-1B,7,calib,54.83,83.38
standard_benchmark,sintel,VGGT-VGGT-1B,8,calib,55.44,83.37
standard_benchmark,sintel,VGGT-VGGT-1B,9,calib,55.22,83.41
standard_benchmark,sintel,VGGT-VGGT-1B,10,calib,55.06,83.44
standard_benchmark,sintel,VGGT-VGGT-1B,11,calib,55.36,83.42
standard_benchmark,sintel,VGGT-VGGT-1B,12,calib,55.02,83.44
standard_benchmark,sintel,VGGT-VGGT-1B,13,calib,54.92,83.35
standard_benchmark,sintel,VGGT-VGGT-1B,14,calib,55.56,83.38
standard_benchmark,sintel,VGGT-VGGT-1B,15,calib,55.03,83.39
standard_benchmark,sintel,VGGT-VGGT-1B,16,calib,55.42,83.43
standard_benchmark,sintel,VGGT-VGGT-1B,17,calib,55.21,83.32
standard_benchmark,sintel,VGGT-VGGT-1B,18,calib,54.83,83.37
standard_benchmark,sintel,VGGT-VGGT-1B,19,calib,54.98,83.41
standard_benchmark,sintel,gt,0,calib,85.6,86.96
standard_benchmark,sintel,gt,1,calib,85.51,86.96
standard_benchmark,sintel,gt,2,calib,85.65,86.97
standard_benchmark,sintel,gt,3,calib,85.63,86.96
standard_benchmark,sintel,gt,4,calib,85.63,86.94
standard_benchmark,sintel,gt,5,calib,85.37,86.96
standard_benchmark,sintel,gt,6,calib,85.74,86.93
standard_benchmark,sintel,gt,7,calib,85.63,86.97
standard_benchmark,sintel,gt,8,calib,85.62,86.94
standard_benchmark,sintel,gt,9,calib,85.57,86.97
standard_benchmark,sintel,gt,10,calib,85.41,86.95
standard_benchmark,sintel,gt,11,calib,85.48,86.96
standard_benchmark,sintel,gt,12,calib,85.62,86.95
standard_benchmark,sintel,gt,13,calib,85.62,86.93
standard_benchmark,sintel,gt,14,calib,85.59,86.94
standard_benchmark,sintel,gt,15,calib,85.41,86.96
standard_benchmark,sintel,gt,16,calib,85.6,86.96
standard_benchmark,sintel,gt,17,calib,85.52,86.97
standard_benchmark,sintel,gt,18,calib,85.55,86.97
standard_benchmark,sintel,gt,19,calib,85.59,86.96
standard_benchmark,sintel,none,0,baseline_calib,74.7,84.18
standard_benchmark,sintel,none,1,baseline_calib,74.36,84.19
standard_benchmark,sintel,none,2,baseline_calib,74.8,84.18
standard_benchmark,sintel,none,3,baseline_calib,74.54,84.18
standard_benchmark,sintel,none,4,baseline_calib,74.65,84.18
standard_benchmark,sintel,none,5,baseline_calib,74.5,84.18
standard_benchmark,sintel,none,6,baseline_calib,74.82,84.18
standard_benchmark,sintel,none,7,baseline_calib,74.47,84.18
standard_benchmark,sintel,none,8,baseline_calib,74.32,84.18
standard_benchmark,sintel,none,9,baseline_calib,74.59,84.18
standard_benchmark,sintel,none,10,baseline_calib,74.6,84.18
standard_benchmark,sintel,none,11,baseline_calib,74.67,84.18
standard_benchmark,sintel,none,12,baseline_calib,74.66,84.17
standard_benchmark,sintel,none,13,baseline_calib,74.59,84.18
standard_benchmark,sintel,none,14,baseline_calib,74.51,84.18
standard_benchmark,sintel,none,15,baseline_calib,74.27,84.18
standard_benchmark,sintel,none,16,baseline_calib,74.61,84.17
standard_benchmark,sintel,none,17,baseline_calib,74.68,84.16
standard_benchmark,sintel,none,18,baseline_calib,74.73,84.18
standard_benchmark,sintel,none,19,baseline_calib,74.6,84.19
standard_benchmark,eth3d,DepthAnythingV2-vitb,0,calib,67.58,65.79
standard_benchmark,eth3d,DepthAnythingV2-vitb,1,calib,67.73,65.71
standard_benchmark,eth3d,DepthAnythingV2-vitb,2,calib,67.42,65.69
standard_benchmark,eth3d,DepthAnythingV2-vitb,3,calib,67.32,65.75
standard_benchmark,eth3d,DepthAnythingV2-vitb,4,calib,67.78,65.87
standard_benchmark,eth3d,DepthAnythingV2-vitb,5,calib,67.65,65.78
standard_benchmark,eth3d,DepthAnythingV2-vitb,6,calib,67.94,65.9
standard_benchmark,eth3d,DepthAnythingV2-vitb,7,calib,67.57,65.59
standard_benchmark,eth3d,DepthAnythingV2-vitb,8,calib,67.89,65.82
standard_benchmark,eth3d,DepthAnythingV2-vitb,9,calib,67.44,65.6
standard_benchmark,eth3d,DepthAnythingV2-vitb,10,calib,67.39,65.7
standard_benchmark,eth3d,DepthAnythingV2-vitb,11,calib,67.57,65.73
standard_benchmark,eth3d,DepthAnythingV2-vitb,12,calib,67.63,65.78
standard_benchmark,eth3d,DepthAnythingV2-vitb,13,calib,67.48,65.74
standard_benchmark,eth3d,DepthAnythingV2-vitb,14,calib,67.59,65.65
standard_benchmark,eth3d,DepthAnythingV2-vitb,15,calib,67.78,65.82
standard_benchmark,eth3d,DepthAnythingV2-vitb,16,calib,67.65,65.83
standard_benchmark,eth3d,DepthAnythingV2-vitb,17,calib,67.44,65.64
standard_benchmark,eth3d,DepthAnythingV2-vitb,18,calib,67.57,65.77
standard_benchmark,eth3d,DepthAnythingV2-vitb,19,calib,67.67,65.8
standard_benchmark,eth3d,DepthAnythingV2-vitl,0,calib,34.44,29.87
standard_benchmark,eth3d,DepthAnythingV2-vitl,1,calib,34.73,30.16
standard_benchmark,eth3d,DepthAnythingV2-vitl,2,calib,34.69,30.13
standard_benchmark,eth3d,DepthAnythingV2-vitl,3,calib,34.43,30.05
standard_benchmark,eth3d,DepthAnythingV2-vitl,4,calib,35.03,30.15
standard_benchmark,eth3d,DepthAnythingV2-vitl,5,calib,34.27,30.11
standard_benchmark,eth3d,DepthAnythingV2-vitl,6,calib,35.1,30.1
standard_benchmark,eth3d,DepthAnythingV2-vitl,7,calib,34.62,30.08
standard_benchmark,eth3d,DepthAnythingV2-vitl,8,calib,34.37,29.92
standard_benchmark,eth3d,DepthAnythingV2-vitl,9,calib,34.56,29.96
standard_benchmark,eth3d,DepthAnythingV2-vitl,10,calib,34.65,29.9
standard_benchmark,eth3d,DepthAnythingV2-vitl,11,calib,34.71,30.03
standard_benchmark,eth3d,DepthAnythingV2-vitl,12,calib,34.86,30.16
standard_benchmark,eth3d,DepthAnythingV2-vitl,13,calib,34.54,29.89
standard_benchmark,eth3d,DepthAnythingV2-vitl,14,calib,34.47,29.9
standard_benchmark,eth3d,DepthAnythingV2-vitl,15,calib,34.31,29.93
standard_benchmark,eth3d,DepthAnythingV2-vitl,16,calib,34.7,30.12
standard_benchmark,eth3d,DepthAnythingV2-vitl,17,calib,34.65,30.02
standard_benchmark,eth3d,DepthAnythingV2-vitl,18,calib,34.72,30.04
standard_benchmark,eth3d,DepthAnythingV2-vitl,19,calib,34.65,30.09
standard_benchmark,eth3d,DepthAnythingV2-vits,0,calib,68.67,66.3
standard_benchmark,eth3d,DepthAnythingV2-vits,1,calib,68.45,66.29
standard_benchmark,eth3d,DepthAnythingV2-vits,2,calib,68.33,66.07
standard_benchmark,eth3d,DepthAnythingV2-vits,3,calib,68.48,66.27
standard_benchmark,eth3d,DepthAnythingV2-vits,4,calib,68.37,66.14
standard_benchmark,eth3d,DepthAnythingV2-vits,5,calib,68.46,66.12
standard_benchmark,eth3d,DepthAnythingV2-vits,6,calib,68.61,66.2
standard_benchmark,eth3d,DepthAnythingV2-vits,7,calib,68.54,66.14
standard_benchmark,eth3d,DepthAnythingV2-vits,8,calib,68.66,66.25
standard_benchmark,eth3d,DepthAnythingV2-vits,9,calib,68.53,66.27
standard_benchmark,eth3d,DepthAnythingV2-vits,10,calib,68.34,66.12
standard_benchmark,eth3d,DepthAnythingV2-vits,11,calib,68.76,66.36
standard_benchmark,eth3d,DepthAnythingV2-vits,12,calib,68.53,66.34
standard_benchmark,eth3d,DepthAnythingV2-vits,13,calib,68.36,66.22
standard_benchmark,eth3d,DepthAnythingV2-vits,14,calib,68.44,66.27
standard_benchmark,eth3d,DepthAnythingV2-vits,15,calib,68.55,66.21
standard_benchmark,eth3d,DepthAnythingV2-vits,16,calib,68.75,66.34
standard_benchmark,eth3d,DepthAnythingV2-vits,17,calib,69.05,66.35
standard_benchmark,eth3d,DepthAnythingV2-vits,18,calib,68.59,66.16
standard_benchmark,eth3d,DepthAnythingV2-vits,19,calib,68.72,66.32
standard_benchmark,eth3d,DepthAnythingV3-DA3METRIC-LARGE,0,calib,84.67,68.87
standard_benchmark,eth3d,DepthAnythingV3-DA3METRIC-LARGE,1,calib,84.6,68.83
standard_benchmark,eth3d,DepthAnythingV3-DA3METRIC-LARGE,2,calib,84.38,68.87
standard_benchmark,eth3d,DepthAnythingV3-DA3METRIC-LARGE,3,calib,84.54,68.89
standard_benchmark,eth3d,DepthAnythingV3-DA3METRIC-LARGE,4,calib,84.55,68.84
standard_benchmark,eth3d,DepthAnythingV3-DA3METRIC-LARGE,5,calib,84.52,68.84
standard_benchmark,eth3d,DepthAnythingV3-DA3METRIC-LARGE,6,calib,84.43,68.89
standard_benchmark,eth3d,DepthAnythingV3-DA3METRIC-LARGE,7,calib,84.45,68.83
standard_benchmark,eth3d,DepthAnythingV3-DA3METRIC-LARGE,8,calib,84.49,68.86
standard_benchmark,eth3d,DepthAnythingV3-DA3METRIC-LARGE,9,calib,84.43,68.85
standard_benchmark,eth3d,DepthAnythingV3-DA3METRIC-LARGE,10,calib,84.3,68.83
standard_benchmark,eth3d,DepthAnythingV3-DA3METRIC-LARGE,11,calib,84.38,68.81
standard_benchmark,eth3d,DepthAnythingV3-DA3METRIC-LARGE,12,calib,84.4,68.85
standard_benchmark,eth3d,DepthAnythingV3-DA3METRIC-LARGE,13,calib,84.55,68.85
standard_benchmark,eth3d,DepthAnythingV3-DA3METRIC-LARGE,14,calib,84.46,68.85
standard_benchmark,eth3d,DepthAnythingV3-DA3METRIC-LARGE,15,calib,84.49,68.83
standard_benchmark,eth3d,DepthAnythingV3-DA3METRIC-LARGE,16,calib,84.39,68.82
standard_benchmark,eth3d,DepthAnythingV3-DA3METRIC-LARGE,17,calib,84.59,68.86
standard_benchmark,eth3d,DepthAnythingV3-DA3METRIC-LARGE,18,calib,84.5,68.82
standard_benchmark,eth3d,DepthAnythingV3-DA3METRIC-LARGE,19,calib,84.49,68.87
standard_benchmark,eth3d,DepthAnythingV3-DA3MONO-LARGE,0,calib,79.11,68.01
standard_benchmark,eth3d,DepthAnythingV3-DA3MONO-LARGE,1,calib,79.09,68.02
standard_benchmark,eth3d,DepthAnythingV3-DA3MONO-LARGE,2,calib,79.15,67.99
standard_benchmark,eth3d,DepthAnythingV3-DA3MONO-LARGE,3,calib,78.99,67.97
standard_benchmark,eth3d,DepthAnythingV3-DA3MONO-LARGE,4,calib,79.17,67.97
standard_benchmark,eth3d,DepthAnythingV3-DA3MONO-LARGE,5,calib,79.08,67.96
standard_benchmark,eth3d,DepthAnythingV3-DA3MONO-LARGE,6,calib,78.97,67.98
standard_benchmark,eth3d,DepthAnythingV3-DA3MONO-LARGE,7,calib,79.13,67.94
standard_benchmark,eth3d,DepthAnythingV3-DA3MONO-LARGE,8,calib,79.08,68.04
standard_benchmark,eth3d,DepthAnythingV3-DA3MONO-LARGE,9,calib,79.06,68.01
standard_benchmark,eth3d,DepthAnythingV3-DA3MONO-LARGE,10,calib,78.75,67.96
standard_benchmark,eth3d,DepthAnythingV3-DA3MONO-LARGE,11,calib,79.02,67.97
standard_benchmark,eth3d,DepthAnythingV3-DA3MONO-LARGE,12,calib,78.88,67.95
standard_benchmark,eth3d,DepthAnythingV3-DA3MONO-LARGE,13,calib,78.95,67.92
standard_benchmark,eth3d,DepthAnythingV3-DA3MONO-LARGE,14,calib,79.17,68.03
standard_benchmark,eth3d,DepthAnythingV3-DA3MONO-LARGE,15,calib,79.15,68.07
standard_benchmark,eth3d,DepthAnythingV3-DA3MONO-LARGE,16,calib,79.14,67.95
standard_benchmark,eth3d,DepthAnythingV3-DA3MONO-LARGE,17,calib,78.87,67.89
standard_benchmark,eth3d,DepthAnythingV3-DA3MONO-LARGE,18,calib,79.02,67.94
standard_benchmark,eth3d,DepthAnythingV3-DA3MONO-LARGE,19,calib,79.08,67.95
standard_benchmark,eth3d,DepthAnythingV3Calib-DA3METRIC-LARGE,0,calib,84.65,68.86
standard_benchmark,eth3d,DepthAnythingV3Calib-DA3METRIC-LARGE,1,calib,84.58,68.83
standard_benchmark,eth3d,DepthAnythingV3Calib-DA3METRIC-LARGE,2,calib,84.39,68.87
standard_benchmark,eth3d,DepthAnythingV3Calib-DA3METRIC-LARGE,3,calib,84.54,68.88
standard_benchmark,eth3d,DepthAnythingV3Calib-DA3METRIC-LARGE,4,calib,84.57,68.84
standard_benchmark,eth3d,DepthAnythingV3Calib-DA3METRIC-LARGE,5,calib,84.54,68.84
standard_benchmark,eth3d,DepthAnythingV3Calib-DA3METRIC-LARGE,6,calib,84.4,68.89
standard_benchmark,eth3d,DepthAnythingV3Calib-DA3METRIC-LARGE,7,calib,84.46,68.84
standard_benchmark,eth3d,DepthAnythingV3Calib-DA3METRIC-LARGE,8,calib,84.51,68.86
standard_benchmark,eth3d,DepthAnythingV3Calib-DA3METRIC-LARGE,9,calib,84.42,68.86
standard_benchmark,eth3d,DepthAnythingV3Calib-DA3METRIC-LARGE,10,calib,84.3,68.83
standard_benchmark,eth3d,DepthAnythingV3Calib-DA3METRIC-LARGE,11,calib,84.39,68.82
standard_benchmark,eth3d,DepthAnythingV3Calib-DA3METRIC-LARGE,12,calib,84.38,68.85
standard_benchmark,eth3d,DepthAnythingV3Calib-DA3METRIC-LARGE,13,calib,84.53,68.85
standard_benchmark,eth3d,DepthAnythingV3Calib-DA3METRIC-LARGE,14,calib,84.49,68.86
standard_benchmark,eth3d,DepthAnythingV3Calib-DA3METRIC-LARGE,15,calib,84.49,68.83
standard_benchmark,eth3d,DepthAnythingV3Calib-DA3METRIC-LARGE,16,calib,84.39,68.83
standard_benchmark,eth3d,DepthAnythingV3Calib-DA3METRIC-LARGE,17,calib,84.57,68.85
standard_benchmark,eth3d,DepthAnythingV3Calib-DA3METRIC-LARGE,18,calib,84.5,68.82
standard_benchmark,eth3d,DepthAnythingV3Calib-DA3METRIC-LARGE,19,calib,84.49,68.87
standard_benchmark,eth3d,DepthAnythingV3Calib-DA3MONO-LARGE,0,calib,79.12,68.01
standard_benchmark,eth3d,DepthAnythingV3Calib-DA3MONO-LARGE,1,calib,79.09,68.02
standard_benchmark,eth3d,DepthAnythingV3Calib-DA3MONO-LARGE,2,calib,79.16,67.99
standard_benchmark,eth3d,DepthAnythingV3Calib-DA3MONO-LARGE,3,calib,79.0,67.97
standard_benchmark,eth3d,DepthAnythingV3Calib-DA3MONO-LARGE,4,calib,79.18,67.98
standard_benchmark,eth3d,DepthAnythingV3Calib-DA3MONO-LARGE,5,calib,79.08,67.96
standard_benchmark,eth3d,DepthAnythingV3Calib-DA3MONO-LARGE,6,calib,78.98,67.98
standard_benchmark,eth3d,DepthAnythingV3Calib-DA3MONO-LARGE,7,calib,79.12,67.94
standard_benchmark,eth3d,DepthAnythingV3Calib-DA3MONO-LARGE,8,calib,79.07,68.04
standard_benchmark,eth3d,DepthAnythingV3Calib-DA3MONO-LARGE,9,calib,79.06,68.01
standard_benchmark,eth3d,DepthAnythingV3Calib-DA3MONO-LARGE,10,calib,78.76,67.96
standard_benchmark,eth3d,DepthAnythingV3Calib-DA3MONO-LARGE,11,calib,79.05,67.97
standard_benchmark,eth3d,DepthAnythingV3Calib-DA3MONO-LARGE,12,calib,78.87,67.95
standard_benchmark,eth3d,DepthAnythingV3Calib-DA3MONO-LARGE,13,calib,78.94,67.92
standard_benchmark,eth3d,DepthAnythingV3Calib-DA3MONO-LARGE,14,calib,79.18,68.03
standard_benchmark,eth3d,DepthAnythingV3Calib-DA3MONO-LARGE,15,calib,79.15,68.07
standard_benchmark,eth3d,DepthAnythingV3Calib-DA3MONO-LARGE,16,calib,79.13,67.95
standard_benchmark,eth3d,DepthAnythingV3Calib-DA3MONO-LARGE,17,calib,78.86,67.9
standard_benchmark,eth3d,DepthAnythingV3Calib-DA3MONO-LARGE,18,calib,79.03,67.94
standard_benchmark,eth3d,DepthAnythingV3Calib-DA3MONO-LARGE,19,calib,79.07,67.95
standard_benchmark,eth3d,DepthPro-vitl,0,calib,83.66,68.78
standard_benchmark,eth3d,DepthPro-vitl,1,calib,83.52,68.78
standard_benchmark,eth3d,DepthPro-vitl,2,calib,83.42,68.76
standard_benchmark,eth3d,DepthPro-vitl,3,calib,83.42,68.8
standard_benchmark,eth3d,DepthPro-vitl,4,calib,83.46,68.74
standard_benchmark,eth3d,DepthPro-vitl,5,calib,83.56,68.79
standard_benchmark,eth3d,DepthPro-vitl,6,calib,83.52,68.81
standard_benchmark,eth3d,DepthPro-vitl,7,calib,83.35,68.76
standard_benchmark,eth3d,DepthPro-vitl,8,calib,83.41,68.79
standard_benchmark,eth3d,DepthPro-vitl,9,calib,83.58,68.72
standard_benchmark,eth3d,DepthPro-vitl,10,calib,83.53,68.75
standard_benchmark,eth3d,DepthPro-vitl,11,calib,83.62,68.78
standard_benchmark,eth3d,DepthPro-vitl,12,calib,83.58,68.8
standard_benchmark,eth3d,DepthPro-vitl,13,calib,83.57,68.79
standard_benchmark,eth3d,DepthPro-vitl,14,calib,83.45,68.76
standard_benchmark,eth3d,DepthPro-vitl,15,calib,83.46,68.78
standard_benchmark,eth3d,DepthPro-vitl,16,calib,83.54,68.77
standard_benchmark,eth3d,DepthPro-vitl,17,calib,83.59,68.79
standard_benchmark,eth3d,DepthPro-vitl,18,calib,83.36,68.76
standard_benchmark,eth3d,DepthPro-vitl,19,calib,83.5,68.79
standard_benchmark,eth3d,DepthProCalib-vitl,0,calib,83.7,68.78
standard_benchmark,eth3d,DepthProCalib-vitl,1,calib,83.48,68.8
standard_benchmark,eth3d,DepthProCalib-vitl,2,calib,83.32,68.75
standard_benchmark,eth3d,DepthProCalib-vitl,3,calib,83.47,68.82
standard_benchmark,eth3d,DepthProCalib-vitl,4,calib,83.43,68.78
standard_benchmark,eth3d,DepthProCalib-vitl,5,calib,83.51,68.79
standard_benchmark,eth3d,DepthProCalib-vitl,6,calib,83.41,68.8
standard_benchmark,eth3d,DepthProCalib-vitl,7,calib,83.32,68.75
standard_benchmark,eth3d,DepthProCalib-vitl,8,calib,83.36,68.77
standard_benchmark,eth3d,DepthProCalib-vitl,9,calib,83.5,68.73
standard_benchmark,eth3d,DepthProCalib-vitl,10,calib,83.49,68.75
standard_benchmark,eth3d,DepthProCalib-vitl,11,calib,83.55,68.8
standard_benchmark,eth3d,DepthProCalib-vitl,12,calib,83.48,68.79
standard_benchmark,eth3d,DepthProCalib-vitl,13,calib,83.49,68.78
standard_benchmark,eth3d,DepthProCalib-vitl,14,calib,83.41,68.78
standard_benchmark,eth3d,DepthProCalib-vitl,15,calib,83.45,68.77
standard_benchmark,eth3d,DepthProCalib-vitl,16,calib,83.55,68.77
standard_benchmark,eth3d,DepthProCalib-vitl,17,calib,83.51,68.79
standard_benchmark,eth3d,DepthProCalib-vitl,18,calib,83.36,68.76
standard_benchmark,eth3d,DepthProCalib-vitl,19,calib,83.44,68.8
standard_benchmark,eth3d,MapAnything-map-anything,0,calib,84.22,69.81
standard_benchmark,eth3d,MapAnything-map-anything,1,calib,84.46,69.94
standard_benchmark,eth3d,MapAnything-map-anything,2,calib,84.46,69.94
standard_benchmark,eth3d,MapAnything-map-anything,3,calib,84.56,69.9
standard_benchmark,eth3d,MapAnything-map-anything,4,calib,84.53,69.9
standard_benchmark,eth3d,MapAnything-map-anything,5,calib,84.47,69.87
standard_benchmark,eth3d,MapAnything-map-anything,6,calib,84.51,69.87
standard_benchmark,eth3d,MapAnything-map-anything,7,calib,84.42,69.91
standard_benchmark,eth3d,MapAnything-map-anything,8,calib,84.57,69.91
standard_benchmark,eth3d,MapAnything-map-anything,9,calib,84.49,69.93
standard_benchmark,eth3d,MapAnything-map-anything,10,calib,84.54,69.89
standard_benchmark,eth3d,MapAnything-map-anything,11,calib,84.43,69.93
standard_benchmark,eth3d,MapAnything-map-anything,12,calib,84.35,69.87
standard_benchmark,eth3d,MapAnything-map-anything,13,calib,84.38,69.89
standard_benchmark,eth3d,MapAnything-map-anything,14,calib,84.43,69.91
standard_benchmark,eth3d,MapAnything-map-anything,15,calib,84.57,69.92
standard_benchmark,eth3d,MapAnything-map-anything,16,calib,84.5,69.89
standard_benchmark,eth3d,MapAnything-map-anything,17,calib,84.44,69.92
standard_benchmark,eth3d,MapAnything-map-anything,18,calib,84.64,69.91
standard_benchmark,eth3d,MapAnything-map-anything,19,calib,84.34,69.84
standard_benchmark,eth3d,MapAnythingCalib-map-anything,0,calib,84.7,69.94
standard_benchmark,eth3d,MapAnythingCalib-map-anything,1,calib,84.61,69.98
standard_benchmark,eth3d,MapAnythingCalib-map-anything,2,calib,84.69,69.97
standard_benchmark,eth3d,MapAnythingCalib-map-anything,3,calib,84.76,69.99
standard_benchmark,eth3d,MapAnythingCalib-map-anything,4,calib,84.75,69.98
standard_benchmark,eth3d,MapAnythingCalib-map-anything,5,calib,84.67,69.97
standard_benchmark,eth3d,MapAnythingCalib-map-anything,6,calib,84.76,69.94
standard_benchmark,eth3d,MapAnythingCalib-map-anything,7,calib,84.69,69.97
standard_benchmark,eth3d,MapAnythingCalib-map-anything,8,calib,84.69,69.94
standard_benchmark,eth3d,MapAnythingCalib-map-anything,9,calib,84.65,69.98
standard_benchmark,eth3d,MapAnythingCalib-map-anything,10,calib,84.77,69.95
standard_benchmark,eth3d,MapAnythingCalib-map-anything,11,calib,84.7,70.0
standard_benchmark,eth3d,MapAnythingCalib-map-anything,12,calib,84.62,69.92
standard_benchmark,eth3d,MapAnythingCalib-map-anything,13,calib,84.57,69.99
standard_benchmark,eth3d,MapAnythingCalib-map-anything,14,calib,84.78,69.97
standard_benchmark,eth3d,MapAnythingCalib-map-anything,15,calib,84.82,69.96
standard_benchmark,eth3d,MapAnythingCalib-map-anything,16,calib,84.53,69.92
standard_benchmark,eth3d,MapAnythingCalib-map-anything,17,calib,84.72,69.95
standard_benchmark,eth3d,MapAnythingCalib-map-anything,18,calib,84.79,69.99
standard_benchmark,eth3d,MapAnythingCalib-map-anything,19,calib,84.74,69.97
standard_benchmark,eth3d,Metric3DV2-vit_giant2,0,calib,84.98,68.86
standard_benchmark,eth3d,Metric3DV2-vit_giant2,1,calib,84.86,68.79
standard_benchmark,eth3d,Metric3DV2-vit_giant2,2,calib,84.89,68.86
standard_benchmark,eth3d,Metric3DV2-vit_giant2,3,calib,84.78,68.87
standard_benchmark,eth3d,Metric3DV2-vit_giant2,4,calib,84.98,68.84
standard_benchmark,eth3d,Metric3DV2-vit_giant2,5,calib,84.84,68.85
standard_benchmark,eth3d,Metric3DV2-vit_giant2,6,calib,84.66,68.84
standard_benchmark,eth3d,Metric3DV2-vit_giant2,7,calib,84.8,68.81
standard_benchmark,eth3d,Metric3DV2-vit_giant2,8,calib,84.68,68.84
standard_benchmark,eth3d,Metric3DV2-vit_giant2,9,calib,84.95,68.88
standard_benchmark,eth3d,Metric3DV2-vit_giant2,10,calib,84.77,68.84
standard_benchmark,eth3d,Metric3DV2-vit_giant2,11,calib,84.77,68.87
standard_benchmark,eth3d,Metric3DV2-vit_giant2,12,calib,84.65,68.84
standard_benchmark,eth3d,Metric3DV2-vit_giant2,13,calib,84.62,68.84
standard_benchmark,eth3d,Metric3DV2-vit_giant2,14,calib,84.81,68.87
standard_benchmark,eth3d,Metric3DV2-vit_giant2,15,calib,84.73,68.87
standard_benchmark,eth3d,Metric3DV2-vit_giant2,16,calib,84.77,68.87
standard_benchmark,eth3d,Metric3DV2-vit_giant2,17,calib,84.58,68.81
standard_benchmark,eth3d,Metric3DV2-vit_giant2,18,calib,84.68,68.86
standard_benchmark,eth3d,Metric3DV2-vit_giant2,19,calib,84.64,68.86
standard_benchmark,eth3d,Metric3DV2-vit_large,0,calib,84.25,68.81
standard_benchmark,eth3d,Metric3DV2-vit_large,1,calib,84.44,68.8
standard_benchmark,eth3d,Metric3DV2-vit_large,2,calib,84.14,68.75
standard_benchmark,eth3d,Metric3DV2-vit_large,3,calib,84.52,68.83
standard_benchmark,eth3d,Metric3DV2-vit_large,4,calib,84.25,68.77
standard_benchmark,eth3d,Metric3DV2-vit_large,5,calib,84.26,68.74
standard_benchmark,eth3d,Metric3DV2-vit_large,6,calib,84.24,68.77
standard_benchmark,eth3d,Metric3DV2-vit_large,7,calib,84.33,68.82
standard_benchmark,eth3d,Metric3DV2-vit_large,8,calib,84.44,68.78
standard_benchmark,eth3d,Metric3DV2-vit_large,9,calib,84.22,68.81
standard_benchmark,eth3d,Metric3DV2-vit_large,10,calib,84.13,68.82
standard_benchmark,eth3d,Metric3DV2-vit_large,11,calib,84.33,68.82
standard_benchmark,eth3d,Metric3DV2-vit_large,12,calib,84.41,68.77
standard_benchmark,eth3d,Metric3DV2-vit_large,13,calib,84.12,68.78
standard_benchmark,eth3d,Metric3DV2-vit_large,14,calib,84.34,68.81
standard_benchmark,eth3d,Metric3DV2-vit_large,15,calib,84.23,68.79
standard_benchmark,eth3d,Metric3DV2-vit_large,16,calib,84.3,68.76
standard_benchmark,eth3d,Metric3DV2-vit_large,17,calib,84.22,68.77
standard_benchmark,eth3d,Metric3DV2-vit_large,18,calib,84.2,68.77
standard_benchmark,eth3d,Metric3DV2-vit_large,19,calib,84.3,68.81
standard_benchmark,eth3d,Metric3DV2-vit_small,0,calib,83.51,68.71
standard_benchmark,eth3d,Metric3DV2-vit_small,1,calib,83.7,68.71
standard_benchmark,eth3d,Metric3DV2-vit_small,2,calib,83.43,68.72
standard_benchmark,eth3d,Metric3DV2-vit_small,3,calib,83.39,68.68
standard_benchmark,eth3d,Metric3DV2-vit_small,4,calib,83.43,68.71
standard_benchmark,eth3d,Metric3DV2-vit_small,5,calib,83.53,68.73
standard_benchmark,eth3d,Metric3DV2-vit_small,6,calib,83.34,68.73
standard_benchmark,eth3d,Metric3DV2-vit_small,7,calib,83.3,68.72
standard_benchmark,eth3d,Metric3DV2-vit_small,8,calib,83.38,68.73
standard_benchmark,eth3d,Metric3DV2-vit_small,9,calib,83.35,68.69
standard_benchmark,eth3d,Metric3DV2-vit_small,10,calib,83.3,68.67
standard_benchmark,eth3d,Metric3DV2-vit_small,11,calib,83.3,68.66
standard_benchmark,eth3d,Metric3DV2-vit_small,12,calib,83.57,68.69
standard_benchmark,eth3d,Metric3DV2-vit_small,13,calib,83.41,68.68
standard_benchmark,eth3d,Metric3DV2-vit_small,14,calib,83.36,68.7
standard_benchmark,eth3d,Metric3DV2-vit_small,15,calib,83.41,68.67
standard_benchmark,eth3d,Metric3DV2-vit_small,16,calib,83.3,68.69
standard_benchmark,eth3d,Metric3DV2-vit_small,17,calib,83.32,68.66
standard_benchmark,eth3d,Metric3DV2-vit_small,18,calib,83.53,68.69
standard_benchmark,eth3d,Metric3DV2-vit_small,19,calib,83.41,68.67
standard_benchmark,eth3d,Metric3DV2Calib-vit_giant2,0,calib,85.0,68.87
standard_benchmark,eth3d,Metric3DV2Calib-vit_giant2,1,calib,84.86,68.81
standard_benchmark,eth3d,Metric3DV2Calib-vit_giant2,2,calib,84.91,68.85
standard_benchmark,eth3d,Metric3DV2Calib-vit_giant2,3,calib,84.74,68.88
standard_benchmark,eth3d,Metric3DV2Calib-vit_giant2,4,calib,84.97,68.82
standard_benchmark,eth3d,Metric3DV2Calib-vit_giant2,5,calib,84.82,68.85
standard_benchmark,eth3d,Metric3DV2Calib-vit_giant2,6,calib,84.58,68.84
standard_benchmark,eth3d,Metric3DV2Calib-vit_giant2,7,calib,84.89,68.79
standard_benchmark,eth3d,Metric3DV2Calib-vit_giant2,8,calib,84.7,68.83
standard_benchmark,eth3d,Metric3DV2Calib-vit_giant2,9,calib,84.85,68.89
standard_benchmark,eth3d,Metric3DV2Calib-vit_giant2,10,calib,84.76,68.81
standard_benchmark,eth3d,Metric3DV2Calib-vit_giant2,11,calib,84.77,68.86
standard_benchmark,eth3d,Metric3DV2Calib-vit_giant2,12,calib,84.61,68.81
standard_benchmark,eth3d,Metric3DV2Calib-vit_giant2,13,calib,84.61,68.84
standard_benchmark,eth3d,Metric3DV2Calib-vit_giant2,14,calib,84.85,68.85
standard_benchmark,eth3d,Metric3DV2Calib-vit_giant2,15,calib,84.75,68.86
standard_benchmark,eth3d,Metric3DV2Calib-vit_giant2,16,calib,84.81,68.86
standard_benchmark,eth3d,Metric3DV2Calib-vit_giant2,17,calib,84.61,68.77
standard_benchmark,eth3d,Metric3DV2Calib-vit_giant2,18,calib,84.73,68.86
standard_benchmark,eth3d,Metric3DV2Calib-vit_giant2,19,calib,84.69,68.86
standard_benchmark,eth3d,Metric3DV2Calib-vit_large,0,calib,84.3,68.82
standard_benchmark,eth3d,Metric3DV2Calib-vit_large,1,calib,84.32,68.8
standard_benchmark,eth3d,Metric3DV2Calib-vit_large,2,calib,84.26,68.8
standard_benchmark,eth3d,Metric3DV2Calib-vit_large,3,calib,84.36,68.84
standard_benchmark,eth3d,Metric3DV2Calib-vit_large,4,calib,84.3,68.77
standard_benchmark,eth3d,Metric3DV2Calib-vit_large,5,calib,84.12,68.76
standard_benchmark,eth3d,Metric3DV2Calib-vit_large,6,calib,84.33,68.77
standard_benchmark,eth3d,Metric3DV2Calib-vit_large,7,calib,84.24,68.8
standard_benchmark,eth3d,Metric3DV2Calib-vit_large,8,calib,84.39,68.78
standard_benchmark,eth3d,Metric3DV2Calib-vit_large,9,calib,84.26,68.8
standard_benchmark,eth3d,Metric3DV2Calib-vit_large,10,calib,84.14,68.79
standard_benchmark,eth3d,Metric3DV2Calib-vit_large,11,calib,84.25,68.83
standard_benchmark,eth3d,Metric3DV2Calib-vit_large,12,calib,84.41,68.76
standard_benchmark,eth3d,Metric3DV2Calib-vit_large,13,calib,84.18,68.78
standard_benchmark,eth3d,Metric3DV2Calib-vit_large,14,calib,84.14,68.81
standard_benchmark,eth3d,Metric3DV2Calib-vit_large,15,calib,84.29,68.78
standard_benchmark,eth3d,Metric3DV2Calib-vit_large,16,calib,84.45,68.77
standard_benchmark,eth3d,Metric3DV2Calib-vit_large,17,calib,84.15,68.76
standard_benchmark,eth3d,Metric3DV2Calib-vit_large,18,calib,84.14,68.76
standard_benchmark,eth3d,Metric3DV2Calib-vit_large,19,calib,84.18,68.77
standard_benchmark,eth3d,Metric3DV2Calib-vit_small,0,calib,83.57,68.75
standard_benchmark,eth3d,Metric3DV2Calib-vit_small,1,calib,83.56,68.7
standard_benchmark,eth3d,Metric3DV2Calib-vit_small,2,calib,83.46,68.73
standard_benchmark,eth3d,Metric3DV2Calib-vit_small,3,calib,83.48,68.71
standard_benchmark,eth3d,Metric3DV2Calib-vit_small,4,calib,83.36,68.69
standard_benchmark,eth3d,Metric3DV2Calib-vit_small,5,calib,83.51,68.73
standard_benchmark,eth3d,Metric3DV2Calib-vit_small,6,calib,83.4,68.76
standard_benchmark,eth3d,Metric3DV2Calib-vit_small,7,calib,83.32,68.72
standard_benchmark,eth3d,Metric3DV2Calib-vit_small,8,calib,83.45,68.74
standard_benchmark,eth3d,Metric3DV2Calib-vit_small,9,calib,83.3,68.7
standard_benchmark,eth3d,Metric3DV2Calib-vit_small,10,calib,83.21,68.67
standard_benchmark,eth3d,Metric3DV2Calib-vit_small,11,calib,83.37,68.63
standard_benchmark,eth3d,Metric3DV2Calib-vit_small,12,calib,83.46,68.68
standard_benchmark,eth3d,Metric3DV2Calib-vit_small,13,calib,83.48,68.72
standard_benchmark,eth3d,Metric3DV2Calib-vit_small,14,calib,83.26,68.69
standard_benchmark,eth3d,Metric3DV2Calib-vit_small,15,calib,83.44,68.66
standard_benchmark,eth3d,Metric3DV2Calib-vit_small,16,calib,83.28,68.72
standard_benchmark,eth3d,Metric3DV2Calib-vit_small,17,calib,83.22,68.67
standard_benchmark,eth3d,Metric3DV2Calib-vit_small,18,calib,83.51,68.71
standard_benchmark,eth3d,Metric3DV2Calib-vit_small,19,calib,83.37,68.67
standard_benchmark,eth3d,MoGeV1-moge-vitl,0,calib,86.35,69.03
standard_benchmark,eth3d,MoGeV1-moge-vitl,1,calib,86.36,69.04
standard_benchmark,eth3d,MoGeV1-moge-vitl,2,calib,86.09,69.04
standard_benchmark,eth3d,MoGeV1-moge-vitl,3,calib,86.19,69.01
standard_benchmark,eth3d,MoGeV1-moge-vitl,4,calib,86.19,69.03
standard_benchmark,eth3d,MoGeV1-moge-vitl,5,calib,86.07,69.01
standard_benchmark,eth3d,MoGeV1-moge-vitl,6,calib,86.25,69.03
standard_benchmark,eth3d,MoGeV1-moge-vitl,7,calib,86.38,69.02
standard_benchmark,eth3d,MoGeV1-moge-vitl,8,calib,86.1,69.01
standard_benchmark,eth3d,MoGeV1-moge-vitl,9,calib,86.19,69.03
standard_benchmark,eth3d,MoGeV1-moge-vitl,10,calib,86.35,69.04
standard_benchmark,eth3d,MoGeV1-moge-vitl,11,calib,86.1,69.04
standard_benchmark,eth3d,MoGeV1-moge-vitl,12,calib,86.41,69.02
standard_benchmark,eth3d,MoGeV1-moge-vitl,13,calib,86.31,69.07
standard_benchmark,eth3d,MoGeV1-moge-vitl,14,calib,86.32,69.05
standard_benchmark,eth3d,MoGeV1-moge-vitl,15,calib,86.27,69.04
standard_benchmark,eth3d,MoGeV1-moge-vitl,16,calib,86.15,69.06
standard_benchmark,eth3d,MoGeV1-moge-vitl,17,calib,86.26,69.01
standard_benchmark,eth3d,MoGeV1-moge-vitl,18,calib,86.15,69.02
standard_benchmark,eth3d,MoGeV1-moge-vitl,19,calib,86.09,69.02
standard_benchmark,eth3d,MoGeV1Calib-moge-vitl,0,calib,85.99,69.0
standard_benchmark,eth3d,MoGeV1Calib-moge-vitl,1,calib,85.92,68.99
standard_benchmark,eth3d,MoGeV1Calib-moge-vitl,2,calib,85.92,69.01
standard_benchmark,eth3d,MoGeV1Calib-moge-vitl,3,calib,85.79,68.97
standard_benchmark,eth3d,MoGeV1Calib-moge-vitl,4,calib,85.86,69.0
standard_benchmark,eth3d,MoGeV1Calib-moge-vitl,5,calib,85.81,68.97
standard_benchmark,eth3d,MoGeV1Calib-moge-vitl,6,calib,85.89,68.98
standard_benchmark,eth3d,MoGeV1Calib-moge-vitl,7,calib,85.9,68.97
standard_benchmark,eth3d,MoGeV1Calib-moge-vitl,8,calib,85.93,68.95
standard_benchmark,eth3d,MoGeV1Calib-moge-vitl,9,calib,85.89,68.97
standard_benchmark,eth3d,MoGeV1Calib-moge-vitl,10,calib,85.87,68.98
standard_benchmark,eth3d,MoGeV1Calib-moge-vitl,11,calib,85.89,68.99
standard_benchmark,eth3d,MoGeV1Calib-moge-vitl,12,calib,86.07,68.97
standard_benchmark,eth3d,MoGeV1Calib-moge-vitl,13,calib,85.87,68.98
standard_benchmark,eth3d,MoGeV1Calib-moge-vitl,14,calib,85.92,68.97
standard_benchmark,eth3d,MoGeV1Calib-moge-vitl,15,calib,85.78,68.96
standard_benchmark,eth3d,MoGeV1Calib-moge-vitl,16,calib,85.85,68.99
standard_benchmark,eth3d,MoGeV1Calib-moge-vitl,17,calib,85.91,68.99
standard_benchmark,eth3d,MoGeV1Calib-moge-vitl,18,calib,85.83,68.95
standard_benchmark,eth3d,MoGeV1Calib-moge-vitl,19,calib,85.86,68.97
standard_benchmark,eth3d,MoGeV2-moge-2-vitl,0,calib,86.05,69.07
standard_benchmark,eth3d,MoGeV2-moge-2-vitl,1,calib,85.99,69.03
standard_benchmark,eth3d,MoGeV2-moge-2-vitl,2,calib,86.0,69.07
standard_benchmark,eth3d,MoGeV2-moge-2-vitl,3,calib,85.94,69.02
standard_benchmark,eth3d,MoGeV2-moge-2-vitl,4,calib,86.25,69.01
standard_benchmark,eth3d,MoGeV2-moge-2-vitl,5,calib,85.92,69.05
standard_benchmark,eth3d,MoGeV2-moge-2-vitl,6,calib,85.95,69.08
standard_benchmark,eth3d,MoGeV2-moge-2-vitl,7,calib,85.84,69.05
standard_benchmark,eth3d,MoGeV2-moge-2-vitl,8,calib,85.89,69.07
standard_benchmark,eth3d,MoGeV2-moge-2-vitl,9,calib,86.14,69.03
standard_benchmark,eth3d,MoGeV2-moge-2-vitl,10,calib,85.75,69.03
standard_benchmark,eth3d,MoGeV2-moge-2-vitl,11,calib,85.91,69.04
standard_benchmark,eth3d,MoGeV2-moge-2-vitl,12,calib,85.96,69.07
standard_benchmark,eth3d,MoGeV2-moge-2-vitl,13,calib,86.15,69.04
standard_benchmark,eth3d,MoGeV2-moge-2-vitl,14,calib,85.99,69.05
standard_benchmark,eth3d,MoGeV2-moge-2-vitl,15,calib,85.94,69.04
standard_benchmark,eth3d,MoGeV2-moge-2-vitl,16,calib,85.94,69.0
standard_benchmark,eth3d,MoGeV2-moge-2-vitl,17,calib,85.94,69.04
standard_benchmark,eth3d,MoGeV2-moge-2-vitl,18,calib,86.01,69.05
standard_benchmark,eth3d,MoGeV2-moge-2-vitl,19,calib,86.02,69.05
standard_benchmark,eth3d,MoGeV2Calib-moge-2-vitl,0,calib,86.14,69.07
standard_benchmark,eth3d,MoGeV2Calib-moge-2-vitl,1,calib,85.91,68.99
standard_benchmark,eth3d,MoGeV2Calib-moge-2-vitl,2,calib,85.96,69.04
standard_benchmark,eth3d,MoGeV2Calib-moge-2-vitl,3,calib,85.89,69.0
standard_benchmark,eth3d,MoGeV2Calib-moge-2-vitl,4,calib,86.03,68.99
standard_benchmark,eth3d,MoGeV2Calib-moge-2-vitl,5,calib,86.05,69.03
standard_benchmark,eth3d,MoGeV2Calib-moge-2-vitl,6,calib,86.06,69.06
standard_benchmark,eth3d,MoGeV2Calib-moge-2-vitl,7,calib,85.84,69.02
standard_benchmark,eth3d,MoGeV2Calib-moge-2-vitl,8,calib,85.93,69.03
standard_benchmark,eth3d,MoGeV2Calib-moge-2-vitl,9,calib,86.02,69.02
standard_benchmark,eth3d,MoGeV2Calib-moge-2-vitl,10,calib,85.88,69.02
standard_benchmark,eth3d,MoGeV2Calib-moge-2-vitl,11,calib,85.9,69.03
standard_benchmark,eth3d,MoGeV2Calib-moge-2-vitl,12,calib,85.96,69.03
standard_benchmark,eth3d,MoGeV2Calib-moge-2-vitl,13,calib,85.86,69.03
standard_benchmark,eth3d,MoGeV2Calib-moge-2-vitl,14,calib,86.0,69.04
standard_benchmark,eth3d,MoGeV2Calib-moge-2-vitl,15,calib,85.92,69.03
standard_benchmark,eth3d,MoGeV2Calib-moge-2-vitl,16,calib,86.0,69.01
standard_benchmark,eth3d,MoGeV2Calib-moge-2-vitl,17,calib,85.97,69.04
standard_benchmark,eth3d,MoGeV2Calib-moge-2-vitl,18,calib,85.96,69.01
standard_benchmark,eth3d,MoGeV2Calib-moge-2-vitl,19,calib,85.93,69.02
standard_benchmark,eth3d,Pi3-Pi3X,0,calib,86.58,69.01
standard_benchmark,eth3d,Pi3-Pi3X,1,calib,86.47,69.01
standard_benchmark,eth3d,Pi3-Pi3X,2,calib,86.4,69.01
standard_benchmark,eth3d,Pi3-Pi3X,3,calib,86.53,69.01
standard_benchmark,eth3d,Pi3-Pi3X,4,calib,86.31,69.0
standard_benchmark,eth3d,Pi3-Pi3X,5,calib,86.48,68.99
standard_benchmark,eth3d,Pi3-Pi3X,6,calib,86.38,68.98
standard_benchmark,eth3d,Pi3-Pi3X,7,calib,86.37,69.03
standard_benchmark,eth3d,Pi3-Pi3X,8,calib,86.43,69.01
standard_benchmark,eth3d,Pi3-Pi3X,9,calib,86.35,69.0
standard_benchmark,eth3d,Pi3-Pi3X,10,calib,86.39,69.01
standard_benchmark,eth3d,Pi3-Pi3X,11,calib,86.43,68.98
standard_benchmark,eth3d,Pi3-Pi3X,12,calib,86.53,69.01
standard_benchmark,eth3d,Pi3-Pi3X,13,calib,86.47,68.99
standard_benchmark,eth3d,Pi3-Pi3X,14,calib,86.41,68.99
standard_benchmark,eth3d,Pi3-Pi3X,15,calib,86.63,69.05
standard_benchmark,eth3d,Pi3-Pi3X,16,calib,86.37,68.99
standard_benchmark,eth3d,Pi3-Pi3X,17,calib,86.41,69.0
standard_benchmark,eth3d,Pi3-Pi3X,18,calib,86.36,69.02
standard_benchmark,eth3d,Pi3-Pi3X,19,calib,86.55,68.99
standard_benchmark,eth3d,Pi3Calib-Pi3X,0,calib,86.55,68.98
standard_benchmark,eth3d,Pi3Calib-Pi3X,1,calib,86.53,69.02
standard_benchmark,eth3d,Pi3Calib-Pi3X,2,calib,86.39,69.02
standard_benchmark,eth3d,Pi3Calib-Pi3X,3,calib,86.41,69.03
standard_benchmark,eth3d,Pi3Calib-Pi3X,4,calib,86.53,69.01
standard_benchmark,eth3d,Pi3Calib-Pi3X,5,calib,86.43,69.01
standard_benchmark,eth3d,Pi3Calib-Pi3X,6,calib,86.6,69.02
standard_benchmark,eth3d,Pi3Calib-Pi3X,7,calib,86.38,69.02
standard_benchmark,eth3d,Pi3Calib-Pi3X,8,calib,86.53,69.04
standard_benchmark,eth3d,Pi3Calib-Pi3X,9,calib,86.41,69.0
standard_benchmark,eth3d,Pi3Calib-Pi3X,10,calib,86.43,69.01
standard_benchmark,eth3d,Pi3Calib-Pi3X,11,calib,86.44,68.99
standard_benchmark,eth3d,Pi3Calib-Pi3X,12,calib,86.48,69.02
standard_benchmark,eth3d,Pi3Calib-Pi3X,13,calib,86.38,68.99
standard_benchmark,eth3d,Pi3Calib-Pi3X,14,calib,86.64,68.99
standard_benchmark,eth3d,Pi3Calib-Pi3X,15,calib,86.39,69.01
standard_benchmark,eth3d,Pi3Calib-Pi3X,16,calib,86.48,69.03
standard_benchmark,eth3d,Pi3Calib-Pi3X,17,calib,86.55,69.03
standard_benchmark,eth3d,Pi3Calib-Pi3X,18,calib,86.48,69.02
standard_benchmark,eth3d,Pi3Calib-Pi3X,19,calib,86.46,68.98
standard_benchmark,eth3d,UniDepth1-cnvnxtl,0,calib,81.72,68.53
standard_benchmark,eth3d,UniDepth1-cnvnxtl,1,calib,81.96,68.58
standard_benchmark,eth3d,UniDepth1-cnvnxtl,2,calib,81.88,68.56
standard_benchmark,eth3d,UniDepth1-cnvnxtl,3,calib,82.0,68.55
standard_benchmark,eth3d,UniDepth1-cnvnxtl,4,calib,81.87,68.5
standard_benchmark,eth3d,UniDepth1-cnvnxtl,5,calib,81.8,68.47
standard_benchmark,eth3d,UniDepth1-cnvnxtl,6,calib,81.97,68.51
standard_benchmark,eth3d,UniDepth1-cnvnxtl,7,calib,81.77,68.49
standard_benchmark,eth3d,UniDepth1-cnvnxtl,8,calib,81.85,68.5
standard_benchmark,eth3d,UniDepth1-cnvnxtl,9,calib,82.06,68.51
standard_benchmark,eth3d,UniDepth1-cnvnxtl,10,calib,81.94,68.56
standard_benchmark,eth3d,UniDepth1-cnvnxtl,11,calib,81.93,68.53
standard_benchmark,eth3d,UniDepth1-cnvnxtl,12,calib,81.85,68.5
standard_benchmark,eth3d,UniDepth1-cnvnxtl,13,calib,81.94,68.45
standard_benchmark,eth3d,UniDepth1-cnvnxtl,14,calib,81.67,68.48
standard_benchmark,eth3d,UniDepth1-cnvnxtl,15,calib,82.0,68.54
standard_benchmark,eth3d,UniDepth1-cnvnxtl,16,calib,81.91,68.53
standard_benchmark,eth3d,UniDepth1-cnvnxtl,17,calib,82.01,68.52
standard_benchmark,eth3d,UniDepth1-cnvnxtl,18,calib,82.05,68.48
standard_benchmark,eth3d,UniDepth1-cnvnxtl,19,calib,81.87,68.54
standard_benchmark,eth3d,UniDepth1-vitl14,0,calib,82.82,68.68
standard_benchmark,eth3d,UniDepth1-vitl14,1,calib,83.07,68.74
standard_benchmark,eth3d,UniDepth1-vitl14,2,calib,82.78,68.69
standard_benchmark,eth3d,UniDepth1-vitl14,3,calib,82.81,68.62
standard_benchmark,eth3d,UniDepth1-vitl14,4,calib,82.69,68.66
standard_benchmark,eth3d,UniDepth1-vitl14,5,calib,82.62,68.66
standard_benchmark,eth3d,UniDepth1-vitl14,6,calib,82.7,68.65
standard_benchmark,eth3d,UniDepth1-vitl14,7,calib,82.89,68.66
standard_benchmark,eth3d,UniDepth1-vitl14,8,calib,82.82,68.69
standard_benchmark,eth3d,UniDepth1-vitl14,9,calib,82.82,68.65
standard_benchmark,eth3d,UniDepth1-vitl14,10,calib,82.88,68.68
standard_benchmark,eth3d,UniDepth1-vitl14,11,calib,82.92,68.68
standard_benchmark,eth3d,UniDepth1-vitl14,12,calib,82.83,68.66
standard_benchmark,eth3d,UniDepth1-vitl14,13,calib,82.86,68.66
standard_benchmark,eth3d,UniDepth1-vitl14,14,calib,82.91,68.68
standard_benchmark,eth3d,UniDepth1-vitl14,15,calib,82.82,68.67
standard_benchmark,eth3d,UniDepth1-vitl14,16,calib,82.91,68.65
standard_benchmark,eth3d,UniDepth1-vitl14,17,calib,82.84,68.64
standard_benchmark,eth3d,UniDepth1-vitl14,18,calib,82.72,68.63
standard_benchmark,eth3d,UniDepth1-vitl14,19,calib,82.87,68.66
standard_benchmark,eth3d,UniDepth1Calib-cnvnxtl,0,calib,81.55,68.36
standard_benchmark,eth3d,UniDepth1Calib-cnvnxtl,1,calib,81.22,68.46
standard_benchmark,eth3d,UniDepth1Calib-cnvnxtl,2,calib,81.25,68.49
standard_benchmark,eth3d,UniDepth1Calib-cnvnxtl,3,calib,81.32,68.49
standard_benchmark,eth3d,UniDepth1Calib-cnvnxtl,4,calib,81.3,68.41
standard_benchmark,eth3d,UniDepth1Calib-cnvnxtl,5,calib,81.56,68.45
standard_benchmark,eth3d,UniDepth1Calib-cnvnxtl,6,calib,81.37,68.45
standard_benchmark,eth3d,UniDepth1Calib-cnvnxtl,7,calib,81.16,68.38
standard_benchmark,eth3d,UniDepth1Calib-cnvnxtl,8,calib,81.04,68.36
standard_benchmark,eth3d,UniDepth1Calib-cnvnxtl,9,calib,81.26,68.41
standard_benchmark,eth3d,UniDepth1Calib-cnvnxtl,10,calib,81.48,68.41
standard_benchmark,eth3d,UniDepth1Calib-cnvnxtl,11,calib,81.15,68.41
standard_benchmark,eth3d,UniDepth1Calib-cnvnxtl,12,calib,81.35,68.46
standard_benchmark,eth3d,UniDepth1Calib-cnvnxtl,13,calib,81.51,68.43
standard_benchmark,eth3d,UniDepth1Calib-cnvnxtl,14,calib,81.31,68.46
standard_benchmark,eth3d,UniDepth1Calib-cnvnxtl,15,calib,81.2,68.39
standard_benchmark,eth3d,UniDepth1Calib-cnvnxtl,16,calib,81.23,68.42
standard_benchmark,eth3d,UniDepth1Calib-cnvnxtl,17,calib,81.51,68.49
standard_benchmark,eth3d,UniDepth1Calib-cnvnxtl,18,calib,81.39,68.42
standard_benchmark,eth3d,UniDepth1Calib-cnvnxtl,19,calib,81.44,68.49
standard_benchmark,eth3d,UniDepth1Calib-vitl14,0,calib,83.08,68.67
standard_benchmark,eth3d,UniDepth1Calib-vitl14,1,calib,83.03,68.69
standard_benchmark,eth3d,UniDepth1Calib-vitl14,2,calib,83.1,68.71
standard_benchmark,eth3d,UniDepth1Calib-vitl14,3,calib,83.22,68.72
standard_benchmark,eth3d,UniDepth1Calib-vitl14,4,calib,83.09,68.71
standard_benchmark,eth3d,UniDepth1Calib-vitl14,5,calib,83.07,68.71
standard_benchmark,eth3d,UniDepth1Calib-vitl14,6,calib,83.19,68.76
standard_benchmark,eth3d,UniDepth1Calib-vitl14,7,calib,82.95,68.66
standard_benchmark,eth3d,UniDepth1Calib-vitl14,8,calib,83.07,68.67
standard_benchmark,eth3d,UniDepth1Calib-vitl14,9,calib,83.02,68.74
standard_benchmark,eth3d,UniDepth1Calib-vitl14,10,calib,83.05,68.69
standard_benchmark,eth3d,UniDepth1Calib-vitl14,11,calib,83.11,68.73
standard_benchmark,eth3d,UniDepth1Calib-vitl14,12,calib,83.01,68.69
standard_benchmark,eth3d,UniDepth1Calib-vitl14,13,calib,83.1,68.68
standard_benchmark,eth3d,UniDepth1Calib-vitl14,14,calib,82.95,68.67
standard_benchmark,eth3d,UniDepth1Calib-vitl14,15,calib,83.0,68.7
standard_benchmark,eth3d,UniDepth1Calib-vitl14,16,calib,83.01,68.7
standard_benchmark,eth3d,UniDepth1Calib-vitl14,17,calib,83.03,68.66
standard_benchmark,eth3d,UniDepth1Calib-vitl14,18,calib,83.03,68.66
standard_benchmark,eth3d,UniDepth1Calib-vitl14,19,calib,83.02,68.72
standard_benchmark,eth3d,UniDepth2-vitb14,0,calib,84.87,68.89
standard_benchmark,eth3d,UniDepth2-vitb14,1,calib,85.0,68.84
standard_benchmark,eth3d,UniDepth2-vitb14,2,calib,84.64,68.87
standard_benchmark,eth3d,UniDepth2-vitb14,3,calib,84.76,68.86
standard_benchmark,eth3d,UniDepth2-vitb14,4,calib,84.8,68.86
standard_benchmark,eth3d,UniDepth2-vitb14,5,calib,84.76,68.85
standard_benchmark,eth3d,UniDepth2-vitb14,6,calib,84.83,68.9
standard_benchmark,eth3d,UniDepth2-vitb14,7,calib,84.77,68.85
standard_benchmark,eth3d,UniDepth2-vitb14,8,calib,84.61,68.82
standard_benchmark,eth3d,UniDepth2-vitb14,9,calib,84.7,68.87
standard_benchmark,eth3d,UniDepth2-vitb14,10,calib,84.62,68.83
standard_benchmark,eth3d,UniDepth2-vitb14,11,calib,84.66,68.84
standard_benchmark,eth3d,UniDepth2-vitb14,12,calib,84.89,68.87
standard_benchmark,eth3d,UniDepth2-vitb14,13,calib,84.68,68.84
standard_benchmark,eth3d,UniDepth2-vitb14,14,calib,84.66,68.89
standard_benchmark,eth3d,UniDepth2-vitb14,15,calib,84.85,68.92
standard_benchmark,eth3d,UniDepth2-vitb14,16,calib,84.79,68.87
standard_benchmark,eth3d,UniDepth2-vitb14,17,calib,84.78,68.87
standard_benchmark,eth3d,UniDepth2-vitb14,18,calib,84.8,68.89
standard_benchmark,eth3d,UniDepth2-vitb14,19,calib,84.91,68.91
standard_benchmark,eth3d,UniDepth2-vitl14,0,calib,85.68,68.89
standard_benchmark,eth3d,UniDepth2-vitl14,1,calib,85.65,68.9
standard_benchmark,eth3d,UniDepth2-vitl14,2,calib,85.53,68.9
standard_benchmark,eth3d,UniDepth2-vitl14,3,calib,85.42,68.91
standard_benchmark,eth3d,UniDepth2-vitl14,4,calib,85.61,68.93
standard_benchmark,eth3d,UniDepth2-vitl14,5,calib,85.54,68.87
standard_benchmark,eth3d,UniDepth2-vitl14,6,calib,85.53,68.94
standard_benchmark,eth3d,UniDepth2-vitl14,7,calib,85.61,68.92
standard_benchmark,eth3d,UniDepth2-vitl14,8,calib,85.48,68.91
standard_benchmark,eth3d,UniDepth2-vitl14,9,calib,85.54,68.92
standard_benchmark,eth3d,UniDepth2-vitl14,10,calib,85.57,68.91
standard_benchmark,eth3d,UniDepth2-vitl14,11,calib,85.6,68.91
standard_benchmark,eth3d,UniDepth2-vitl14,12,calib,85.74,68.94
standard_benchmark,eth3d,UniDepth2-vitl14,13,calib,85.48,68.89
standard_benchmark,eth3d,UniDepth2-vitl14,14,calib,85.47,68.93
standard_benchmark,eth3d,UniDepth2-vitl14,15,calib,85.54,68.92
standard_benchmark,eth3d,UniDepth2-vitl14,16,calib,85.47,68.92
standard_benchmark,eth3d,UniDepth2-vitl14,17,calib,85.54,68.93
standard_benchmark,eth3d,UniDepth2-vitl14,18,calib,85.53,68.92
standard_benchmark,eth3d,UniDepth2-vitl14,19,calib,85.56,68.96
standard_benchmark,eth3d,UniDepth2-vits14,0,calib,82.54,68.66
standard_benchmark,eth3d,UniDepth2-vits14,1,calib,82.63,68.69
standard_benchmark,eth3d,UniDepth2-vits14,2,calib,82.43,68.71
standard_benchmark,eth3d,UniDepth2-vits14,3,calib,82.64,68.67
standard_benchmark,eth3d,UniDepth2-vits14,4,calib,82.63,68.63
standard_benchmark,eth3d,UniDepth2-vits14,5,calib,82.55,68.66
standard_benchmark,eth3d,UniDepth2-vits14,6,calib,82.6,68.71
standard_benchmark,eth3d,UniDepth2-vits14,7,calib,82.53,68.68
standard_benchmark,eth3d,UniDepth2-vits14,8,calib,82.5,68.64
standard_benchmark,eth3d,UniDepth2-vits14,9,calib,82.45,68.65
standard_benchmark,eth3d,UniDepth2-vits14,10,calib,82.43,68.65
standard_benchmark,eth3d,UniDepth2-vits14,11,calib,82.43,68.58
standard_benchmark,eth3d,UniDepth2-vits14,12,calib,82.44,68.64
standard_benchmark,eth3d,UniDepth2-vits14,13,calib,82.43,68.67
standard_benchmark,eth3d,UniDepth2-vits14,14,calib,82.52,68.66
standard_benchmark,eth3d,UniDepth2-vits14,15,calib,82.62,68.66
standard_benchmark,eth3d,UniDepth2-vits14,16,calib,82.5,68.69
standard_benchmark,eth3d,UniDepth2-vits14,17,calib,82.53,68.63
standard_benchmark,eth3d,UniDepth2-vits14,18,calib,82.58,68.68
standard_benchmark,eth3d,UniDepth2-vits14,19,calib,82.46,68.63
standard_benchmark,eth3d,UniDepth2Calib-vitb14,0,calib,84.45,68.82
standard_benchmark,eth3d,UniDepth2Calib-vitb14,1,calib,84.54,68.82
standard_benchmark,eth3d,UniDepth2Calib-vitb14,2,calib,84.45,68.85
standard_benchmark,eth3d,UniDepth2Calib-vitb14,3,calib,84.54,68.82
standard_benchmark,eth3d,UniDepth2Calib-vitb14,4,calib,84.48,68.88
standard_benchmark,eth3d,UniDepth2Calib-vitb14,5,calib,84.51,68.86
standard_benchmark,eth3d,UniDepth2Calib-vitb14,6,calib,84.64,68.88
standard_benchmark,eth3d,UniDepth2Calib-vitb14,7,calib,84.46,68.84
standard_benchmark,eth3d,UniDepth2Calib-vitb14,8,calib,84.32,68.83
standard_benchmark,eth3d,UniDepth2Calib-vitb14,9,calib,84.57,68.85
standard_benchmark,eth3d,UniDepth2Calib-vitb14,10,calib,84.43,68.81
standard_benchmark,eth3d,UniDepth2Calib-vitb14,11,calib,84.38,68.8
standard_benchmark,eth3d,UniDepth2Calib-vitb14,12,calib,84.65,68.85
standard_benchmark,eth3d,UniDepth2Calib-vitb14,13,calib,84.43,68.83
standard_benchmark,eth3d,UniDepth2Calib-vitb14,14,calib,84.54,68.83
standard_benchmark,eth3d,UniDepth2Calib-vitb14,15,calib,84.56,68.87
standard_benchmark,eth3d,UniDepth2Calib-vitb14,16,calib,84.61,68.89
standard_benchmark,eth3d,UniDepth2Calib-vitb14,17,calib,84.51,68.85
standard_benchmark,eth3d,UniDepth2Calib-vitb14,18,calib,84.53,68.85
standard_benchmark,eth3d,UniDepth2Calib-vitb14,19,calib,84.59,68.87
standard_benchmark,eth3d,UniDepth2Calib-vitl14,0,calib,85.53,68.91
standard_benchmark,eth3d,UniDepth2Calib-vitl14,1,calib,85.55,68.89
standard_benchmark,eth3d,UniDepth2Calib-vitl14,2,calib,85.49,68.92
standard_benchmark,eth3d,UniDepth2Calib-vitl14,3,calib,85.46,68.9
standard_benchmark,eth3d,UniDepth2Calib-vitl14,4,calib,85.44,68.9
standard_benchmark,eth3d,UniDepth2Calib-vitl14,5,calib,85.49,68.85
standard_benchmark,eth3d,UniDepth2Calib-vitl14,6,calib,85.45,68.89
standard_benchmark,eth3d,UniDepth2Calib-vitl14,7,calib,85.43,68.9
standard_benchmark,eth3d,UniDepth2Calib-vitl14,8,calib,85.37,68.86
standard_benchmark,eth3d,UniDepth2Calib-vitl14,9,calib,85.63,68.9
standard_benchmark,eth3d,UniDepth2Calib-vitl14,10,calib,85.35,68.88
standard_benchmark,eth3d,UniDepth2Calib-vitl14,11,calib,85.54,68.88
standard_benchmark,eth3d,UniDepth2Calib-vitl14,12,calib,85.54,68.91
standard_benchmark,eth3d,UniDepth2Calib-vitl14,13,calib,85.32,68.88
standard_benchmark,eth3d,UniDepth2Calib-vitl14,14,calib,85.57,68.9
standard_benchmark,eth3d,UniDepth2Calib-vitl14,15,calib,85.49,68.93
standard_benchmark,eth3d,UniDepth2Calib-vitl14,16,calib,85.45,68.89
standard_benchmark,eth3d,UniDepth2Calib-vitl14,17,calib,85.48,68.91
standard_benchmark,eth3d,UniDepth2Calib-vitl14,18,calib,85.55,68.9
standard_benchmark,eth3d,UniDepth2Calib-vitl14,19,calib,85.55,68.92
standard_benchmark,eth3d,UniDepth2Calib-vits14,0,calib,83.03,68.69
standard_benchmark,eth3d,UniDepth2Calib-vits14,1,calib,83.28,68.73
standard_benchmark,eth3d,UniDepth2Calib-vits14,2,calib,83.04,68.75
standard_benchmark,eth3d,UniDepth2Calib-vits14,3,calib,83.14,68.71
standard_benchmark,eth3d,UniDepth2Calib-vits14,4,calib,83.05,68.68
standard_benchmark,eth3d,UniDepth2Calib-vits14,5,calib,83.15,68.69
standard_benchmark,eth3d,UniDepth2Calib-vits14,6,calib,82.99,68.69
standard_benchmark,eth3d,UniDepth2Calib-vits14,7,calib,82.92,68.68
standard_benchmark,eth3d,UniDepth2Calib-vits14,8,calib,83.03,68.65
standard_benchmark,eth3d,UniDepth2Calib-vits14,9,calib,82.98,68.67
standard_benchmark,eth3d,UniDepth2Calib-vits14,10,calib,82.82,68.66
standard_benchmark,eth3d,UniDepth2Calib-vits14,11,calib,82.88,68.72
standard_benchmark,eth3d,UniDepth2Calib-vits14,12,calib,82.95,68.67
standard_benchmark,eth3d,UniDepth2Calib-vits14,13,calib,82.87,68.7
standard_benchmark,eth3d,UniDepth2Calib-vits14,14,calib,83.02,68.7
standard_benchmark,eth3d,UniDepth2Calib-vits14,15,calib,83.16,68.71
standard_benchmark,eth3d,UniDepth2Calib-vits14,16,calib,82.98,68.66
standard_benchmark,eth3d,UniDepth2Calib-vits14,17,calib,82.92,68.7
standard_benchmark,eth3d,UniDepth2Calib-vits14,18,calib,83.02,68.68
standard_benchmark,eth3d,UniDepth2Calib-vits14,19,calib,83.02,68.66
standard_benchmark,eth3d,UniK3D-vitl,0,calib,85.51,68.92
standard_benchmark,eth3d,UniK3D-vitl,1,calib,85.47,68.93
standard_benchmark,eth3d,UniK3D-vitl,2,calib,85.5,68.92
standard_benchmark,eth3d,UniK3D-vitl,3,calib,85.48,68.93
standard_benchmark,eth3d,UniK3D-vitl,4,calib,85.41,68.91
standard_benchmark,eth3d,UniK3D-vitl,5,calib,85.45,68.9
standard_benchmark,eth3d,UniK3D-vitl,6,calib,85.46,68.9
standard_benchmark,eth3d,UniK3D-vitl,7,calib,85.5,68.95
standard_benchmark,eth3d,UniK3D-vitl,8,calib,85.36,68.92
standard_benchmark,eth3d,UniK3D-vitl,9,calib,85.5,68.91
standard_benchmark,eth3d,UniK3D-vitl,10,calib,85.41,68.91
standard_benchmark,eth3d,UniK3D-vitl,11,calib,85.45,68.88
standard_benchmark,eth3d,UniK3D-vitl,12,calib,85.5,68.9
standard_benchmark,eth3d,UniK3D-vitl,13,calib,85.5,68.87
standard_benchmark,eth3d,UniK3D-vitl,14,calib,85.36,68.91
standard_benchmark,eth3d,UniK3D-vitl,15,calib,85.52,68.89
standard_benchmark,eth3d,UniK3D-vitl,16,calib,85.3,68.86
standard_benchmark,eth3d,UniK3D-vitl,17,calib,85.59,68.92
standard_benchmark,eth3d,UniK3D-vitl,18,calib,85.52,68.87
standard_benchmark,eth3d,UniK3D-vitl,19,calib,85.48,68.89
standard_benchmark,eth3d,UniK3DCalib-vitl,0,calib,85.34,68.87
standard_benchmark,eth3d,UniK3DCalib-vitl,1,calib,85.42,68.91
standard_benchmark,eth3d,UniK3DCalib-vitl,2,calib,85.37,68.91
standard_benchmark,eth3d,UniK3DCalib-vitl,3,calib,85.42,68.9
standard_benchmark,eth3d,UniK3DCalib-vitl,4,calib,85.41,68.88
standard_benchmark,eth3d,UniK3DCalib-vitl,5,calib,85.31,68.88
standard_benchmark,eth3d,UniK3DCalib-vitl,6,calib,85.33,68.89
standard_benchmark,eth3d,UniK3DCalib-vitl,7,calib,85.28,68.89
standard_benchmark,eth3d,UniK3DCalib-vitl,8,calib,85.29,68.94
standard_benchmark,eth3d,UniK3DCalib-vitl,9,calib,85.43,68.91
standard_benchmark,eth3d,UniK3DCalib-vitl,10,calib,85.4,68.89
standard_benchmark,eth3d,UniK3DCalib-vitl,11,calib,85.26,68.88
standard_benchmark,eth3d,UniK3DCalib-vitl,12,calib,85.38,68.89
standard_benchmark,eth3d,UniK3DCalib-vitl,13,calib,85.36,68.88
standard_benchmark,eth3d,UniK3DCalib-vitl,14,calib,85.29,68.9
standard_benchmark,eth3d,UniK3DCalib-vitl,15,calib,85.39,68.89
standard_benchmark,eth3d,UniK3DCalib-vitl,16,calib,85.21,68.87
standard_benchmark,eth3d,UniK3DCalib-vitl,17,calib,85.49,68.92
standard_benchmark,eth3d,UniK3DCalib-vitl,18,calib,85.42,68.87
standard_benchmark,eth3d,UniK3DCalib-vitl,19,calib,85.28,68.92
standard_benchmark,eth3d,VGGT-VGGT-1B,0,calib,85.09,68.77
standard_benchmark,eth3d,VGGT-VGGT-1B,1,calib,85.0,68.81
standard_benchmark,eth3d,VGGT-VGGT-1B,2,calib,84.84,68.74
standard_benchmark,eth3d,VGGT-VGGT-1B,3,calib,84.85,68.76
standard_benchmark,eth3d,VGGT-VGGT-1B,4,calib,84.9,68.77
standard_benchmark,eth3d,VGGT-VGGT-1B,5,calib,84.89,68.76
standard_benchmark,eth3d,VGGT-VGGT-1B,6,calib,84.85,68.77
standard_benchmark,eth3d,VGGT-VGGT-1B,7,calib,84.95,68.82
standard_benchmark,eth3d,VGGT-VGGT-1B,8,calib,84.65,68.73
standard_benchmark,eth3d,VGGT-VGGT-1B,9,calib,85.05,68.79
standard_benchmark,eth3d,VGGT-VGGT-1B,10,calib,84.64,68.78
standard_benchmark,eth3d,VGGT-VGGT-1B,11,calib,84.87,68.79
standard_benchmark,eth3d,VGGT-VGGT-1B,12,calib,84.79,68.75
standard_benchmark,eth3d,VGGT-VGGT-1B,13,calib,84.77,68.8
standard_benchmark,eth3d,VGGT-VGGT-1B,14,calib,84.78,68.79
standard_benchmark,eth3d,VGGT-VGGT-1B,15,calib,84.69,68.76
standard_benchmark,eth3d,VGGT-VGGT-1B,16,calib,84.57,68.73
standard_benchmark,eth3d,VGGT-VGGT-1B,17,calib,84.91,68.78
standard_benchmark,eth3d,VGGT-VGGT-1B,18,calib,84.82,68.74
standard_benchmark,eth3d,VGGT-VGGT-1B,19,calib,84.81,68.74
standard_benchmark,eth3d,gt,0,calib,92.32,77.44
standard_benchmark,eth3d,gt,1,calib,92.29,77.44
standard_benchmark,eth3d,gt,2,calib,92.29,77.45
standard_benchmark,eth3d,gt,3,calib,92.31,77.45
standard_benchmark,eth3d,gt,4,calib,92.27,77.44
standard_benchmark,eth3d,gt,5,calib,92.27,77.46
standard_benchmark,eth3d,gt,6,calib,92.22,77.45
standard_benchmark,eth3d,gt,7,calib,92.3,77.44
standard_benchmark,eth3d,gt,8,calib,92.42,77.43
standard_benchmark,eth3d,gt,9,calib,92.32,77.43
standard_benchmark,eth3d,gt,10,calib,92.31,77.44
standard_benchmark,eth3d,gt,11,calib,92.37,77.43
standard_benchmark,eth3d,gt,12,calib,92.36,77.44
standard_benchmark,eth3d,gt,13,calib,92.28,77.44
standard_benchmark,eth3d,gt,14,calib,92.34,77.45
standard_benchmark,eth3d,gt,15,calib,92.35,77.43
standard_benchmark,eth3d,gt,16,calib,92.36,77.43
standard_benchmark,eth3d,gt,17,calib,92.28,77.45
standard_benchmark,eth3d,gt,18,calib,92.19,77.44
standard_benchmark,eth3d,gt,19,calib,92.3,77.43
standard_benchmark,eth3d,none,0,baseline_calib,85.9,69.91
standard_benchmark,eth3d,none,1,baseline_calib,85.95,69.93
standard_benchmark,eth3d,none,2,baseline_calib,85.93,69.9
standard_benchmark,eth3d,none,3,baseline_calib,86.24,69.92
standard_benchmark,eth3d,none,4,baseline_calib,86.07,69.9
standard_benchmark,eth3d,none,5,baseline_calib,85.88,69.91
standard_benchmark,eth3d,none,6,baseline_calib,86.09,69.93
standard_benchmark,eth3d,none,7,baseline_calib,86.0,69.91
standard_benchmark,eth3d,none,8,baseline_calib,85.84,69.91
standard_benchmark,eth3d,none,9,baseline_calib,86.03,69.92
standard_benchmark,eth3d,none,10,baseline_calib,86.1,69.92
standard_benchmark,eth3d,none,11,baseline_calib,86.01,69.9
standard_benchmark,eth3d,none,12,baseline_calib,86.09,69.91
standard_benchmark,eth3d,none,13,baseline_calib,85.87,69.92
standard_benchmark,eth3d,none,14,baseline_calib,86.2,69.92
standard_benchmark,eth3d,none,15,baseline_calib,85.96,69.92
standard_benchmark,eth3d,none,16,baseline_calib,86.02,69.91
standard_benchmark,eth3d,none,17,baseline_calib,85.97,69.91
standard_benchmark,eth3d,none,18,baseline_calib,86.03,69.92
standard_benchmark,eth3d,none,19,baseline_calib,85.91,69.91
standard_benchmark,scannetpp,DepthAnythingV2-vitb,0,calib,29.49,60.66
standard_benchmark,scannetpp,DepthAnythingV2-vitb,1,calib,29.64,60.68
standard_benchmark,scannetpp,DepthAnythingV2-vitb,2,calib,29.42,60.65
standard_benchmark,scannetpp,DepthAnythingV2-vitb,3,calib,29.72,60.64
standard_benchmark,scannetpp,DepthAnythingV2-vitb,4,calib,29.84,60.65
standard_benchmark,scannetpp,DepthAnythingV2-vitb,5,calib,29.64,60.59
standard_benchmark,scannetpp,DepthAnythingV2-vitb,6,calib,29.54,60.65
standard_benchmark,scannetpp,DepthAnythingV2-vitb,7,calib,29.54,60.71
standard_benchmark,scannetpp,DepthAnythingV2-vitb,8,calib,29.4,60.59
standard_benchmark,scannetpp,DepthAnythingV2-vitb,9,calib,29.26,60.64
standard_benchmark,scannetpp,DepthAnythingV2-vitb,10,calib,29.28,60.59
standard_benchmark,scannetpp,DepthAnythingV2-vitb,11,calib,29.47,60.65
standard_benchmark,scannetpp,DepthAnythingV2-vitb,12,calib,29.53,60.73
standard_benchmark,scannetpp,DepthAnythingV2-vitb,13,calib,29.71,60.65
standard_benchmark,scannetpp,DepthAnythingV2-vitb,14,calib,29.72,60.72
standard_benchmark,scannetpp,DepthAnythingV2-vitb,15,calib,29.74,60.76
standard_benchmark,scannetpp,DepthAnythingV2-vitb,16,calib,29.4,60.63
standard_benchmark,scannetpp,DepthAnythingV2-vitb,17,calib,29.54,60.75
standard_benchmark,scannetpp,DepthAnythingV2-vitb,18,calib,29.81,60.68
standard_benchmark,scannetpp,DepthAnythingV2-vitb,19,calib,29.76,60.66
standard_benchmark,scannetpp,DepthAnythingV2-vitl,0,calib,10.65,35.99
standard_benchmark,scannetpp,DepthAnythingV2-vitl,1,calib,10.6,35.9
standard_benchmark,scannetpp,DepthAnythingV2-vitl,2,calib,10.63,35.85
standard_benchmark,scannetpp,DepthAnythingV2-vitl,3,calib,10.68,36.05
standard_benchmark,scannetpp,DepthAnythingV2-vitl,4,calib,10.39,35.94
standard_benchmark,scannetpp,DepthAnythingV2-vitl,5,calib,10.76,35.98
standard_benchmark,scannetpp,DepthAnythingV2-vitl,6,calib,10.64,35.97
standard_benchmark,scannetpp,DepthAnythingV2-vitl,7,calib,10.69,35.92
standard_benchmark,scannetpp,DepthAnythingV2-vitl,8,calib,10.85,35.97
standard_benchmark,scannetpp,DepthAnythingV2-vitl,9,calib,10.44,35.93
standard_benchmark,scannetpp,DepthAnythingV2-vitl,10,calib,10.62,36.0
standard_benchmark,scannetpp,DepthAnythingV2-vitl,11,calib,10.73,35.99
standard_benchmark,scannetpp,DepthAnythingV2-vitl,12,calib,10.69,35.9
standard_benchmark,scannetpp,DepthAnythingV2-vitl,13,calib,10.61,36.02
standard_benchmark,scannetpp,DepthAnythingV2-vitl,14,calib,10.53,36.03
standard_benchmark,scannetpp,DepthAnythingV2-vitl,15,calib,10.43,35.94
standard_benchmark,scannetpp,DepthAnythingV2-vitl,16,calib,10.51,35.89
standard_benchmark,scannetpp,DepthAnythingV2-vitl,17,calib,10.43,36.04
standard_benchmark,scannetpp,DepthAnythingV2-vitl,18,calib,10.71,35.94
standard_benchmark,scannetpp,DepthAnythingV2-vitl,19,calib,10.59,35.91
standard_benchmark,scannetpp,DepthAnythingV2-vits,0,calib,30.41,61.21
standard_benchmark,scannetpp,DepthAnythingV2-vits,1,calib,30.0,61.19
standard_benchmark,scannetpp,DepthAnythingV2-vits,2,calib,30.39,61.24
standard_benchmark,scannetpp,DepthAnythingV2-vits,3,calib,30.34,61.16
standard_benchmark,scannetpp,DepthAnythingV2-vits,4,calib,30.33,61.18
standard_benchmark,scannetpp,DepthAnythingV2-vits,5,calib,30.38,61.22
standard_benchmark,scannetpp,DepthAnythingV2-vits,6,calib,30.29,61.22
standard_benchmark,scannetpp,DepthAnythingV2-vits,7,calib,30.28,61.15
standard_benchmark,scannetpp,DepthAnythingV2-vits,8,calib,30.27,61.22
standard_benchmark,scannetpp,DepthAnythingV2-vits,9,calib,30.01,61.21
standard_benchmark,scannetpp,DepthAnythingV2-vits,10,calib,30.34,61.2
standard_benchmark,scannetpp,DepthAnythingV2-vits,11,calib,30.51,61.19
standard_benchmark,scannetpp,DepthAnythingV2-vits,12,calib,30.2,61.23
standard_benchmark,scannetpp,DepthAnythingV2-vits,13,calib,30.46,61.13
standard_benchmark,scannetpp,DepthAnythingV2-vits,14,calib,30.11,61.13
standard_benchmark,scannetpp,DepthAnythingV2-vits,15,calib,30.09,61.18
standard_benchmark,scannetpp,DepthAnythingV2-vits,16,calib,30.31,61.15
standard_benchmark,scannetpp,DepthAnythingV2-vits,17,calib,30.49,61.25
standard_benchmark,scannetpp,DepthAnythingV2-vits,18,calib,30.08,61.07
standard_benchmark,scannetpp,DepthAnythingV2-vits,19,calib,30.37,61.25
standard_benchmark,scannetpp,DepthAnythingV3-DA3METRIC-LARGE,0,calib,83.21,68.32
standard_benchmark,scannetpp,DepthAnythingV3-DA3METRIC-LARGE,1,calib,83.12,68.34
standard_benchmark,scannetpp,DepthAnythingV3-DA3METRIC-LARGE,2,calib,83.21,68.32
standard_benchmark,scannetpp,DepthAnythingV3-DA3METRIC-LARGE,3,calib,83.18,68.32
standard_benchmark,scannetpp,DepthAnythingV3-DA3METRIC-LARGE,4,calib,83.16,68.32
standard_benchmark,scannetpp,DepthAnythingV3-DA3METRIC-LARGE,5,calib,83.15,68.31
standard_benchmark,scannetpp,DepthAnythingV3-DA3METRIC-LARGE,6,calib,83.18,68.34
standard_benchmark,scannetpp,DepthAnythingV3-DA3METRIC-LARGE,7,calib,83.13,68.33
standard_benchmark,scannetpp,DepthAnythingV3-DA3METRIC-LARGE,8,calib,83.13,68.31
standard_benchmark,scannetpp,DepthAnythingV3-DA3METRIC-LARGE,9,calib,83.17,68.31
standard_benchmark,scannetpp,DepthAnythingV3-DA3METRIC-LARGE,10,calib,83.14,68.32
standard_benchmark,scannetpp,DepthAnythingV3-DA3METRIC-LARGE,11,calib,83.11,68.32
standard_benchmark,scannetpp,DepthAnythingV3-DA3METRIC-LARGE,12,calib,83.16,68.34
standard_benchmark,scannetpp,DepthAnythingV3-DA3METRIC-LARGE,13,calib,83.17,68.31
standard_benchmark,scannetpp,DepthAnythingV3-DA3METRIC-LARGE,14,calib,83.12,68.32
standard_benchmark,scannetpp,DepthAnythingV3-DA3METRIC-LARGE,15,calib,83.11,68.33
standard_benchmark,scannetpp,DepthAnythingV3-DA3METRIC-LARGE,16,calib,83.19,68.33
standard_benchmark,scannetpp,DepthAnythingV3-DA3METRIC-LARGE,17,calib,83.16,68.33
standard_benchmark,scannetpp,DepthAnythingV3-DA3METRIC-LARGE,18,calib,83.13,68.34
standard_benchmark,scannetpp,DepthAnythingV3-DA3METRIC-LARGE,19,calib,83.16,68.34
standard_benchmark,scannetpp,DepthAnythingV3-DA3MONO-LARGE,0,calib,60.98,66.39
standard_benchmark,scannetpp,DepthAnythingV3-DA3MONO-LARGE,1,calib,61.06,66.4
standard_benchmark,scannetpp,DepthAnythingV3-DA3MONO-LARGE,2,calib,61.06,66.39
standard_benchmark,scannetpp,DepthAnythingV3-DA3MONO-LARGE,3,calib,60.86,66.37
standard_benchmark,scannetpp,DepthAnythingV3-DA3MONO-LARGE,4,calib,61.23,66.38
standard_benchmark,scannetpp,DepthAnythingV3-DA3MONO-LARGE,5,calib,60.98,66.41
standard_benchmark,scannetpp,DepthAnythingV3-DA3MONO-LARGE,6,calib,60.94,66.35
standard_benchmark,scannetpp,DepthAnythingV3-DA3MONO-LARGE,7,calib,60.89,66.37
standard_benchmark,scannetpp,DepthAnythingV3-DA3MONO-LARGE,8,calib,60.9,66.4
standard_benchmark,scannetpp,DepthAnythingV3-DA3MONO-LARGE,9,calib,61.04,66.39
standard_benchmark,scannetpp,DepthAnythingV3-DA3MONO-LARGE,10,calib,61.14,66.45
standard_benchmark,scannetpp,DepthAnythingV3-DA3MONO-LARGE,11,calib,60.93,66.34
standard_benchmark,scannetpp,DepthAnythingV3-DA3MONO-LARGE,12,calib,61.14,66.4
standard_benchmark,scannetpp,DepthAnythingV3-DA3MONO-LARGE,13,calib,60.99,66.4
standard_benchmark,scannetpp,DepthAnythingV3-DA3MONO-LARGE,14,calib,61.01,66.4
standard_benchmark,scannetpp,DepthAnythingV3-DA3MONO-LARGE,15,calib,60.92,66.41
standard_benchmark,scannetpp,DepthAnythingV3-DA3MONO-LARGE,16,calib,61.18,66.43
standard_benchmark,scannetpp,DepthAnythingV3-DA3MONO-LARGE,17,calib,60.9,66.38
standard_benchmark,scannetpp,DepthAnythingV3-DA3MONO-LARGE,18,calib,61.09,66.38
standard_benchmark,scannetpp,DepthAnythingV3-DA3MONO-LARGE,19,calib,60.99,66.41
standard_benchmark,scannetpp,DepthAnythingV3Calib-DA3METRIC-LARGE,0,calib,83.21,68.32
standard_benchmark,scannetpp,DepthAnythingV3Calib-DA3METRIC-LARGE,1,calib,83.12,68.34
standard_benchmark,scannetpp,DepthAnythingV3Calib-DA3METRIC-LARGE,2,calib,83.21,68.32
standard_benchmark,scannetpp,DepthAnythingV3Calib-DA3METRIC-LARGE,3,calib,83.18,68.32
standard_benchmark,scannetpp,DepthAnythingV3Calib-DA3METRIC-LARGE,4,calib,83.16,68.32
standard_benchmark,scannetpp,DepthAnythingV3Calib-DA3METRIC-LARGE,5,calib,83.15,68.31
standard_benchmark,scannetpp,DepthAnythingV3Calib-DA3METRIC-LARGE,6,calib,83.18,68.34
standard_benchmark,scannetpp,DepthAnythingV3Calib-DA3METRIC-LARGE,7,calib,83.13,68.33
standard_benchmark,scannetpp,DepthAnythingV3Calib-DA3METRIC-LARGE,8,calib,83.13,68.31
standard_benchmark,scannetpp,DepthAnythingV3Calib-DA3METRIC-LARGE,9,calib,83.17,68.31
standard_benchmark,scannetpp,DepthAnythingV3Calib-DA3METRIC-LARGE,10,calib,83.14,68.32
standard_benchmark,scannetpp,DepthAnythingV3Calib-DA3METRIC-LARGE,11,calib,83.11,68.32
standard_benchmark,scannetpp,DepthAnythingV3Calib-DA3METRIC-LARGE,12,calib,83.16,68.34
standard_benchmark,scannetpp,DepthAnythingV3Calib-DA3METRIC-LARGE,13,calib,83.17,68.31
standard_benchmark,scannetpp,DepthAnythingV3Calib-DA3METRIC-LARGE,14,calib,83.12,68.32
standard_benchmark,scannetpp,DepthAnythingV3Calib-DA3METRIC-LARGE,15,calib,83.11,68.33
standard_benchmark,scannetpp,DepthAnythingV3Calib-DA3METRIC-LARGE,16,calib,83.19,68.33
standard_benchmark,scannetpp,DepthAnythingV3Calib-DA3METRIC-LARGE,17,calib,83.16,68.33
standard_benchmark,scannetpp,DepthAnythingV3Calib-DA3METRIC-LARGE,18,calib,83.13,68.34
standard_benchmark,scannetpp,DepthAnythingV3Calib-DA3METRIC-LARGE,19,calib,83.16,68.34
standard_benchmark,scannetpp,DepthAnythingV3Calib-DA3MONO-LARGE,0,calib,60.98,66.39
standard_benchmark,scannetpp,DepthAnythingV3Calib-DA3MONO-LARGE,1,calib,61.06,66.4
standard_benchmark,scannetpp,DepthAnythingV3Calib-DA3MONO-LARGE,2,calib,61.06,66.39
standard_benchmark,scannetpp,DepthAnythingV3Calib-DA3MONO-LARGE,3,calib,60.86,66.37
standard_benchmark,scannetpp,DepthAnythingV3Calib-DA3MONO-LARGE,4,calib,61.23,66.38
standard_benchmark,scannetpp,DepthAnythingV3Calib-DA3MONO-LARGE,5,calib,60.98,66.41
standard_benchmark,scannetpp,DepthAnythingV3Calib-DA3MONO-LARGE,6,calib,60.94,66.35
standard_benchmark,scannetpp,DepthAnythingV3Calib-DA3MONO-LARGE,7,calib,60.89,66.37
standard_benchmark,scannetpp,DepthAnythingV3Calib-DA3MONO-LARGE,8,calib,60.9,66.4
standard_benchmark,scannetpp,DepthAnythingV3Calib-DA3MONO-LARGE,9,calib,61.04,66.39
standard_benchmark,scannetpp,DepthAnythingV3Calib-DA3MONO-LARGE,10,calib,61.14,66.45
standard_benchmark,scannetpp,DepthAnythingV3Calib-DA3MONO-LARGE,11,calib,60.93,66.34
standard_benchmark,scannetpp,DepthAnythingV3Calib-DA3MONO-LARGE,12,calib,61.14,66.4
standard_benchmark,scannetpp,DepthAnythingV3Calib-DA3MONO-LARGE,13,calib,60.99,66.4
standard_benchmark,scannetpp,DepthAnythingV3Calib-DA3MONO-LARGE,14,calib,61.01,66.4
standard_benchmark,scannetpp,DepthAnythingV3Calib-DA3MONO-LARGE,15,calib,60.92,66.41
standard_benchmark,scannetpp,DepthAnythingV3Calib-DA3MONO-LARGE,16,calib,61.18,66.43
standard_benchmark,scannetpp,DepthAnythingV3Calib-DA3MONO-LARGE,17,calib,60.9,66.38
standard_benchmark,scannetpp,DepthAnythingV3Calib-DA3MONO-LARGE,18,calib,61.09,66.38
standard_benchmark,scannetpp,DepthAnythingV3Calib-DA3MONO-LARGE,19,calib,60.99,66.41
standard_benchmark,scannetpp,DepthPro-vitl,0,calib,80.54,68.15
standard_benchmark,scannetpp,DepthPro-vitl,1,calib,80.58,68.15
standard_benchmark,scannetpp,DepthPro-vitl,2,calib,80.47,68.14
standard_benchmark,scannetpp,DepthPro-vitl,3,calib,80.5,68.15
standard_benchmark,scannetpp,DepthPro-vitl,4,calib,80.58,68.15
standard_benchmark,scannetpp,DepthPro-vitl,5,calib,80.5,68.14
standard_benchmark,scannetpp,DepthPro-vitl,6,calib,80.63,68.17
standard_benchmark,scannetpp,DepthPro-vitl,7,calib,80.54,68.16
standard_benchmark,scannetpp,DepthPro-vitl,8,calib,80.65,68.15
standard_benchmark,scannetpp,DepthPro-vitl,9,calib,80.54,68.17
standard_benchmark,scannetpp,DepthPro-vitl,10,calib,80.62,68.15
standard_benchmark,scannetpp,DepthPro-vitl,11,calib,80.48,68.18
standard_benchmark,scannetpp,DepthPro-vitl,12,calib,80.54,68.15
standard_benchmark,scannetpp,DepthPro-vitl,13,calib,80.62,68.17
standard_benchmark,scannetpp,DepthPro-vitl,14,calib,80.58,68.17
standard_benchmark,scannetpp,DepthPro-vitl,15,calib,80.47,68.13
standard_benchmark,scannetpp,DepthPro-vitl,16,calib,80.53,68.15
standard_benchmark,scannetpp,DepthPro-vitl,17,calib,80.59,68.16
standard_benchmark,scannetpp,DepthPro-vitl,18,calib,80.58,68.14
standard_benchmark,scannetpp,DepthPro-vitl,19,calib,80.52,68.15
standard_benchmark,scannetpp,DepthProCalib-vitl,0,calib,80.59,68.14
standard_benchmark,scannetpp,DepthProCalib-vitl,1,calib,80.54,68.15
standard_benchmark,scannetpp,DepthProCalib-vitl,2,calib,80.44,68.14
standard_benchmark,scannetpp,DepthProCalib-vitl,3,calib,80.58,68.16
standard_benchmark,scannetpp,DepthProCalib-vitl,4,calib,80.61,68.14
standard_benchmark,scannetpp,DepthProCalib-vitl,5,calib,80.54,68.14
standard_benchmark,scannetpp,DepthProCalib-vitl,6,calib,80.55,68.16
standard_benchmark,scannetpp,DepthProCalib-vitl,7,calib,80.49,68.16
standard_benchmark,scannetpp,DepthProCalib-vitl,8,calib,80.63,68.15
standard_benchmark,scannetpp,DepthProCalib-vitl,9,calib,80.58,68.17
standard_benchmark,scannetpp,DepthProCalib-vitl,10,calib,80.57,68.15
standard_benchmark,scannetpp,DepthProCalib-vitl,11,calib,80.54,68.17
standard_benchmark,scannetpp,DepthProCalib-vitl,12,calib,80.54,68.14
standard_benchmark,scannetpp,DepthProCalib-vitl,13,calib,80.7,68.18
standard_benchmark,scannetpp,DepthProCalib-vitl,14,calib,80.53,68.17
standard_benchmark,scannetpp,DepthProCalib-vitl,15,calib,80.5,68.13
standard_benchmark,scannetpp,DepthProCalib-vitl,16,calib,80.6,68.14
standard_benchmark,scannetpp,DepthProCalib-vitl,17,calib,80.65,68.18
standard_benchmark,scannetpp,DepthProCalib-vitl,18,calib,80.57,68.15
standard_benchmark,scannetpp,DepthProCalib-vitl,19,calib,80.54,68.15
standard_benchmark,scannetpp,MapAnything-map-anything,0,calib,81.76,68.71
standard_benchmark,scannetpp,MapAnything-map-anything,1,calib,81.62,68.68
standard_benchmark,scannetpp,MapAnything-map-anything,2,calib,81.57,68.7
standard_benchmark,scannetpp,MapAnything-map-anything,3,calib,81.55,68.69
standard_benchmark,scannetpp,MapAnything-map-anything,4,calib,81.53,68.68
standard_benchmark,scannetpp,MapAnything-map-anything,5,calib,81.58,68.71
standard_benchmark,scannetpp,MapAnything-map-anything,6,calib,81.72,68.7
standard_benchmark,scannetpp,MapAnything-map-anything,7,calib,81.64,68.68
standard_benchmark,scannetpp,MapAnything-map-anything,8,calib,81.65,68.71
standard_benchmark,scannetpp,MapAnything-map-anything,9,calib,81.66,68.69
standard_benchmark,scannetpp,MapAnything-map-anything,10,calib,81.66,68.69
standard_benchmark,scannetpp,MapAnything-map-anything,11,calib,81.61,68.69
standard_benchmark,scannetpp,MapAnything-map-anything,12,calib,81.62,68.7
standard_benchmark,scannetpp,MapAnything-map-anything,13,calib,81.51,68.67
standard_benchmark,scannetpp,MapAnything-map-anything,14,calib,81.59,68.7
standard_benchmark,scannetpp,MapAnything-map-anything,15,calib,81.67,68.71
standard_benchmark,scannetpp,MapAnything-map-anything,16,calib,81.66,68.68
standard_benchmark,scannetpp,MapAnything-map-anything,17,calib,81.65,68.69
standard_benchmark,scannetpp,MapAnything-map-anything,18,calib,81.51,68.71
standard_benchmark,scannetpp,MapAnything-map-anything,19,calib,81.71,68.7
standard_benchmark,scannetpp,MapAnythingCalib-map-anything,0,calib,81.55,68.69
standard_benchmark,scannetpp,MapAnythingCalib-map-anything,1,calib,81.59,68.68
standard_benchmark,scannetpp,MapAnythingCalib-map-anything,2,calib,81.63,68.7
standard_benchmark,scannetpp,MapAnythingCalib-map-anything,3,calib,81.59,68.68
standard_benchmark,scannetpp,MapAnythingCalib-map-anything,4,calib,81.5,68.69
standard_benchmark,scannetpp,MapAnythingCalib-map-anything,5,calib,81.59,68.69
standard_benchmark,scannetpp,MapAnythingCalib-map-anything,6,calib,81.53,68.69
standard_benchmark,scannetpp,MapAnythingCalib-map-anything,7,calib,81.63,68.67
standard_benchmark,scannetpp,MapAnythingCalib-map-anything,8,calib,81.56,68.67
standard_benchmark,scannetpp,MapAnythingCalib-map-anything,9,calib,81.56,68.67
standard_benchmark,scannetpp,MapAnythingCalib-map-anything,10,calib,81.52,68.69
standard_benchmark,scannetpp,MapAnythingCalib-map-anything,11,calib,81.57,68.7
standard_benchmark,scannetpp,MapAnythingCalib-map-anything,12,calib,81.47,68.68
standard_benchmark,scannetpp,MapAnythingCalib-map-anything,13,calib,81.55,68.69
standard_benchmark,scannetpp,MapAnythingCalib-map-anything,14,calib,81.5,68.7
standard_benchmark,scannetpp,MapAnythingCalib-map-anything,15,calib,81.44,68.71
standard_benchmark,scannetpp,MapAnythingCalib-map-anything,16,calib,81.68,68.69
standard_benchmark,scannetpp,MapAnythingCalib-map-anything,17,calib,81.63,68.69
standard_benchmark,scannetpp,MapAnythingCalib-map-anything,18,calib,81.59,68.69
standard_benchmark,scannetpp,MapAnythingCalib-map-anything,19,calib,81.49,68.69
standard_benchmark,scannetpp,Metric3DV2-vit_giant2,0,calib,80.82,68.2
standard_benchmark,scannetpp,Metric3DV2-vit_giant2,1,calib,80.99,68.21
standard_benchmark,scannetpp,Metric3DV2-vit_giant2,2,calib,81.02,68.2
standard_benchmark,scannetpp,Metric3DV2-vit_giant2,3,calib,80.86,68.19
standard_benchmark,scannetpp,Metric3DV2-vit_giant2,4,calib,80.9,68.2
standard_benchmark,scannetpp,Metric3DV2-vit_giant2,5,calib,80.82,68.2
standard_benchmark,scannetpp,Metric3DV2-vit_giant2,6,calib,80.97,68.21
standard_benchmark,scannetpp,Metric3DV2-vit_giant2,7,calib,80.85,68.21
standard_benchmark,scannetpp,Metric3DV2-vit_giant2,8,calib,80.84,68.21
standard_benchmark,scannetpp,Metric3DV2-vit_giant2,9,calib,80.86,68.21
standard_benchmark,scannetpp,Metric3DV2-vit_giant2,10,calib,80.81,68.22
standard_benchmark,scannetpp,Metric3DV2-vit_giant2,11,calib,80.92,68.21
standard_benchmark,scannetpp,Metric3DV2-vit_giant2,12,calib,80.82,68.21
standard_benchmark,scannetpp,Metric3DV2-vit_giant2,13,calib,80.99,68.19
standard_benchmark,scannetpp,Metric3DV2-vit_giant2,14,calib,80.93,68.23
standard_benchmark,scannetpp,Metric3DV2-vit_giant2,15,calib,80.99,68.21
standard_benchmark,scannetpp,Metric3DV2-vit_giant2,16,calib,80.94,68.19
standard_benchmark,scannetpp,Metric3DV2-vit_giant2,17,calib,80.84,68.21
standard_benchmark,scannetpp,Metric3DV2-vit_giant2,18,calib,80.98,68.23
standard_benchmark,scannetpp,Metric3DV2-vit_giant2,19,calib,80.94,68.2
standard_benchmark,scannetpp,Metric3DV2-vit_large,0,calib,81.66,68.25
standard_benchmark,scannetpp,Metric3DV2-vit_large,1,calib,81.65,68.25
standard_benchmark,scannetpp,Metric3DV2-vit_large,2,calib,81.72,68.27
standard_benchmark,scannetpp,Metric3DV2-vit_large,3,calib,81.79,68.27
standard_benchmark,scannetpp,Metric3DV2-vit_large,4,calib,81.67,68.26
standard_benchmark,scannetpp,Metric3DV2-vit_large,5,calib,81.74,68.26
standard_benchmark,scannetpp,Metric3DV2-vit_large,6,calib,81.64,68.24
standard_benchmark,scannetpp,Metric3DV2-vit_large,7,calib,81.73,68.27
standard_benchmark,scannetpp,Metric3DV2-vit_large,8,calib,81.66,68.27
standard_benchmark,scannetpp,Metric3DV2-vit_large,9,calib,81.68,68.27
standard_benchmark,scannetpp,Metric3DV2-vit_large,10,calib,81.73,68.26
standard_benchmark,scannetpp,Metric3DV2-vit_large,11,calib,81.75,68.26
standard_benchmark,scannetpp,Metric3DV2-vit_large,12,calib,81.68,68.25
standard_benchmark,scannetpp,Metric3DV2-vit_large,13,calib,81.68,68.25
standard_benchmark,scannetpp,Metric3DV2-vit_large,14,calib,81.65,68.26
standard_benchmark,scannetpp,Metric3DV2-vit_large,15,calib,81.64,68.26
standard_benchmark,scannetpp,Metric3DV2-vit_large,16,calib,81.76,68.25
standard_benchmark,scannetpp,Metric3DV2-vit_large,17,calib,81.65,68.27
standard_benchmark,scannetpp,Metric3DV2-vit_large,18,calib,81.77,68.26
standard_benchmark,scannetpp,Metric3DV2-vit_large,19,calib,81.73,68.27
standard_benchmark,scannetpp,Metric3DV2-vit_small,0,calib,80.72,68.17
standard_benchmark,scannetpp,Metric3DV2-vit_small,1,calib,80.8,68.18
standard_benchmark,scannetpp,Metric3DV2-vit_small,2,calib,80.77,68.19
standard_benchmark,scannetpp,Metric3DV2-vit_small,3,calib,80.79,68.17
standard_benchmark,scannetpp,Metric3DV2-vit_small,4,calib,80.8,68.19
standard_benchmark,scannetpp,Metric3DV2-vit_small,5,calib,80.85,68.18
standard_benchmark,scannetpp,Metric3DV2-vit_small,6,calib,80.91,68.19
standard_benchmark,scannetpp,Metric3DV2-vit_small,7,calib,80.82,68.18
standard_benchmark,scannetpp,Metric3DV2-vit_small,8,calib,80.91,68.17
standard_benchmark,scannetpp,Metric3DV2-vit_small,9,calib,80.78,68.18
standard_benchmark,scannetpp,Metric3DV2-vit_small,10,calib,80.82,68.18
standard_benchmark,scannetpp,Metric3DV2-vit_small,11,calib,80.85,68.2
standard_benchmark,scannetpp,Metric3DV2-vit_small,12,calib,80.76,68.17
standard_benchmark,scannetpp,Metric3DV2-vit_small,13,calib,80.91,68.17
standard_benchmark,scannetpp,Metric3DV2-vit_small,14,calib,80.71,68.17
standard_benchmark,scannetpp,Metric3DV2-vit_small,15,calib,80.86,68.18
standard_benchmark,scannetpp,Metric3DV2-vit_small,16,calib,80.87,68.19
standard_benchmark,scannetpp,Metric3DV2-vit_small,17,calib,80.81,68.17
standard_benchmark,scannetpp,Metric3DV2-vit_small,18,calib,80.9,68.18
standard_benchmark,scannetpp,Metric3DV2-vit_small,19,calib,80.88,68.16
standard_benchmark,scannetpp,Metric3DV2Calib-vit_giant2,0,calib,80.84,68.2
standard_benchmark,scannetpp,Metric3DV2Calib-vit_giant2,1,calib,80.92,68.2
standard_benchmark,scannetpp,Metric3DV2Calib-vit_giant2,2,calib,81.01,68.21
standard_benchmark,scannetpp,Metric3DV2Calib-vit_giant2,3,calib,80.94,68.22
standard_benchmark,scannetpp,Metric3DV2Calib-vit_giant2,4,calib,80.94,68.2
standard_benchmark,scannetpp,Metric3DV2Calib-vit_giant2,5,calib,80.84,68.21
standard_benchmark,scannetpp,Metric3DV2Calib-vit_giant2,6,calib,80.99,68.22
standard_benchmark,scannetpp,Metric3DV2Calib-vit_giant2,7,calib,80.78,68.21
standard_benchmark,scannetpp,Metric3DV2Calib-vit_giant2,8,calib,80.89,68.21
standard_benchmark,scannetpp,Metric3DV2Calib-vit_giant2,9,calib,80.9,68.21
standard_benchmark,scannetpp,Metric3DV2Calib-vit_giant2,10,calib,80.76,68.22
standard_benchmark,scannetpp,Metric3DV2Calib-vit_giant2,11,calib,80.91,68.23
standard_benchmark,scannetpp,Metric3DV2Calib-vit_giant2,12,calib,80.87,68.21
standard_benchmark,scannetpp,Metric3DV2Calib-vit_giant2,13,calib,80.98,68.2
standard_benchmark,scannetpp,Metric3DV2Calib-vit_giant2,14,calib,80.93,68.22
standard_benchmark,scannetpp,Metric3DV2Calib-vit_giant2,15,calib,81.01,68.21
standard_benchmark,scannetpp,Metric3DV2Calib-vit_giant2,16,calib,80.91,68.18
standard_benchmark,scannetpp,Metric3DV2Calib-vit_giant2,17,calib,80.9,68.21
standard_benchmark,scannetpp,Metric3DV2Calib-vit_giant2,18,calib,80.94,68.22
standard_benchmark,scannetpp,Metric3DV2Calib-vit_giant2,19,calib,80.96,68.21
standard_benchmark,scannetpp,Metric3DV2Calib-vit_large,0,calib,81.65,68.26
standard_benchmark,scannetpp,Metric3DV2Calib-vit_large,1,calib,81.71,68.27
standard_benchmark,scannetpp,Metric3DV2Calib-vit_large,2,calib,81.74,68.27
standard_benchmark,scannetpp,Metric3DV2Calib-vit_large,3,calib,81.78,68.26
standard_benchmark,scannetpp,Metric3DV2Calib-vit_large,4,calib,81.72,68.26
standard_benchmark,scannetpp,Metric3DV2Calib-vit_large,5,calib,81.7,68.25
standard_benchmark,scannetpp,Metric3DV2Calib-vit_large,6,calib,81.62,68.25
standard_benchmark,scannetpp,Metric3DV2Calib-vit_large,7,calib,81.72,68.25
standard_benchmark,scannetpp,Metric3DV2Calib-vit_large,8,calib,81.69,68.27
standard_benchmark,scannetpp,Metric3DV2Calib-vit_large,9,calib,81.68,68.28
standard_benchmark,scannetpp,Metric3DV2Calib-vit_large,10,calib,81.67,68.25
standard_benchmark,scannetpp,Metric3DV2Calib-vit_large,11,calib,81.74,68.27
standard_benchmark,scannetpp,Metric3DV2Calib-vit_large,12,calib,81.62,68.25
standard_benchmark,scannetpp,Metric3DV2Calib-vit_large,13,calib,81.7,68.26
standard_benchmark,scannetpp,Metric3DV2Calib-vit_large,14,calib,81.59,68.26
standard_benchmark,scannetpp,Metric3DV2Calib-vit_large,15,calib,81.66,68.27
standard_benchmark,scannetpp,Metric3DV2Calib-vit_large,16,calib,81.72,68.26
standard_benchmark,scannetpp,Metric3DV2Calib-vit_large,17,calib,81.59,68.27
standard_benchmark,scannetpp,Metric3DV2Calib-vit_large,18,calib,81.66,68.25
standard_benchmark,scannetpp,Metric3DV2Calib-vit_large,19,calib,81.74,68.28
standard_benchmark,scannetpp,Metric3DV2Calib-vit_small,0,calib,80.71,68.18
standard_benchmark,scannetpp,Metric3DV2Calib-vit_small,1,calib,80.79,68.18
standard_benchmark,scannetpp,Metric3DV2Calib-vit_small,2,calib,80.75,68.19
standard_benchmark,scannetpp,Metric3DV2Calib-vit_small,3,calib,80.85,68.18
standard_benchmark,scannetpp,Metric3DV2Calib-vit_small,4,calib,80.77,68.17
standard_benchmark,scannetpp,Metric3DV2Calib-vit_small,5,calib,80.77,68.17
standard_benchmark,scannetpp,Metric3DV2Calib-vit_small,6,calib,80.87,68.19
standard_benchmark,scannetpp,Metric3DV2Calib-vit_small,7,calib,80.82,68.16
standard_benchmark,scannetpp,Metric3DV2Calib-vit_small,8,calib,80.87,68.17
standard_benchmark,scannetpp,Metric3DV2Calib-vit_small,9,calib,80.7,68.19
standard_benchmark,scannetpp,Metric3DV2Calib-vit_small,10,calib,80.88,68.19
standard_benchmark,scannetpp,Metric3DV2Calib-vit_small,11,calib,80.8,68.19
standard_benchmark,scannetpp,Metric3DV2Calib-vit_small,12,calib,80.75,68.18
standard_benchmark,scannetpp,Metric3DV2Calib-vit_small,13,calib,80.94,68.18
standard_benchmark,scannetpp,Metric3DV2Calib-vit_small,14,calib,80.7,68.17
standard_benchmark,scannetpp,Metric3DV2Calib-vit_small,15,calib,80.86,68.19
standard_benchmark,scannetpp,Metric3DV2Calib-vit_small,16,calib,80.79,68.16
standard_benchmark,scannetpp,Metric3DV2Calib-vit_small,17,calib,80.84,68.19
standard_benchmark,scannetpp,Metric3DV2Calib-vit_small,18,calib,80.8,68.19
standard_benchmark,scannetpp,Metric3DV2Calib-vit_small,19,calib,80.89,68.18
standard_benchmark,scannetpp,MoGeV1-moge-vitl,0,calib,83.02,68.32
standard_benchmark,scannetpp,MoGeV1-moge-vitl,1,calib,83.08,68.31
standard_benchmark,scannetpp,MoGeV1-moge-vitl,2,calib,83.03,68.32
standard_benchmark,scannetpp,MoGeV1-moge-vitl,3,calib,83.06,68.32
standard_benchmark,scannetpp,MoGeV1-moge-vitl,4,calib,83.09,68.32
standard_benchmark,scannetpp,MoGeV1-moge-vitl,5,calib,82.93,68.28
standard_benchmark,scannetpp,MoGeV1-moge-vitl,6,calib,83.09,68.32
standard_benchmark,scannetpp,MoGeV1-moge-vitl,7,calib,83.12,68.33
standard_benchmark,scannetpp,MoGeV1-moge-vitl,8,calib,83.07,68.31
standard_benchmark,scannetpp,MoGeV1-moge-vitl,9,calib,83.0,68.29
standard_benchmark,scannetpp,MoGeV1-moge-vitl,10,calib,83.06,68.31
standard_benchmark,scannetpp,MoGeV1-moge-vitl,11,calib,83.2,68.33
standard_benchmark,scannetpp,MoGeV1-moge-vitl,12,calib,82.98,68.3
standard_benchmark,scannetpp,MoGeV1-moge-vitl,13,calib,83.04,68.32
standard_benchmark,scannetpp,MoGeV1-moge-vitl,14,calib,83.03,68.33
standard_benchmark,scannetpp,MoGeV1-moge-vitl,15,calib,82.99,68.34
standard_benchmark,scannetpp,MoGeV1-moge-vitl,16,calib,83.01,68.31
standard_benchmark,scannetpp,MoGeV1-moge-vitl,17,calib,83.01,68.3
standard_benchmark,scannetpp,MoGeV1-moge-vitl,18,calib,83.08,68.32
standard_benchmark,scannetpp,MoGeV1-moge-vitl,19,calib,83.06,68.33
standard_benchmark,scannetpp,MoGeV1Calib-moge-vitl,0,calib,83.55,68.38
standard_benchmark,scannetpp,MoGeV1Calib-moge-vitl,1,calib,83.49,68.4
standard_benchmark,scannetpp,MoGeV1Calib-moge-vitl,2,calib,83.45,68.39
standard_benchmark,scannetpp,MoGeV1Calib-moge-vitl,3,calib,83.47,68.39
standard_benchmark,scannetpp,MoGeV1Calib-moge-vitl,4,calib,83.57,68.39
standard_benchmark,scannetpp,MoGeV1Calib-moge-vitl,5,calib,83.47,68.37
standard_benchmark,scannetpp,MoGeV1Calib-moge-vitl,6,calib,83.5,68.39
standard_benchmark,scannetpp,MoGeV1Calib-moge-vitl,7,calib,83.53,68.38
standard_benchmark,scannetpp,MoGeV1Calib-moge-vitl,8,calib,83.55,68.39
standard_benchmark,scannetpp,MoGeV1Calib-moge-vitl,9,calib,83.46,68.39
standard_benchmark,scannetpp,MoGeV1Calib-moge-vitl,10,calib,83.56,68.39
standard_benchmark,scannetpp,MoGeV1Calib-moge-vitl,11,calib,83.51,68.4
standard_benchmark,scannetpp,MoGeV1Calib-moge-vitl,12,calib,83.5,68.38
standard_benchmark,scannetpp,MoGeV1Calib-moge-vitl,13,calib,83.56,68.39
standard_benchmark,scannetpp,MoGeV1Calib-moge-vitl,14,calib,83.56,68.39
standard_benchmark,scannetpp,MoGeV1Calib-moge-vitl,15,calib,83.54,68.41
standard_benchmark,scannetpp,MoGeV1Calib-moge-vitl,16,calib,83.48,68.38
standard_benchmark,scannetpp,MoGeV1Calib-moge-vitl,17,calib,83.46,68.38
standard_benchmark,scannetpp,MoGeV1Calib-moge-vitl,18,calib,83.55,68.39
standard_benchmark,scannetpp,MoGeV1Calib-moge-vitl,19,calib,83.61,68.39
standard_benchmark,scannetpp,MoGeV2-moge-2-vitl,0,calib,85.24,68.53
standard_benchmark,scannetpp,MoGeV2-moge-2-vitl,1,calib,85.3,68.52
standard_benchmark,scannetpp,MoGeV2-moge-2-vitl,2,calib,85.29,68.51
standard_benchmark,scannetpp,MoGeV2-moge-2-vitl,3,calib,85.36,68.51
standard_benchmark,scannetpp,MoGeV2-moge-2-vitl,4,calib,85.32,68.51
standard_benchmark,scannetpp,MoGeV2-moge-2-vitl,5,calib,85.32,68.51
standard_benchmark,scannetpp,MoGeV2-moge-2-vitl,6,calib,85.34,68.53
standard_benchmark,scannetpp,MoGeV2-moge-2-vitl,7,calib,85.23,68.51
standard_benchmark,scannetpp,MoGeV2-moge-2-vitl,8,calib,85.24,68.52
standard_benchmark,scannetpp,MoGeV2-moge-2-vitl,9,calib,85.33,68.52
standard_benchmark,scannetpp,MoGeV2-moge-2-vitl,10,calib,85.29,68.51
standard_benchmark,scannetpp,MoGeV2-moge-2-vitl,11,calib,85.28,68.5
standard_benchmark,scannetpp,MoGeV2-moge-2-vitl,12,calib,85.29,68.51
standard_benchmark,scannetpp,MoGeV2-moge-2-vitl,13,calib,85.3,68.53
standard_benchmark,scannetpp,MoGeV2-moge-2-vitl,14,calib,85.26,68.52
standard_benchmark,scannetpp,MoGeV2-moge-2-vitl,15,calib,85.38,68.52
standard_benchmark,scannetpp,MoGeV2-moge-2-vitl,16,calib,85.34,68.5
standard_benchmark,scannetpp,MoGeV2-moge-2-vitl,17,calib,85.28,68.51
standard_benchmark,scannetpp,MoGeV2-moge-2-vitl,18,calib,85.25,68.51
standard_benchmark,scannetpp,MoGeV2-moge-2-vitl,19,calib,85.29,68.52
standard_benchmark,scannetpp,MoGeV2Calib-moge-2-vitl,0,calib,85.48,68.56
standard_benchmark,scannetpp,MoGeV2Calib-moge-2-vitl,1,calib,85.47,68.54
standard_benchmark,scannetpp,MoGeV2Calib-moge-2-vitl,2,calib,85.47,68.54
standard_benchmark,scannetpp,MoGeV2Calib-moge-2-vitl,3,calib,85.45,68.54
standard_benchmark,scannetpp,MoGeV2Calib-moge-2-vitl,4,calib,85.46,68.53
standard_benchmark,scannetpp,MoGeV2Calib-moge-2-vitl,5,calib,85.51,68.53
standard_benchmark,scannetpp,MoGeV2Calib-moge-2-vitl,6,calib,85.53,68.54
standard_benchmark,scannetpp,MoGeV2Calib-moge-2-vitl,7,calib,85.41,68.54
standard_benchmark,scannetpp,MoGeV2Calib-moge-2-vitl,8,calib,85.37,68.52
standard_benchmark,scannetpp,MoGeV2Calib-moge-2-vitl,9,calib,85.42,68.54
standard_benchmark,scannetpp,MoGeV2Calib-moge-2-vitl,10,calib,85.46,68.54
standard_benchmark,scannetpp,MoGeV2Calib-moge-2-vitl,11,calib,85.43,68.54
standard_benchmark,scannetpp,MoGeV2Calib-moge-2-vitl,12,calib,85.42,68.54
standard_benchmark,scannetpp,MoGeV2Calib-moge-2-vitl,13,calib,85.48,68.54
standard_benchmark,scannetpp,MoGeV2Calib-moge-2-vitl,14,calib,85.43,68.53
standard_benchmark,scannetpp,MoGeV2Calib-moge-2-vitl,15,calib,85.52,68.53
standard_benchmark,scannetpp,MoGeV2Calib-moge-2-vitl,16,calib,85.47,68.53
standard_benchmark,scannetpp,MoGeV2Calib-moge-2-vitl,17,calib,85.46,68.55
standard_benchmark,scannetpp,MoGeV2Calib-moge-2-vitl,18,calib,85.36,68.53
standard_benchmark,scannetpp,MoGeV2Calib-moge-2-vitl,19,calib,85.46,68.52
standard_benchmark,scannetpp,Pi3-Pi3X,0,calib,84.44,68.46
standard_benchmark,scannetpp,Pi3-Pi3X,1,calib,84.59,68.46
standard_benchmark,scannetpp,Pi3-Pi3X,2,calib,84.61,68.47
standard_benchmark,scannetpp,Pi3-Pi3X,3,calib,84.59,68.47
standard_benchmark,scannetpp,Pi3-Pi3X,4,calib,84.62,68.47
standard_benchmark,scannetpp,Pi3-Pi3X,5,calib,84.51,68.47
standard_benchmark,scannetpp,Pi3-Pi3X,6,calib,84.58,68.47
standard_benchmark,scannetpp,Pi3-Pi3X,7,calib,84.54,68.46
standard_benchmark,scannetpp,Pi3-Pi3X,8,calib,84.59,68.49
standard_benchmark,scannetpp,Pi3-Pi3X,9,calib,84.63,68.46
standard_benchmark,scannetpp,Pi3-Pi3X,10,calib,84.56,68.47
standard_benchmark,scannetpp,Pi3-Pi3X,11,calib,84.52,68.47
standard_benchmark,scannetpp,Pi3-Pi3X,12,calib,84.56,68.48
standard_benchmark,scannetpp,Pi3-Pi3X,13,calib,84.6,68.48
standard_benchmark,scannetpp,Pi3-Pi3X,14,calib,84.49,68.47
standard_benchmark,scannetpp,Pi3-Pi3X,15,calib,84.61,68.49
standard_benchmark,scannetpp,Pi3-Pi3X,16,calib,84.57,68.46
standard_benchmark,scannetpp,Pi3-Pi3X,17,calib,84.53,68.48
standard_benchmark,scannetpp,Pi3-Pi3X,18,calib,84.61,68.49
standard_benchmark,scannetpp,Pi3-Pi3X,19,calib,84.58,68.47
standard_benchmark,scannetpp,Pi3Calib-Pi3X,0,calib,85.0,68.51
standard_benchmark,scannetpp,Pi3Calib-Pi3X,1,calib,85.04,68.52
standard_benchmark,scannetpp,Pi3Calib-Pi3X,2,calib,85.12,68.52
standard_benchmark,scannetpp,Pi3Calib-Pi3X,3,calib,85.07,68.52
standard_benchmark,scannetpp,Pi3Calib-Pi3X,4,calib,85.1,68.51
standard_benchmark,scannetpp,Pi3Calib-Pi3X,5,calib,85.08,68.51
standard_benchmark,scannetpp,Pi3Calib-Pi3X,6,calib,85.11,68.53
standard_benchmark,scannetpp,Pi3Calib-Pi3X,7,calib,85.0,68.52
standard_benchmark,scannetpp,Pi3Calib-Pi3X,8,calib,85.03,68.52
standard_benchmark,scannetpp,Pi3Calib-Pi3X,9,calib,85.13,68.53
standard_benchmark,scannetpp,Pi3Calib-Pi3X,10,calib,85.02,68.51
standard_benchmark,scannetpp,Pi3Calib-Pi3X,11,calib,84.98,68.52
standard_benchmark,scannetpp,Pi3Calib-Pi3X,12,calib,84.98,68.52
standard_benchmark,scannetpp,Pi3Calib-Pi3X,13,calib,85.12,68.52
standard_benchmark,scannetpp,Pi3Calib-Pi3X,14,calib,85.02,68.53
standard_benchmark,scannetpp,Pi3Calib-Pi3X,15,calib,85.04,68.52
standard_benchmark,scannetpp,Pi3Calib-Pi3X,16,calib,85.09,68.51
standard_benchmark,scannetpp,Pi3Calib-Pi3X,17,calib,84.97,68.52
standard_benchmark,scannetpp,Pi3Calib-Pi3X,18,calib,85.06,68.53
standard_benchmark,scannetpp,Pi3Calib-Pi3X,19,calib,85.15,68.52
standard_benchmark,scannetpp,UniDepth1-cnvnxtl,0,calib,78.71,68.05
standard_benchmark,scannetpp,UniDepth1-cnvnxtl,1,calib,78.54,68.01
standard_benchmark,scannetpp,UniDepth1-cnvnxtl,2,calib,78.66,68.04
standard_benchmark,scannetpp,UniDepth1-cnvnxtl,3,calib,78.57,68.02
standard_benchmark,scannetpp,UniDepth1-cnvnxtl,4,calib,78.7,68.02
standard_benchmark,scannetpp,UniDepth1-cnvnxtl,5,calib,78.57,68.03
standard_benchmark,scannetpp,UniDepth1-cnvnxtl,6,calib,78.52,68.0
standard_benchmark,scannetpp,UniDepth1-cnvnxtl,7,calib,78.74,68.02
standard_benchmark,scannetpp,UniDepth1-cnvnxtl,8,calib,78.61,68.05
standard_benchmark,scannetpp,UniDepth1-cnvnxtl,9,calib,78.68,68.04
standard_benchmark,scannetpp,UniDepth1-cnvnxtl,10,calib,78.53,68.01
standard_benchmark,scannetpp,UniDepth1-cnvnxtl,11,calib,78.63,68.02
standard_benchmark,scannetpp,UniDepth1-cnvnxtl,12,calib,78.69,68.02
standard_benchmark,scannetpp,UniDepth1-cnvnxtl,13,calib,78.67,68.02
standard_benchmark,scannetpp,UniDepth1-cnvnxtl,14,calib,78.72,68.04
standard_benchmark,scannetpp,UniDepth1-cnvnxtl,15,calib,78.65,68.02
standard_benchmark,scannetpp,UniDepth1-cnvnxtl,16,calib,78.68,68.01
standard_benchmark,scannetpp,UniDepth1-cnvnxtl,17,calib,78.64,68.05
standard_benchmark,scannetpp,UniDepth1-cnvnxtl,18,calib,78.52,68.03
standard_benchmark,scannetpp,UniDepth1-cnvnxtl,19,calib,78.69,68.02
standard_benchmark,scannetpp,UniDepth1-vitl14,0,calib,79.59,68.05
standard_benchmark,scannetpp,UniDepth1-vitl14,1,calib,79.78,68.05
standard_benchmark,scannetpp,UniDepth1-vitl14,2,calib,79.69,68.06
standard_benchmark,scannetpp,UniDepth1-vitl14,3,calib,79.56,68.04
standard_benchmark,scannetpp,UniDepth1-vitl14,4,calib,79.69,68.06
standard_benchmark,scannetpp,UniDepth1-vitl14,5,calib,79.68,68.08
standard_benchmark,scannetpp,UniDepth1-vitl14,6,calib,79.74,68.06
standard_benchmark,scannetpp,UniDepth1-vitl14,7,calib,79.65,68.08
standard_benchmark,scannetpp,UniDepth1-vitl14,8,calib,79.73,68.06
standard_benchmark,scannetpp,UniDepth1-vitl14,9,calib,79.74,68.07
standard_benchmark,scannetpp,UniDepth1-vitl14,10,calib,79.69,68.06
standard_benchmark,scannetpp,UniDepth1-vitl14,11,calib,79.75,68.06
standard_benchmark,scannetpp,UniDepth1-vitl14,12,calib,79.69,68.05
standard_benchmark,scannetpp,UniDepth1-vitl14,13,calib,79.72,68.08
standard_benchmark,scannetpp,UniDepth1-vitl14,14,calib,79.62,68.07
standard_benchmark,scannetpp,UniDepth1-vitl14,15,calib,79.73,68.06
standard_benchmark,scannetpp,UniDepth1-vitl14,16,calib,79.67,68.05
standard_benchmark,scannetpp,UniDepth1-vitl14,17,calib,79.67,68.05
standard_benchmark,scannetpp,UniDepth1-vitl14,18,calib,79.72,68.07
standard_benchmark,scannetpp,UniDepth1-vitl14,19,calib,79.78,68.06
standard_benchmark,scannetpp,UniDepth1Calib-cnvnxtl,0,calib,79.01,68.08
standard_benchmark,scannetpp,UniDepth1Calib-cnvnxtl,1,calib,78.95,68.03
standard_benchmark,scannetpp,UniDepth1Calib-cnvnxtl,2,calib,79.03,68.1
standard_benchmark,scannetpp,UniDepth1Calib-cnvnxtl,3,calib,78.8,68.07
standard_benchmark,scannetpp,UniDepth1Calib-cnvnxtl,4,calib,79.02,68.05
standard_benchmark,scannetpp,UniDepth1Calib-cnvnxtl,5,calib,78.9,68.08
standard_benchmark,scannetpp,UniDepth1Calib-cnvnxtl,6,calib,78.94,68.06
standard_benchmark,scannetpp,UniDepth1Calib-cnvnxtl,7,calib,78.93,68.06
standard_benchmark,scannetpp,UniDepth1Calib-cnvnxtl,8,calib,78.9,68.08
standard_benchmark,scannetpp,UniDepth1Calib-cnvnxtl,9,calib,78.89,68.05
standard_benchmark,scannetpp,UniDepth1Calib-cnvnxtl,10,calib,78.91,68.05
standard_benchmark,scannetpp,UniDepth1Calib-cnvnxtl,11,calib,78.89,68.08
standard_benchmark,scannetpp,UniDepth1Calib-cnvnxtl,12,calib,79.0,68.07
standard_benchmark,scannetpp,UniDepth1Calib-cnvnxtl,13,calib,79.11,68.1
standard_benchmark,scannetpp,UniDepth1Calib-cnvnxtl,14,calib,79.0,68.07
standard_benchmark,scannetpp,UniDepth1Calib-cnvnxtl,15,calib,78.95,68.08
standard_benchmark,scannetpp,UniDepth1Calib-cnvnxtl,16,calib,79.02,68.07
standard_benchmark,scannetpp,UniDepth1Calib-cnvnxtl,17,calib,78.91,68.05
standard_benchmark,scannetpp,UniDepth1Calib-cnvnxtl,18,calib,78.89,68.06
standard_benchmark,scannetpp,UniDepth1Calib-cnvnxtl,19,calib,79.11,68.11
standard_benchmark,scannetpp,UniDepth1Calib-vitl14,0,calib,80.1,68.13
standard_benchmark,scannetpp,UniDepth1Calib-vitl14,1,calib,80.11,68.12
standard_benchmark,scannetpp,UniDepth1Calib-vitl14,2,calib,80.03,68.1
standard_benchmark,scannetpp,UniDepth1Calib-vitl14,3,calib,80.01,68.11
standard_benchmark,scannetpp,UniDepth1Calib-vitl14,4,calib,80.15,68.14
standard_benchmark,scannetpp,UniDepth1Calib-vitl14,5,calib,80.15,68.14
standard_benchmark,scannetpp,UniDepth1Calib-vitl14,6,calib,80.2,68.11
standard_benchmark,scannetpp,UniDepth1Calib-vitl14,7,calib,80.08,68.12
standard_benchmark,scannetpp,UniDepth1Calib-vitl14,8,calib,80.08,68.11
standard_benchmark,scannetpp,UniDepth1Calib-vitl14,9,calib,80.15,68.11
standard_benchmark,scannetpp,UniDepth1Calib-vitl14,10,calib,80.24,68.15
standard_benchmark,scannetpp,UniDepth1Calib-vitl14,11,calib,80.16,68.12
standard_benchmark,scannetpp,UniDepth1Calib-vitl14,12,calib,80.05,68.12
standard_benchmark,scannetpp,UniDepth1Calib-vitl14,13,calib,80.14,68.12
standard_benchmark,scannetpp,UniDepth1Calib-vitl14,14,calib,80.02,68.14
standard_benchmark,scannetpp,UniDepth1Calib-vitl14,15,calib,80.16,68.12
standard_benchmark,scannetpp,UniDepth1Calib-vitl14,16,calib,80.16,68.13
standard_benchmark,scannetpp,UniDepth1Calib-vitl14,17,calib,80.01,68.11
standard_benchmark,scannetpp,UniDepth1Calib-vitl14,18,calib,80.1,68.12
standard_benchmark,scannetpp,UniDepth1Calib-vitl14,19,calib,80.15,68.12
standard_benchmark,scannetpp,UniDepth2-vitb14,0,calib,83.73,68.37
standard_benchmark,scannetpp,UniDepth2-vitb14,1,calib,83.74,68.39
standard_benchmark,scannetpp,UniDepth2-vitb14,2,calib,83.8,68.39
standard_benchmark,scannetpp,UniDepth2-vitb14,3,calib,83.71,68.38
standard_benchmark,scannetpp,UniDepth2-vitb14,4,calib,83.74,68.38
standard_benchmark,scannetpp,UniDepth2-vitb14,5,calib,83.78,68.38
standard_benchmark,scannetpp,UniDepth2-vitb14,6,calib,83.8,68.4
standard_benchmark,scannetpp,UniDepth2-vitb14,7,calib,83.8,68.4
standard_benchmark,scannetpp,UniDepth2-vitb14,8,calib,83.71,68.39
standard_benchmark,scannetpp,UniDepth2-vitb14,9,calib,83.74,68.4
standard_benchmark,scannetpp,UniDepth2-vitb14,10,calib,83.77,68.38
standard_benchmark,scannetpp,UniDepth2-vitb14,11,calib,83.79,68.39
standard_benchmark,scannetpp,UniDepth2-vitb14,12,calib,83.67,68.39
standard_benchmark,scannetpp,UniDepth2-vitb14,13,calib,83.75,68.39
standard_benchmark,scannetpp,UniDepth2-vitb14,14,calib,83.71,68.4
standard_benchmark,scannetpp,UniDepth2-vitb14,15,calib,83.78,68.39
standard_benchmark,scannetpp,UniDepth2-vitb14,16,calib,83.78,68.4
standard_benchmark,scannetpp,UniDepth2-vitb14,17,calib,83.66,68.4
standard_benchmark,scannetpp,UniDepth2-vitb14,18,calib,83.83,68.4
standard_benchmark,scannetpp,UniDepth2-vitb14,19,calib,83.7,68.39
standard_benchmark,scannetpp,UniDepth2-vitl14,0,calib,85.09,68.48
standard_benchmark,scannetpp,UniDepth2-vitl14,1,calib,85.12,68.5
standard_benchmark,scannetpp,UniDepth2-vitl14,2,calib,85.07,68.5
standard_benchmark,scannetpp,UniDepth2-vitl14,3,calib,85.12,68.5
standard_benchmark,scannetpp,UniDepth2-vitl14,4,calib,85.08,68.48
standard_benchmark,scannetpp,UniDepth2-vitl14,5,calib,85.08,68.49
standard_benchmark,scannetpp,UniDepth2-vitl14,6,calib,85.06,68.48
standard_benchmark,scannetpp,UniDepth2-vitl14,7,calib,85.05,68.48
standard_benchmark,scannetpp,UniDepth2-vitl14,8,calib,85.11,68.48
standard_benchmark,scannetpp,UniDepth2-vitl14,9,calib,85.13,68.49
standard_benchmark,scannetpp,UniDepth2-vitl14,10,calib,85.16,68.49
standard_benchmark,scannetpp,UniDepth2-vitl14,11,calib,85.07,68.48
standard_benchmark,scannetpp,UniDepth2-vitl14,12,calib,85.02,68.47
standard_benchmark,scannetpp,UniDepth2-vitl14,13,calib,85.14,68.47
standard_benchmark,scannetpp,UniDepth2-vitl14,14,calib,85.06,68.48
standard_benchmark,scannetpp,UniDepth2-vitl14,15,calib,85.14,68.48
standard_benchmark,scannetpp,UniDepth2-vitl14,16,calib,85.12,68.48
standard_benchmark,scannetpp,UniDepth2-vitl14,17,calib,85.02,68.47
standard_benchmark,scannetpp,UniDepth2-vitl14,18,calib,85.08,68.48
standard_benchmark,scannetpp,UniDepth2-vitl14,19,calib,85.06,68.47
standard_benchmark,scannetpp,UniDepth2-vits14,0,calib,81.52,68.2
standard_benchmark,scannetpp,UniDepth2-vits14,1,calib,81.51,68.22
standard_benchmark,scannetpp,UniDepth2-vits14,2,calib,81.62,68.23
standard_benchmark,scannetpp,UniDepth2-vits14,3,calib,81.59,68.23
standard_benchmark,scannetpp,UniDepth2-vits14,4,calib,81.59,68.19
standard_benchmark,scannetpp,UniDepth2-vits14,5,calib,81.58,68.22
standard_benchmark,scannetpp,UniDepth2-vits14,6,calib,81.56,68.2
standard_benchmark,scannetpp,UniDepth2-vits14,7,calib,81.59,68.21
standard_benchmark,scannetpp,UniDepth2-vits14,8,calib,81.5,68.23
standard_benchmark,scannetpp,UniDepth2-vits14,9,calib,81.49,68.23
standard_benchmark,scannetpp,UniDepth2-vits14,10,calib,81.67,68.22
standard_benchmark,scannetpp,UniDepth2-vits14,11,calib,81.51,68.23
standard_benchmark,scannetpp,UniDepth2-vits14,12,calib,81.63,68.23
standard_benchmark,scannetpp,UniDepth2-vits14,13,calib,81.58,68.23
standard_benchmark,scannetpp,UniDepth2-vits14,14,calib,81.52,68.22
standard_benchmark,scannetpp,UniDepth2-vits14,15,calib,81.38,68.22
standard_benchmark,scannetpp,UniDepth2-vits14,16,calib,81.43,68.19
standard_benchmark,scannetpp,UniDepth2-vits14,17,calib,81.55,68.22
standard_benchmark,scannetpp,UniDepth2-vits14,18,calib,81.51,68.19
standard_benchmark,scannetpp,UniDepth2-vits14,19,calib,81.51,68.21
standard_benchmark,scannetpp,UniDepth2Calib-vitb14,0,calib,83.77,68.39
standard_benchmark,scannetpp,UniDepth2Calib-vitb14,1,calib,83.83,68.4
standard_benchmark,scannetpp,UniDepth2Calib-vitb14,2,calib,83.77,68.38
standard_benchmark,scannetpp,UniDepth2Calib-vitb14,3,calib,83.73,68.38
standard_benchmark,scannetpp,UniDepth2Calib-vitb14,4,calib,83.77,68.38
standard_benchmark,scannetpp,UniDepth2Calib-vitb14,5,calib,83.76,68.39
standard_benchmark,scannetpp,UniDepth2Calib-vitb14,6,calib,83.76,68.41
standard_benchmark,scannetpp,UniDepth2Calib-vitb14,7,calib,83.77,68.38
standard_benchmark,scannetpp,UniDepth2Calib-vitb14,8,calib,83.71,68.39
standard_benchmark,scannetpp,UniDepth2Calib-vitb14,9,calib,83.75,68.38
standard_benchmark,scannetpp,UniDepth2Calib-vitb14,10,calib,83.81,68.39
standard_benchmark,scannetpp,UniDepth2Calib-vitb14,11,calib,83.75,68.37
standard_benchmark,scannetpp,UniDepth2Calib-vitb14,12,calib,83.66,68.4
standard_benchmark,scannetpp,UniDepth2Calib-vitb14,13,calib,83.77,68.4
standard_benchmark,scannetpp,UniDepth2Calib-vitb14,14,calib,83.73,68.4
standard_benchmark,scannetpp,UniDepth2Calib-vitb14,15,calib,83.76,68.4
standard_benchmark,scannetpp,UniDepth2Calib-vitb14,16,calib,83.81,68.38
standard_benchmark,scannetpp,UniDepth2Calib-vitb14,17,calib,83.67,68.39
standard_benchmark,scannetpp,UniDepth2Calib-vitb14,18,calib,83.74,68.4
standard_benchmark,scannetpp,UniDepth2Calib-vitb14,19,calib,83.69,68.38
standard_benchmark,scannetpp,UniDepth2Calib-vitl14,0,calib,85.17,68.49
standard_benchmark,scannetpp,UniDepth2Calib-vitl14,1,calib,85.23,68.51
standard_benchmark,scannetpp,UniDepth2Calib-vitl14,2,calib,85.15,68.51
standard_benchmark,scannetpp,UniDepth2Calib-vitl14,3,calib,85.12,68.49
standard_benchmark,scannetpp,UniDepth2Calib-vitl14,4,calib,85.16,68.5
standard_benchmark,scannetpp,UniDepth2Calib-vitl14,5,calib,85.15,68.49
standard_benchmark,scannetpp,UniDepth2Calib-vitl14,6,calib,85.22,68.5
standard_benchmark,scannetpp,UniDepth2Calib-vitl14,7,calib,85.19,68.49
standard_benchmark,scannetpp,UniDepth2Calib-vitl14,8,calib,85.28,68.5
standard_benchmark,scannetpp,UniDepth2Calib-vitl14,9,calib,85.13,68.51
standard_benchmark,scannetpp,UniDepth2Calib-vitl14,10,calib,85.24,68.48
standard_benchmark,scannetpp,UniDepth2Calib-vitl14,11,calib,85.19,68.5
standard_benchmark,scannetpp,UniDepth2Calib-vitl14,12,calib,85.17,68.49
standard_benchmark,scannetpp,UniDepth2Calib-vitl14,13,calib,85.17,68.5
standard_benchmark,scannetpp,UniDepth2Calib-vitl14,14,calib,85.16,68.5
standard_benchmark,scannetpp,UniDepth2Calib-vitl14,15,calib,85.25,68.5
standard_benchmark,scannetpp,UniDepth2Calib-vitl14,16,calib,85.24,68.5
standard_benchmark,scannetpp,UniDepth2Calib-vitl14,17,calib,85.11,68.49
standard_benchmark,scannetpp,UniDepth2Calib-vitl14,18,calib,85.14,68.49
standard_benchmark,scannetpp,UniDepth2Calib-vitl14,19,calib,85.18,68.49
standard_benchmark,scannetpp,UniDepth2Calib-vits14,0,calib,81.43,68.19
standard_benchmark,scannetpp,UniDepth2Calib-vits14,1,calib,81.56,68.24
standard_benchmark,scannetpp,UniDepth2Calib-vits14,2,calib,81.6,68.22
standard_benchmark,scannetpp,UniDepth2Calib-vits14,3,calib,81.61,68.22
standard_benchmark,scannetpp,UniDepth2Calib-vits14,4,calib,81.56,68.2
standard_benchmark,scannetpp,UniDepth2Calib-vits14,5,calib,81.67,68.23
standard_benchmark,scannetpp,UniDepth2Calib-vits14,6,calib,81.64,68.24
standard_benchmark,scannetpp,UniDepth2Calib-vits14,7,calib,81.67,68.22
standard_benchmark,scannetpp,UniDepth2Calib-vits14,8,calib,81.48,68.21
standard_benchmark,scannetpp,UniDepth2Calib-vits14,9,calib,81.64,68.22
standard_benchmark,scannetpp,UniDepth2Calib-vits14,10,calib,81.59,68.22
standard_benchmark,scannetpp,UniDepth2Calib-vits14,11,calib,81.55,68.21
standard_benchmark,scannetpp,UniDepth2Calib-vits14,12,calib,81.56,68.23
standard_benchmark,scannetpp,UniDepth2Calib-vits14,13,calib,81.6,68.23
standard_benchmark,scannetpp,UniDepth2Calib-vits14,14,calib,81.49,68.23
standard_benchmark,scannetpp,UniDepth2Calib-vits14,15,calib,81.52,68.22
standard_benchmark,scannetpp,UniDepth2Calib-vits14,16,calib,81.53,68.21
standard_benchmark,scannetpp,UniDepth2Calib-vits14,17,calib,81.65,68.23
standard_benchmark,scannetpp,UniDepth2Calib-vits14,18,calib,81.66,68.2
standard_benchmark,scannetpp,UniDepth2Calib-vits14,19,calib,81.62,68.24
standard_benchmark,scannetpp,UniK3D-vitl,0,calib,85.31,68.51
standard_benchmark,scannetpp,UniK3D-vitl,1,calib,85.32,68.51
standard_benchmark,scannetpp,UniK3D-vitl,2,calib,85.28,68.52
standard_benchmark,scannetpp,UniK3D-vitl,3,calib,85.38,68.5
standard_benchmark,scannetpp,UniK3D-vitl,4,calib,85.4,68.52
standard_benchmark,scannetpp,UniK3D-vitl,5,calib,85.35,68.5
standard_benchmark,scannetpp,UniK3D-vitl,6,calib,85.41,68.51
standard_benchmark,scannetpp,UniK3D-vitl,7,calib,85.32,68.51
standard_benchmark,scannetpp,UniK3D-vitl,8,calib,85.34,68.51
standard_benchmark,scannetpp,UniK3D-vitl,9,calib,85.28,68.5
standard_benchmark,scannetpp,UniK3D-vitl,10,calib,85.47,68.51
standard_benchmark,scannetpp,UniK3D-vitl,11,calib,85.3,68.51
standard_benchmark,scannetpp,UniK3D-vitl,12,calib,85.44,68.51
standard_benchmark,scannetpp,UniK3D-vitl,13,calib,85.3,68.5
standard_benchmark,scannetpp,UniK3D-vitl,14,calib,85.39,68.52
standard_benchmark,scannetpp,UniK3D-vitl,15,calib,85.36,68.52
standard_benchmark,scannetpp,UniK3D-vitl,16,calib,85.31,68.5
standard_benchmark,scannetpp,UniK3D-vitl,17,calib,85.37,68.5
standard_benchmark,scannetpp,UniK3D-vitl,18,calib,85.3,68.52
standard_benchmark,scannetpp,UniK3D-vitl,19,calib,85.32,68.52
standard_benchmark,scannetpp,UniK3DCalib-vitl,0,calib,85.41,68.51
standard_benchmark,scannetpp,UniK3DCalib-vitl,1,calib,85.4,68.52
standard_benchmark,scannetpp,UniK3DCalib-vitl,2,calib,85.44,68.51
standard_benchmark,scannetpp,UniK3DCalib-vitl,3,calib,85.47,68.52
standard_benchmark,scannetpp,UniK3DCalib-vitl,4,calib,85.46,68.53
standard_benchmark,scannetpp,UniK3DCalib-vitl,5,calib,85.41,68.52
standard_benchmark,scannetpp,UniK3DCalib-vitl,6,calib,85.47,68.52
standard_benchmark,scannetpp,UniK3DCalib-vitl,7,calib,85.4,68.51
standard_benchmark,scannetpp,UniK3DCalib-vitl,8,calib,85.41,68.52
standard_benchmark,scannetpp,UniK3DCalib-vitl,9,calib,85.39,68.52
standard_benchmark,scannetpp,UniK3DCalib-vitl,10,calib,85.46,68.51
standard_benchmark,scannetpp,UniK3DCalib-vitl,11,calib,85.41,68.51
standard_benchmark,scannetpp,UniK3DCalib-vitl,12,calib,85.49,68.51
standard_benchmark,scannetpp,UniK3DCalib-vitl,13,calib,85.41,68.51
standard_benchmark,scannetpp,UniK3DCalib-vitl,14,calib,85.39,68.53
standard_benchmark,scannetpp,UniK3DCalib-vitl,15,calib,85.5,68.53
standard_benchmark,scannetpp,UniK3DCalib-vitl,16,calib,85.36,68.52
standard_benchmark,scannetpp,UniK3DCalib-vitl,17,calib,85.45,68.51
standard_benchmark,scannetpp,UniK3DCalib-vitl,18,calib,85.36,68.52
standard_benchmark,scannetpp,UniK3DCalib-vitl,19,calib,85.42,68.52
standard_benchmark,scannetpp,VGGT-VGGT-1B,0,calib,83.6,68.37
standard_benchmark,scannetpp,VGGT-VGGT-1B,1,calib,83.68,68.38
standard_benchmark,scannetpp,VGGT-VGGT-1B,2,calib,83.7,68.39
standard_benchmark,scannetpp,VGGT-VGGT-1B,3,calib,83.73,68.37
standard_benchmark,scannetpp,VGGT-VGGT-1B,4,calib,83.61,68.37
standard_benchmark,scannetpp,VGGT-VGGT-1B,5,calib,83.78,68.36
standard_benchmark,scannetpp,VGGT-VGGT-1B,6,calib,83.65,68.36
standard_benchmark,scannetpp,VGGT-VGGT-1B,7,calib,83.6,68.38
standard_benchmark,scannetpp,VGGT-VGGT-1B,8,calib,83.73,68.37
standard_benchmark,scannetpp,VGGT-VGGT-1B,9,calib,83.71,68.37
standard_benchmark,scannetpp,VGGT-VGGT-1B,10,calib,83.68,68.37
standard_benchmark,scannetpp,VGGT-VGGT-1B,11,calib,83.69,68.37
standard_benchmark,scannetpp,VGGT-VGGT-1B,12,calib,83.69,68.37
standard_benchmark,scannetpp,VGGT-VGGT-1B,13,calib,83.73,68.38
standard_benchmark,scannetpp,VGGT-VGGT-1B,14,calib,83.69,68.37
standard_benchmark,scannetpp,VGGT-VGGT-1B,15,calib,83.76,68.37
standard_benchmark,scannetpp,VGGT-VGGT-1B,16,calib,83.62,68.36
standard_benchmark,scannetpp,VGGT-VGGT-1B,17,calib,83.68,68.37
standard_benchmark,scannetpp,VGGT-VGGT-1B,18,calib,83.71,68.37
standard_benchmark,scannetpp,VGGT-VGGT-1B,19,calib,83.67,68.37
standard_benchmark,scannetpp,gt,0,calib,88.83,70.17
standard_benchmark,scannetpp,gt,1,calib,88.86,70.17
standard_benchmark,scannetpp,gt,2,calib,88.81,70.17
standard_benchmark,scannetpp,gt,3,calib,88.79,70.18
standard_benchmark,scannetpp,gt,4,calib,88.84,70.17
standard_benchmark,scannetpp,gt,5,calib,88.8,70.18
standard_benchmark,scannetpp,gt,6,calib,88.77,70.17
standard_benchmark,scannetpp,gt,7,calib,88.84,70.18
standard_benchmark,scannetpp,gt,8,calib,88.84,70.18
standard_benchmark,scannetpp,gt,9,calib,88.81,70.18
standard_benchmark,scannetpp,gt,10,calib,88.75,70.18
standard_benchmark,scannetpp,gt,11,calib,88.74,70.18
standard_benchmark,scannetpp,gt,12,calib,88.82,70.17
standard_benchmark,scannetpp,gt,13,calib,88.78,70.18
standard_benchmark,scannetpp,gt,14,calib,88.77,70.18
standard_benchmark,scannetpp,gt,15,calib,88.78,70.17
standard_benchmark,scannetpp,gt,16,calib,88.77,70.18
standard_benchmark,scannetpp,gt,17,calib,88.76,70.18
standard_benchmark,scannetpp,gt,18,calib,88.86,70.17
standard_benchmark,scannetpp,gt,19,calib,88.73,70.19
standard_benchmark,scannetpp,none,0,baseline_calib,82.72,68.92
standard_benchmark,scannetpp,none,1,baseline_calib,82.77,68.93
standard_benchmark,scannetpp,none,2,baseline_calib,82.73,68.92
standard_benchmark,scannetpp,none,3,baseline_calib,82.75,68.91
standard_benchmark,scannetpp,none,4,baseline_calib,82.72,68.92
standard_benchmark,scannetpp,none,5,baseline_calib,82.73,68.93
standard_benchmark,scannetpp,none,6,baseline_calib,82.85,68.93
standard_benchmark,scannetpp,none,7,baseline_calib,82.73,68.93
standard_benchmark,scannetpp,none,8,baseline_calib,82.74,68.91
standard_benchmark,scannetpp,none,9,baseline_calib,82.74,68.92
standard_benchmark,scannetpp,none,10,baseline_calib,82.7,68.91
standard_benchmark,scannetpp,none,11,baseline_calib,82.8,68.92
standard_benchmark,scannetpp,none,12,baseline_calib,82.8,68.91
standard_benchmark,scannetpp,none,13,baseline_calib,82.67,68.91
standard_benchmark,scannetpp,none,14,baseline_calib,82.62,68.92
standard_benchmark,scannetpp,none,15,baseline_calib,82.66,68.92
standard_benchmark,scannetpp,none,16,baseline_calib,82.72,68.93
standard_benchmark,scannetpp,none,17,baseline_calib,82.72,68.92
standard_benchmark,scannetpp,none,18,baseline_calib,82.74,68.92
standard_benchmark,scannetpp,none,19,baseline_calib,82.65,68.92
standard_benchmark,lamar,DepthAnythingV2-vitb,0,calib,80.89,69.91
standard_benchmark,lamar,DepthAnythingV2-vitb,1,calib,80.75,69.92
standard_benchmark,lamar,DepthAnythingV2-vitb,2,calib,80.68,69.89
standard_benchmark,lamar,DepthAnythingV2-vitb,3,calib,80.58,69.86
standard_benchmark,lamar,DepthAnythingV2-vitb,4,calib,80.72,69.86
standard_benchmark,lamar,DepthAnythingV2-vitb,5,calib,80.53,69.89
standard_benchmark,lamar,DepthAnythingV2-vitb,6,calib,80.5,69.87
standard_benchmark,lamar,DepthAnythingV2-vitb,7,calib,80.71,69.93
standard_benchmark,lamar,DepthAnythingV2-vitb,8,calib,80.94,69.98
standard_benchmark,lamar,DepthAnythingV2-vitb,9,calib,80.75,69.9
standard_benchmark,lamar,DepthAnythingV2-vitb,10,calib,80.73,69.86
standard_benchmark,lamar,DepthAnythingV2-vitb,11,calib,80.66,69.91
standard_benchmark,lamar,DepthAnythingV2-vitb,12,calib,80.63,69.92
standard_benchmark,lamar,DepthAnythingV2-vitb,13,calib,80.66,69.88
standard_benchmark,lamar,DepthAnythingV2-vitb,14,calib,80.51,69.88
standard_benchmark,lamar,DepthAnythingV2-vitb,15,calib,80.69,69.87
standard_benchmark,lamar,DepthAnythingV2-vitb,16,calib,80.59,69.84
standard_benchmark,lamar,DepthAnythingV2-vitb,17,calib,80.66,69.89
standard_benchmark,lamar,DepthAnythingV2-vitb,18,calib,80.54,69.84
standard_benchmark,lamar,DepthAnythingV2-vitb,19,calib,80.69,69.86
standard_benchmark,lamar,DepthAnythingV2-vitl,0,calib,68.72,50.47
standard_benchmark,lamar,DepthAnythingV2-vitl,1,calib,68.69,50.45
standard_benchmark,lamar,DepthAnythingV2-vitl,2,calib,68.47,50.48
standard_benchmark,lamar,DepthAnythingV2-vitl,3,calib,68.77,50.48
standard_benchmark,lamar,DepthAnythingV2-vitl,4,calib,68.6,50.47
standard_benchmark,lamar,DepthAnythingV2-vitl,5,calib,68.79,50.5
standard_benchmark,lamar,DepthAnythingV2-vitl,6,calib,68.84,50.57
standard_benchmark,lamar,DepthAnythingV2-vitl,7,calib,68.7,50.45
standard_benchmark,lamar,DepthAnythingV2-vitl,8,calib,68.57,50.5
standard_benchmark,lamar,DepthAnythingV2-vitl,9,calib,68.3,50.34
standard_benchmark,lamar,DepthAnythingV2-vitl,10,calib,68.72,50.53
standard_benchmark,lamar,DepthAnythingV2-vitl,11,calib,69.08,50.51
standard_benchmark,lamar,DepthAnythingV2-vitl,12,calib,68.63,50.52
standard_benchmark,lamar,DepthAnythingV2-vitl,13,calib,68.9,50.56
standard_benchmark,lamar,DepthAnythingV2-vitl,14,calib,68.78,50.49
standard_benchmark,lamar,DepthAnythingV2-vitl,15,calib,68.92,50.49
standard_benchmark,lamar,DepthAnythingV2-vitl,16,calib,68.83,50.48
standard_benchmark,lamar,DepthAnythingV2-vitl,17,calib,68.76,50.52
standard_benchmark,lamar,DepthAnythingV2-vitl,18,calib,68.86,50.52
standard_benchmark,lamar,DepthAnythingV2-vitl,19,calib,68.68,50.49
standard_benchmark,lamar,DepthAnythingV2-vits,0,calib,81.19,70.07
standard_benchmark,lamar,DepthAnythingV2-vits,1,calib,80.78,70.07
standard_benchmark,lamar,DepthAnythingV2-vits,2,calib,81.04,70.08
standard_benchmark,lamar,DepthAnythingV2-vits,3,calib,81.02,70.07
standard_benchmark,lamar,DepthAnythingV2-vits,4,calib,80.94,70.07
standard_benchmark,lamar,DepthAnythingV2-vits,5,calib,81.02,70.03
standard_benchmark,lamar,DepthAnythingV2-vits,6,calib,81.1,70.08
standard_benchmark,lamar,DepthAnythingV2-vits,7,calib,80.97,70.07
standard_benchmark,lamar,DepthAnythingV2-vits,8,calib,80.94,70.04
standard_benchmark,lamar,DepthAnythingV2-vits,9,calib,81.04,70.06
standard_benchmark,lamar,DepthAnythingV2-vits,10,calib,81.13,70.05
standard_benchmark,lamar,DepthAnythingV2-vits,11,calib,80.82,70.01
standard_benchmark,lamar,DepthAnythingV2-vits,12,calib,80.8,70.02
standard_benchmark,lamar,DepthAnythingV2-vits,13,calib,81.05,70.12
standard_benchmark,lamar,DepthAnythingV2-vits,14,calib,80.94,70.04
standard_benchmark,lamar,DepthAnythingV2-vits,15,calib,80.87,70.04
standard_benchmark,lamar,DepthAnythingV2-vits,16,calib,80.98,70.07
standard_benchmark,lamar,DepthAnythingV2-vits,17,calib,80.98,70.06
standard_benchmark,lamar,DepthAnythingV2-vits,18,calib,80.91,70.06
standard_benchmark,lamar,DepthAnythingV2-vits,19,calib,81.05,70.07
standard_benchmark,lamar,DepthAnythingV3-DA3METRIC-LARGE,0,calib,89.25,71.5
standard_benchmark,lamar,DepthAnythingV3-DA3METRIC-LARGE,1,calib,89.18,71.51
standard_benchmark,lamar,DepthAnythingV3-DA3METRIC-LARGE,2,calib,89.42,71.55
standard_benchmark,lamar,DepthAnythingV3-DA3METRIC-LARGE,3,calib,89.28,71.51
standard_benchmark,lamar,DepthAnythingV3-DA3METRIC-LARGE,4,calib,89.32,71.54
standard_benchmark,lamar,DepthAnythingV3-DA3METRIC-LARGE,5,calib,89.09,71.47
standard_benchmark,lamar,DepthAnythingV3-DA3METRIC-LARGE,6,calib,89.3,71.52
standard_benchmark,lamar,DepthAnythingV3-DA3METRIC-LARGE,7,calib,89.41,71.51
standard_benchmark,lamar,DepthAnythingV3-DA3METRIC-LARGE,8,calib,89.32,71.51
standard_benchmark,lamar,DepthAnythingV3-DA3METRIC-LARGE,9,calib,89.36,71.53
standard_benchmark,lamar,DepthAnythingV3-DA3METRIC-LARGE,10,calib,89.3,71.52
standard_benchmark,lamar,DepthAnythingV3-DA3METRIC-LARGE,11,calib,89.44,71.57
standard_benchmark,lamar,DepthAnythingV3-DA3METRIC-LARGE,12,calib,89.19,71.52
standard_benchmark,lamar,DepthAnythingV3-DA3METRIC-LARGE,13,calib,89.3,71.51
standard_benchmark,lamar,DepthAnythingV3-DA3METRIC-LARGE,14,calib,89.3,71.51
standard_benchmark,lamar,DepthAnythingV3-DA3METRIC-LARGE,15,calib,89.26,71.52
standard_benchmark,lamar,DepthAnythingV3-DA3METRIC-LARGE,16,calib,89.3,71.49
standard_benchmark,lamar,DepthAnythingV3-DA3METRIC-LARGE,17,calib,89.2,71.54
standard_benchmark,lamar,DepthAnythingV3-DA3METRIC-LARGE,18,calib,89.19,71.5
standard_benchmark,lamar,DepthAnythingV3-DA3METRIC-LARGE,19,calib,89.26,71.52
standard_benchmark,lamar,DepthAnythingV3-DA3MONO-LARGE,0,calib,89.27,71.49
standard_benchmark,lamar,DepthAnythingV3-DA3MONO-LARGE,1,calib,89.14,71.48
standard_benchmark,lamar,DepthAnythingV3-DA3MONO-LARGE,2,calib,89.18,71.49
standard_benchmark,lamar,DepthAnythingV3-DA3MONO-LARGE,3,calib,89.0,71.48
standard_benchmark,lamar,DepthAnythingV3-DA3MONO-LARGE,4,calib,88.97,71.45
standard_benchmark,lamar,DepthAnythingV3-DA3MONO-LARGE,5,calib,89.12,71.45
standard_benchmark,lamar,DepthAnythingV3-DA3MONO-LARGE,6,calib,89.03,71.45
standard_benchmark,lamar,DepthAnythingV3-DA3MONO-LARGE,7,calib,89.0,71.45
standard_benchmark,lamar,DepthAnythingV3-DA3MONO-LARGE,8,calib,89.1,71.49
standard_benchmark,lamar,DepthAnythingV3-DA3MONO-LARGE,9,calib,89.19,71.47
standard_benchmark,lamar,DepthAnythingV3-DA3MONO-LARGE,10,calib,89.16,71.5
standard_benchmark,lamar,DepthAnythingV3-DA3MONO-LARGE,11,calib,89.25,71.47
standard_benchmark,lamar,DepthAnythingV3-DA3MONO-LARGE,12,calib,89.12,71.46
standard_benchmark,lamar,DepthAnythingV3-DA3MONO-LARGE,13,calib,89.15,71.47
standard_benchmark,lamar,DepthAnythingV3-DA3MONO-LARGE,14,calib,89.13,71.46
standard_benchmark,lamar,DepthAnythingV3-DA3MONO-LARGE,15,calib,89.08,71.48
standard_benchmark,lamar,DepthAnythingV3-DA3MONO-LARGE,16,calib,89.19,71.47
standard_benchmark,lamar,DepthAnythingV3-DA3MONO-LARGE,17,calib,89.0,71.44
standard_benchmark,lamar,DepthAnythingV3-DA3MONO-LARGE,18,calib,88.85,71.37
standard_benchmark,lamar,DepthAnythingV3-DA3MONO-LARGE,19,calib,89.17,71.51
standard_benchmark,lamar,DepthAnythingV3Calib-DA3METRIC-LARGE,0,calib,89.24,71.5
standard_benchmark,lamar,DepthAnythingV3Calib-DA3METRIC-LARGE,1,calib,89.18,71.52
standard_benchmark,lamar,DepthAnythingV3Calib-DA3METRIC-LARGE,2,calib,89.39,71.53
standard_benchmark,lamar,DepthAnythingV3Calib-DA3METRIC-LARGE,3,calib,89.27,71.51
standard_benchmark,lamar,DepthAnythingV3Calib-DA3METRIC-LARGE,4,calib,89.32,71.54
standard_benchmark,lamar,DepthAnythingV3Calib-DA3METRIC-LARGE,5,calib,89.09,71.47
standard_benchmark,lamar,DepthAnythingV3Calib-DA3METRIC-LARGE,6,calib,89.29,71.52
standard_benchmark,lamar,DepthAnythingV3Calib-DA3METRIC-LARGE,7,calib,89.39,71.51
standard_benchmark,lamar,DepthAnythingV3Calib-DA3METRIC-LARGE,8,calib,89.33,71.51
standard_benchmark,lamar,DepthAnythingV3Calib-DA3METRIC-LARGE,9,calib,89.36,71.53
standard_benchmark,lamar,DepthAnythingV3Calib-DA3METRIC-LARGE,10,calib,89.31,71.52
standard_benchmark,lamar,DepthAnythingV3Calib-DA3METRIC-LARGE,11,calib,89.44,71.58
standard_benchmark,lamar,DepthAnythingV3Calib-DA3METRIC-LARGE,12,calib,89.19,71.51
standard_benchmark,lamar,DepthAnythingV3Calib-DA3METRIC-LARGE,13,calib,89.3,71.51
standard_benchmark,lamar,DepthAnythingV3Calib-DA3METRIC-LARGE,14,calib,89.3,71.52
standard_benchmark,lamar,DepthAnythingV3Calib-DA3METRIC-LARGE,15,calib,89.27,71.52
standard_benchmark,lamar,DepthAnythingV3Calib-DA3METRIC-LARGE,16,calib,89.29,71.49
standard_benchmark,lamar,DepthAnythingV3Calib-DA3METRIC-LARGE,17,calib,89.21,71.54
standard_benchmark,lamar,DepthAnythingV3Calib-DA3METRIC-LARGE,18,calib,89.2,71.5
standard_benchmark,lamar,DepthAnythingV3Calib-DA3METRIC-LARGE,19,calib,89.25,71.51
standard_benchmark,lamar,DepthAnythingV3Calib-DA3MONO-LARGE,0,calib,89.28,71.49
standard_benchmark,lamar,DepthAnythingV3Calib-DA3MONO-LARGE,1,calib,89.13,71.48
standard_benchmark,lamar,DepthAnythingV3Calib-DA3MONO-LARGE,2,calib,89.19,71.49
standard_benchmark,lamar,DepthAnythingV3Calib-DA3MONO-LARGE,3,calib,89.0,71.48
standard_benchmark,lamar,DepthAnythingV3Calib-DA3MONO-LARGE,4,calib,89.0,71.46
standard_benchmark,lamar,DepthAnythingV3Calib-DA3MONO-LARGE,5,calib,89.14,71.45
standard_benchmark,lamar,DepthAnythingV3Calib-DA3MONO-LARGE,6,calib,89.03,71.45
standard_benchmark,lamar,DepthAnythingV3Calib-DA3MONO-LARGE,7,calib,88.98,71.45
standard_benchmark,lamar,DepthAnythingV3Calib-DA3MONO-LARGE,8,calib,89.11,71.49
standard_benchmark,lamar,DepthAnythingV3Calib-DA3MONO-LARGE,9,calib,89.21,71.48
standard_benchmark,lamar,DepthAnythingV3Calib-DA3MONO-LARGE,10,calib,89.16,71.5
standard_benchmark,lamar,DepthAnythingV3Calib-DA3MONO-LARGE,11,calib,89.25,71.48
standard_benchmark,lamar,DepthAnythingV3Calib-DA3MONO-LARGE,12,calib,89.11,71.46
standard_benchmark,lamar,DepthAnythingV3Calib-DA3MONO-LARGE,13,calib,89.13,71.46
standard_benchmark,lamar,DepthAnythingV3Calib-DA3MONO-LARGE,14,calib,89.14,71.47
standard_benchmark,lamar,DepthAnythingV3Calib-DA3MONO-LARGE,15,calib,89.09,71.48
standard_benchmark,lamar,DepthAnythingV3Calib-DA3MONO-LARGE,16,calib,89.17,71.47
standard_benchmark,lamar,DepthAnythingV3Calib-DA3MONO-LARGE,17,calib,88.98,71.44
standard_benchmark,lamar,DepthAnythingV3Calib-DA3MONO-LARGE,18,calib,88.87,71.37
standard_benchmark,lamar,DepthAnythingV3Calib-DA3MONO-LARGE,19,calib,89.17,71.51
standard_benchmark,lamar,DepthPro-vitl,0,calib,90.06,71.7
standard_benchmark,lamar,DepthPro-vitl,1,calib,90.03,71.67
standard_benchmark,lamar,DepthPro-vitl,2,calib,90.18,71.69
standard_benchmark,lamar,DepthPro-vitl,3,calib,90.07,71.66
standard_benchmark,lamar,DepthPro-vitl,4,calib,90.06,71.68
standard_benchmark,lamar,DepthPro-vitl,5,calib,90.17,71.64
standard_benchmark,lamar,DepthPro-vitl,6,calib,90.03,71.66
standard_benchmark,lamar,DepthPro-vitl,7,calib,90.11,71.68
standard_benchmark,lamar,DepthPro-vitl,8,calib,90.2,71.67
standard_benchmark,lamar,DepthPro-vitl,9,calib,90.04,71.66
standard_benchmark,lamar,DepthPro-vitl,10,calib,90.04,71.64
standard_benchmark,lamar,DepthPro-vitl,11,calib,90.11,71.67
standard_benchmark,lamar,DepthPro-vitl,12,calib,89.94,71.66
standard_benchmark,lamar,DepthPro-vitl,13,calib,90.24,71.69
standard_benchmark,lamar,DepthPro-vitl,14,calib,90.13,71.66
standard_benchmark,lamar,DepthPro-vitl,15,calib,90.11,71.66
standard_benchmark,lamar,DepthPro-vitl,16,calib,90.03,71.66
standard_benchmark,lamar,DepthPro-vitl,17,calib,90.14,71.67
standard_benchmark,lamar,DepthPro-vitl,18,calib,90.04,71.65
standard_benchmark,lamar,DepthPro-vitl,19,calib,89.98,71.67
standard_benchmark,lamar,DepthProCalib-vitl,0,calib,90.06,71.7
standard_benchmark,lamar,DepthProCalib-vitl,1,calib,90.11,71.66
standard_benchmark,lamar,DepthProCalib-vitl,2,calib,90.16,71.68
standard_benchmark,lamar,DepthProCalib-vitl,3,calib,90.12,71.66
standard_benchmark,lamar,DepthProCalib-vitl,4,calib,90.07,71.67
standard_benchmark,lamar,DepthProCalib-vitl,5,calib,90.18,71.66
standard_benchmark,lamar,DepthProCalib-vitl,6,calib,90.1,71.67
standard_benchmark,lamar,DepthProCalib-vitl,7,calib,90.17,71.68
standard_benchmark,lamar,DepthProCalib-vitl,8,calib,90.15,71.68
standard_benchmark,lamar,DepthProCalib-vitl,9,calib,90.06,71.67
standard_benchmark,lamar,DepthProCalib-vitl,10,calib,90.11,71.66
standard_benchmark,lamar,DepthProCalib-vitl,11,calib,90.09,71.68
standard_benchmark,lamar,DepthProCalib-vitl,12,calib,89.92,71.65
standard_benchmark,lamar,DepthProCalib-vitl,13,calib,90.21,71.68
standard_benchmark,lamar,DepthProCalib-vitl,14,calib,90.2,71.67
standard_benchmark,lamar,DepthProCalib-vitl,15,calib,90.04,71.64
standard_benchmark,lamar,DepthProCalib-vitl,16,calib,90.1,71.67
standard_benchmark,lamar,DepthProCalib-vitl,17,calib,90.15,71.67
standard_benchmark,lamar,DepthProCalib-vitl,18,calib,90.03,71.65
standard_benchmark,lamar,DepthProCalib-vitl,19,calib,90.03,71.68
standard_benchmark,lamar,MapAnything-map-anything,0,calib,88.61,70.66
standard_benchmark,lamar,MapAnything-map-anything,1,calib,88.54,70.64
standard_benchmark,lamar,MapAnything-map-anything,2,calib,88.64,70.66
standard_benchmark,lamar,MapAnything-map-anything,3,calib,88.57,70.65
standard_benchmark,lamar,MapAnything-map-anything,4,calib,88.66,70.67
standard_benchmark,lamar,MapAnything-map-anything,5,calib,88.4,70.62
standard_benchmark,lamar,MapAnything-map-anything,6,calib,88.71,70.67
standard_benchmark,lamar,MapAnything-map-anything,7,calib,88.53,70.63
standard_benchmark,lamar,MapAnything-map-anything,8,calib,88.57,70.65
standard_benchmark,lamar,MapAnything-map-anything,9,calib,88.65,70.66
standard_benchmark,lamar,MapAnything-map-anything,10,calib,88.67,70.67
standard_benchmark,lamar,MapAnything-map-anything,11,calib,88.56,70.68
standard_benchmark,lamar,MapAnything-map-anything,12,calib,88.51,70.63
standard_benchmark,lamar,MapAnything-map-anything,13,calib,88.52,70.66
standard_benchmark,lamar,MapAnything-map-anything,14,calib,88.63,70.62
standard_benchmark,lamar,MapAnything-map-anything,15,calib,88.59,70.65
standard_benchmark,lamar,MapAnything-map-anything,16,calib,88.6,70.68
standard_benchmark,lamar,MapAnything-map-anything,17,calib,88.63,70.67
standard_benchmark,lamar,MapAnything-map-anything,18,calib,88.61,70.65
standard_benchmark,lamar,MapAnything-map-anything,19,calib,88.51,70.64
standard_benchmark,lamar,MapAnythingCalib-map-anything,0,calib,89.08,70.67
standard_benchmark,lamar,MapAnythingCalib-map-anything,1,calib,89.18,70.7
standard_benchmark,lamar,MapAnythingCalib-map-anything,2,calib,89.24,70.69
standard_benchmark,lamar,MapAnythingCalib-map-anything,3,calib,89.13,70.68
standard_benchmark,lamar,MapAnythingCalib-map-anything,4,calib,89.04,70.68
standard_benchmark,lamar,MapAnythingCalib-map-anything,5,calib,89.13,70.66
standard_benchmark,lamar,MapAnythingCalib-map-anything,6,calib,89.23,70.69
standard_benchmark,lamar,MapAnythingCalib-map-anything,7,calib,89.37,70.7
standard_benchmark,lamar,MapAnythingCalib-map-anything,8,calib,89.17,70.71
standard_benchmark,lamar,MapAnythingCalib-map-anything,9,calib,89.08,70.68
standard_benchmark,lamar,MapAnythingCalib-map-anything,10,calib,89.23,70.71
standard_benchmark,lamar,MapAnythingCalib-map-anything,11,calib,89.16,70.68
standard_benchmark,lamar,MapAnythingCalib-map-anything,12,calib,89.21,70.7
standard_benchmark,lamar,MapAnythingCalib-map-anything,13,calib,89.25,70.7
standard_benchmark,lamar,MapAnythingCalib-map-anything,14,calib,89.0,70.68
standard_benchmark,lamar,MapAnythingCalib-map-anything,15,calib,89.06,70.66
standard_benchmark,lamar,MapAnythingCalib-map-anything,16,calib,89.18,70.71
standard_benchmark,lamar,MapAnythingCalib-map-anything,17,calib,89.1,70.67
standard_benchmark,lamar,MapAnythingCalib-map-anything,18,calib,89.04,70.69
standard_benchmark,lamar,MapAnythingCalib-map-anything,19,calib,89.04,70.67
standard_benchmark,lamar,Metric3DV2-vit_giant2,0,calib,90.72,71.74
standard_benchmark,lamar,Metric3DV2-vit_giant2,1,calib,90.7,71.76
standard_benchmark,lamar,Metric3DV2-vit_giant2,2,calib,90.86,71.73
standard_benchmark,lamar,Metric3DV2-vit_giant2,3,calib,90.72,71.76
standard_benchmark,lamar,Metric3DV2-vit_giant2,4,calib,90.64,71.75
standard_benchmark,lamar,Metric3DV2-vit_giant2,5,calib,90.72,71.72
standard_benchmark,lamar,Metric3DV2-vit_giant2,6,calib,90.8,71.75
standard_benchmark,lamar,Metric3DV2-vit_giant2,7,calib,90.75,71.75
standard_benchmark,lamar,Metric3DV2-vit_giant2,8,calib,90.67,71.75
standard_benchmark,lamar,Metric3DV2-vit_giant2,9,calib,90.78,71.75
standard_benchmark,lamar,Metric3DV2-vit_giant2,10,calib,90.67,71.74
standard_benchmark,lamar,Metric3DV2-vit_giant2,11,calib,90.7,71.76
standard_benchmark,lamar,Metric3DV2-vit_giant2,12,calib,90.68,71.77
standard_benchmark,lamar,Metric3DV2-vit_giant2,13,calib,90.63,71.74
standard_benchmark,lamar,Metric3DV2-vit_giant2,14,calib,90.67,71.73
standard_benchmark,lamar,Metric3DV2-vit_giant2,15,calib,90.67,71.72
standard_benchmark,lamar,Metric3DV2-vit_giant2,16,calib,90.58,71.72
standard_benchmark,lamar,Metric3DV2-vit_giant2,17,calib,90.68,71.75
standard_benchmark,lamar,Metric3DV2-vit_giant2,18,calib,90.63,71.73
standard_benchmark,lamar,Metric3DV2-vit_giant2,19,calib,90.69,71.77
standard_benchmark,lamar,Metric3DV2-vit_large,0,calib,90.84,71.8
standard_benchmark,lamar,Metric3DV2-vit_large,1,calib,90.89,71.81
standard_benchmark,lamar,Metric3DV2-vit_large,2,calib,90.88,71.79
standard_benchmark,lamar,Metric3DV2-vit_large,3,calib,90.95,71.81
standard_benchmark,lamar,Metric3DV2-vit_large,4,calib,90.97,71.8
standard_benchmark,lamar,Metric3DV2-vit_large,5,calib,90.88,71.79
standard_benchmark,lamar,Metric3DV2-vit_large,6,calib,90.97,71.81
standard_benchmark,lamar,Metric3DV2-vit_large,7,calib,91.0,71.81
standard_benchmark,lamar,Metric3DV2-vit_large,8,calib,91.06,71.82
standard_benchmark,lamar,Metric3DV2-vit_large,9,calib,90.98,71.82
standard_benchmark,lamar,Metric3DV2-vit_large,10,calib,91.02,71.8
standard_benchmark,lamar,Metric3DV2-vit_large,11,calib,90.84,71.78
standard_benchmark,lamar,Metric3DV2-vit_large,12,calib,90.87,71.8
standard_benchmark,lamar,Metric3DV2-vit_large,13,calib,90.96,71.79
standard_benchmark,lamar,Metric3DV2-vit_large,14,calib,91.02,71.8
standard_benchmark,lamar,Metric3DV2-vit_large,15,calib,90.97,71.79
standard_benchmark,lamar,Metric3DV2-vit_large,16,calib,90.92,71.79
standard_benchmark,lamar,Metric3DV2-vit_large,17,calib,91.03,71.81
standard_benchmark,lamar,Metric3DV2-vit_large,18,calib,90.87,71.8
standard_benchmark,lamar,Metric3DV2-vit_large,19,calib,90.95,71.8
standard_benchmark,lamar,Metric3DV2-vit_small,0,calib,89.99,71.6
standard_benchmark,lamar,Metric3DV2-vit_small,1,calib,90.09,71.6
standard_benchmark,lamar,Metric3DV2-vit_small,2,calib,90.2,71.62
standard_benchmark,lamar,Metric3DV2-vit_small,3,calib,89.95,71.61
standard_benchmark,lamar,Metric3DV2-vit_small,4,calib,90.04,71.61
standard_benchmark,lamar,Metric3DV2-vit_small,5,calib,90.12,71.62
standard_benchmark,lamar,Metric3DV2-vit_small,6,calib,90.16,71.69
standard_benchmark,lamar,Metric3DV2-vit_small,7,calib,90.06,71.64
standard_benchmark,lamar,Metric3DV2-vit_small,8,calib,90.06,71.63
standard_benchmark,lamar,Metric3DV2-vit_small,9,calib,90.02,71.64
standard_benchmark,lamar,Metric3DV2-vit_small,10,calib,90.19,71.66
standard_benchmark,lamar,Metric3DV2-vit_small,11,calib,90.3,71.64
standard_benchmark,lamar,Metric3DV2-vit_small,12,calib,89.92,71.61
standard_benchmark,lamar,Metric3DV2-vit_small,13,calib,90.09,71.6
standard_benchmark,lamar,Metric3DV2-vit_small,14,calib,90.0,71.63
standard_benchmark,lamar,Metric3DV2-vit_small,15,calib,90.01,71.6
standard_benchmark,lamar,Metric3DV2-vit_small,16,calib,90.01,71.64
standard_benchmark,lamar,Metric3DV2-vit_small,17,calib,89.99,71.64
standard_benchmark,lamar,Metric3DV2-vit_small,18,calib,90.12,71.64
standard_benchmark,lamar,Metric3DV2-vit_small,19,calib,90.07,71.65
standard_benchmark,lamar,Metric3DV2Calib-vit_giant2,0,calib,90.81,71.76
standard_benchmark,lamar,Metric3DV2Calib-vit_giant2,1,calib,90.77,71.77
standard_benchmark,lamar,Metric3DV2Calib-vit_giant2,2,calib,90.82,71.73
standard_benchmark,lamar,Metric3DV2Calib-vit_giant2,3,calib,90.7,71.76
standard_benchmark,lamar,Metric3DV2Calib-vit_giant2,4,calib,90.73,71.75
standard_benchmark,lamar,Metric3DV2Calib-vit_giant2,5,calib,90.74,71.72
standard_benchmark,lamar,Metric3DV2Calib-vit_giant2,6,calib,90.74,71.74
standard_benchmark,lamar,Metric3DV2Calib-vit_giant2,7,calib,90.77,71.73
standard_benchmark,lamar,Metric3DV2Calib-vit_giant2,8,calib,90.72,71.74
standard_benchmark,lamar,Metric3DV2Calib-vit_giant2,9,calib,90.79,71.74
standard_benchmark,lamar,Metric3DV2Calib-vit_giant2,10,calib,90.67,71.75
standard_benchmark,lamar,Metric3DV2Calib-vit_giant2,11,calib,90.77,71.75
standard_benchmark,lamar,Metric3DV2Calib-vit_giant2,12,calib,90.71,71.77
standard_benchmark,lamar,Metric3DV2Calib-vit_giant2,13,calib,90.58,71.73
standard_benchmark,lamar,Metric3DV2Calib-vit_giant2,14,calib,90.64,71.72
standard_benchmark,lamar,Metric3DV2Calib-vit_giant2,15,calib,90.66,71.73
standard_benchmark,lamar,Metric3DV2Calib-vit_giant2,16,calib,90.64,71.74
standard_benchmark,lamar,Metric3DV2Calib-vit_giant2,17,calib,90.59,71.75
standard_benchmark,lamar,Metric3DV2Calib-vit_giant2,18,calib,90.71,71.74
standard_benchmark,lamar,Metric3DV2Calib-vit_giant2,19,calib,90.7,71.76
standard_benchmark,lamar,Metric3DV2Calib-vit_large,0,calib,90.89,71.8
standard_benchmark,lamar,Metric3DV2Calib-vit_large,1,calib,90.89,71.81
standard_benchmark,lamar,Metric3DV2Calib-vit_large,2,calib,90.93,71.79
standard_benchmark,lamar,Metric3DV2Calib-vit_large,3,calib,90.97,71.82
standard_benchmark,lamar,Metric3DV2Calib-vit_large,4,calib,90.98,71.81
standard_benchmark,lamar,Metric3DV2Calib-vit_large,5,calib,90.96,71.8
standard_benchmark,lamar,Metric3DV2Calib-vit_large,6,calib,90.93,71.81
standard_benchmark,lamar,Metric3DV2Calib-vit_large,7,calib,90.99,71.8
standard_benchmark,lamar,Metric3DV2Calib-vit_large,8,calib,91.05,71.82
standard_benchmark,lamar,Metric3DV2Calib-vit_large,9,calib,90.93,71.82
standard_benchmark,lamar,Metric3DV2Calib-vit_large,10,calib,90.93,71.79
standard_benchmark,lamar,Metric3DV2Calib-vit_large,11,calib,90.8,71.78
standard_benchmark,lamar,Metric3DV2Calib-vit_large,12,calib,90.88,71.8
standard_benchmark,lamar,Metric3DV2Calib-vit_large,13,calib,91.0,71.8
standard_benchmark,lamar,Metric3DV2Calib-vit_large,14,calib,91.02,71.81
standard_benchmark,lamar,Metric3DV2Calib-vit_large,15,calib,90.94,71.79
standard_benchmark,lamar,Metric3DV2Calib-vit_large,16,calib,90.93,71.78
standard_benchmark,lamar,Metric3DV2Calib-vit_large,17,calib,90.97,71.8
standard_benchmark,lamar,Metric3DV2Calib-vit_large,18,calib,90.94,71.81
standard_benchmark,lamar,Metric3DV2Calib-vit_large,19,calib,91.02,71.81
standard_benchmark,lamar,Metric3DV2Calib-vit_small,0,calib,90.01,71.6
standard_benchmark,lamar,Metric3DV2Calib-vit_small,1,calib,90.06,71.6
standard_benchmark,lamar,Metric3DV2Calib-vit_small,2,calib,90.17,71.63
standard_benchmark,lamar,Metric3DV2Calib-vit_small,3,calib,89.89,71.63
standard_benchmark,lamar,Metric3DV2Calib-vit_small,4,calib,90.11,71.62
standard_benchmark,lamar,Metric3DV2Calib-vit_small,5,calib,90.08,71.63
standard_benchmark,lamar,Metric3DV2Calib-vit_small,6,calib,90.17,71.68
standard_benchmark,lamar,Metric3DV2Calib-vit_small,7,calib,90.14,71.64
standard_benchmark,lamar,Metric3DV2Calib-vit_small,8,calib,90.12,71.65
standard_benchmark,lamar,Metric3DV2Calib-vit_small,9,calib,90.03,71.63
standard_benchmark,lamar,Metric3DV2Calib-vit_small,10,calib,90.19,71.66
standard_benchmark,lamar,Metric3DV2Calib-vit_small,11,calib,90.38,71.67
standard_benchmark,lamar,Metric3DV2Calib-vit_small,12,calib,89.91,71.62
standard_benchmark,lamar,Metric3DV2Calib-vit_small,13,calib,90.19,71.62
standard_benchmark,lamar,Metric3DV2Calib-vit_small,14,calib,89.98,71.61
standard_benchmark,lamar,Metric3DV2Calib-vit_small,15,calib,90.04,71.61
standard_benchmark,lamar,Metric3DV2Calib-vit_small,16,calib,89.97,71.64
standard_benchmark,lamar,Metric3DV2Calib-vit_small,17,calib,90.0,71.63
standard_benchmark,lamar,Metric3DV2Calib-vit_small,18,calib,90.01,71.63
standard_benchmark,lamar,Metric3DV2Calib-vit_small,19,calib,90.12,71.66
standard_benchmark,lamar,MoGeV1-moge-vitl,0,calib,91.99,71.98
standard_benchmark,lamar,MoGeV1-moge-vitl,1,calib,91.94,71.99
standard_benchmark,lamar,MoGeV1-moge-vitl,2,calib,91.93,71.96
standard_benchmark,lamar,MoGeV1-moge-vitl,3,calib,91.96,71.97
standard_benchmark,lamar,MoGeV1-moge-vitl,4,calib,91.97,71.97
standard_benchmark,lamar,MoGeV1-moge-vitl,5,calib,91.96,71.97
standard_benchmark,lamar,MoGeV1-moge-vitl,6,calib,91.93,71.95
standard_benchmark,lamar,MoGeV1-moge-vitl,7,calib,91.99,71.98
standard_benchmark,lamar,MoGeV1-moge-vitl,8,calib,92.0,71.98
standard_benchmark,lamar,MoGeV1-moge-vitl,9,calib,91.89,71.97
standard_benchmark,lamar,MoGeV1-moge-vitl,10,calib,91.91,71.99
standard_benchmark,lamar,MoGeV1-moge-vitl,11,calib,91.86,71.97
standard_benchmark,lamar,MoGeV1-moge-vitl,12,calib,91.95,71.96
standard_benchmark,lamar,MoGeV1-moge-vitl,13,calib,91.95,71.97
standard_benchmark,lamar,MoGeV1-moge-vitl,14,calib,91.89,71.97
standard_benchmark,lamar,MoGeV1-moge-vitl,15,calib,92.0,71.97
standard_benchmark,lamar,MoGeV1-moge-vitl,16,calib,91.96,71.98
standard_benchmark,lamar,MoGeV1-moge-vitl,17,calib,92.0,71.98
standard_benchmark,lamar,MoGeV1-moge-vitl,18,calib,92.05,71.99
standard_benchmark,lamar,MoGeV1-moge-vitl,19,calib,91.94,71.97
standard_benchmark,lamar,MoGeV1Calib-moge-vitl,0,calib,91.98,71.94
standard_benchmark,lamar,MoGeV1Calib-moge-vitl,1,calib,91.88,71.96
standard_benchmark,lamar,MoGeV1Calib-moge-vitl,2,calib,91.87,71.97
standard_benchmark,lamar,MoGeV1Calib-moge-vitl,3,calib,91.98,71.95
standard_benchmark,lamar,MoGeV1Calib-moge-vitl,4,calib,91.89,71.96
standard_benchmark,lamar,MoGeV1Calib-moge-vitl,5,calib,91.93,71.97
standard_benchmark,lamar,MoGeV1Calib-moge-vitl,6,calib,91.84,71.95
standard_benchmark,lamar,MoGeV1Calib-moge-vitl,7,calib,91.9,71.96
standard_benchmark,lamar,MoGeV1Calib-moge-vitl,8,calib,91.98,71.99
standard_benchmark,lamar,MoGeV1Calib-moge-vitl,9,calib,91.94,71.98
standard_benchmark,lamar,MoGeV1Calib-moge-vitl,10,calib,91.89,71.96
standard_benchmark,lamar,MoGeV1Calib-moge-vitl,11,calib,91.9,71.97
standard_benchmark,lamar,MoGeV1Calib-moge-vitl,12,calib,91.96,71.96
standard_benchmark,lamar,MoGeV1Calib-moge-vitl,13,calib,92.0,71.96
standard_benchmark,lamar,MoGeV1Calib-moge-vitl,14,calib,91.91,71.97
standard_benchmark,lamar,MoGeV1Calib-moge-vitl,15,calib,91.95,71.96
standard_benchmark,lamar,MoGeV1Calib-moge-vitl,16,calib,91.96,71.97
standard_benchmark,lamar,MoGeV1Calib-moge-vitl,17,calib,91.98,71.97
standard_benchmark,lamar,MoGeV1Calib-moge-vitl,18,calib,91.93,71.97
standard_benchmark,lamar,MoGeV1Calib-moge-vitl,19,calib,91.96,71.98
standard_benchmark,lamar,MoGeV2-moge-2-vitl,0,calib,91.96,71.89
standard_benchmark,lamar,MoGeV2-moge-2-vitl,1,calib,91.99,71.89
standard_benchmark,lamar,MoGeV2-moge-2-vitl,2,calib,91.97,71.88
standard_benchmark,lamar,MoGeV2-moge-2-vitl,3,calib,91.88,71.89
standard_benchmark,lamar,MoGeV2-moge-2-vitl,4,calib,91.96,71.9
standard_benchmark,lamar,MoGeV2-moge-2-vitl,5,calib,92.06,71.89
standard_benchmark,lamar,MoGeV2-moge-2-vitl,6,calib,91.96,71.9
standard_benchmark,lamar,MoGeV2-moge-2-vitl,7,calib,92.0,71.89
standard_benchmark,lamar,MoGeV2-moge-2-vitl,8,calib,91.95,71.89
standard_benchmark,lamar,MoGeV2-moge-2-vitl,9,calib,91.97,71.9
standard_benchmark,lamar,MoGeV2-moge-2-vitl,10,calib,91.89,71.88
standard_benchmark,lamar,MoGeV2-moge-2-vitl,11,calib,91.91,71.87
standard_benchmark,lamar,MoGeV2-moge-2-vitl,12,calib,91.87,71.88
standard_benchmark,lamar,MoGeV2-moge-2-vitl,13,calib,91.97,71.9
standard_benchmark,lamar,MoGeV2-moge-2-vitl,14,calib,91.94,71.87
standard_benchmark,lamar,MoGeV2-moge-2-vitl,15,calib,91.88,71.87
standard_benchmark,lamar,MoGeV2-moge-2-vitl,16,calib,91.86,71.9
standard_benchmark,lamar,MoGeV2-moge-2-vitl,17,calib,92.03,71.91
standard_benchmark,lamar,MoGeV2-moge-2-vitl,18,calib,91.98,71.89
standard_benchmark,lamar,MoGeV2-moge-2-vitl,19,calib,91.96,71.89
standard_benchmark,lamar,MoGeV2Calib-moge-2-vitl,0,calib,91.9,71.85
standard_benchmark,lamar,MoGeV2Calib-moge-2-vitl,1,calib,91.86,71.88
standard_benchmark,lamar,MoGeV2Calib-moge-2-vitl,2,calib,91.87,71.86
standard_benchmark,lamar,MoGeV2Calib-moge-2-vitl,3,calib,91.78,71.87
standard_benchmark,lamar,MoGeV2Calib-moge-2-vitl,4,calib,91.88,71.88
standard_benchmark,lamar,MoGeV2Calib-moge-2-vitl,5,calib,91.92,71.86
standard_benchmark,lamar,MoGeV2Calib-moge-2-vitl,6,calib,91.88,71.88
standard_benchmark,lamar,MoGeV2Calib-moge-2-vitl,7,calib,91.82,71.85
standard_benchmark,lamar,MoGeV2Calib-moge-2-vitl,8,calib,91.73,71.86
standard_benchmark,lamar,MoGeV2Calib-moge-2-vitl,9,calib,91.84,71.86
standard_benchmark,lamar,MoGeV2Calib-moge-2-vitl,10,calib,91.84,71.87
standard_benchmark,lamar,MoGeV2Calib-moge-2-vitl,11,calib,91.86,71.89
standard_benchmark,lamar,MoGeV2Calib-moge-2-vitl,12,calib,91.81,71.87
standard_benchmark,lamar,MoGeV2Calib-moge-2-vitl,13,calib,91.76,71.87
standard_benchmark,lamar,MoGeV2Calib-moge-2-vitl,14,calib,91.78,71.85
standard_benchmark,lamar,MoGeV2Calib-moge-2-vitl,15,calib,91.71,71.83
standard_benchmark,lamar,MoGeV2Calib-moge-2-vitl,16,calib,91.85,71.88
standard_benchmark,lamar,MoGeV2Calib-moge-2-vitl,17,calib,91.84,71.87
standard_benchmark,lamar,MoGeV2Calib-moge-2-vitl,18,calib,91.85,71.88
standard_benchmark,lamar,MoGeV2Calib-moge-2-vitl,19,calib,91.77,71.86
standard_benchmark,lamar,Pi3-Pi3X,0,calib,92.19,71.87
standard_benchmark,lamar,Pi3-Pi3X,1,calib,92.14,71.87
standard_benchmark,lamar,Pi3-Pi3X,2,calib,92.23,71.85
standard_benchmark,lamar,Pi3-Pi3X,3,calib,92.15,71.86
standard_benchmark,lamar,Pi3-Pi3X,4,calib,92.27,71.87
standard_benchmark,lamar,Pi3-Pi3X,5,calib,92.16,71.86
standard_benchmark,lamar,Pi3-Pi3X,6,calib,92.21,71.86
standard_benchmark,lamar,Pi3-Pi3X,7,calib,92.28,71.89
standard_benchmark,lamar,Pi3-Pi3X,8,calib,92.3,71.88
standard_benchmark,lamar,Pi3-Pi3X,9,calib,92.31,71.88
standard_benchmark,lamar,Pi3-Pi3X,10,calib,92.23,71.85
standard_benchmark,lamar,Pi3-Pi3X,11,calib,92.24,71.89
standard_benchmark,lamar,Pi3-Pi3X,12,calib,92.24,71.88
standard_benchmark,lamar,Pi3-Pi3X,13,calib,92.21,71.85
standard_benchmark,lamar,Pi3-Pi3X,14,calib,92.24,71.9
standard_benchmark,lamar,Pi3-Pi3X,15,calib,92.37,71.89
standard_benchmark,lamar,Pi3-Pi3X,16,calib,92.11,71.86
standard_benchmark,lamar,Pi3-Pi3X,17,calib,92.21,71.87
standard_benchmark,lamar,Pi3-Pi3X,18,calib,92.28,71.9
standard_benchmark,lamar,Pi3-Pi3X,19,calib,92.25,71.87
standard_benchmark,lamar,Pi3Calib-Pi3X,0,calib,92.28,71.87
standard_benchmark,lamar,Pi3Calib-Pi3X,1,calib,92.3,71.87
standard_benchmark,lamar,Pi3Calib-Pi3X,2,calib,92.37,71.87
standard_benchmark,lamar,Pi3Calib-Pi3X,3,calib,92.38,71.88
standard_benchmark,lamar,Pi3Calib-Pi3X,4,calib,92.33,71.88
standard_benchmark,lamar,Pi3Calib-Pi3X,5,calib,92.48,71.9
standard_benchmark,lamar,Pi3Calib-Pi3X,6,calib,92.37,71.9
standard_benchmark,lamar,Pi3Calib-Pi3X,7,calib,92.42,71.89
standard_benchmark,lamar,Pi3Calib-Pi3X,8,calib,92.42,71.89
standard_benchmark,lamar,Pi3Calib-Pi3X,9,calib,92.37,71.9
standard_benchmark,lamar,Pi3Calib-Pi3X,10,calib,92.33,71.85
standard_benchmark,lamar,Pi3Calib-Pi3X,11,calib,92.32,71.88
standard_benchmark,lamar,Pi3Calib-Pi3X,12,calib,92.4,71.89
standard_benchmark,lamar,Pi3Calib-Pi3X,13,calib,92.38,71.9
standard_benchmark,lamar,Pi3Calib-Pi3X,14,calib,92.44,71.89
standard_benchmark,lamar,Pi3Calib-Pi3X,15,calib,92.33,71.9
standard_benchmark,lamar,Pi3Calib-Pi3X,16,calib,92.35,71.88
standard_benchmark,lamar,Pi3Calib-Pi3X,17,calib,92.33,71.88
standard_benchmark,lamar,Pi3Calib-Pi3X,18,calib,92.44,71.9
standard_benchmark,lamar,Pi3Calib-Pi3X,19,calib,92.27,71.89
standard_benchmark,lamar,UniDepth1-cnvnxtl,0,calib,87.72,71.41
standard_benchmark,lamar,UniDepth1-cnvnxtl,1,calib,87.84,71.45
standard_benchmark,lamar,UniDepth1-cnvnxtl,2,calib,87.88,71.47
standard_benchmark,lamar,UniDepth1-cnvnxtl,3,calib,87.87,71.45
standard_benchmark,lamar,UniDepth1-cnvnxtl,4,calib,87.81,71.36
standard_benchmark,lamar,UniDepth1-cnvnxtl,5,calib,87.8,71.43
standard_benchmark,lamar,UniDepth1-cnvnxtl,6,calib,87.79,71.41
standard_benchmark,lamar,UniDepth1-cnvnxtl,7,calib,87.72,71.38
standard_benchmark,lamar,UniDepth1-cnvnxtl,8,calib,87.76,71.42
standard_benchmark,lamar,UniDepth1-cnvnxtl,9,calib,87.82,71.4
standard_benchmark,lamar,UniDepth1-cnvnxtl,10,calib,88.04,71.46
standard_benchmark,lamar,UniDepth1-cnvnxtl,11,calib,87.97,71.45
standard_benchmark,lamar,UniDepth1-cnvnxtl,12,calib,87.8,71.42
standard_benchmark,lamar,UniDepth1-cnvnxtl,13,calib,87.84,71.45
standard_benchmark,lamar,UniDepth1-cnvnxtl,14,calib,87.81,71.45
standard_benchmark,lamar,UniDepth1-cnvnxtl,15,calib,87.83,71.46
standard_benchmark,lamar,UniDepth1-cnvnxtl,16,calib,87.83,71.45
standard_benchmark,lamar,UniDepth1-cnvnxtl,17,calib,87.96,71.45
standard_benchmark,lamar,UniDepth1-cnvnxtl,18,calib,87.74,71.41
standard_benchmark,lamar,UniDepth1-cnvnxtl,19,calib,87.93,71.46
standard_benchmark,lamar,UniDepth1-vitl14,0,calib,89.89,71.61
standard_benchmark,lamar,UniDepth1-vitl14,1,calib,89.93,71.63
standard_benchmark,lamar,UniDepth1-vitl14,2,calib,89.98,71.64
standard_benchmark,lamar,UniDepth1-vitl14,3,calib,89.86,71.62
standard_benchmark,lamar,UniDepth1-vitl14,4,calib,89.83,71.6
standard_benchmark,lamar,UniDepth1-vitl14,5,calib,89.99,71.6
standard_benchmark,lamar,UniDepth1-vitl14,6,calib,89.96,71.61
standard_benchmark,lamar,UniDepth1-vitl14,7,calib,89.97,71.63
standard_benchmark,lamar,UniDepth1-vitl14,8,calib,89.78,71.59
standard_benchmark,lamar,UniDepth1-vitl14,9,calib,89.76,71.61
standard_benchmark,lamar,UniDepth1-vitl14,10,calib,89.88,71.59
standard_benchmark,lamar,UniDepth1-vitl14,11,calib,89.81,71.58
standard_benchmark,lamar,UniDepth1-vitl14,12,calib,89.87,71.61
standard_benchmark,lamar,UniDepth1-vitl14,13,calib,89.98,71.62
standard_benchmark,lamar,UniDepth1-vitl14,14,calib,89.85,71.58
standard_benchmark,lamar,UniDepth1-vitl14,15,calib,89.85,71.59
standard_benchmark,lamar,UniDepth1-vitl14,16,calib,89.87,71.64
standard_benchmark,lamar,UniDepth1-vitl14,17,calib,89.8,71.61
standard_benchmark,lamar,UniDepth1-vitl14,18,calib,89.95,71.59
standard_benchmark,lamar,UniDepth1-vitl14,19,calib,89.93,71.63
standard_benchmark,lamar,UniDepth1Calib-cnvnxtl,0,calib,88.52,71.54
standard_benchmark,lamar,UniDepth1Calib-cnvnxtl,1,calib,88.67,71.53
standard_benchmark,lamar,UniDepth1Calib-cnvnxtl,2,calib,88.59,71.55
standard_benchmark,lamar,UniDepth1Calib-cnvnxtl,3,calib,88.48,71.55
standard_benchmark,lamar,UniDepth1Calib-cnvnxtl,4,calib,88.57,71.54
standard_benchmark,lamar,UniDepth1Calib-cnvnxtl,5,calib,88.58,71.54
standard_benchmark,lamar,UniDepth1Calib-cnvnxtl,6,calib,88.68,71.54
standard_benchmark,lamar,UniDepth1Calib-cnvnxtl,7,calib,88.59,71.52
standard_benchmark,lamar,UniDepth1Calib-cnvnxtl,8,calib,88.5,71.57
standard_benchmark,lamar,UniDepth1Calib-cnvnxtl,9,calib,88.63,71.52
standard_benchmark,lamar,UniDepth1Calib-cnvnxtl,10,calib,88.68,71.57
standard_benchmark,lamar,UniDepth1Calib-cnvnxtl,11,calib,88.62,71.56
standard_benchmark,lamar,UniDepth1Calib-cnvnxtl,12,calib,88.57,71.51
standard_benchmark,lamar,UniDepth1Calib-cnvnxtl,13,calib,88.43,71.54
standard_benchmark,lamar,UniDepth1Calib-cnvnxtl,14,calib,88.55,71.58
standard_benchmark,lamar,UniDepth1Calib-cnvnxtl,15,calib,88.63,71.57
standard_benchmark,lamar,UniDepth1Calib-cnvnxtl,16,calib,88.61,71.54
standard_benchmark,lamar,UniDepth1Calib-cnvnxtl,17,calib,88.61,71.5
standard_benchmark,lamar,UniDepth1Calib-cnvnxtl,18,calib,88.47,71.51
standard_benchmark,lamar,UniDepth1Calib-cnvnxtl,19,calib,88.64,71.52
standard_benchmark,lamar,UniDepth1Calib-vitl14,0,calib,90.14,71.64
standard_benchmark,lamar,UniDepth1Calib-vitl14,1,calib,90.1,71.65
standard_benchmark,lamar,UniDepth1Calib-vitl14,2,calib,90.19,71.66
standard_benchmark,lamar,UniDepth1Calib-vitl14,3,calib,90.09,71.67
standard_benchmark,lamar,UniDepth1Calib-vitl14,4,calib,90.16,71.65
standard_benchmark,lamar,UniDepth1Calib-vitl14,5,calib,90.07,71.61
standard_benchmark,lamar,UniDepth1Calib-vitl14,6,calib,90.24,71.66
standard_benchmark,lamar,UniDepth1Calib-vitl14,7,calib,90.18,71.67
standard_benchmark,lamar,UniDepth1Calib-vitl14,8,calib,90.12,71.64
standard_benchmark,lamar,UniDepth1Calib-vitl14,9,calib,90.06,71.65
standard_benchmark,lamar,UniDepth1Calib-vitl14,10,calib,90.17,71.65
standard_benchmark,lamar,UniDepth1Calib-vitl14,11,calib,90.13,71.63
standard_benchmark,lamar,UniDepth1Calib-vitl14,12,calib,90.18,71.66
standard_benchmark,lamar,UniDepth1Calib-vitl14,13,calib,90.24,71.66
standard_benchmark,lamar,UniDepth1Calib-vitl14,14,calib,90.23,71.65
standard_benchmark,lamar,UniDepth1Calib-vitl14,15,calib,90.13,71.67
standard_benchmark,lamar,UniDepth1Calib-vitl14,16,calib,90.22,71.66
standard_benchmark,lamar,UniDepth1Calib-vitl14,17,calib,90.16,71.64
standard_benchmark,lamar,UniDepth1Calib-vitl14,18,calib,90.2,71.65
standard_benchmark,lamar,UniDepth1Calib-vitl14,19,calib,90.25,71.65
standard_benchmark,lamar,UniDepth2-vitb14,0,calib,90.44,71.75
standard_benchmark,lamar,UniDepth2-vitb14,1,calib,90.61,71.76
standard_benchmark,lamar,UniDepth2-vitb14,2,calib,90.3,71.73
standard_benchmark,lamar,UniDepth2-vitb14,3,calib,90.42,71.74
standard_benchmark,lamar,UniDepth2-vitb14,4,calib,90.45,71.76
standard_benchmark,lamar,UniDepth2-vitb14,5,calib,90.59,71.77
standard_benchmark,lamar,UniDepth2-vitb14,6,calib,90.54,71.76
standard_benchmark,lamar,UniDepth2-vitb14,7,calib,90.5,71.77
standard_benchmark,lamar,UniDepth2-vitb14,8,calib,90.34,71.74
standard_benchmark,lamar,UniDepth2-vitb14,9,calib,90.39,71.72
standard_benchmark,lamar,UniDepth2-vitb14,10,calib,90.46,71.75
standard_benchmark,lamar,UniDepth2-vitb14,11,calib,90.35,71.75
standard_benchmark,lamar,UniDepth2-vitb14,12,calib,90.48,71.77
standard_benchmark,lamar,UniDepth2-vitb14,13,calib,90.53,71.77
standard_benchmark,lamar,UniDepth2-vitb14,14,calib,90.49,71.76
standard_benchmark,lamar,UniDepth2-vitb14,15,calib,90.48,71.75
standard_benchmark,lamar,UniDepth2-vitb14,16,calib,90.33,71.73
standard_benchmark,lamar,UniDepth2-vitb14,17,calib,90.61,71.79
standard_benchmark,lamar,UniDepth2-vitb14,18,calib,90.4,71.76
standard_benchmark,lamar,UniDepth2-vitb14,19,calib,90.45,71.78
standard_benchmark,lamar,UniDepth2-vitl14,0,calib,91.32,71.83
standard_benchmark,lamar,UniDepth2-vitl14,1,calib,91.32,71.84
standard_benchmark,lamar,UniDepth2-vitl14,2,calib,91.38,71.85
standard_benchmark,lamar,UniDepth2-vitl14,3,calib,91.46,71.85
standard_benchmark,lamar,UniDepth2-vitl14,4,calib,91.35,71.84
standard_benchmark,lamar,UniDepth2-vitl14,5,calib,91.45,71.84
standard_benchmark,lamar,UniDepth2-vitl14,6,calib,91.46,71.87
standard_benchmark,lamar,UniDepth2-vitl14,7,calib,91.44,71.86
standard_benchmark,lamar,UniDepth2-vitl14,8,calib,91.35,71.85
standard_benchmark,lamar,UniDepth2-vitl14,9,calib,91.38,71.85
standard_benchmark,lamar,UniDepth2-vitl14,10,calib,91.41,71.84
standard_benchmark,lamar,UniDepth2-vitl14,11,calib,91.38,71.86
standard_benchmark,lamar,UniDepth2-vitl14,12,calib,91.36,71.84
standard_benchmark,lamar,UniDepth2-vitl14,13,calib,91.33,71.83
standard_benchmark,lamar,UniDepth2-vitl14,14,calib,91.32,71.84
standard_benchmark,lamar,UniDepth2-vitl14,15,calib,91.3,71.83
standard_benchmark,lamar,UniDepth2-vitl14,16,calib,91.43,71.83
standard_benchmark,lamar,UniDepth2-vitl14,17,calib,91.45,71.86
standard_benchmark,lamar,UniDepth2-vitl14,18,calib,91.38,71.85
standard_benchmark,lamar,UniDepth2-vitl14,19,calib,91.42,71.85
standard_benchmark,lamar,UniDepth2-vits14,0,calib,89.31,71.67
standard_benchmark,lamar,UniDepth2-vits14,1,calib,89.35,71.68
standard_benchmark,lamar,UniDepth2-vits14,2,calib,89.34,71.69
standard_benchmark,lamar,UniDepth2-vits14,3,calib,89.32,71.69
standard_benchmark,lamar,UniDepth2-vits14,4,calib,89.31,71.66
standard_benchmark,lamar,UniDepth2-vits14,5,calib,89.39,71.66
standard_benchmark,lamar,UniDepth2-vits14,6,calib,89.39,71.67
standard_benchmark,lamar,UniDepth2-vits14,7,calib,89.33,71.65
standard_benchmark,lamar,UniDepth2-vits14,8,calib,89.11,71.64
standard_benchmark,lamar,UniDepth2-vits14,9,calib,89.28,71.65
standard_benchmark,lamar,UniDepth2-vits14,10,calib,89.29,71.67
standard_benchmark,lamar,UniDepth2-vits14,11,calib,89.34,71.67
standard_benchmark,lamar,UniDepth2-vits14,12,calib,89.31,71.65
standard_benchmark,lamar,UniDepth2-vits14,13,calib,89.32,71.64
standard_benchmark,lamar,UniDepth2-vits14,14,calib,89.23,71.65
standard_benchmark,lamar,UniDepth2-vits14,15,calib,89.2,71.63
standard_benchmark,lamar,UniDepth2-vits14,16,calib,89.53,71.68
standard_benchmark,lamar,UniDepth2-vits14,17,calib,89.29,71.66
standard_benchmark,lamar,UniDepth2-vits14,18,calib,89.31,71.68
standard_benchmark,lamar,UniDepth2-vits14,19,calib,89.39,71.7
standard_benchmark,lamar,UniDepth2Calib-vitb14,0,calib,90.87,71.8
standard_benchmark,lamar,UniDepth2Calib-vitb14,1,calib,90.81,71.84
standard_benchmark,lamar,UniDepth2Calib-vitb14,2,calib,90.88,71.79
standard_benchmark,lamar,UniDepth2Calib-vitb14,3,calib,90.84,71.82
standard_benchmark,lamar,UniDepth2Calib-vitb14,4,calib,90.83,71.81
standard_benchmark,lamar,UniDepth2Calib-vitb14,5,calib,90.91,71.81
standard_benchmark,lamar,UniDepth2Calib-vitb14,6,calib,90.86,71.82
standard_benchmark,lamar,UniDepth2Calib-vitb14,7,calib,90.92,71.81
standard_benchmark,lamar,UniDepth2Calib-vitb14,8,calib,90.94,71.83
standard_benchmark,lamar,UniDepth2Calib-vitb14,9,calib,90.83,71.8
standard_benchmark,lamar,UniDepth2Calib-vitb14,10,calib,90.92,71.81
standard_benchmark,lamar,UniDepth2Calib-vitb14,11,calib,90.83,71.8
standard_benchmark,lamar,UniDepth2Calib-vitb14,12,calib,90.76,71.81
standard_benchmark,lamar,UniDepth2Calib-vitb14,13,calib,90.83,71.84
standard_benchmark,lamar,UniDepth2Calib-vitb14,14,calib,90.91,71.81
standard_benchmark,lamar,UniDepth2Calib-vitb14,15,calib,90.84,71.79
standard_benchmark,lamar,UniDepth2Calib-vitb14,16,calib,90.84,71.79
standard_benchmark,lamar,UniDepth2Calib-vitb14,17,calib,90.86,71.78
standard_benchmark,lamar,UniDepth2Calib-vitb14,18,calib,90.85,71.81
standard_benchmark,lamar,UniDepth2Calib-vitb14,19,calib,91.02,71.83
standard_benchmark,lamar,UniDepth2Calib-vitl14,0,calib,91.6,71.87
standard_benchmark,lamar,UniDepth2Calib-vitl14,1,calib,91.56,71.89
standard_benchmark,lamar,UniDepth2Calib-vitl14,2,calib,91.59,71.89
standard_benchmark,lamar,UniDepth2Calib-vitl14,3,calib,91.61,71.89
standard_benchmark,lamar,UniDepth2Calib-vitl14,4,calib,91.65,71.89
standard_benchmark,lamar,UniDepth2Calib-vitl14,5,calib,91.72,71.88
standard_benchmark,lamar,UniDepth2Calib-vitl14,6,calib,91.73,71.9
standard_benchmark,lamar,UniDepth2Calib-vitl14,7,calib,91.69,71.91
standard_benchmark,lamar,UniDepth2Calib-vitl14,8,calib,91.52,71.9
standard_benchmark,lamar,UniDepth2Calib-vitl14,9,calib,91.6,71.89
standard_benchmark,lamar,UniDepth2Calib-vitl14,10,calib,91.6,71.89
standard_benchmark,lamar,UniDepth2Calib-vitl14,11,calib,91.56,71.89
standard_benchmark,lamar,UniDepth2Calib-vitl14,12,calib,91.64,71.88
standard_benchmark,lamar,UniDepth2Calib-vitl14,13,calib,91.58,71.89
standard_benchmark,lamar,UniDepth2Calib-vitl14,14,calib,91.62,71.9
standard_benchmark,lamar,UniDepth2Calib-vitl14,15,calib,91.62,71.89
standard_benchmark,lamar,UniDepth2Calib-vitl14,16,calib,91.65,71.88
standard_benchmark,lamar,UniDepth2Calib-vitl14,17,calib,91.6,71.89
standard_benchmark,lamar,UniDepth2Calib-vitl14,18,calib,91.62,71.89
standard_benchmark,lamar,UniDepth2Calib-vitl14,19,calib,91.54,71.89
standard_benchmark,lamar,UniDepth2Calib-vits14,0,calib,89.49,71.7
standard_benchmark,lamar,UniDepth2Calib-vits14,1,calib,89.45,71.68
standard_benchmark,lamar,UniDepth2Calib-vits14,2,calib,89.6,71.68
standard_benchmark,lamar,UniDepth2Calib-vits14,3,calib,89.31,71.68
standard_benchmark,lamar,UniDepth2Calib-vits14,4,calib,89.32,71.68
standard_benchmark,lamar,UniDepth2Calib-vits14,5,calib,89.57,71.69
standard_benchmark,lamar,UniDepth2Calib-vits14,6,calib,89.62,71.69
standard_benchmark,lamar,UniDepth2Calib-vits14,7,calib,89.51,71.7
standard_benchmark,lamar,UniDepth2Calib-vits14,8,calib,89.53,71.71
standard_benchmark,lamar,UniDepth2Calib-vits14,9,calib,89.53,71.69
standard_benchmark,lamar,UniDepth2Calib-vits14,10,calib,89.43,71.68
standard_benchmark,lamar,UniDepth2Calib-vits14,11,calib,89.52,71.69
standard_benchmark,lamar,UniDepth2Calib-vits14,12,calib,89.46,71.69
standard_benchmark,lamar,UniDepth2Calib-vits14,13,calib,89.47,71.66
standard_benchmark,lamar,UniDepth2Calib-vits14,14,calib,89.54,71.69
standard_benchmark,lamar,UniDepth2Calib-vits14,15,calib,89.5,71.69
standard_benchmark,lamar,UniDepth2Calib-vits14,16,calib,89.56,71.71
standard_benchmark,lamar,UniDepth2Calib-vits14,17,calib,89.64,71.71
standard_benchmark,lamar,UniDepth2Calib-vits14,18,calib,89.5,71.7
standard_benchmark,lamar,UniDepth2Calib-vits14,19,calib,89.45,71.72
standard_benchmark,lamar,UniK3D-vitl,0,calib,91.76,71.86
standard_benchmark,lamar,UniK3D-vitl,1,calib,91.75,71.89
standard_benchmark,lamar,UniK3D-vitl,2,calib,91.83,71.88
standard_benchmark,lamar,UniK3D-vitl,3,calib,91.82,71.87
standard_benchmark,lamar,UniK3D-vitl,4,calib,91.94,71.88
standard_benchmark,lamar,UniK3D-vitl,5,calib,91.9,71.87
standard_benchmark,lamar,UniK3D-vitl,6,calib,91.9,71.89
standard_benchmark,lamar,UniK3D-vitl,7,calib,91.86,71.86
standard_benchmark,lamar,UniK3D-vitl,8,calib,91.83,71.88
standard_benchmark,lamar,UniK3D-vitl,9,calib,91.76,71.89
standard_benchmark,lamar,UniK3D-vitl,10,calib,91.72,71.87
standard_benchmark,lamar,UniK3D-vitl,11,calib,91.82,71.88
standard_benchmark,lamar,UniK3D-vitl,12,calib,91.77,71.85
standard_benchmark,lamar,UniK3D-vitl,13,calib,91.85,71.89
standard_benchmark,lamar,UniK3D-vitl,14,calib,91.75,71.88
standard_benchmark,lamar,UniK3D-vitl,15,calib,91.74,71.87
standard_benchmark,lamar,UniK3D-vitl,16,calib,91.75,71.88
standard_benchmark,lamar,UniK3D-vitl,17,calib,91.92,71.88
standard_benchmark,lamar,UniK3D-vitl,18,calib,91.83,71.91
standard_benchmark,lamar,UniK3D-vitl,19,calib,91.7,71.87
standard_benchmark,lamar,UniK3DCalib-vitl,0,calib,91.93,71.88
standard_benchmark,lamar,UniK3DCalib-vitl,1,calib,91.96,71.88
standard_benchmark,lamar,UniK3DCalib-vitl,2,calib,91.96,71.88
standard_benchmark,lamar,UniK3DCalib-vitl,3,calib,92.01,71.9
standard_benchmark,lamar,UniK3DCalib-vitl,4,calib,91.9,71.89
standard_benchmark,lamar,UniK3DCalib-vitl,5,calib,92.1,71.89
standard_benchmark,lamar,UniK3DCalib-vitl,6,calib,92.04,71.88
standard_benchmark,lamar,UniK3DCalib-vitl,7,calib,91.92,71.88
standard_benchmark,lamar,UniK3DCalib-vitl,8,calib,92.0,71.92
standard_benchmark,lamar,UniK3DCalib-vitl,9,calib,91.93,71.91
standard_benchmark,lamar,UniK3DCalib-vitl,10,calib,91.88,71.89
standard_benchmark,lamar,UniK3DCalib-vitl,11,calib,91.91,71.9
standard_benchmark,lamar,UniK3DCalib-vitl,12,calib,91.95,71.89
standard_benchmark,lamar,UniK3DCalib-vitl,13,calib,91.87,71.88
standard_benchmark,lamar,UniK3DCalib-vitl,14,calib,91.95,71.9
standard_benchmark,lamar,UniK3DCalib-vitl,15,calib,91.92,71.87
standard_benchmark,lamar,UniK3DCalib-vitl,16,calib,91.89,71.88
standard_benchmark,lamar,UniK3DCalib-vitl,17,calib,91.88,71.89
standard_benchmark,lamar,UniK3DCalib-vitl,18,calib,91.95,71.9
standard_benchmark,lamar,UniK3DCalib-vitl,19,calib,91.87,71.89
standard_benchmark,lamar,VGGT-VGGT-1B,0,calib,89.27,71.46
standard_benchmark,lamar,VGGT-VGGT-1B,1,calib,89.17,71.49
standard_benchmark,lamar,VGGT-VGGT-1B,2,calib,89.32,71.43
standard_benchmark,lamar,VGGT-VGGT-1B,3,calib,89.32,71.49
standard_benchmark,lamar,VGGT-VGGT-1B,4,calib,89.43,71.49
standard_benchmark,lamar,VGGT-VGGT-1B,5,calib,89.19,71.46
standard_benchmark,lamar,VGGT-VGGT-1B,6,calib,89.35,71.46
standard_benchmark,lamar,VGGT-VGGT-1B,7,calib,89.2,71.43
standard_benchmark,lamar,VGGT-VGGT-1B,8,calib,89.1,71.42
standard_benchmark,lamar,VGGT-VGGT-1B,9,calib,89.28,71.45
standard_benchmark,lamar,VGGT-VGGT-1B,10,calib,89.09,71.43
standard_benchmark,lamar,VGGT-VGGT-1B,11,calib,89.24,71.45
standard_benchmark,lamar,VGGT-VGGT-1B,12,calib,89.26,71.45
standard_benchmark,lamar,VGGT-VGGT-1B,13,calib,89.29,71.45
standard_benchmark,lamar,VGGT-VGGT-1B,14,calib,89.38,71.48
standard_benchmark,lamar,VGGT-VGGT-1B,15,calib,89.19,71.43
standard_benchmark,lamar,VGGT-VGGT-1B,16,calib,89.34,71.44
standard_benchmark,lamar,VGGT-VGGT-1B,17,calib,89.31,71.48
standard_benchmark,lamar,VGGT-VGGT-1B,18,calib,89.2,71.44
standard_benchmark,lamar,VGGT-VGGT-1B,19,calib,89.23,71.46
standard_benchmark,lamar,gt,0,calib,96.07,77.09
standard_benchmark,lamar,gt,1,calib,96.1,77.1
standard_benchmark,lamar,gt,2,calib,96.06,77.1
standard_benchmark,lamar,gt,3,calib,95.98,77.12
standard_benchmark,lamar,gt,4,calib,96.04,77.1
standard_benchmark,lamar,gt,5,calib,96.09,77.11
standard_benchmark,lamar,gt,6,calib,96.04,77.11
standard_benchmark,lamar,gt,7,calib,96.01,77.09
standard_benchmark,lamar,gt,8,calib,96.03,77.1
standard_benchmark,lamar,gt,9,calib,96.07,77.1
standard_benchmark,lamar,gt,10,calib,96.01,77.11
standard_benchmark,lamar,gt,11,calib,96.05,77.09
standard_benchmark,lamar,gt,12,calib,96.05,77.11
standard_benchmark,lamar,gt,13,calib,96.08,77.1
standard_benchmark,lamar,gt,14,calib,96.0,77.1
standard_benchmark,lamar,gt,15,calib,96.01,77.1
standard_benchmark,lamar,gt,16,calib,96.1,77.1
standard_benchmark,lamar,gt,17,calib,96.01,77.11
standard_benchmark,lamar,gt,18,calib,96.12,77.1
standard_benchmark,lamar,gt,19,calib,96.05,77.11
standard_benchmark,lamar,none,0,baseline_calib,92.72,72.22
standard_benchmark,lamar,none,1,baseline_calib,92.73,72.23
standard_benchmark,lamar,none,2,baseline_calib,92.71,72.23
standard_benchmark,lamar,none,3,baseline_calib,92.59,72.21
standard_benchmark,lamar,none,4,baseline_calib,92.78,72.22
standard_benchmark,lamar,none,5,baseline_calib,92.66,72.21
standard_benchmark,lamar,none,6,baseline_calib,92.8,72.23
standard_benchmark,lamar,none,7,baseline_calib,92.82,72.22
standard_benchmark,lamar,none,8,baseline_calib,92.69,72.22
standard_benchmark,lamar,none,9,baseline_calib,92.74,72.21
standard_benchmark,lamar,none,10,baseline_calib,92.65,72.21
standard_benchmark,lamar,none,11,baseline_calib,92.59,72.22
standard_benchmark,lamar,none,12,baseline_calib,92.72,72.22
standard_benchmark,lamar,none,13,baseline_calib,92.74,72.23
standard_benchmark,lamar,none,14,baseline_calib,92.77,72.23
standard_benchmark,lamar,none,15,baseline_calib,92.62,72.21
standard_benchmark,lamar,none,16,baseline_calib,92.64,72.22
standard_benchmark,lamar,none,17,baseline_calib,92.77,72.22
standard_benchmark,lamar,none,18,baseline_calib,92.69,72.22
standard_benchmark,lamar,none,19,baseline_calib,92.78,72.23
